chromosome,position,marker_index,beta_tumor,beta_normal,sequence,within_sequence,beta_corrected,state
1,742429,448316,0.496168196201325,0.448667943477631,1,1,0.543077717105106,3
1,766985,788774,0.473948180675507,0.452291548252106,1,3,0.519770219314937,3
1,775852,428634,0.409685671329498,0.368882417678833,1,5,0.532326189915829,3
1,939471,932073,0.266277223825455,0.353570818901062,1,7,0.376554299154374,3
1,1087198,231218,0.340820372104645,0.326380372047424,1,9,0.510718215041558,3
1,1145994,622,0.506039798259735,0.511430263519287,1,11,0.494730009500749,3
1,1301579,704419,0.71118974685669,0.674576461315155,1,13,0.556254820547865,3
1,1488015,892956,0.72014981508255,0.691978991031647,1,15,0.54572873802546,3
1,1653691,207002,0.639777779579163,0.652388393878937,1,17,0.490335040891213,3
1,1748914,366374,0.457079827785492,0.460613995790482,1,19,0.496163633717942,3
1,1773061,617162,0.489682793617249,0.507160544395447,1,21,0.482769015678228,3
1,1878053,703820,0.286851614713669,0.307992219924927,1,23,0.46567996877257,3
1,1938260,857724,0.496755033731461,0.446526795625687,1,25,0.545375492172702,3
1,2157009,429715,0.429283082485199,0.434459567070007,1,27,0.494042616416853,3
1,2217282,629119,0.516039073467255,0.514800250530243,1,29,0.501276611270271,3
1,2261924,814126,0.487288296222687,0.48107635974884,1,31,0.505985405165623,3
1,2273756,388839,0.601983845233917,0.639396488666534,1,33,0.470743784102849,3
1,2319521,893337,0.274282574653626,0.322537839412689,1,35,0.425194413085094,3
1,2382508,764960,0.198868095874786,0.330065548419952,1,37,0.301255457933708,3
1,2691676,790967,0.367122381925583,0.366959542036057,1,39,0.500128617284628,3
1,2739781,756516,0.549806535243988,0.572177886962891,1,41,0.480450702282773,3
1,2782661,471064,0.851953387260437,0.688402354717255,1,43,0.762439455206369,3
1,2823020,833060,0.405773967504501,0.39517879486084,1,45,0.508758929542842,3
1,2823603,626688,0.318239957094193,0.459312587976456,1,47,0.346430693850813,3
1,2893916,776315,0.516120970249176,0.516929447650909,1,49,0.499218000246061,3
1,2899231,153303,0.347610175609589,0.342884212732315,1,51,0.503595989450295,3
1,2911720,324934,0.549014747142792,0.525021612644196,1,53,0.525257080255973,3
1,2916415,146876,0.474780917167664,0.438902795314789,1,55,0.531971396001699,3
1,2928557,789564,0.480644524097443,0.531791627407074,1,57,0.451910578623609,3
1,2937769,720577,0.396565049886704,0.398218721151352,1,59,0.497923664588311,3
1,2939927,275247,0.513607859611511,0.486515522003174,1,61,0.526380873005186,3
1,2940230,148717,0.542443096637726,0.529940545558929,1,63,0.513298903958503,3
1,2942700,245134,0.438298553228378,0.45700478553772,1,65,0.479533876995039,3
1,2947460,208708,0.593851625919342,0.644970834255219,1,67,0.460370914760117,3
1,2960790,922105,0.201403066515923,0.371301114559174,1,69,0.271212580057884,3
1,2990784,342766,0.54185289144516,0.487530052661896,1,71,0.553000999439509,3
1,2994217,227774,0.503241896629334,0.458582580089569,1,73,0.541242962359017,3
1,3016120,788473,0.496672242879868,0.433405786752701,1,75,0.555830482069849,3
1,3037112,274624,0.475445091724396,0.530730426311493,1,77,0.447915804477875,3
1,3048230,871456,0.762202858924866,0.693327009677887,1,79,0.612295264696502,3
1,3070800,883021,0.382560670375824,0.300600469112396,1,81,0.558593262966171,3
1,3109349,691903,0.49500098824501,0.48102080821991,1,83,0.513468921535321,3
1,3117785,317030,0.440170735120773,0.482216238975525,1,85,0.456403890561548,3
1,3136890,136907,0.484891772270203,0.453942984342575,1,87,0.528338421666799,3
1,3187340,699997,0.549647092819214,0.572786152362824,1,89,0.479801310272466,3
1,3202806,712507,0.35294970870018,0.404181629419327,1,91,0.436622650573271,3
1,3211231,338026,0.565349161624908,0.531167328357697,1,93,0.536454192865308,3
1,3212487,565769,0.489588588476181,0.467143177986145,1,95,0.521061389816881,3
1,3215800,296113,0.522260248661041,0.49584972858429,1,97,0.526193103102561,3
1,3216693,766039,0.576161563396454,0.560202717781067,1,99,0.518143410908395,3
1,3227034,144127,0.527838349342346,0.510822415351868,1,101,0.517392389312685,3
1,3241964,789109,0.655693292617798,0.662910282611847,1,103,0.49455658617512,3
1,3245399,250428,0.53045779466629,0.497638612985611,1,105,0.532664912679425,3
1,3246919,808757,0.610802292823792,0.677263796329498,1,107,0.450933813481614,3
1,3269184,795092,0.388166725635529,0.320653557777405,1,109,0.549689792764089,3
1,3275010,882471,0.518032670021057,0.557575285434723,1,111,0.464540559412676,3
1,3284282,429683,0.534694075584412,0.518824458122253,1,113,0.516490465621162,3
1,3292731,630,0.601316511631012,0.588271200656891,1,115,0.515842116212097,3
1,3306616,672797,0.643530488014221,0.68402498960495,1,117,0.470399837574563,3
1,3314897,538557,0.460077613592148,0.496527552604675,1,119,0.46329514966358,3
1,3329199,496351,0.690280735492706,0.681562542915344,1,121,0.513689018649342,3
1,3335005,708129,0.413060963153839,0.449757277965546,1,123,0.459204312404126,3
1,3394087,101689,0.532152056694031,0.467998564243317,1,125,0.560294473039783,3
1,3396651,672904,0.470638960599899,0.422205805778503,1,127,0.541912116204848,3
1,3466139,148662,0.401873737573624,0.414268046617508,1,129,0.485040713198757,3
1,3483939,706128,0.663177728652954,0.590174078941345,1,131,0.589066657281007,3
1,3502376,465212,0.553875684738159,0.610857129096985,1,133,0.453359434109364,3
1,3528942,850959,0.652042090892792,0.599749982357025,1,135,0.565324305097735,3
1,3535353,538558,0.432890027761459,0.364576399326324,1,137,0.553754399712813,3
1,3576310,598785,0.624615550041199,0.577420890331268,1,139,0.555841212485548,3
1,3655727,198166,0.560218870639801,0.533218383789063,1,141,0.52892196898189,3
1,3670589,729731,0.672479391098023,0.626851141452789,1,143,0.561139473698082,3
1,3684971,165495,0.641141176223755,0.673484444618225,1,145,0.475988110302381,3
1,3686499,775259,0.274851411581039,0.36723467707634,1,147,0.374217671611529,3
1,3722499,413671,0.4675312936306,0.437835335731506,1,149,0.526412152689937,3
1,3723021,575305,0.299947202205658,0.301736384630203,1,151,0.497035189463912,3
1,3734121,183916,0.580743134021759,0.573323845863342,1,153,0.508694284982282,3
1,3746015,355028,0.358758002519608,0.431088268756866,1,155,0.416107359583411,3
1,3756100,635,0.584845125675201,0.672659039497376,1,157,0.434726281320927,3
1,3759091,765958,0.474437355995178,0.496017307043076,1,159,0.478246776129101,3
1,3760789,165111,0.441457659006119,0.505872905254364,1,161,0.436332579211911,3
1,3782661,78270,0.518916368484497,0.52214390039444,1,163,0.496909346343504,3
1,3915242,853290,0.502488970756531,0.525035798549652,1,165,0.478528294779704,3
1,3922325,296016,0.54976224899292,0.527785658836365,1,167,0.523269719109335,3
1,3927450,623344,0.417590409517288,0.402754873037338,1,169,0.512419972813673,3
1,3931187,86021,0.551931500434876,0.537517309188843,1,171,0.515583492671641,3
1,3939005,707381,0.289963066577911,0.37967175245285,1,173,0.38186020517015,3
1,3939693,340985,0.473905801773071,0.447880208492279,1,175,0.523568792208772,3
1,3953927,712925,0.49713870882988,0.50481390953064,1,177,0.492397990075297,3
1,3955487,677062,0.576078236103058,0.6156445145607,1,179,0.467865970115989,3
1,3988267,394239,0.510495126247406,0.472703784704208,1,181,0.535835020664806,3
1,4011601,748662,0.568093717098236,0.592334508895874,1,183,0.479537920352789,3
1,4020416,928668,0.487436801195145,0.439450472593308,1,185,0.542802933778073,3
1,4030544,140606,0.471951812505722,0.488117039203644,1,187,0.483441239088585,3
1,4031878,853617,0.411775082349777,0.442782878875732,1,189,0.464985325759787,3
1,4033101,285108,0.390893578529358,0.471846669912338,1,191,0.414216739732401,3
1,4052788,608644,0.466698855161667,0.335711687803268,1,193,0.598592105982745,3
1,4071203,244436,0.430466085672379,0.439692825078964,1,195,0.489507743951782,3
1,4073976,496356,0.432921469211578,0.527651369571686,1,197,0.4102343840811,3
1,4083118,344934,0.468329697847366,0.544991731643677,1,199,0.429666791856548,3
1,4106148,281374,0.553885996341705,0.555044412612915,1,201,0.498956465244145,3
1,4124418,419240,0.62276566028595,0.596695721149445,1,203,0.532320434599412,3
1,4137844,679376,0.564471304416657,0.519446551799774,1,205,0.546846768851113,3
1,4180030,451833,0.537397384643555,0.523151755332947,1,207,0.514937277708293,3
1,4182860,149679,0.518819689750671,0.555160880088806,1,209,0.467269676555451,3
1,4184519,342747,0.471657931804657,0.437080293893814,1,211,0.530712761994088,3
1,4216548,886037,0.419540673494339,0.336531579494476,1,213,0.562556929187839,3
1,4240737,637,0.316264450550079,0.309070825576782,1,215,0.505205761487277,3
1,4267183,652144,0.464909464120865,0.429533869028091,1,217,0.531005867984225,3
1,4267886,857176,0.551155149936676,0.573235869407654,1,219,0.48074028454134,3
1,4268679,435671,0.563681125640869,0.568207800388336,1,221,0.496016708372911,3
1,4271909,233905,0.377044081687927,0.415634721517563,1,223,0.453576255986586,3
1,4276892,642,0.461477428674698,0.51268458366394,1,225,0.45005978663988,3
1,4280378,338388,0.375446677207947,0.39673987030983,1,227,0.473164792984816,3
1,4286878,123958,0.647287964820862,0.686293959617615,1,229,0.471582152042773,3
1,4290090,467096,0.583258032798767,0.587179839611054,1,231,0.496660472186099,3
1,4298188,471097,0.658295035362244,0.622638702392578,1,233,0.547244289750614,3
1,4302761,299632,0.518485486507416,0.510052680969238,1,235,0.508605828841823,3
1,4307935,893874,0.5180783867836,0.50647246837616,1,237,0.511758126612768,3
1,4309356,907161,0.465840399265289,0.571424961090088,1,239,0.407612924693228,3
1,4314014,388440,0.471171200275421,0.513345241546631,1,241,0.458922341284254,3
1,4314684,231934,0.487798571586609,0.516759157180786,1,243,0.471978643056687,3
1,4321865,130720,0.529346168041229,0.513843894004822,1,245,0.515943720386555,3
1,4335130,416403,0.563359320163727,0.506773591041565,1,247,0.557362833877505,3
1,4342968,263535,0.504306554794312,0.539861738681793,1,249,0.467070102083639,3
1,4354372,599095,0.607377409934998,0.554307639598846,1,251,0.559536324886055,3
1,4357928,185392,0.58711588382721,0.636864602565765,1,253,0.460942468353453,3
1,4362320,686033,0.488932967185974,0.47467252612114,1,255,0.513572906209854,3
1,4366395,785682,0.457082062959671,0.451541930437088,1,257,0.505050643640815,3
1,4371294,582777,0.298997193574905,0.318346679210663,1,259,0.469609411846647,3
1,4381492,117221,0.470091313123703,0.396577417850494,1,261,0.560914106836488,3
1,4390198,664274,0.552449107170105,0.542679309844971,1,263,0.510681560593533,3
1,4393548,310837,0.650068879127502,0.626111924648285,1,265,0.532037601702971,3
1,4400296,882999,0.505252242088318,0.492695301771164,1,267,0.512376132490981,3
1,4405372,79960,0.698305726051331,0.674722492694855,1,269,0.53625094392763,3
1,4407623,492053,0.516712248325348,0.592220962047577,1,271,0.436249543193168,3
1,4421596,878823,0.521897256374359,0.506724178791046,1,273,0.515379912141371,3
1,4423270,663466,0.599405765533447,0.526840209960938,1,275,0.576681870585959,3
1,4429404,124408,0.37396451830864,0.356664389371872,1,277,0.513445648469449,3
1,4432571,299814,0.573041141033173,0.548502624034882,1,279,0.527174595362639,3
1,4444653,312120,0.346259593963623,0.4042729139328,1,281,0.428249806047085,3
1,4449167,312814,0.422653913497925,0.426778137683868,1,283,0.495168187142474,3
1,4451315,408883,0.307526916265488,0.505850493907929,1,285,0.303970165067647,3
1,4451949,646305,0.669155418872833,0.644817173480988,1,287,0.53426157400454,3
1,4458652,496360,0.508134245872498,0.50666618347168,1,289,0.501487899624588,3
1,4461905,646,0.440617293119431,0.497642040252686,1,291,0.442705054516395,3
1,4465766,610514,0.509009897708893,0.50911283493042,1,293,0.499898905297152,3
1,4465925,736006,0.333272844552994,0.391606330871582,1,295,0.425520246073706,3
1,4478588,324835,0.455427885055542,0.397934645414352,1,297,0.547746676671636,3
1,4481126,592502,0.473801165819168,0.462655812501907,1,299,0.510370776847103,3
1,4503184,751514,0.415771663188934,0.442557245492935,1,301,0.469737720287275,3
1,4503964,631375,0.463566720485687,0.412545144557953,1,303,0.5434259547394,3
1,4506331,493255,0.441389262676239,0.454476624727249,1,305,0.485601721475924,3
1,4517716,907827,0.423540234565735,0.411968111991882,1,307,0.509839706663742,3
1,4531126,650,0.314058542251587,0.301632016897202,1,309,0.508896832082118,3
1,4546239,359681,0.601789891719818,0.544451117515564,1,311,0.562933722821956,3
1,4553124,746100,0.472640365362167,0.445553213357925,1,313,0.524427188196266,3
1,4557155,427659,0.419804275035858,0.450059026479721,1,315,0.466388018388932,3
1,4565092,695216,0.418885082006454,0.439240634441376,1,317,0.476828700672458,3
1,4568283,679669,0.465310156345367,0.411271542310715,1,319,0.54589434511689,3
1,4573886,496367,0.584865272045136,0.564730763435364,1,321,0.523128798130421,3
1,4582392,149533,0.468427807092667,0.465367823839188,1,323,0.502861764957221,3
1,4587142,706455,0.529527127742767,0.539524734020233,1,325,0.490734802644756,3
1,4587893,776425,0.458922266960144,0.506334245204926,1,327,0.453181145958642,3
1,4590753,335593,0.586145162582398,0.545355916023254,1,329,0.544858437618237,3
1,4597160,62366,0.532099068164825,0.489254623651505,1,331,0.541943056655384,3
1,4606615,795274,0.47723862528801,0.465534538030624,1,333,0.510949339190468,3
1,4617251,314446,0.508676648139954,0.572054207324982,1,335,0.44460528532655,3
1,4623678,858239,0.449427366256714,0.438872784376144,1,337,0.50940480303458,3
1,4623873,617156,0.480992317199707,0.530278146266937,1,339,0.453528323376898,3
1,4630143,608597,0.473165988922119,0.480617374181747,1,341,0.492248110805072,3
1,4636316,673370,0.432013899087906,0.492421746253967,1,343,0.438662490410298,3
1,4639178,748628,0.685263991355896,0.632686316967011,1,345,0.571570536053463,3
1,4647597,623821,0.496873557567596,0.498926639556885,1,347,0.497942501134925,3
1,4653917,693599,0.32862314581871,0.455658614635468,1,349,0.360602362452439,3
1,4674298,726042,0.512508094310761,0.546348869800568,1,351,0.469030067269875,3
1,4697358,857557,0.723938167095184,0.684866368770599,1,353,0.561992428691533,3
1,4758268,230420,0.542781054973602,0.622091591358185,1,355,0.43625493618116,3
1,4767409,176933,0.433180838823319,0.477548241615295,1,357,0.453546679763802,3
1,4781127,418380,0.511444270610809,0.492369711399078,1,359,0.518787845839836,3
1,4782516,626662,0.587264537811279,0.686981558799744,1,361,0.427423800747516,3
1,4856988,903189,0.26868349313736,0.339525878429413,1,363,0.395674542365139,3
1,4883077,481268,0.569391191005707,0.535848200321198,1,365,0.536133642816554,3
1,4884742,336869,0.472872287034988,0.491823971271515,1,367,0.480733265005841,3
1,4894886,360878,0.495940834283829,0.483361124992371,1,369,0.512174567091251,3
1,4896135,682479,0.494726270437241,0.5289306640625,1,371,0.467666467507717,3
1,4902573,243929,0.489864498376846,0.418178856372833,1,373,0.561604534992587,3
1,4921060,735500,0.322390615940094,0.319010376930237,1,375,0.502481857942724,3
1,4931239,732561,0.601743042469025,0.584827125072479,1,377,0.520372137027857,3
1,4937911,886432,0.445501327514648,0.427296996116638,1,379,0.515893343735384,3
1,4939240,774905,0.427275598049164,0.39271491765976,1,381,0.528455071097927,3
1,4951165,697097,0.551315903663635,0.48769548535347,1,383,0.562092384989093,3
1,4955464,600287,0.436777770519257,0.510713875293732,1,385,0.427614944148569,3
1,4964065,105433,0.508713722229004,0.528844475746155,1,387,0.480967227190236,3
1,4965710,190486,0.451794475317001,0.429088920354843,1,389,0.519885368993251,3
1,4994563,761355,0.311118543148041,0.324695318937302,1,391,0.479093052782996,3
1,5011917,806811,0.369824886322022,0.312605649232864,1,393,0.541620386482156,3
1,5020923,812941,0.644736468791962,0.590428113937378,1,395,0.566298929080157,3
1,5027403,62371,0.493258744478226,0.444243431091309,1,397,0.544097826394716,3
1,5040086,804979,0.532953858375549,0.518716990947723,1,399,0.514790536087967,3
1,5041500,120876,0.442392736673355,0.421873778104782,1,401,0.517746088822358,3
1,5045323,694305,0.615794241428375,0.696571528911591,1,403,0.44201795211941,3
1,5051336,89041,0.423617333173752,0.442561268806458,1,405,0.478597386432171,3
1,5073664,87792,0.530486822128296,0.547577440738678,1,407,0.484394336454651,3
1,5083785,496377,0.435048669576645,0.464670121669769,1,409,0.468126364584535,3
1,5092609,360923,0.551507711410523,0.516049563884735,1,411,0.536634069193547,3
1,5095177,449400,0.503089904785156,0.374681115150452,1,413,0.602674645485559,3
1,5097837,384161,0.375426024198532,0.468720406293869,1,415,0.400479709393274,3
1,5100592,306497,0.527162969112396,0.57339471578598,1,417,0.459685932394571,3
1,5109984,909629,0.500501215457916,0.449039608240128,1,419,0.5467017302763,3
1,5114383,871294,0.369171321392059,0.44240790605545,1,421,0.417229570650788,3
1,5121935,695209,0.53143322467804,0.533069550991058,1,423,0.498465184974478,3
1,5122456,310208,0.560185432434082,0.467730283737183,1,425,0.586849905106426,3
1,5130606,290118,0.49521017074585,0.48359626531601,1,427,0.511244985899402,3
1,5146942,496374,0.403038859367371,0.455129593610764,1,429,0.442773734146651,3
1,5150357,595327,0.424259871244431,0.423198699951172,1,431,0.50091987595483,3
1,5156634,496380,0.737638771533966,0.642853438854218,1,433,0.632698089512135,3
1,5164377,449952,0.365626871585846,0.380412518978119,1,435,0.480566297565613,3
1,5195636,264515,0.495246231555939,0.468283444643021,1,437,0.525354473771102,3
1,5197747,669154,0.576622843742371,0.675067365169525,1,439,0.427085409170659,3
1,5203306,244603,0.56148773431778,0.565758764743805,1,441,0.496225396147456,3
1,5210440,711870,0.475984930992127,0.501101791858673,1,443,0.474938364545272,3
1,5217931,729693,0.514296531677246,0.515849232673645,1,445,0.498495005034367,3
1,5218412,364144,0.45494270324707,0.530357420444489,1,447,0.4289019873294,3
1,5220999,658469,0.57224452495575,0.589771091938019,1,449,0.485141212224665,3
1,5226194,62373,0.537214636802673,0.548989057540894,1,451,0.489276270103669,3
1,5233939,657704,0.438761204481125,0.447858214378357,1,453,0.489843872898637,3
1,5234796,853182,0.36377227306366,0.337449789047241,1,455,0.519864520138456,3
1,5238072,834377,0.438190013170242,0.337953120470047,1,457,0.575702262029664,3
1,5241092,666,0.420725345611572,0.50557541847229,1,459,0.416085642457547,3
1,5257031,159146,0.446642696857452,0.418679356575012,1,461,0.524051563107829,3
1,5264494,922437,0.554860770702362,0.478697299957275,1,463,0.573051099427305,3
1,5268607,408598,0.43725922703743,0.468790948390961,1,465,0.466369101769395,3
1,5269037,184820,0.432649701833725,0.466584742069244,1,467,0.463634644282385,3
1,5271439,357400,0.471374541521072,0.53914350271225,1,469,0.437151277118008,3
1,5273913,823726,0.470271587371826,0.458781540393829,1,471,0.510614980673754,3
1,5286457,252851,0.393122375011444,0.422301203012466,1,473,0.465452587166605,3
1,5290138,246969,0.521109104156494,0.533667862415314,1,475,0.488233544547745,3
1,5303445,855668,0.707475602626801,0.662631928920746,1,477,0.566461051815896,3
1,5311293,493366,0.464147865772247,0.485157489776611,1,479,0.478347624794953,3
1,5389802,670441,0.446895062923431,0.501583456993103,1,481,0.445484252613196,3
1,5397846,467028,0.418536454439163,0.399801403284073,1,483,0.51560737667299,3
1,5398185,110211,0.459214359521866,0.443666368722916,1,485,0.513973621155402,3
1,5414630,740975,0.739532172679901,0.683804750442505,1,487,0.588121852424072,3
1,5467246,411699,0.472643166780472,0.488927185535431,1,489,0.483347194391404,3
1,5478006,687489,0.640884459018707,0.697769641876221,1,491,0.459237849109804,3
1,5484150,554752,0.451602846384049,0.457491338253021,1,493,0.493564367916277,3
1,5515386,332621,0.53182727098465,0.547560214996338,1,495,0.485633594643291,3
1,5518725,132850,0.471305787563324,0.435320913791657,1,497,0.531863118938312,3
1,5526603,688800,0.372596263885498,0.372694194316864,1,499,0.499868618249413,3
1,5535543,496382,0.441039800643921,0.409129023551941,1,501,0.527003168512191,3
1,5554132,245911,0.561046600341797,0.485715717077255,1,503,0.573238562567406,3
1,5564169,62374,0.30942490696907,0.332035422325134,1,505,0.465951651788038,3
1,5565098,717395,0.543432354927063,0.55033802986145,1,507,0.493725969713445,3
1,5568030,696296,0.603415369987488,0.606713712215424,1,509,0.497281796866028,3
1,5568589,314398,0.40854087471962,0.394640326499939,1,511,0.511481230769231,3
1,5568944,911574,0.464082539081574,0.517198383808136,1,513,0.448650415015347,3
1,5580854,254508,0.455599844455719,0.481245428323746,1,515,0.473354984423068,3
1,5597021,820003,0.469880640506744,0.462973803281784,1,517,0.506430633428284,3
1,5606284,159358,0.455724567174912,0.476455897092819,1,519,0.478244229902071,3
1,5612723,600087,0.365407735109329,0.33922490477562,1,521,0.519812210329158,3
1,5629147,674,0.46574467420578,0.440824806690216,1,523,0.522282701212175,3
1,5629749,676,0.532701075077057,0.650704324245453,1,525,0.409326521454095,3
1,5630102,789658,0.514632940292358,0.531606674194336,1,527,0.484035439427372,3
1,5646150,773096,0.760968148708344,0.685119211673737,1,529,0.620440718911082,3
1,5672600,559309,0.437571913003922,0.523126602172852,1,531,0.418227548729532,3
1,5673607,125378,0.526287078857422,0.550167739391327,1,533,0.478296927623996,3
1,5687466,464000,0.583989977836609,0.581159591674805,1,535,0.50337883607401,3
1,5690392,886343,0.698436319828033,0.636943638324738,1,537,0.584687514108758,3
1,5697261,496388,0.373191356658936,0.419006556272507,1,539,0.445328779552826,3
1,5705308,372566,0.381882876157761,0.415091842412949,1,541,0.459998049995222,3
1,5713085,402916,0.488824456930161,0.430705636739731,1,543,0.551044612366783,3
1,5715140,925545,0.578470587730408,0.535272896289825,1,545,0.546476406363768,3
1,5783692,931013,0.475061446428299,0.426514744758606,1,547,0.542326024275252,3
1,5803053,276142,0.447556644678116,0.413355678319931,1,549,0.529149661127068,3
1,5819594,665166,0.605657517910004,0.613049685955048,1,551,0.493970987821707,3
1,5821316,798708,0.528243601322174,0.49870228767395,1,553,0.529464839876439,3
1,5824637,797910,0.54598206281662,0.529282450675964,1,555,0.51773846350602,3
1,5825348,338028,0.494525790214539,0.474539160728455,1,557,0.519018191264064,3
1,5827305,672538,0.438345104455948,0.462389558553696,1,559,0.473999786918896,3
1,5828924,782727,0.457170754671097,0.44880884885788,1,561,0.507585304840154,3
1,5831320,399999,0.613455891609192,0.643762767314911,1,563,0.476461145903073,3
1,5836208,326295,0.469563513994217,0.493409693241119,1,565,0.475835315384401,3
1,5848388,144699,0.532330632209778,0.449129223823547,1,567,0.575518081539671,3
1,5857087,596413,0.432073265314102,0.449645727872849,1,569,0.480459658049153,3
1,5866725,324779,0.432880014181137,0.478036761283875,1,571,0.452768541292244,3
1,5871264,399112,0.605121552944183,0.569863617420197,1,573,0.540984600410366,3
1,5884457,888231,0.424277096986771,0.470739156007767,1,575,0.450649889192318,3
1,5889651,591919,0.368669033050537,0.366982012987137,1,577,0.50133252142752,3
1,5934188,420644,0.443415373563767,0.466247528791428,1,579,0.475514985262394,3
1,5956787,443005,0.51144403219223,0.520426034927368,1,581,0.491370529016298,3
1,5963955,538563,0.649934411048889,0.622217953205109,1,583,0.536683132614331,3
1,5981816,691685,0.42605659365654,0.340462386608124,1,585,0.564889556949013,3
1,5984235,795128,0.562471389770508,0.541318833827972,1,587,0.523058016660098,3
1,6002217,185055,0.579298734664917,0.571755707263947,1,589,0.508806921106617,3
1,6023694,706491,0.7316535115242,0.699715077877045,1,591,0.553180215345741,3
1,6026589,736434,0.534589767456055,0.534425735473633,1,593,0.500176160920953,3
1,6035240,125155,0.525782883167267,0.542383134365082,1,595,0.484696932715978,3
1,6047671,281406,0.467972308397293,0.532066226005554,1,597,0.43976885350397,3
1,6059990,104101,0.288098990917206,0.308538883924484,1,599,0.466876309482793,3
1,6076112,657610,0.414967060089111,0.556371331214905,1,601,0.372922755727708,3
1,6099789,109807,0.211294814944267,0.302222400903702,1,603,0.349568420991389,3
1,6129804,353522,0.414407670497894,0.512414216995239,1,605,0.40436785002566,3
1,6140446,793151,0.640281856060028,0.618480682373047,1,607,0.52857152007739,3
1,6145470,615368,0.598825514316559,0.575348675251007,1,609,0.527642488904784,3
1,6201001,750886,0.35593792796135,0.365126669406891,1,611,0.487417049731717,3
1,6266740,683,0.498969614505768,0.522186815738678,1,613,0.477769257540458,3
1,6338918,887134,0.625010132789612,0.613190472126007,1,615,0.515278399072237,3
1,6494666,444964,0.584823191165924,0.637628793716431,1,617,0.458592206726795,3
1,6503870,925006,0.245974883437157,0.300118952989578,1,619,0.409795651002585,2
1,6508126,620260,0.45325031876564,0.56045126914978,1,621,0.404361934493639,2
1,6516119,646825,0.711355686187744,0.523078978061676,1,623,0.697387721934405,2
1,6567310,335586,0.296169728040695,0.414598643779755,1,625,0.357176431332019,2
1,6582459,855766,0.312480747699738,0.417396992444992,1,627,0.37432079453821,2
1,6627943,358398,0.555486083030701,0.422838121652603,1,629,0.614914001040672,2
1,6664868,685,0.26972046494484,0.472185164690018,1,631,0.28560878773257,2
1,6689323,245035,0.4803386926651,0.413516819477081,1,633,0.556968277528811,2
1,6694156,403503,0.383746713399887,0.483271479606628,1,635,0.397030167921608,2
1,6715827,893459,0.397198408842087,0.48297318816185,1,637,0.411201303279159,2
1,6752169,256913,0.370273679494858,0.306539446115494,1,639,0.545953755424406,2
1,6844165,305290,0.533350169658661,0.493424445390701,1,641,0.539407472295769,2
1,6890999,912316,0.523652136325836,0.444139808416367,1,643,0.571521876465862,2
1,6913450,325105,0.581358432769775,0.446556597948074,1,645,0.621784661558811,2
1,6936228,849370,0.27685159444809,0.308567643165588,1,647,0.448607623935996,2
1,6951849,282760,0.437271654605866,0.35811385512352,1,649,0.561660311656655,2
1,6963762,445819,0.634941101074219,0.514910340309143,1,651,0.623720180761604,2
1,6984017,686177,0.385441154241562,0.49349045753479,1,653,0.390525438087513,2
1,6992395,277904,0.502850115299225,0.456618547439575,1,655,0.542540620076197,2
1,7000951,562922,0.539726734161377,0.505677819252014,1,657,0.534440003135042,2
1,7008097,176013,0.438923180103302,0.612464189529419,1,659,0.35832558670944,2
1,7011442,145453,0.703301012516022,0.521665513515472,1,661,0.689862433226864,2
1,7025531,813439,0.510391354560852,0.455675601959229,1,663,0.550260242604012,2
1,7030252,815416,0.567650854587555,0.494349390268326,1,665,0.572482325649846,2
1,7037009,213221,0.626726865768433,0.522698163986206,1,667,0.608975803079899,2
1,7042076,795784,0.42962858080864,0.443822205066681,1,669,0.484009785792591,2
1,7067480,268334,0.279041081666946,0.363964319229126,1,671,0.383335765244727,2
1,7071994,648032,0.439826667308807,0.453852415084839,1,673,0.484548118165891,2
1,7073164,231014,0.307712137699127,0.485910832881928,1,675,0.316634366715075,2
1,7081148,705570,0.637479901313782,0.50601077079773,1,677,0.633068822905672,2
1,7096482,784443,0.52287745475769,0.605160236358643,1,679,0.43201570703318,2
1,7158215,693666,0.475337594747543,0.315429151058197,1,681,0.616794663354808,2
1,7161250,723483,0.418187975883484,0.394717037677765,1,683,0.519388401513624,2
1,7237672,927044,0.5839062333107,0.508182644844055,1,685,0.576983444842684,2
1,7238701,149388,0.425738573074341,0.540807008743286,1,687,0.393614141635906,2
1,7239255,678643,0.413299530744553,0.537889659404755,1,689,0.384186164874338,2
1,7242634,491415,0.493696063756943,0.613735318183899,1,691,0.402206007320742,2
1,7247055,727619,0.393352031707764,0.398080766201019,1,693,0.494060584063904,2
1,7259565,852971,0.314843416213989,0.481710255146027,1,695,0.326797502077828,2
1,7274021,878821,0.337283045053482,0.417352437973022,1,697,0.404074607412841,2
1,7283925,402637,0.743398606777191,0.650197148323059,1,699,0.63321998092258,2
1,7315181,359036,0.448537081480026,0.542738080024719,1,701,0.413216888576897,2
1,7316360,695420,0.521409034729004,0.416561514139175,1,703,0.589853106309171,2
1,7322216,562605,0.487915724515915,0.566782832145691,1,705,0.430425638219134,2
1,7328701,252502,0.706485390663147,0.468414753675461,1,707,0.723925173463469,2
1,7331005,680258,0.542135059833527,0.458856642246246,1,709,0.576946724369826,2
1,7334675,239336,0.379459500312805,0.524981319904327,1,711,0.361402859421701,2
1,7340054,610832,0.699799299240112,0.684887647628784,1,713,0.523660849057674,2
1,7342178,247238,0.458839178085327,0.623573780059815,1,715,0.367910897441289,2
1,7342361,907720,0.384182155132294,0.314845144748688,1,717,0.550599517650775,2
1,7343491,130548,0.571817100048065,0.513244688510895,1,719,0.56016617605875,2
1,7348004,491356,0.247353747487068,0.375147312879562,1,721,0.329675488794556,2
1,7352981,328426,0.42929282784462,0.547424733638763,1,723,0.392102147989447,2
1,7365674,293165,0.54895830154419,0.455847024917603,1,725,0.585556158736877,2
1,7372558,700944,0.653291165828705,0.490571171045303,1,727,0.659708270846478,2
1,7383020,691,0.600268363952637,0.46142452955246,1,729,0.628899144148546,2
1,7390948,739223,0.430566757917404,0.484406620264053,1,731,0.444426995736247,2
1,7391838,613007,0.534314751625061,0.563802719116211,1,733,0.473849037534464,2
1,7414011,572002,0.721003949642181,0.597675621509552,1,735,0.653269767787086,2
1,7414852,340145,0.659937143325806,0.515662491321564,1,737,0.648940201222398,2
1,7435839,131075,0.433896839618683,0.53730583190918,1,739,0.403770826455522,2
1,7448958,538565,0.486286401748657,0.676464796066284,1,741,0.359432157132541,2
1,7451256,624046,0.727653563022614,0.514804303646088,1,743,0.719343721488071,2
1,7458774,670111,0.493339866399765,0.561182677745819,1,745,0.439553719282135,2
1,7460087,496401,0.24674953520298,0.459606140851975,1,747,0.268435855475711,2
1,7463932,347535,0.563289940357208,0.511862695217133,1,749,0.552677028201063,2
1,7468787,863806,0.365505993366241,0.475963592529297,1,751,0.383964234978481,2
1,7474218,880818,0.330020725727081,0.488209187984467,1,753,0.337991104888405,2
1,7475048,263546,0.408394932746887,0.559724986553192,1,755,0.364817493017239,2
1,7484712,701662,0.270298063755035,0.306240111589432,1,757,0.441317210786249,2
1,7539327,876476,0.44023808836937,0.526908099651337,1,759,0.41775604575132,2
1,7572302,584987,0.365431249141693,0.475319117307663,1,761,0.384406218722692,2
1,7604824,187438,0.398958444595337,0.47003847360611,1,763,0.424389137270562,2
1,7605360,254271,0.424899756908417,0.471702307462692,1,765,0.450389737538037,2
1,7607000,887828,0.629591107368469,0.58942323923111,1,767,0.548916392713188,2
1,7611255,870938,0.572149813175201,0.483976423740387,1,769,0.585435427266655,2
1,7619766,811930,0.331887245178223,0.388207614421845,1,771,0.427461019372972,2
1,7640549,265413,0.322264194488525,0.460316866636276,1,773,0.350046042026921,2
1,7660386,357956,0.510473966598511,0.421340882778168,1,775,0.57701691822318,2
1,7680585,214105,0.676024734973908,0.547065019607544,1,777,0.642360074788906,2
1,7720321,82330,0.555548191070557,0.50192254781723,1,779,0.553832634882705,2
1,7734985,203492,0.351684898138046,0.466506719589233,1,781,0.376934439923728,2
1,7740443,920413,0.77826064825058,0.667838931083679,1,783,0.666217127020865,2
1,7751873,176488,0.252627789974213,0.42506930232048,1,785,0.297160708377553,2
1,7760429,631399,0.596195995807648,0.480450451374054,1,787,0.611390284853203,2
1,7780722,263312,0.453548789024353,0.524289965629578,1,789,0.432536209690493,2
1,7809011,838150,0.273174613714218,0.366676330566406,1,791,0.372501019212563,2
1,7837422,77087,0.566184282302856,0.4150410592556,1,793,0.629191309440383,2
1,7844539,361921,0.540813863277435,0.425531059503555,1,795,0.600338587212613,2
1,7849129,868818,0.614917516708374,0.456652522087097,1,797,0.645638841675682,2
1,7850097,552866,0.523586332798004,0.459059834480286,1,799,0.559642916565203,2
1,7854175,695,0.57805734872818,0.511587262153626,1,801,0.56804704446044,2
1,7915202,538566,0.50965166091919,0.430460214614868,1,803,0.569522312871234,2
1,7917620,203843,0.563760876655579,0.440112054347992,1,805,0.610422829485634,2
1,7932350,875016,0.762040257453919,0.600888669490814,1,807,0.701888014250945,2
1,7952887,825675,0.38572758436203,0.491010248661041,1,809,0.392789748700652,2
1,7989501,278686,0.325958609580994,0.433836400508881,1,811,0.375669963606847,2
1,8006942,385300,0.379796802997589,0.452806562185288,1,813,0.419380851245457,2
1,8018087,811544,0.631242632865906,0.453905761241913,1,815,0.662368378054388,2
1,8073811,651476,0.204288735985756,0.423071950674057,1,817,0.241434980102408,2
1,8088206,340993,0.673055589199066,0.390181422233582,1,819,0.731933051303199,2
1,8088562,105531,0.322664767503738,0.458686202764511,1,821,0.351727134541034,2
1,8091580,396660,0.413802117109299,0.377949804067612,1,823,0.52881786170644,2
1,8096784,407164,0.571949303150177,0.463397860527039,1,825,0.60114704604957,2
1,8140702,712608,0.578091025352478,0.575285494327545,1,827,0.503302843424774,2
1,8182786,630534,0.683048903942108,0.680167675018311,1,829,0.504504280366224,2
1,8195061,587800,0.651885151863098,0.689016938209534,1,831,0.473054518483301,2
1,8278054,288104,0.428893119096756,0.427872687578201,1,833,0.500891787104373,2
1,8320390,491059,0.250837087631226,0.42229950428009,1,835,0.296989559647763,2
1,8409910,264903,0.749488830566406,0.692910015583038,1,837,0.592120905686306,2
1,8574741,222930,0.692211329936981,0.522007822990418,1,839,0.678040054976832,2
1,8689898,185664,0.34326758980751,0.450698256492615,1,841,0.380817525764197,2
1,8731407,233850,0.349634915590286,0.493173331022263,1,843,0.354474678167972,2
1,8794552,155996,0.637274980545044,0.520848095417023,1,845,0.62149266653688,2
1,8847699,615334,0.310047745704651,0.5102379322052,1,847,0.303826632767828,2
1,8891587,766924,0.301058441400528,0.506332516670227,1,849,0.297293212946668,2
1,8905493,320712,0.719445884227753,0.556377708911896,1,851,0.68379168336637,2
1,8906355,702396,0.776279509067535,0.571162819862366,1,853,0.739154507474536,2
1,8912898,435160,0.307319968938828,0.570023834705353,1,855,0.269567648077104,2
1,8917054,754188,0.292763739824295,0.507731139659882,1,857,0.288305873872943,2
1,8939678,841856,0.427317261695862,0.352735936641693,1,859,0.557612749785,2
1,8962291,769397,0.39912685751915,0.554014384746552,1,861,0.360213442564078,2
1,8977171,700354,0.453943014144898,0.539552211761475,1,863,0.420666438066217,2
1,8995360,771828,0.30123832821846,0.399249941110611,1,865,0.377255319538047,2
1,9003553,98875,0.34012907743454,0.423518538475037,1,867,0.401551581023162,2
1,9017118,576228,0.616170287132263,0.483244180679321,1,869,0.628615974395494,2
1,9041010,642364,0.221743911504745,0.381216824054718,1,871,0.290836995526878,2
1,9074337,828059,0.260356575250626,0.361047923564911,1,873,0.360556810131907,2
1,9088931,623909,0.2798171043396,0.438944667577744,1,875,0.318738470937274,2
1,9147771,62380,0.579062402248383,0.646013259887695,1,877,0.448181514377157,2
1,9168159,376566,0.352032750844955,0.480470776557922,1,879,0.366341480086372,2
1,9173443,157666,0.436713993549347,0.481090039014816,1,881,0.453879687930825,2
1,9183528,265497,0.550104916095734,0.643318116664887,1,883,0.42755279374659,2
1,9190487,395502,0.4136121571064,0.534696042537689,1,885,0.386773161012544,2
1,9197781,276285,0.356657445430756,0.493697464466095,1,887,0.3612105298297,2
1,9208308,708,0.515423774719238,0.632940709590912,1,889,0.407165921632985,2
1,9214669,700372,0.5463827252388,0.57928329706192,1,891,0.471602347253935,2
1,9226792,305772,0.275439262390137,0.423379778862,1,893,0.325286275044227,2
1,9230624,644541,0.399512678384781,0.44247317314148,1,895,0.451454124945376,2
1,9250000,144129,0.423845708370209,0.385706186294556,1,897,0.531043387728092,2
1,9255290,324208,0.287248909473419,0.418515503406525,1,899,0.343175948244861,2
1,9267002,277726,0.582626640796661,0.551134169101715,1,901,0.53508005012536,2
1,9278652,724537,0.503173112869263,0.584834039211273,1,903,0.430184530253966,2
1,9284928,331485,0.302135497331619,0.431211233139038,1,905,0.350333518832753,2
1,9293498,136896,0.302828162908554,0.424495577812195,1,907,0.356691775765131,2
1,9304069,250653,0.376728057861328,0.573727905750275,1,909,0.328315961351639,2
1,9309898,201912,0.623178482055664,0.468437790870667,1,911,0.645552758009691,2
1,9311805,401953,0.657494962215424,0.503757655620575,1,913,0.654901439121549,2
1,9324990,869829,0.521749436855316,0.472541183233261,1,915,0.546646536239261,2
1,9329566,245230,0.336521327495575,0.456615537405014,1,917,0.368495265632062,2
1,9339549,209659,0.33844655752182,0.481339395046234,1,919,0.351567481287618,2
1,9345022,616235,0.637580692768097,0.465737342834473,1,921,0.660822909507957,2
1,9348127,101635,0.6884805560112,0.586563408374786,1,923,0.623256080498074,2
1,9354977,496410,0.180204465985298,0.402826339006424,1,925,0.223675128133099,2
1,9361127,189520,0.531896710395813,0.431623548269272,1,927,0.588210165833934,2
1,9388879,270261,0.604179739952087,0.451826274394989,1,929,0.638964582248947,2
1,9428862,130558,0.472509235143662,0.354339808225632,1,931,0.591510541011738,2
1,9432408,375753,0.440572112798691,0.531394958496094,1,933,0.414542992697521,2
1,9478648,423727,0.562263488769531,0.443010896444321,1,935,0.607051099890403,2
1,9487987,812837,0.322293698787689,0.360229521989822,1,937,0.447344927488751,2
1,9578382,309761,0.390934139490128,0.319548845291138,1,939,0.552454385377252,2
1,9599589,95431,0.696771562099457,0.583050906658173,1,941,0.636372350074944,2
1,9620849,418067,0.371120870113373,0.535228610038757,1,943,0.346693789487915,2
1,9622355,116659,0.392578542232513,0.614829182624817,1,945,0.319258221085509,2
1,9653924,741399,0.645498931407929,0.497091740369797,1,947,0.647548969614516,2
1,9673044,287965,0.272020876407623,0.329908549785614,1,949,0.412267091265734,2
1,9824715,365070,0.335492253303528,0.462367236614227,1,951,0.362798471362541,2
1,9916926,849937,0.687520503997803,0.674165666103363,1,953,0.520493294452322,2
1,10132006,872166,0.57577121257782,0.496936529874802,1,955,0.578354608697187,2
1,10380965,780510,0.626363575458527,0.676332473754883,1,957,0.463058924245544,2
1,10411142,446974,0.650466203689575,0.517828404903412,1,959,0.637542111703608,2
1,10430723,899320,0.533929705619812,0.383106768131256,1,961,0.62224395543429,2
1,10459677,812485,0.681548058986664,0.505033612251282,1,963,0.678309528792684,2
1,10467312,221220,0.262290447950363,0.38848665356636,1,965,0.337579741211829,2
1,10471967,170047,0.592465579509735,0.466744005680084,1,967,0.617881069475824,2
1,10486196,738658,0.497523665428162,0.382242500782013,1,969,0.593306163658136,2
1,10486268,462290,0.452385157346726,0.490079164505005,1,971,0.461542940520282,2
1,10488859,364752,0.638352453708649,0.510024011135101,1,973,0.630953807421093,2
1,10508114,929294,0.636159002780914,0.685322999954224,1,975,0.464130784187461,2
1,10519640,857665,0.2855444252491,0.326710075139999,1,977,0.436999723878641,2
1,10526303,657477,0.560818493366242,0.609613358974457,1,979,0.45997884159699,2
1,10530985,243374,0.580229222774506,0.490558415651321,1,981,0.588008919842918,2
1,10539621,493020,0.295858561992645,0.346462786197662,1,983,0.426970188111132,2
1,10555860,200774,0.375193178653717,0.425249814987183,1,985,0.441144434907074,2
1,10572931,601413,0.369150668382645,0.488148272037506,1,987,0.378113259360551,2
1,10666336,475433,0.331790238618851,0.337114691734314,1,989,0.492102905560017,2
1,10746373,271729,0.424966931343079,0.46163871884346,1,991,0.460280858165174,2
1,10769927,124225,0.34637638926506,0.499189913272858,1,993,0.346938489796498,2
1,10802819,596323,0.474968761205673,0.451316654682159,1,995,0.521553512354027,2
1,10857461,718812,0.592508256435394,0.452916413545609,1,997,0.627578167528723,2
1,10891317,232777,0.40662482380867,0.511704385280609,1,999,0.397323958427369,2
1,10922863,484597,0.238660365343094,0.378042727708817,1,1001,0.315652633750595,2
1,10933589,244021,0.327545285224915,0.45526134967804,1,1003,0.359733244933437,2
1,10952065,213483,0.348308950662613,0.452033787965775,1,1005,0.385268712135502,2
1,11051241,767318,0.608951389789581,0.529019415378571,1,1007,0.584856973961315,2
1,11053230,276118,0.548319756984711,0.457031100988388,1,1009,0.58406435079661,2
1,11127645,186654,0.659325838088989,0.554399847984314,1,1011,0.617735586074241,2
1,11158997,614226,0.39142233133316,0.471323728561401,1,1013,0.415237243123617,2
1,11170607,760620,0.314326345920563,0.309807360172272,1,1015,0.503273713371834,2
1,11192383,263814,0.461530774831772,0.572380542755127,1,1017,0.403167770702176,2
1,11208765,214262,0.578644692897797,0.50864315032959,1,1019,0.571232895822214,2
1,11211748,722,0.642481923103333,0.464918941259384,1,1021,0.665921572949962,2
1,11216546,279090,0.64578777551651,0.509066462516785,1,1023,0.639246254901051,2
1,11224301,156902,0.51319420337677,0.460546970367432,1,1025,0.548796864710536,2
1,11227307,81461,0.344514846801758,0.462213665246964,1,1027,0.372679209535791,2
1,11248497,538569,0.762340784072876,0.649263441562653,1,1029,0.661199823328971,2
1,11286722,134613,0.377985864877701,0.31233337521553,1,1031,0.547735695826991,2
1,11306426,404916,0.438933730125427,0.505233526229858,1,1033,0.434386978830194,2
1,11324332,431083,0.407304912805557,0.360898703336716,1,1035,0.536305832667784,2
1,11327219,915096,0.583760499954224,0.437682598829269,1,1037,0.629889187868652,2
1,11336759,816440,0.518199741840363,0.381454437971115,1,1039,0.610537777864504,2
1,11338839,858882,0.486972361803055,0.502565979957581,1,1041,0.484485999076338,2
1,11344402,159015,0.457845568656921,0.524820864200592,1,1043,0.436192232328942,2
1,11358744,496421,0.302910059690475,0.547565937042236,1,1045,0.276596880118851,2
1,11376164,786438,0.737850964069367,0.613547146320343,1,1047,0.660826626799944,2
1,11391029,631151,0.472601503133774,0.497917264699936,1,1049,0.474578345278489,2
1,11398450,773861,0.329051822423935,0.461132347583771,1,1051,0.356786749127547,2
1,11399161,755280,0.344918102025986,0.423328101634979,1,1053,0.407388619718183,2
1,11399928,852503,0.540421605110169,0.674653291702271,1,1055,0.400518022928924,2
1,11410790,724,0.564603984355927,0.49539315700531,1,1057,0.568578962326265,2
1,11411842,115681,0.508328139781952,0.640358805656433,1,1059,0.396908838679015,2
1,11416455,216046,0.494471669197083,0.545776069164276,1,1061,0.452998672105802,2
1,11417594,794663,0.666055381298065,0.610480844974518,1,1063,0.571337359930235,2
1,11425416,799108,0.348508149385452,0.46721950173378,1,1065,0.37295976312225,2
1,11448120,436034,0.444760769605637,0.507185637950897,1,1067,0.438459546491235,2
1,11453663,243322,0.407714575529099,0.529138326644898,1,1069,0.385262751721549,2
1,11455112,229902,0.423151731491089,0.558970212936401,1,1071,0.378510090249867,2
1,11456640,450309,0.399670451879501,0.555454313755035,1,1073,0.359768969276349,2
1,11474403,915842,0.406328439712524,0.510616540908814,1,1075,0.397880216521508,2
1,11489777,210838,0.328957259654999,0.478994786739349,1,1077,0.343382922697658,2
1,11527770,670659,0.487679153680801,0.425902128219605,1,1079,0.553803565992688,2
1,11530519,608667,0.622728586196899,0.580665111541748,1,1081,0.550154990453816,2
1,11549445,659844,0.520408809185028,0.629924058914185,1,1083,0.413072656791415,2
1,11584552,496423,0.403470933437347,0.37142226099968,1,1085,0.525493006233913,2
1,11592612,730114,0.509160280227661,0.594518840312958,1,1087,0.428212064700621,2
1,11600782,725,0.378480166196823,0.503958284854889,1,1089,0.375507435407877,2
1,11604155,707079,0.558051884174347,0.462927579879761,1,1091,0.58855817272584,2
1,11619685,572541,0.562434077262878,0.539181649684906,1,1093,0.525229493966628,2
1,11621489,137561,0.649318873882294,0.483154118061066,1,1095,0.660748843734485,2
1,11659187,213107,0.544857621192932,0.628580331802368,1,1097,0.433403332578532,2
1,11705401,687752,0.666212022304535,0.510204434394836,1,1099,0.659257860692291,2
1,11732432,886247,0.241137146949768,0.360012799501419,1,1101,0.334900796976827,2
1,11737218,187856,0.436020582914352,0.583942592144013,1,1103,0.373341993528382,2
1,11757041,486992,0.580863177776337,0.370298534631729,1,1105,0.667194023457975,2
1,11765754,398181,0.614211618900299,0.542551994323731,1,1107,0.578325431182753,2
1,11777063,755672,0.473370492458344,0.553680598735809,1,1109,0.427476141966294,2
1,11785365,299366,0.301191627979279,0.397219717502594,1,1111,0.379124719529201,2
1,11796456,193036,0.349545985460281,0.597234189510346,1,1113,0.292637286678835,2
1,11801854,164690,0.440182119607925,0.549648761749268,1,1115,0.400421278315117,2
1,11806734,442755,0.407714635133743,0.513760149478912,1,1117,0.396794725658727,2
1,11810971,796861,0.451192826032639,0.545358777046204,1,1119,0.41366605345238,2
1,11815237,242977,0.61587655544281,0.506700575351715,1,1121,0.610658937184993,2
1,11820345,390872,0.559925496578217,0.45362389087677,1,1123,0.597278782807715,2
1,11830235,160723,0.362253785133362,0.51245129108429,1,1125,0.353451919661353,2
1,11851301,660726,0.369446247816086,0.432600528001785,1,1127,0.427006237743844,2
1,11872557,166582,0.526008784770966,0.379620283842087,1,1129,0.617982984546529,2
1,11931611,883640,0.437496095895767,0.541175484657288,1,1131,0.40420908586872,2
1,11964848,799234,0.337318360805511,0.405023485422134,1,1133,0.41641827319463,2
1,11966751,496425,0.602775156497955,0.535806238651276,1,1135,0.572134659513842,2
1,11974992,351132,0.539615988731384,0.460269242525101,1,1137,0.573505859270929,2
1,11976617,727,0.584305882453919,0.368660539388657,1,1139,0.670783989057524,2
1,12005468,128257,0.628823041915894,0.597309768199921,1,1141,0.539128430773084,2
1,12027919,788311,0.309071481227875,0.315155357122421,1,1143,0.490347814566606,2
1,12075775,246092,0.323894649744034,0.381124377250671,1,1145,0.424919880591898,2
1,12087024,808918,0.392203778028488,0.555169105529785,1,1147,0.353229109943192,2
1,12103392,752652,0.651054739952087,0.480074763298035,1,1149,0.664427464358749,2
1,12111069,617062,0.384417861700058,0.513741314411163,1,1151,0.374135631023434,2
1,12117038,788718,0.549068927764893,0.413361042737961,1,1153,0.615665592394603,2
1,12139075,238162,0.371719866991043,0.600809276103973,1,1155,0.30934930748865,2
1,12146038,730,0.545992612838745,0.562459290027618,1,1157,0.485361894202099,2
1,12155393,250246,0.26473006606102,0.350015968084335,1,1159,0.378168555437496,2
1,12171618,626948,0.408173054456711,0.424674212932587,1,1161,0.480571979680698,2
1,12186942,355847,0.414720714092255,0.540457725524902,1,1163,0.383675442597726,2
1,12190586,213445,0.410835176706314,0.52175784111023,1,1165,0.393702925318873,2
1,12296335,673476,0.247171387076378,0.459231704473496,1,1167,0.269114027481789,2
1,12485825,886298,0.59429943561554,0.636272490024567,1,1169,0.467016447302785,2
1,12538475,78966,0.606227159500122,0.485924363136292,1,1171,0.617008848248264,2
1,12550267,814374,0.646767914295197,0.576067268848419,1,1173,0.58338663218422,2
1,12556621,210142,0.572397947311401,0.647720992565155,1,1175,0.44185533113922,2
1,12559747,538571,0.339597344398499,0.484556496143341,1,1177,0.350420794170964,2
1,12591418,655789,0.646643936634064,0.686751425266266,1,1179,0.470799122392319,2
1,12595123,736074,0.569173097610474,0.641487538814545,1,1181,0.443635350004065,2
1,12708081,222722,0.354267328977585,0.311853021383286,1,1183,0.530817767796902,2
1,12752600,777171,0.413559079170227,0.35902938246727,1,1185,0.542536814645932,2
1,12780450,778400,0.743293642997742,0.685477375984192,1,1187,0.591911141836722,2
1,13665979,890880,0.375089079141617,0.372826546430588,1,1189,0.501803753569409,2
1,13792754,475172,0.430552065372467,0.364789307117462,1,1191,0.551764523953917,2
1,13807989,496434,0.557582199573517,0.567440092563629,1,1193,0.491313714769805,2
1,13829071,770073,0.372373461723328,0.418658405542374,1,1195,0.444722304381918,2
1,14000230,674817,0.772676289081574,0.688209891319275,1,1197,0.635453940664925,2
1,14008304,496436,0.29863914847374,0.308273047208786,1,1199,0.484374406354569,2
1,14020997,757430,0.652347385883331,0.674053251743317,1,1201,0.483898997739535,2
1,14075467,790307,0.326136946678162,0.38029932975769,1,1203,0.428789799453448,2
1,14082528,723699,0.650029063224793,0.513096392154694,1,1205,0.640615790131507,2
1,14087061,798516,0.365161210298538,0.520021796226502,1,1207,0.351101831642734,2
1,14092773,343789,0.450208574533463,0.445725828409195,1,1209,0.504043798497233,2
1,14097586,899408,0.754560887813568,0.595792233943939,1,1211,0.696394858291279,2
1,14100664,477528,0.65283203125,0.459100395441055,1,1213,0.67908280406945,2
1,14121824,624198,0.580291271209717,0.697895526885986,1,1215,0.415743652777787,2
1,14127223,496441,0.404986023902893,0.530427992343903,1,1217,0.381754007846857,2
1,14127797,384519,0.538823783397675,0.471355766057968,1,1219,0.563812307983203,2
1,14146819,816099,0.584150791168213,0.476338863372803,1,1221,0.602940547096741,2
1,14150319,230231,0.279177844524384,0.45012241601944,1,1223,0.310113243185301,2
1,14162096,701035,0.365835279226303,0.484821230173111,1,1225,0.37728884015215,2
1,14169697,437288,0.659801840782166,0.474709302186966,1,1227,0.676181054952813,2
1,14170507,431303,0.658812642097473,0.511187255382538,1,1229,0.65100402796419,2
1,14174021,873493,0.610059022903442,0.502563238143921,1,1231,0.608049698979247,2
1,14174529,257749,0.390191555023193,0.581298112869263,1,1233,0.33562086852237,2
1,14185861,627845,0.417766153812408,0.394797116518021,1,1235,0.518976311846234,2
1,14193238,409017,0.605871796607971,0.477224439382553,1,1237,0.623042627579485,2
1,14210513,371149,0.556849181652069,0.50115966796875,1,1239,0.555818976641839,2
1,14212815,291838,0.273482739925385,0.440302193164825,1,1241,0.310562545645789,2
1,14216642,481530,0.560505568981171,0.417064547538757,1,1243,0.623033365732676,2
1,14219216,847134,0.729905962944031,0.617633998394013,1,1245,0.646812169594657,2
1,14222669,482135,0.637207686901093,0.629577398300171,1,1247,0.510299437137349,2
1,14240222,425191,0.307522922754288,0.450004994869232,1,1249,0.34168834375233,2
1,14241174,92110,0.642925918102264,0.45026633143425,1,1251,0.675229931951104,2
1,14242955,171712,0.408690869808197,0.543564796447754,1,1253,0.375935741680688,2
1,14249386,818556,0.331102550029755,0.479184299707413,1,1255,0.345485599415427,2
1,14252913,886608,0.366641134023666,0.574927151203156,1,1257,0.31885877476511,2
1,14262724,128710,0.256034970283508,0.458694934844971,1,1259,0.279090688422407,2
1,14273937,735460,0.571881592273712,0.381017208099365,1,1261,0.654175840323673,2
1,14280602,800707,0.415623784065247,0.554290354251862,1,1263,0.374915223471842,2
1,14289754,608226,0.517659485340118,0.445852786302567,1,1265,0.564790273471228,2
1,14311629,297192,0.275327622890472,0.530349910259247,1,1267,0.25957166916073,2
1,14312487,90182,0.442285776138306,0.538234651088715,1,1269,0.410867058859618,2
1,14335654,618606,0.620015561580658,0.505637407302856,1,1271,0.615682452482678,2
1,14341144,102677,0.375678539276123,0.489056289196014,1,1273,0.384085173399693,2
1,14343396,807046,0.4874427318573,0.45703187584877,1,1275,0.528004273783169,2
1,14350531,857053,0.568677604198456,0.389630675315857,1,1277,0.646670975786056,2
1,14381136,183331,0.309548616409302,0.361746490001678,1,1279,0.42785296466576,2
1,14385573,763828,0.426060110330582,0.506954967975617,1,1281,0.420214947327505,2
1,14400437,348077,0.560448169708252,0.488298922777176,1,1283,0.570499408876228,2
1,14412135,815166,0.358409702777863,0.506832957267761,1,1285,0.353577739606734,2
1,14439207,358204,0.659841775894165,0.59532630443573,1,1287,0.579712954122797,2
1,14459129,765,0.662408232688904,0.471154034137726,1,1289,0.680822215632619,2
1,14496521,143410,0.487443298101425,0.431492984294891,1,1291,0.549208112002927,2
1,14521179,728195,0.442181318998337,0.538700520992279,1,1293,0.410414786850257,2
1,14525369,790429,0.264890193939209,0.447479754686356,1,1295,0.29598008755153,2
1,14540856,590282,0.56921511888504,0.436747908592224,1,1297,0.617591405618869,2
1,14545972,598773,0.432682693004608,0.509494543075562,1,1299,0.424619555680343,2
1,14574277,840949,0.699047267436981,0.673972904682159,1,1301,0.538454415468716,2
1,14629827,625003,0.331819981336594,0.360207587480545,1,1303,0.460595491140946,2
1,14722583,924649,0.658352375030518,0.618213772773743,1,1305,0.552566854687751,2
1,14730230,496452,0.418018698692322,0.450885474681854,1,1307,0.463553077405384,2
1,14736148,832020,0.274971902370453,0.314725488424301,1,1309,0.436844031519535,2
1,14748619,191321,0.513316035270691,0.407719045877457,1,1311,0.589144339910166,2
1,14752078,713965,0.524352252483368,0.469066828489304,1,1313,0.552064390549151,2
1,14756431,908058,0.350353062152863,0.427733361721039,1,1315,0.409546102206259,2
1,14773006,538579,0.723871946334839,0.504346132278442,1,1317,0.721450722321125,2
1,14781426,328552,0.66437566280365,0.554469406604767,1,1319,0.62334310800222,2
1,14787734,113237,0.355072319507599,0.508665144443512,1,1321,0.349023639015067,2
1,14792482,708815,0.377430468797684,0.458849906921387,1,1323,0.411278789757222,2
1,14800032,693209,0.351606965065002,0.453381597995758,1,1325,0.387760516328116,2
1,14806807,388527,0.345010101795197,0.460441410541534,1,1327,0.374651469108114,2
1,14807236,424094,0.60431319475174,0.464557975530624,1,1329,0.630504529747747,2
1,14816778,229732,0.60276198387146,0.462311148643494,1,1331,0.630606051133133,2
1,14820507,272208,0.53987044095993,0.48694309592247,1,1333,0.551580384765139,2
1,14833272,920568,0.510804295539856,0.395882546901703,1,1335,0.595115401855021,2
1,14834248,323421,0.436286449432373,0.556161940097809,1,1337,0.392229688852536,2
1,14837056,883490,0.567405223846436,0.647777795791626,1,1339,0.437962853568506,2
1,14853587,303563,0.587338984012604,0.450608164072037,1,1341,0.624438343454466,2
1,14855412,360244,0.633327603340149,0.493365436792374,1,1343,0.63812931125508,2
1,14889602,855621,0.562886476516724,0.515114665031433,1,1345,0.549260936596884,2
1,14904485,257652,0.336691468954086,0.49882447719574,1,1347,0.337484911372912,2
1,14911358,122267,0.556228935718536,0.536291718482971,1,1349,0.521497585907179,2
1,14911998,784966,0.54651814699173,0.471306532621384,1,1351,0.571129698975914,2
1,14919758,898834,0.44186595082283,0.531478464603424,1,1353,0.415695065982156,2
1,14923111,739321,0.16865448653698,0.419413864612579,1,1355,0.201059741662056,2
1,14935213,720523,0.582716584205627,0.551835596561432,1,1357,0.534452744804428,2
1,14941584,293763,0.410562753677368,0.523568749427795,1,1359,0.392081034368523,2
1,14948354,132079,0.275101125240326,0.419789493083954,1,1361,0.327665567829384,2
1,14953770,150684,0.686423480510712,0.522993803024292,1,1363,0.671307708917189,2
1,14956102,626226,0.536065399646759,0.612634718418121,1,1365,0.437508178634512,2
1,14958600,218021,0.243940681219101,0.443694621324539,1,1367,0.274897045732577,2
1,14973388,561303,0.438925683498383,0.511627078056335,1,1369,0.428950794752553,2
1,14993113,725256,0.592633664608002,0.55574381351471,1,1371,0.541518668974702,2
1,14996905,906021,0.476288497447968,0.391638219356537,1,1373,0.569572317644524,2
1,15013011,496464,0.478032827377319,0.379152089357376,1,1375,0.579633623891554,2
1,15025342,329819,0.626940786838532,0.590656518936157,1,1377,0.544320075414509,2
1,15027412,637318,0.672057509422302,0.560946762561798,1,1379,0.626534480771416,2
1,15061675,219379,0.658622205257416,0.474333256483078,1,1381,0.675290667563798,2
1,15062280,235763,0.431515455245972,0.463711470365524,1,1383,0.465284430969355,2
1,15065385,615521,0.691770374774933,0.606894552707672,1,1385,0.607955540494131,2
1,15066442,445616,0.51510763168335,0.570681214332581,1,1387,0.451309434011925,2
1,15070401,298477,0.379755526781082,0.485628813505173,1,1389,0.390993610984573,2
1,15080539,408489,0.702989935874939,0.593393206596375,1,1391,0.634769919067451,2
1,15106616,785,0.297282993793488,0.434768736362457,1,1393,0.341886351213682,2
1,15111341,879606,0.782196402549744,0.57739782333374,1,1395,0.742306583500797,2
1,15118117,695010,0.437765896320343,0.530443429946899,1,1397,0.412641453928618,2
1,15126311,215445,0.670027375221252,0.488185286521912,1,1399,0.677644452094406,2
1,15129490,891897,0.642126142978668,0.511362314224243,1,1401,0.633804485983132,2
1,15131984,919423,0.264845728874207,0.352018028497696,1,1403,0.376182052385905,2
1,15145684,130573,0.352791577577591,0.488981127738953,1,1405,0.36074150674168,2
1,15149113,927974,0.565816879272461,0.563620924949646,1,1407,0.502516108640821,2
1,15150297,538581,0.359652459621429,0.501044690608978,1,1409,0.358902575321477,2
1,15169836,164617,0.407401829957962,0.565792202949524,1,1411,0.36002778744046,2
1,15174535,217343,0.658615529537201,0.498425930738449,1,1413,0.65968688237272,2
1,15177446,339958,0.536430299282074,0.438690572977066,1,1415,0.587064034202489,2
1,15185849,771582,0.56320184469223,0.551909387111664,1,1417,0.512600640646963,2
1,15186898,706610,0.480889409780502,0.521279036998749,1,1419,0.461259110426933,2
1,15190986,438041,0.6167853474617,0.473358362913132,1,1421,0.636171330225558,2
1,15196003,330487,0.365584194660187,0.454810291528702,1,1423,0.401908445641578,2
1,15202887,337389,0.6034374833107,0.575194537639618,1,1425,0.533242211051328,2
1,15205640,745132,0.372741967439652,0.479508966207504,1,1427,0.388670487632081,2
1,15208446,187328,0.415683001279831,0.457995802164078,1,1429,0.453806562544553,2
1,15213454,428780,0.611428558826447,0.504279851913452,1,1431,0.608073786517032,2
1,15215158,162316,0.26773065328598,0.374817579984665,1,1433,0.357147940201916,2
1,15227584,414002,0.557091891765595,0.472186803817749,1,1435,0.580431001500129,2
1,15232209,94211,0.594888150691986,0.560568332672119,1,1437,0.539050233030042,2
1,15233308,83714,0.72643506526947,0.530681252479553,1,1439,0.708551026167337,2
1,15300945,851219,0.302875638008118,0.324600607156754,1,1441,0.466535846406867,2
1,15311577,720572,0.758083164691925,0.630142867565155,1,1443,0.672959077853269,2
1,15320181,578392,0.682312190532684,0.568696081638336,1,1445,0.631712354163077,2
1,15328010,329071,0.651862919330597,0.597223937511444,1,1447,0.567827990424214,2
1,15350245,576072,0.64719957113266,0.620676338672638,1,1449,0.534961215400075,2
1,15366497,394971,0.676121771335602,0.591540217399597,1,1451,0.603537187183433,2
1,15379784,265159,0.40045040845871,0.545213758945465,1,1453,0.36724165695419,2
1,15384718,349050,0.335310101509094,0.512431740760803,1,1455,0.327175382433631,2
1,15384809,164546,0.318272471427918,0.479150891304016,1,1457,0.332121339231713,2
1,15385344,474206,0.302614778280258,0.502843499183655,1,1459,0.30090354033764,2
1,15388886,328161,0.672616183757782,0.621299207210541,1,1461,0.567753986160482,2
1,15392269,851208,0.567135751247406,0.582992970943451,1,1463,0.486400162192022,2
1,15397436,291425,0.380565673112869,0.517166674137116,1,1465,0.367933291281614,2
1,15401074,171113,0.284544318914413,0.530315518379211,1,1467,0.268278325876695,2
1,15402847,403887,0.693942129611969,0.577307403087616,1,1469,0.637966370095345,2
1,15414684,864010,0.501191020011902,0.590737819671631,1,1471,0.424207663130909,2
1,15421223,380766,0.298449575901032,0.333779603242874,1,1473,0.447075814401794,2
1,15423112,157009,0.653279006481171,0.461821109056473,1,1475,0.677875703271301,2
1,15438936,353057,0.613991379737854,0.437302947044373,1,1477,0.657001384462035,2
1,15440387,555060,0.570516228675842,0.540433526039124,1,1479,0.532729435610745,2
1,15465724,689510,0.609091699123383,0.559084713459015,1,1481,0.556708155955168,2
1,15482591,756740,0.531913936138153,0.515660345554352,1,1483,0.516779124354792,2
1,15535193,739481,0.628639161586762,0.520217537879944,1,1485,0.612990399052652,2
1,15540863,496472,0.448340386152267,0.538862824440002,1,1487,0.416006046268076,2
1,15553038,342588,0.260166138410568,0.355395436286926,1,1489,0.366023465479344,2
1,15555069,80271,0.592322051525116,0.464179366827011,1,1491,0.61957610137116,2
1,15582700,900838,0.600911915302277,0.614803314208984,1,1493,0.488702566669976,2
1,15596620,636336,0.353079378604889,0.405866026878357,1,1495,0.434970353789566,2
1,15600876,321827,0.404339194297791,0.513494610786438,1,1497,0.393713181992824,2
1,15606974,591203,0.679633557796478,0.672393977642059,1,1499,0.511049217139405,2
1,15656358,723160,0.604921579360962,0.546341180801392,1,1501,0.564564377545942,2
1,15662320,624243,0.273318707942963,0.372426360845566,1,1503,0.366943289570606,2
1,15669301,357343,0.375839978456497,0.545161366462708,1,1505,0.344705257541582,2
1,15688166,725497,0.638881146907806,0.681852221488953,1,1507,0.4684894517999,2
1,15694172,323206,0.353678941726685,0.440382182598114,1,1509,0.401559095374945,2
1,15704370,62397,0.337224721908569,0.390061438083649,1,1511,0.432271289832362,2
1,15704654,62399,0.69049483537674,0.602294027805328,1,1513,0.61088695385273,2
1,15714329,792,0.678440749645233,0.548882126808167,1,1515,0.643597306309756,2
1,15716442,252808,0.816103518009186,0.549351930618286,1,1517,0.795964418261994,2
1,15732827,210492,0.583684682846069,0.499140083789825,1,1519,0.584399446152491,2
1,15733390,401711,0.232225194573402,0.395256280899048,1,1521,0.293765343899386,2
1,15773104,416328,0.349772751331329,0.455485999584198,1,1523,0.383955545999908,2
1,15782437,259465,0.728590548038483,0.649094462394714,1,1525,0.613272771621503,2
1,15782590,432632,0.646461844444275,0.54606556892395,1,1527,0.610584556543041,2
1,15960411,320007,0.495417267084122,0.563675880432129,1,1529,0.439452249317748,2
1,15987920,328238,0.523139417171478,0.675662934780121,1,1531,0.387130468642417,2
1,16010646,734406,0.721754908561707,0.545054972171783,1,1533,0.694199217027869,2
1,16015547,746509,0.337368875741959,0.516319155693054,1,1535,0.326705751686773,2
1,16040386,287674,0.217823639512062,0.48119592666626,1,1537,0.22633570593703,2
1,16069346,188380,0.333788305521011,0.533247292041779,1,1539,0.312977028202949,2
1,16147834,215526,0.548687279224396,0.460142433643341,1,1541,0.582007598947458,2
1,16171899,602652,0.374312967061996,0.488284319639206,1,1543,0.383294068646907,2
1,16179433,248533,0.422685563564301,0.578556418418884,1,1545,0.365293297341202,2
1,16204496,695190,0.651570558547974,0.667774021625519,1,1547,0.487867555076415,2
1,16217251,560695,0.673220455646515,0.566132545471191,1,1549,0.623410858613057,2
1,16240990,609881,0.411126613616943,0.542560756206513,1,1551,0.378876106421212,2
1,16368433,623848,0.613156735897064,0.526518642902374,1,1553,0.591490500835946,2
1,16370635,576958,0.480021625757217,0.539586484432221,1,1555,0.444805086493521,2
1,16380205,136017,0.476006507873535,0.550802171230316,1,1557,0.432102969756173,2
1,16540128,278561,0.323100686073303,0.327624708414078,1,1559,0.493095724735363,2
1,16604097,597388,0.395110368728638,0.346018582582474,1,1561,0.537533013048001,2
1,16612540,182075,0.317955017089844,0.489481240510941,1,1563,0.324787745448579,2
1,16644233,824178,0.585735619068146,0.416242063045502,1,1565,0.645174519516516,2
1,16654034,678383,0.508576929569244,0.373965799808502,1,1567,0.60751100316849,2
1,16676928,182305,0.60219019651413,0.479462146759033,1,1569,0.617885806950415,2
1,16681281,150808,0.446998596191406,0.524641454219818,1,1571,0.42600388569764,2
1,16701089,851460,0.741853713989258,0.661406517028809,1,1573,0.618796139037463,2
1,16894856,678857,0.634397625923157,0.640931606292725,1,1575,0.494902747574455,2
1,17155012,496474,0.664665460586548,0.696956276893616,1,1577,0.476834403119956,2
1,17162645,96111,0.347769170999527,0.486610651016235,1,1579,0.357338223355004,2
1,17180745,135537,0.602326571941376,0.46873152256012,1,1581,0.625732143967053,2
1,17198542,186691,0.624856650829315,0.471493184566498,1,1583,0.645091285281745,2
1,17221434,341947,0.409198224544525,0.500374555587769,1,1585,0.408891919038387,2
1,17239458,619998,0.343355476856232,0.41974949836731,1,1587,0.409000461217672,2
1,17251616,140415,0.502207338809967,0.397721886634827,1,1589,0.586741863813827,2
1,17258691,681199,0.396189838647842,0.476116001605988,1,1591,0.416064401649445,2
1,17265567,169645,0.677547156810761,0.465904086828232,1,1593,0.698132081488576,2
1,17269085,297505,0.59188586473465,0.505021333694458,1,1595,0.587745732243914,2
1,17304986,419086,0.493742078542709,0.363653033971787,1,1597,0.602215498396165,2
1,17311782,178443,0.59178626537323,0.461059421300888,1,1599,0.621281314897357,2
1,17344158,741594,0.379132032394409,0.366753071546555,1,1601,0.50977419730885,2
1,17382532,758809,0.362790286540985,0.358568251132965,1,1603,0.503291102611835,2
1,17419177,579216,0.592974603176117,0.540627539157867,1,1605,0.556976711144466,2
1,17433559,149870,0.633038461208344,0.477551728487015,1,1607,0.648805863852364,2
1,17451006,132933,0.50312077999115,0.650726974010468,1,1609,0.386583621154036,2
1,17454675,565986,0.665963590145111,0.438329219818115,1,1611,0.702640388603873,2
1,17459240,496479,0.55894011259079,0.404799938201904,1,1613,0.629486020148611,2
1,17463664,88082,0.214110672473907,0.333479136228561,1,1615,0.321025589329762,2
1,17468398,776572,0.448574513196945,0.531441926956177,1,1617,0.42203530662903,2
1,17477288,480711,0.523569703102112,0.43995925784111,1,1619,0.574646752429737,2
1,17483875,815,0.443597078323364,0.596588432788849,1,1621,0.371778142135356,2
1,17495484,815739,0.462187767028809,0.58858847618103,1,1623,0.392623866871847,2
1,17502892,711968,0.577941954135895,0.596537292003632,1,1625,0.484413935124425,2
1,17504239,673727,0.374730795621872,0.484544843435288,1,1627,0.386683297427267,2
1,17506159,799219,0.512520492076874,0.441986680030823,1,1629,0.563200831881528,2
1,17507998,838899,0.627525568008423,0.491229861974716,1,1631,0.633946251801175,2
1,17528255,806298,0.432954162359238,0.643474280834198,1,1633,0.336419166433472,2
1,17530203,451173,0.425227999687195,0.533914387226105,1,1635,0.398217401385662,2
1,17547124,647861,0.270573675632477,0.368656516075134,1,1637,0.366972593503993,2
1,17548237,340010,0.453113436698914,0.575698852539063,1,1639,0.393533385293806,2
1,17588981,62401,0.494960367679596,0.582531094551086,1,1641,0.424836006446167,2
1,17593132,587803,0.484847784042358,0.604263424873352,1,1643,0.401189087477848,2
1,17606151,729270,0.56123024225235,0.648935854434967,1,1645,0.432423511828466,2
1,17627402,443699,0.452878922224045,0.588390588760376,1,1647,0.384845484339044,2
1,17653851,464028,0.288355827331543,0.418708026409149,1,1649,0.344339980540247,2
1,17705732,336298,0.370434284210205,0.377806633710861,1,1651,0.490243223857342,2
1,17775885,655288,0.604859828948975,0.449120402336121,1,1653,0.641355231953861,2
1,17789549,908231,0.370223313570023,0.59270167350769,1,1655,0.312318431108006,2
1,17849147,621659,0.5280681848526,0.637317299842835,1,1657,0.414289856075478,2
1,17914114,799350,0.344370663166046,0.429428100585938,1,1659,0.400964285634971,2
1,17929104,404839,0.285698026418686,0.310814917087555,1,1661,0.459595100994149,2
1,17933023,783021,0.66384768486023,0.539544820785523,1,1663,0.634978245099516,2
1,17942995,385873,0.660869598388672,0.570219457149506,1,1665,0.605460964609908,2
1,17946929,207501,0.432648837566376,0.602704048156738,1,1667,0.358923122293234,2
1,17956877,131995,0.374517679214478,0.435097098350525,1,1669,0.430384023054041,2
1,17963516,82374,0.570308327674866,0.44561380147934,1,1671,0.612461787945177,2
1,17984542,836565,0.364771544933319,0.30858650803566,1,1673,0.540630561560229,2
1,18014040,916411,0.641085207462311,0.642184495925903,1,1675,0.499144102301935,2
1,18016601,832689,0.468645334243774,0.639590382575989,1,1677,0.366363650088262,2
1,18024434,864039,0.430222749710083,0.473913937807083,1,1679,0.453903879363445,2
1,18030743,912370,0.591328382492065,0.546679854393005,1,1681,0.549246132707466,2
1,18043934,316601,0.448880732059479,0.537503182888031,1,1683,0.417560999032248,2
1,18051863,197342,0.359615117311478,0.458292126655579,1,1685,0.392342674459407,2
1,18113896,167324,0.691673994064331,0.573110580444336,1,1687,0.638869000013404,2
1,18116567,872844,0.381533235311508,0.430448710918427,1,1689,0.443180831576252,2
1,18146429,595545,0.314149856567383,0.338706403970718,1,1691,0.46374950825338,2
1,18162068,827,0.68638026714325,0.599579155445099,1,1693,0.608387354053255,2
1,18169994,141516,0.530316352844238,0.49358469247818,1,1695,0.536266340906841,2
1,18180642,387445,0.760032415390015,0.62026447057724,1,1697,0.684033273137804,2
1,18187208,303049,0.553643345832825,0.466897279024124,1,1699,0.581359617382844,2
1,18197145,372547,0.633074939250946,0.345274239778519,1,1701,0.719787212416287,2
1,18201635,748745,0.360996305942535,0.522415459156036,1,1703,0.345506913717414,2
1,18211185,188796,0.597755432128906,0.517540514469147,1,1705,0.583131247353857,2
1,18212612,337309,0.31634396314621,0.363606512546539,1,1707,0.435008659403095,2
1,18218679,437429,0.341115653514862,0.470440089702606,1,1709,0.362549515848556,2
1,18234646,119669,0.446053862571716,0.540566980838776,1,1711,0.412579641730607,2
1,18250521,496490,0.62354964017868,0.433468461036682,1,1713,0.667758691325308,2
1,18266511,281800,0.313425451517105,0.562678396701813,1,1715,0.278512071330866,2
1,18277660,216113,0.420617491006851,0.523737370967865,1,1717,0.401553826710467,2
1,18284968,334323,0.496575236320496,0.442054808139801,1,1719,0.548858229245531,2
1,18311517,633438,0.611002147197723,0.513719618320465,1,1721,0.600027198857231,2
1,18314001,338177,0.382417410612106,0.48992595076561,1,1723,0.390280827147961,2
1,18320077,408743,0.523956835269928,0.653755307197571,1,1725,0.400728552029623,2
1,18322111,496494,0.398209780454636,0.467493236064911,1,1727,0.42589897535902,2
1,18330450,766046,0.35874280333519,0.501856744289398,1,1729,0.357415544791722,2
1,18339871,671091,0.580603778362274,0.479423522949219,1,1731,0.597180971359166,2
1,18342596,697134,0.381669521331787,0.517406284809113,1,1733,0.368829614693023,2
1,18350037,243176,0.480480492115021,0.52263355255127,1,1735,0.45967245096447,2
1,18352745,908190,0.507359445095062,0.349029272794724,1,1737,0.621610823408355,2
1,18356697,475454,0.696605741977692,0.415661603212357,1,1739,0.740395069286739,2
1,18399587,666463,0.601452350616455,0.567318439483643,1,1741,0.539444610364349,2
1,18401698,419478,0.632616937160492,0.476796269416809,1,1743,0.64891012681618,2
1,18450662,288637,0.511005699634552,0.398408949375153,1,1745,0.593582467809694,2
1,18457607,186081,0.777770340442658,0.687775790691376,1,1747,0.644118468504671,2
1,18462207,333452,0.370584845542908,0.439040035009384,1,1749,0.422039923460496,2
1,18466954,538590,0.453431129455566,0.383374124765396,1,1751,0.55680673444292,2
1,18468446,837,0.236532375216484,0.396708101034164,1,1753,0.298118912368913,2
1,18481833,788977,0.607063710689545,0.454861611127853,1,1755,0.639599505986532,2
1,18502737,473959,0.274342387914658,0.347045391798019,1,1757,0.395254330410941,2
1,18503729,196862,0.595503807067871,0.509579241275787,1,1759,0.587602904509598,2
1,18505388,649062,0.637759327888489,0.545792162418366,1,1761,0.601239078083493,2
1,18515922,478188,0.322736889123917,0.380760729312897,1,1763,0.423805377338037,2
1,18517598,593934,0.5278040766716,0.447782754898071,1,1765,0.57245456609994,2
1,18518818,791407,0.48935928940773,0.454485327005386,1,1767,0.531964275324532,2
1,18523381,207609,0.435279130935669,0.614222586154938,1,1769,0.354333380721586,2
1,18530037,595937,0.53539502620697,0.531045198440552,1,1771,0.504637789987387,2
1,18534170,789524,0.564373672008514,0.638191938400269,1,1773,0.442166093027756,2
1,18575074,380998,0.698141634464264,0.674928903579712,1,1775,0.535704083107008,2
1,18684763,755496,0.362875699996948,0.359417170286179,1,1777,0.502699517962661,2
1,18750064,219935,0.558860540390015,0.461772501468658,1,1779,0.590192380718451,2
1,18766295,287840,0.491107016801834,0.560245215892792,1,1781,0.438296484173648,2
1,18776406,624828,0.698380172252655,0.604944288730621,1,1783,0.618256591230904,2
1,18786205,347062,0.432381212711334,0.510520815849304,1,1785,0.423470698243737,2
1,18786691,450413,0.171943470835686,0.380254298448563,1,1787,0.226090108037194,2
1,18824621,756852,0.600096464157105,0.561236083507538,1,1789,0.544283929453705,2
1,18836608,753486,0.466825872659683,0.575640976428986,1,1791,0.405483532075547,2
1,18848804,693418,0.524289786815643,0.521590769290924,1,1793,0.502820825092274,2
1,18867021,620221,0.292754501104355,0.361279547214508,1,1795,0.405163402359079,2
1,18885351,858108,0.453538537025452,0.486046373844147,1,1797,0.466558914366967,2
1,18889109,884977,0.48532822728157,0.592884302139282,1,1799,0.409294212656988,2
1,18904481,496500,0.528331518173218,0.684067726135254,1,1801,0.386169013672161,2
1,18913849,785671,0.554375171661377,0.520399868488312,1,1803,0.535420448140804,2
1,18914185,924307,0.381864309310913,0.35156574845314,1,1805,0.523362862761718,2
1,18922533,496501,0.629084587097168,0.553541362285614,1,1807,0.584602713924735,2
1,18977900,698949,0.341142147779465,0.301857531070709,1,1809,0.528135100253251,2
1,18992497,442689,0.566670417785645,0.472151517868042,1,1811,0.58953222668733,2
1,19003667,623779,0.250495940446854,0.330810397863388,1,1813,0.378609532929946,2
1,19016069,611025,0.367415398359299,0.461334675550461,1,1815,0.398209172029939,2
1,19028910,209353,0.644959807395935,0.519681692123413,1,1817,0.630411555439514,2
1,19038830,870326,0.683008432388306,0.693375051021576,1,1819,0.49252452289854,2
1,19042665,575232,0.283454686403275,0.359568178653717,1,1821,0.394159860675903,2
1,19076584,712339,0.518383324146271,0.579535841941834,1,1823,0.447240089939338,2
1,19094429,687738,0.626744091510773,0.535916566848755,1,1825,0.597856891858082,2
1,19263695,890525,0.502690494060516,0.588755548000336,1,1827,0.426909347833636,2
1,19269323,623079,0.584093928337097,0.470732271671295,1,1829,0.60709292348484,2
1,19273992,597194,0.411912620067596,0.48973736166954,1,1831,0.420544410440082,2
1,19277824,339995,0.448289722204208,0.478101760149002,1,1833,0.468822497186057,2
1,19287401,104833,0.603746354579926,0.483688324689865,1,1835,0.616265073628196,2
1,19308019,241333,0.619158267974854,0.543047368526459,1,1837,0.58328095102873,2
1,19329844,409798,0.595552444458008,0.512370407581329,1,1839,0.585292236330542,2
1,19337360,897569,0.535567700862885,0.499560028314591,1,1841,0.535976015691778,2
1,19353416,202887,0.343155086040497,0.469839304685593,1,1843,0.365183460194044,2
1,19361426,122265,0.40932098031044,0.48770135641098,1,1845,0.419643061199024,2
1,19371707,848,0.302668154239655,0.507030606269836,1,1847,0.298471286049523,2
1,19430300,213764,0.472227722406387,0.595331311225891,1,1849,0.396609176690193,2
1,19508628,135795,0.60981160402298,0.574417650699616,1,1851,0.541582966706148,2
1,19531093,625375,0.565456032752991,0.630732655525208,1,1853,0.448253335069625,2
1,19553011,790328,0.629072725772858,0.586273610591888,1,1855,0.55172393673292,2
1,19553131,155396,0.753857672214508,0.648633539676666,1,1857,0.649735595766615,2
1,19562443,428158,0.281551599502564,0.378206074237824,1,1859,0.37221982760319,2
1,19565715,165954,0.410904765129089,0.464955717325211,1,1861,0.441875161244317,2
1,19571411,319506,0.566891252994537,0.504077076911926,1,1863,0.563330583401421,2
1,19585591,798867,0.362652987241745,0.559024453163147,1,1865,0.324362364821193,2
1,19596666,428128,0.335238307714462,0.457539767026901,1,1867,0.366348820226977,2
1,19597067,855082,0.444349706172943,0.559628307819367,1,1869,0.397004315153736,2
1,19599732,445355,0.350647866725922,0.41114816069603,1,1871,0.426425191994429,2
1,19601674,178298,0.546563804149628,0.472519993782044,1,1873,0.570186366776705,2
1,19603514,321734,0.479182541370392,0.366172641515732,1,1875,0.589148802384384,2
1,19608982,496505,0.499857127666473,0.506588876247406,1,1877,0.4933558069506,2
1,19611743,907103,0.596993029117584,0.495484590530396,1,1879,0.600599938754997,2
1,19619186,229894,0.299335837364197,0.501729786396027,1,1881,0.298303833537924,2
1,19635053,849497,0.614636540412903,0.571891665458679,1,1883,0.549922965176584,2
1,19635983,135017,0.477332830429077,0.570025861263275,1,1885,0.418694012734111,2
1,19637792,467755,0.575091183185577,0.474512964487076,1,1887,0.595700000096413,2
1,19641828,496506,0.454973042011261,0.520563721656799,1,1889,0.437000335485555,2
1,19648079,707536,0.543296277523041,0.573296368122101,1,1891,0.473835443352512,2
1,19648398,322948,0.566703200340271,0.50724321603775,1,1893,0.56033400882318,2
1,19652260,238258,0.360891610383987,0.576229810714722,1,1895,0.313149028107691,2
1,19665114,105356,0.370013684034348,0.502903044223785,1,1897,0.36787775326102,2
1,19666774,434250,0.632406294345856,0.507895946502686,1,1899,0.62650815102852,2
1,19678584,353540,0.581175863742828,0.477861553430557,1,1901,0.598933827791333,2
1,19679279,701389,0.505311608314514,0.60599410533905,1,1903,0.416927824761427,2
1,19681589,641630,0.673809707164764,0.602745473384857,1,1905,0.589444208962726,2
1,19695916,682821,0.61996603012085,0.558242440223694,1,1907,0.569861384973707,2
1,19705154,673415,0.642523109912872,0.531874299049377,1,1909,0.618182798593199,2
1,19716163,265249,0.374227583408356,0.501816034317017,1,1911,0.372873282056131,2
1,19730858,149052,0.485633999109268,0.376416116952896,1,1913,0.587572726882136,2
1,19745377,402464,0.407800704240799,0.581968069076538,1,1915,0.350363470016399,2
1,19749025,120848,0.431571215391159,0.465835183858872,1,1917,0.463223077973762,2
1,19800140,236145,0.607716977596283,0.477156579494476,1,1919,0.62485611655548,2
1,19802839,189718,0.541280746459961,0.579627573490143,1,1921,0.466921150076348,2
1,19846507,165054,0.713077783584595,0.649784803390503,1,1923,0.590362983683809,2
1,19861481,369826,0.575459957122803,0.477647691965103,1,1925,0.593626718646723,2
1,19868819,858726,0.432797431945801,0.505262136459351,1,1927,0.428289991190167,2
1,19887326,808505,0.432052075862885,0.531257629394531,1,1929,0.40663140815059,2
1,19887887,307271,0.316955387592316,0.405953377485275,1,1931,0.390383976548899,2
1,19889436,461271,0.545922935009003,0.460922718048096,1,1933,0.578838619068806,2
1,19890782,153377,0.353260904550552,0.505425274372101,1,1935,0.34946897440914,2
1,19921938,784710,0.462797552347183,0.500712990760803,1,1937,0.46213855131259,2
1,19934043,592448,0.519837498664856,0.636276245117188,1,1939,0.408499847868054,2
1,19938720,259450,0.360854715108871,0.522237360477448,1,1941,0.345489180225411,2
1,19955784,294757,0.36248180270195,0.511131584644318,1,1943,0.354587559829815,2
1,19964446,566644,0.420053899288178,0.57926219701767,1,1945,0.36257665479538,2
1,19965212,99882,0.648846089839935,0.56304132938385,1,1947,0.598184068913306,2
1,19968875,236522,0.400380671024323,0.578879296779633,1,1949,0.345823968184458,2
1,19982426,496510,0.572565376758575,0.518389105796814,1,1951,0.556244856183533,3
1,20010301,869597,0.64073371887207,0.572705745697022,1,1953,0.579603192050896,3
1,20012623,854,0.542858064174652,0.542187213897705,1,1955,0.500732668786578,3
1,20015021,814470,0.417916774749756,0.424930691719055,1,1957,0.491746987089913,3
1,20019004,807265,0.524140477180481,0.550124287605286,1,1959,0.476383690912909,3
1,20031964,754981,0.675649166107178,0.683196663856506,1,1961,0.49447633591569,3
1,20045850,848642,0.571951031684876,0.568021178245544,1,1963,0.504548664473145,3
1,20055929,856,0.449092745780945,0.418305307626724,1,1965,0.526463571490235,3
1,20057216,125676,0.288759589195251,0.373771786689758,1,1967,0.386277936802826,3
1,20117326,808970,0.584935128688812,0.681535124778748,1,1969,0.429130581405254,3
1,20156530,757460,0.555786490440369,0.542044818401337,1,1971,0.51500329354399,3
1,20164593,413070,0.416778564453125,0.390037447214127,1,1973,0.521920294218771,3
1,20166378,844278,0.356371939182282,0.372204422950745,1,1975,0.478731467451479,3
1,20168906,93370,0.647872030735016,0.597154438495636,1,1977,0.562949175919902,3
1,20240265,860,0.527529835700989,0.460645496845245,1,1979,0.562004060839882,3
1,20242374,567494,0.609544396400452,0.555332660675049,1,1981,0.560957631617044,3
1,20265160,692786,0.53001195192337,0.611307084560394,1,1983,0.433507123759669,3
1,20271639,496512,0.591497480869293,0.539944887161255,1,1985,0.556028715114083,3
1,20275685,337807,0.494261354207993,0.442402482032776,1,1987,0.546502065113447,3
1,20281961,234746,0.465019553899765,0.482874721288681,1,1989,0.481511594413904,3
1,20283919,571772,0.620000779628754,0.642250776290894,1,1991,0.482678108393549,3
1,20295686,165840,0.50527411699295,0.506861805915833,1,1993,0.498433804930307,3
1,20324399,401899,0.513310194015503,0.526057958602905,1,1995,0.487883688119407,3
1,20409172,863,0.399947047233582,0.378483653068543,1,1997,0.517266958681785,3
1,20434021,706560,0.55283522605896,0.557778835296631,1,1999,0.495568486176926,3
1,20445274,255884,0.545332729816437,0.501012742519379,1,2001,0.544409938964002,3
1,20455647,578409,0.569836139678955,0.580415546894074,1,2003,0.490886350932766,3
1,20464927,867,0.538902580738068,0.513286113739014,1,2005,0.52631573468742,3
1,20465542,869,0.426773637533188,0.422314018011093,1,2007,0.503859899375384,3
1,20470938,349751,0.462825030088425,0.432867705821991,1,2009,0.526411231183593,3
1,20485650,870,0.641536831855774,0.666790366172791,1,2011,0.481063362941215,3
1,20488308,247382,0.54898476600647,0.545958995819092,1,2013,0.503332045079096,3
1,20496218,341896,0.482068002223969,0.445136994123459,1,2015,0.533279393029788,3
1,20505495,252134,0.34734570980072,0.343408584594727,1,2017,0.502998154646572,3
1,20506985,202936,0.219693511724472,0.303889900445938,1,2019,0.361468925755819,3
1,20524488,194453,0.342313826084137,0.395650625228882,1,2021,0.43259608889296,3
1,20539592,481895,0.461115688085556,0.50203800201416,1,2023,0.459243808472242,3
1,20558584,329235,0.452282339334488,0.480721801519394,1,2025,0.470420041180763,3
1,20560823,820359,0.350878238677979,0.394894152879715,1,2027,0.44426871874304,3
1,20588456,349864,0.426203459501267,0.408296316862106,1,2029,0.515131849901792,3
1,20618072,476169,0.433742254972458,0.429207295179367,1,2031,0.503972510295586,3
1,20629481,786844,0.34429195523262,0.3031185567379,1,2033,0.52954117869891,3
1,20662220,572781,0.651886820793152,0.602392554283142,1,2035,0.562240115273464,3
1,20869927,783949,0.705749273300171,0.674751996994019,1,2037,0.547651754998758,3
1,20893785,114619,0.382780849933624,0.419049680233002,1,2039,0.456724903978914,3
1,20904628,711360,0.382558047771454,0.364293992519379,1,2041,0.51436517433936,3
1,20907695,286194,0.424684315919876,0.432211101055145,1,2043,0.491292698039344,3
1,20908165,785751,0.650539755821228,0.676356256008148,1,2045,0.480915013384153,3
1,20916377,142700,0.423858433961868,0.405289828777313,1,2047,0.515611474364378,3
1,20920312,768170,0.48331817984581,0.479627013206482,1,2049,0.50354665473901,3
1,20932943,881,0.497547477483749,0.517465353012085,1,2051,0.480754387310767,3
1,20945164,421397,0.396210074424744,0.433762341737747,1,2053,0.456713315449929,3
1,20978603,301256,0.400966316461563,0.391078263521194,1,2055,0.508119313491376,3
1,20996877,234989,0.456731617450714,0.455247491598129,1,2057,0.50136220194464,3
1,21025227,78959,0.318442136049271,0.339854717254639,1,2059,0.468497448882952,3
1,21029254,884,0.584756016731262,0.607074499130249,1,2061,0.481618003695624,3
1,21039080,238211,0.675808429718018,0.677459061145783,1,2063,0.498781748210015,3
1,21047016,451356,0.395933508872986,0.423076927661896,1,2065,0.467921414506203,3
1,21072561,482002,0.48522412776947,0.538089632987976,1,2067,0.450876673719816,3
1,21093261,887,0.643449664115906,0.658060848712921,1,2069,0.488898302774285,3
1,21111646,436651,0.415985107421875,0.416451454162598,1,2071,0.499440094714448,3
1,21178748,472553,0.652605950832367,0.613262236118317,1,2073,0.550866140300288,3
1,21197078,294995,0.522558331489563,0.56287693977356,1,2075,0.464185237096215,3
1,21247397,538596,0.57505863904953,0.570909678936005,1,2077,0.504834599977969,3
1,21264462,226703,0.481441706418991,0.50100177526474,1,2079,0.480479042379228,3
1,21282818,62410,0.563801884651184,0.495951741933823,1,2081,0.567305205038972,3
1,21320522,200556,0.641973614692688,0.645589947700501,1,2083,0.497199202821626,3
1,21388493,212097,0.655664443969727,0.614982128143311,1,2085,0.552831723927817,3
1,21401422,638385,0.436573505401611,0.570664286613464,1,2087,0.382513428334899,3
1,21457172,780446,0.43027925491333,0.458864688873291,1,2089,0.46885200076067,3
1,21463341,102395,0.42016476392746,0.418910443782806,1,2091,0.501079282987651,3
1,21465704,807099,0.399803966283798,0.452752530574799,1,2093,0.441525932252903,3
1,21494123,113035,0.417270690202713,0.46671262383461,1,2095,0.447031715977949,3
1,21513152,350659,0.655674874782562,0.639218628406525,1,2097,0.522806396992387,3
1,21515000,471309,0.56082147359848,0.5807324051857,1,2099,0.482857051363569,3
1,21519118,725598,0.456151127815247,0.549443244934082,1,2101,0.415103044783062,3
1,21524764,655487,0.600626349449158,0.591825902462006,1,2103,0.510780261462246,3
1,21528471,222632,0.453662604093552,0.457740366458893,1,2105,0.49554576932237,3
1,21560441,487035,0.543825745582581,0.616003632545471,1,2107,0.441414398268534,3
1,21615324,303456,0.55402797460556,0.540084719657898,1,2109,0.5151585036893,3
1,21692325,715838,0.54433536529541,0.568867921829224,1,2111,0.478437388018885,3
1,21694344,442657,0.482787370681763,0.498062908649445,1,2113,0.484665051640662,3
1,21696695,905693,0.536583840847015,0.504778444766998,1,2115,0.532112289685223,3
1,21709521,496520,0.529117941856384,0.510435044765472,1,2117,0.519081121811468,3
1,21736543,220836,0.470754086971283,0.383408695459366,1,2119,0.570829243672995,3
1,21764321,254782,0.546279489994049,0.636581838130951,1,2121,0.429072475267252,3
1,21767595,657148,0.325503587722778,0.359358757734299,1,2123,0.452895025816301,3
1,21793645,840996,0.653576850891113,0.690520286560059,1,2125,0.473249565300257,3
1,21822049,428949,0.527173697948456,0.513094663619995,1,2127,0.514457671005553,3
1,21825891,339143,0.441744327545166,0.453719764947891,1,2129,0.486803046364863,3
1,21831174,618939,0.56246817111969,0.646443963050842,1,2131,0.435047895308021,3
1,21845067,165922,0.366541832685471,0.407161831855774,1,2133,0.450118115215805,3
1,21865155,749425,0.555480420589447,0.574207663536072,1,2135,0.483692970212815,3
1,21875454,652882,0.727682232856751,0.669783592224121,1,2137,0.587667722240994,3
1,21879308,764642,0.552603840827942,0.547893881797791,1,2139,0.505208908750097,3
1,21940846,894,0.500837922096252,0.560670256614685,1,2141,0.446642136075044,3
1,22040803,337212,0.476487010717392,0.435590863227844,1,2143,0.536229168545563,3
1,22184495,854560,0.273608893156052,0.311095833778381,1,2145,0.439750172531988,3
1,22317077,451506,0.292502224445343,0.315482616424561,1,2147,0.463578988535629,3
1,22376859,805871,0.398938089609146,0.440381616353989,1,2149,0.45294589373648,3
1,22386657,715903,0.394432038068771,0.384416073560715,1,2151,0.508135336286306,3
1,22399401,98151,0.601055920124054,0.5781090259552,1,2153,0.527195289281559,3
1,22403721,644011,0.486741572618485,0.495401233434677,1,2155,0.491259952305575,3
1,22409121,843836,0.687295436859131,0.595347464084625,1,2157,0.613613488874483,3
1,22450650,253883,0.492934674024582,0.559627592563629,1,2159,0.44041312524144,3
1,22469187,570284,0.664932072162628,0.597066223621368,1,2161,0.584214643348101,3
1,22501644,304128,0.484243005514145,0.516237616539002,1,2163,0.469011739943171,3
1,22501942,735721,0.488110333681107,0.453948229551315,1,2165,0.531281012148098,3
1,22509246,841912,0.341384708881378,0.375050246715546,1,2167,0.455118629931604,3
1,22526137,496528,0.526714205741882,0.541687428951263,1,2169,0.486179092951843,3
1,22537797,794772,0.536235868930817,0.587275445461273,1,2171,0.456545453309079,3
1,22561176,792950,0.406800717115402,0.410928010940552,1,2173,0.494978081664836,3
1,22653514,619928,0.503596484661102,0.420782089233398,1,2175,0.57148811689723,3
1,22684110,313388,0.439562201499939,0.482463628053665,1,2177,0.455539211601507,3
1,22702010,550642,0.43576779961586,0.455610394477844,1,2179,0.478224163558949,3
1,22709086,904,0.513395845890045,0.525942027568817,1,2181,0.488072657231095,3
1,22736267,572034,0.405833661556244,0.455523401498795,1,2183,0.445458630907811,3
1,22844685,640921,0.485358089208603,0.497711211442947,1,2185,0.487590070355728,3
1,22853273,685352,0.631354331970215,0.65541410446167,1,2187,0.481645365633978,3
1,22858990,181501,0.638830363750458,0.622914850711823,1,2189,0.521103341073865,3
1,22862332,836048,0.519921481609345,0.506387054920197,1,2191,0.513709554038296,3
1,22865922,496533,0.32421413064003,0.328457683324814,1,2193,0.493540183560591,3
1,22884558,908085,0.708521485328674,0.652085900306702,1,2195,0.581105630774555,3
1,22903993,836936,0.667452752590179,0.647073745727539,1,2197,0.528871480395601,3
1,22934138,875747,0.744660794734955,0.69999498128891,1,2199,0.574441777070834,3
1,23024463,760653,0.371111422777176,0.368700116872788,1,2201,0.501909794353552,3
1,23030709,687957,0.625731289386749,0.652748823165894,1,2203,0.479304800851186,3
1,23046750,240486,0.439020782709122,0.500498116016388,1,2205,0.438583851427272,3
1,23047943,721118,0.532909512519836,0.464546293020248,1,2207,0.563836722585407,3
1,23049346,763296,0.484969735145569,0.481784373521805,1,2209,0.503073394028478,3
1,23070500,913407,0.661074817180634,0.695011496543884,1,2211,0.475585526619337,3
1,23085327,716322,0.396787822246552,0.448922514915466,1,2213,0.441933528686201,3
1,23092613,255010,0.595319271087647,0.487612932920456,1,2215,0.605102514375592,3
1,23101764,927739,0.470140010118485,0.485925942659378,1,2217,0.483756853508891,3
1,23164169,412407,0.582823216915131,0.536314785480499,1,2219,0.550150867418564,3
1,23286796,377538,0.667911291122437,0.524413526058197,1,2221,0.650864009940072,2
1,23308125,245300,0.451970458030701,0.5829918384552,1,2223,0.387630176117322,2
1,23336055,415762,0.378117293119431,0.531940340995789,1,2225,0.355413252181248,2
1,23344928,458366,0.338067799806595,0.406903773546219,1,2227,0.415414923361721,2
1,23379759,201465,0.690578103065491,0.490953832864761,1,2229,0.696076783491128,2
1,23411597,396823,0.311409026384354,0.471434056758881,1,2231,0.330278457739453,2
1,23413665,382825,0.543012857437134,0.461626917123795,1,2233,0.575585075574862,2
1,23423946,260728,0.537981748580933,0.410629779100418,1,2235,0.608040722931447,2
1,23583062,349252,0.581172227859497,0.448130041360855,1,2237,0.620537623416493,2
1,23621371,806789,0.496596485376358,0.511008024215698,1,2239,0.485898911409993,2
1,23658790,160237,0.556892395019531,0.465013355016708,1,2241,0.585870405237585,2
1,23710147,143977,0.388767421245575,0.475549697875977,1,2243,0.408755828236238,2
1,23780248,821593,0.42928147315979,0.324214339256287,1,2245,0.577737025218821,2
1,23800516,168536,0.598854899406433,0.505177736282349,1,2247,0.594657385078309,2
1,23802056,221624,0.558829605579376,0.467077612876892,1,2249,0.586083822822486,2
1,23815389,303556,0.613684117794037,0.568716824054718,1,2251,0.552131982242015,2
1,23843237,573214,0.44270932674408,0.597570776939392,1,2253,0.370424177209205,2
1,23869040,341761,0.365836888551712,0.52571702003479,1,2255,0.347940883222216,2
1,23876789,585544,0.526778399944305,0.448677182197571,1,2257,0.570830750356067,2
1,23935574,603427,0.218637451529503,0.423951357603073,1,2259,0.257856765414823,2
1,24111665,931598,0.213623553514481,0.333352416753769,1,2261,0.320416986315527,2
1,24254821,452417,0.425456196069717,0.521620333194733,1,2263,0.407821713413619,2
1,24260958,440027,0.691583573818207,0.677176415920258,1,2265,0.522314289612729,2
1,24279234,914,0.361980348825455,0.337816536426544,1,2267,0.518245557106267,2
1,24290455,62416,0.375215947628021,0.519051611423492,1,2269,0.361443774925384,2
1,24322792,596598,0.551033437252045,0.422352641820908,1,2271,0.611383522844089,2
1,24337292,216091,0.367546796798706,0.566807448863983,1,2273,0.324225446873852,2
1,24343511,771209,0.650735080242157,0.6156165599823,1,2275,0.545681624913706,2
1,24347764,429952,0.359835147857666,0.326822698116303,1,2277,0.524519877340626,2
1,24355061,908454,0.266779452562332,0.340751558542252,1,2279,0.391457420919254,2
1,24380442,877375,0.598100781440735,0.667474269866943,1,2281,0.448032836951125,2
1,24403741,574502,0.381126970052719,0.557618260383606,1,2283,0.341745417187852,2
1,24418785,754639,0.611856698989868,0.480002611875534,1,2285,0.626783412883964,2
1,24430647,674716,0.469500422477722,0.523755133152008,1,2287,0.448206034423209,2
1,24440677,255305,0.559864103794098,0.53190153837204,1,2289,0.529868251782765,2
1,24444667,369318,0.494228184223175,0.462786853313446,1,2291,0.529263366974221,2
1,24454003,696888,0.348296314477921,0.470577329397202,1,2293,0.370073410595534,2
1,24466495,496542,0.377341240644455,0.416629374027252,1,2295,0.452850019907349,2
1,24476105,672461,0.63535487651825,0.539927065372467,1,2297,0.603709438181839,2
1,24480006,131698,0.497522234916687,0.538856089115143,1,2299,0.461646666862084,2
1,24484929,617589,0.293655008077621,0.372192770242691,1,2301,0.394493165310736,2
1,24490510,905199,0.62726229429245,0.543518126010895,1,2303,0.591727813362808,2
1,24493888,342622,0.412647426128387,0.578716158866882,1,2305,0.356519702971786,2
1,24503052,453718,0.43912261724472,0.553288280963898,1,2307,0.396829855567981,2
1,24507902,623030,0.375167638063431,0.419695407152176,1,2309,0.446952279760593,2
1,24513043,496543,0.543935239315033,0.3342305123806,1,2311,0.657490490953766,2
1,24524448,620691,0.445617973804474,0.498609602451325,1,2313,0.446860601574532,2
1,24539521,326856,0.47119727730751,0.386524319648743,1,2315,0.569010851098683,2
1,24542381,307745,0.590188384056091,0.455721199512482,1,2317,0.623527854128404,2
1,24542851,770247,0.360810041427612,0.534853398799896,1,2319,0.337298072927271,2
1,24562667,730298,0.457357823848724,0.550065279006958,1,2321,0.415730497182444,2
1,24782906,233701,0.491244196891785,0.3923599421978,1,2323,0.581367458764687,2
1,24819773,748584,0.645452380180359,0.66323733329773,1,2325,0.48659231603494,2
1,24893768,315095,0.730332672595978,0.610655009746552,1,2327,0.65369102703944,2
1,24894642,319753,0.443735033273697,0.553837776184082,1,2329,0.400600186873322,2
1,24916468,275546,0.585035920143127,0.42755651473999,1,2331,0.637550176967783,2
1,24936588,467432,0.480792671442032,0.41671034693718,1,2333,0.554931820038603,2
1,25055009,717968,0.764474391937256,0.698015153408051,1,2335,0.610037373198078,2
1,25065596,892228,0.300418585538864,0.456291556358337,1,2337,0.329195863206964,2
1,25071869,623623,0.528355419635773,0.598017573356628,1,2339,0.441755763689479,2
1,25085966,716206,0.498555600643158,0.580590009689331,1,2341,0.429352548547925,2
1,25088739,106395,0.499306917190552,0.585576415061951,1,2343,0.426337967468966,2
1,25096908,112603,0.365233302116394,0.507803559303284,1,2345,0.359620659825131,2
1,25155443,97965,0.700184464454651,0.423604369163513,1,2347,0.739922095601032,2
1,25155943,676996,0.378666311502457,0.443308413028717,1,2349,0.427091275930655,2
1,25158738,129911,0.681180238723755,0.481738328933716,1,2351,0.692414296603975,2
1,25166932,926,0.614659667015076,0.471670657396317,1,2353,0.635321851436538,2
1,25168167,475566,0.609581649303436,0.459392488002777,1,2355,0.638907763920815,2
1,25170995,267758,0.490631133317947,0.564681947231293,1,2357,0.434431396048319,2
1,25173219,742235,0.540903031826019,0.466230988502502,1,2359,0.569947900416721,2
1,25189511,602262,0.641472935676575,0.697534203529358,1,2361,0.459814681796874,2
1,25210174,927,0.503275096416473,0.552820265293121,1,2363,0.455188718660325,2
1,25211807,929,0.444224685430527,0.530987322330475,1,2365,0.418300651210323,2
1,25217597,484472,0.678811252117157,0.570155918598175,1,2367,0.626389239982822,2
1,25232516,752792,0.579630374908447,0.546479225158691,1,2369,0.536548656190398,2
1,25239211,330124,0.434106409549713,0.463446766138077,1,2371,0.46834549431334,2
1,25242686,197514,0.294920027256012,0.468903481960297,1,2373,0.314478393317821,2
1,25247764,635817,0.555797100067139,0.430506557226181,1,2375,0.610001743155029,2
1,25249753,224689,0.275402247905731,0.417339980602264,1,2377,0.329949514432211,2
1,25250945,316681,0.333481520414352,0.39021047949791,1,2379,0.427309795528107,2
1,25251982,496548,0.408241003751755,0.525214612483978,1,2381,0.388642084633744,2
1,25257024,285627,0.559292614459992,0.467510461807251,1,2383,0.586182118210478,2
1,25267720,273929,0.704902946949005,0.634556889533997,1,2385,0.596247617481836,2
1,25270554,754497,0.390606671571732,0.50917512178421,1,2387,0.383568103448377,2
1,25297476,803124,0.551381170749664,0.452257722616196,1,2389,0.590483656480667,2
1,25304312,611926,0.672142684459686,0.628344237804413,1,2391,0.558923405891154,2
1,25313603,274755,0.356774181127548,0.393290013074875,1,2393,0.453576456643491,2
1,25319976,112036,0.749625563621521,0.613155961036682,1,2395,0.676388400543222,2
1,25328112,561471,0.282684177160263,0.510296404361725,1,2397,0.276980373312489,2
1,25334666,405264,0.434977799654007,0.489847034215927,1,2399,0.443993501308274,2
1,25336438,424672,0.579936683177948,0.507830321788788,1,2401,0.573253559271703,2
1,25338568,779657,0.660563111305237,0.523767948150635,1,2403,0.643622381802507,2
1,25348005,730521,0.463679909706116,0.575299203395844,1,2405,0.402990224016592,2
1,25358790,300817,0.389612138271332,0.476006984710693,1,2407,0.409250442520428,2
1,25361328,433095,0.72357314825058,0.565796911716461,1,2409,0.681684839181855,2
1,25370379,360266,0.405549973249435,0.467233836650848,1,2411,0.433990372097657,2
1,25401625,764343,0.566160559654236,0.471798628568649,1,2413,0.589323822493947,2
1,25500675,931861,0.524567186832428,0.529933750629425,1,2415,0.494936571042491,2
1,25989567,710743,0.461865305900574,0.681031882762909,1,2417,0.339092278636656,2
1,26005379,710700,0.293861865997314,0.459101229906082,1,2419,0.320040382006197,2
1,26040430,475278,0.385502099990845,0.557357430458069,1,2421,0.345830232920746,2
1,26047956,62420,0.31286233663559,0.391925871372223,1,2423,0.399134580654482,2
1,26048433,62421,0.730632722377777,0.533592879772186,1,2425,0.711231597953895,2
1,26079831,682645,0.7106973528862,0.654698669910431,1,2427,0.581086688778817,2
1,26087903,352632,0.538730263710022,0.44717401266098,1,2429,0.5828074775299,2
1,26111704,764964,0.600990414619446,0.547741532325745,1,2431,0.558869967175556,2
1,26220636,692113,0.457458198070526,0.416035503149033,1,2433,0.53546679219787,2
1,26291629,626613,0.311061263084412,0.313389986753464,1,2435,0.496284623364683,2
1,26324973,367043,0.362067222595215,0.334922432899475,1,2437,0.520407235966536,2
1,26512221,182802,0.68795657157898,0.637285530567169,1,2439,0.569849765148663,2
1,26562246,915311,0.330027282238007,0.306849747896194,1,2441,0.516718982840636,2
1,26598019,274500,0.403339684009552,0.462103366851807,1,2443,0.436417166528566,2
1,26599792,133826,0.343521356582642,0.533367395401001,1,2445,0.322030704861864,2
1,26613693,922604,0.316015243530273,0.52928501367569,1,2447,0.298530314825715,2
1,26628796,84205,0.577569842338562,0.4167700111866,1,2449,0.637852848992826,2
1,26721211,215377,0.40338122844696,0.380569308996201,1,2451,0.518413617360316,2
1,26741226,756219,0.670765578746796,0.523702919483185,1,2453,0.654381231041809,2
1,26745832,743834,0.48562690615654,0.47661218047142,1,2455,0.50861189862351,2
1,26767083,768030,0.570124208927155,0.607993841171265,1,2457,0.468856894856734,2
1,26771712,336786,0.464901059865952,0.526480793952942,1,2459,0.441517587351444,2
1,27233806,952,0.49109548330307,0.623839974403381,1,2461,0.39360693723798,2
1,27366266,388141,0.376660406589508,0.510387122631073,1,2463,0.368994817745208,2
1,27556983,774819,0.565785765647888,0.585967481136322,1,2465,0.482779150602951,2
1,27804285,244462,0.214305862784386,0.314972192049027,1,2467,0.340198068582239,2
1,27817946,909366,0.395898312330246,0.517747819423676,1,2469,0.382327358491761,2
1,28076240,427627,0.598160803318024,0.46825698018074,1,2471,0.62214906288891,2
1,28171933,434392,0.580902874469757,0.639967203140259,1,2473,0.453853628451053,2
1,28371468,783523,0.332096993923187,0.345044076442719,1,2475,0.481238509217415,2
1,28392439,366887,0.520477771759033,0.585184633731842,1,2477,0.444712439251728,2
1,28423035,274377,0.417037934064865,0.566394209861755,1,2479,0.368151657276524,2
1,28436866,281809,0.672692358493805,0.565779149532318,1,2481,0.623109252867907,2
1,28439792,787223,0.613686978816986,0.558335185050964,1,2483,0.562662670754528,2
1,28445067,684427,0.47097635269165,0.367095410823822,1,2485,0.582066826220241,2
1,29013335,655533,0.600684702396393,0.65551233291626,1,2487,0.458179558364716,2
1,29054112,571728,0.39975893497467,0.416286647319794,1,2489,0.480148639823623,2
1,29067488,611942,0.348315507173538,0.450650572776794,1,2491,0.386458520431147,2
1,29325081,924656,0.598853826522827,0.635033190250397,1,2493,0.471513800945346,2
1,29448192,700909,0.516279518604279,0.405113220214844,1,2495,0.593434836818514,2
1,29479866,538607,0.536609768867493,0.397816449403763,1,2497,0.615241706059811,2
1,29503543,420216,0.659437358379364,0.556948602199554,1,2499,0.61566237764808,2
1,29516468,130762,0.635096251964569,0.645217478275299,1,2501,0.49215673268974,2
1,29567328,926065,0.719276010990143,0.648725271224976,1,2503,0.600421029447797,2
1,29633735,647644,0.681463360786438,0.682652056217194,1,2505,0.499129354830232,2
1,29637387,325705,0.508184611797333,0.573093771934509,1,2507,0.44336951183567,2
1,29638707,895250,0.462701737880707,0.568834602832794,1,2509,0.406710259516961,2
1,29648862,771131,0.645711004734039,0.567442953586578,1,2511,0.590471363021856,2
1,29654810,358413,0.561754107475281,0.443389058113098,1,2513,0.606326556356337,2
1,29661930,129098,0.485271543264389,0.409365803003311,1,2515,0.564257827134841,2
1,29666866,435111,0.321116805076599,0.493347376585007,1,2517,0.325446957171839,2
1,29680275,779038,0.787176012992859,0.678906559944153,1,2519,0.668594931478318,2
1,29704106,296760,0.423542112112045,0.500679910182953,1,2521,0.422966953035203,2
1,29708375,491544,0.376914143562317,0.515448331832886,1,2523,0.365617774163751,2
1,29727262,129437,0.526241600513458,0.462055623531342,1,2525,0.559658563031615,2
1,29731644,275791,0.405407279729843,0.562286496162415,1,2527,0.360498858230398,2
1,29732351,158670,0.6469566822052,0.556211173534393,1,2529,0.602239514898917,2
1,29743041,321537,0.266056180000305,0.390930116176605,1,2531,0.340286113797527,2
1,29834439,160346,0.380528599023819,0.448951154947281,1,2533,0.423797327204229,2
1,29851388,492157,0.444138288497925,0.511748194694519,1,2535,0.433942213282303,2
1,29872648,440447,0.383737087249756,0.496142745018005,1,2537,0.386720445983575,2
1,29876731,486322,0.731315195560455,0.558712184429169,1,2539,0.695567388267921,2
1,29888407,556844,0.466185182332993,0.546270370483398,1,2541,0.426698213487638,2
1,29897363,496557,0.553582668304443,0.531173586845398,1,2543,0.523899124313689,2
1,29907191,412096,0.489588707685471,0.41391396522522,1,2545,0.564559414463212,2
1,29909308,143547,0.437931030988693,0.601031541824341,1,2547,0.364316180195318,2
1,29921836,79332,0.591502785682678,0.648555994033814,1,2549,0.4560152023295,2
1,29957013,252873,0.637804388999939,0.52747255563736,1,2551,0.616746481795781,2
1,29958249,617300,0.708739459514618,0.583396792411804,1,2553,0.650434111907646,2
1,29959696,650155,0.575674891471863,0.524063527584076,1,2555,0.55422085391544,2
1,29965339,734256,0.666025042533875,0.62270599603653,1,2557,0.557407546955794,2
1,29991223,817477,0.313353389501572,0.307877779006958,1,2559,0.503955667314624,2
1,30050780,496558,0.695261657238007,0.651816725730896,1,2561,0.562388021938028,2
1,30125676,849506,0.415197789669037,0.530115008354187,1,2563,0.391611049607965,2
1,30138444,781315,0.664750576019287,0.683583557605743,1,2565,0.486224813794221,2
1,30149315,480189,0.488092005252838,0.644546687602997,1,2567,0.37863200187096,2
1,30154076,145593,0.63059264421463,0.499767661094666,1,2569,0.630764219888553,2
1,30166677,685493,0.391834586858749,0.496510744094849,1,2571,0.39458822545026,2
1,30171741,757524,0.407439589500427,0.45579120516777,1,2573,0.446958590776729,2
1,30175555,762098,0.544410407543182,0.482446521520615,1,2575,0.55986230273693,2
1,30186769,925003,0.335118114948273,0.313440531492233,1,2577,0.515787112734135,2
1,30217566,306124,0.314783424139023,0.3934386074543,1,2579,0.400041351020167,2
1,30218218,739760,0.620779752731323,0.48797082901001,1,2581,0.629688825603952,2
1,30237974,158508,0.466129332780838,0.488800287246704,1,2583,0.476809593757027,2
1,30289363,555658,0.68323141336441,0.569260358810425,1,2585,0.632296918666728,2
1,30302245,815974,0.720050752162933,0.665329515933991,1,2587,0.581753902471647,2
1,30309298,963,0.681651890277863,0.569717049598694,1,2589,0.630071201490521,2
1,30314790,327918,0.325595319271088,0.394373506307602,1,2591,0.412800700431853,2
1,30336277,840512,0.50383597612381,0.388655304908752,1,2593,0.594202724044138,2
1,30351509,424689,0.524218022823334,0.414938598871231,1,2595,0.593391414765414,2
1,30390443,713376,0.635822832584381,0.613921642303467,1,2597,0.528363659661712,2
1,30392051,966,0.668351292610169,0.518350780010223,1,2599,0.655715514916778,2
1,30400206,431223,0.562671422958374,0.461253076791763,1,2601,0.594124292685204,2
1,30406270,671017,0.674514532089233,0.580544829368591,1,2603,0.612013999707274,2
1,30411823,254390,0.711276531219482,0.583207726478577,1,2605,0.653636251050037,2
1,30427799,847648,0.657236337661743,0.449216097593308,1,2607,0.688840159597508,2
1,30435125,271922,0.681765973567963,0.583328902721405,1,2609,0.61812322895622,2
1,30445358,262080,0.406000792980194,0.534925043582916,1,2611,0.379493162500684,2
1,30450864,175835,0.380303680896759,0.542196810245514,1,2613,0.350706306004044,2
1,30517797,625913,0.493541717529297,0.541459143161774,1,2615,0.455751577715846,2
1,30532543,705333,0.546063423156738,0.522567987442017,1,2617,0.5246060539477,2
1,30561476,909929,0.277777969837189,0.39342400431633,1,2619,0.353026209369069,2
1,30562362,116082,0.425741374492645,0.452852159738541,1,2621,0.4700666269743,2
1,30616707,794108,0.530811011791229,0.57689505815506,1,2623,0.460058553360459,2
1,30641160,698936,0.262770682573319,0.348353296518326,1,2625,0.377161182626407,2
1,30658024,806119,0.316854059696198,0.339281290769577,1,2627,0.466948912770125,2
1,30676784,701480,0.352507263422012,0.331426322460175,1,2629,0.515765607942725,2
1,30695758,756972,0.582017123699188,0.606183886528015,1,2631,0.480066475399697,2
1,30696373,249246,0.371342062950134,0.480001509189606,1,2633,0.386813432708865,2
1,30715489,795971,0.305144846439362,0.401678800582886,1,2635,0.379836882101518,2
1,30717454,623813,0.586963355541229,0.478541880846024,1,2637,0.60395990657036,2
1,30731307,728194,0.315565437078476,0.320744216442108,1,2639,0.491926932586535,2
1,30750066,670747,0.480855703353882,0.540185451507568,1,2641,0.445083907768983,2
1,30757663,896632,0.442285805940628,0.583503127098084,1,2643,0.378991804328653,2
1,30760273,198801,0.423519670963287,0.5378737449646,1,2645,0.393698033161259,2
1,30773408,729586,0.522929906845093,0.352490305900574,1,2647,0.631611621028756,2
1,30778893,790652,0.689463257789612,0.63647198677063,1,2649,0.572884714644462,2
1,30788314,975,0.394613772630692,0.454574882984161,1,2651,0.434047048574438,2
1,30789963,235745,0.642980635166168,0.563754379749298,1,2653,0.590804642773652,2
1,30797978,613180,0.702144205570221,0.544543445110321,1,2655,0.673014043565664,2
1,30814393,854558,0.349135726690292,0.453671634197235,1,2657,0.384789019604546,2
1,30831372,660115,0.635455906391144,0.504737377166748,1,2659,0.631968902151947,2
1,30836790,285884,0.424120873212814,0.60564512014389,1,2661,0.35013975932973,2
1,30842353,749648,0.611984312534332,0.530231356620789,1,2663,0.587014062204606,2
1,30847380,215516,0.47269144654274,0.455525606870651,1,2665,0.515763679512482,2
1,30850420,836271,0.756706893444061,0.624714016914368,1,2667,0.675856390164692,2
1,30858313,977,0.651627361774445,0.499441891908646,1,2669,0.652015787383894,2
1,30863048,311027,0.267327725887299,0.42783784866333,1,2671,0.312417106998008,2
1,30867212,598140,0.676163256168366,0.629133403301239,1,2673,0.563405350179497,2
1,30879254,538612,0.542730093002319,0.556860506534576,1,2675,0.487312429803837,2
1,30915622,323773,0.261156499385834,0.400838553905487,1,2677,0.325762700270857,2
1,30917766,397563,0.40245521068573,0.523337066173554,1,2679,0.384508605159896,2
1,30922236,256202,0.565959572792053,0.466431349515915,1,2681,0.593266558282463,2
1,30928177,139552,0.638899505138397,0.490565657615662,1,2683,0.645586815789135,2
1,30983254,712123,0.602596044540405,0.464677900075913,1,2685,0.628817906531461,2
1,30983869,900325,0.527898192405701,0.420186340808868,1,2687,0.592884886281478,2
1,30996174,823929,0.560264706611633,0.573795974254608,1,2689,0.488208990433793,2
1,31003713,787201,0.385143488645554,0.487020522356033,1,2691,0.395407863699835,2
1,31019823,893472,0.372561275959015,0.454444169998169,1,2693,0.409908741881886,2
1,31023638,247683,0.325714588165283,0.445065796375275,1,2695,0.365917343927553,2
1,31024285,784708,0.372587651014328,0.345524698495865,1,2697,0.520675304672511,2
1,31062734,467393,0.352427363395691,0.47396245598793,1,2699,0.371788270297791,2
1,31086339,892854,0.6031254529953,0.394674628973007,1,2701,0.672180808867003,2
1,31088180,745216,0.395970821380615,0.450061678886414,1,2703,0.439907283775376,2
1,31103319,816279,0.263100296258926,0.385106056928635,1,2705,0.341594596508362,2
1,31109880,211979,0.467887610197067,0.426458835601807,1,2707,0.536116653142701,2
1,31124316,747945,0.222646191716194,0.376501590013504,1,2709,0.295677624772061,2
1,31192474,388960,0.607697188854218,0.437493890523911,1,2711,0.651290177531434,2
1,31228265,138025,0.551357269287109,0.407610684633255,1,2713,0.621327799915552,2
1,31236168,306567,0.280100971460342,0.376609474420548,1,2715,0.37187191306234,2
1,31278591,489066,0.618625998497009,0.585872530937195,1,2717,0.539545152165271,2
1,31327853,194407,0.542208313941956,0.478580057621002,1,2719,0.561014406191147,2
1,31332956,388895,0.390025228261948,0.495373278856278,1,2721,0.393668012495993,2
1,31336599,278872,0.410546600818634,0.575754106044769,1,2723,0.356529459806155,2
1,31346472,491404,0.533184587955475,0.463928788900375,1,2725,0.564595708201749,2
1,31374776,403847,0.595211744308472,0.45971292257309,1,2727,0.625395208766318,2
1,31405895,873252,0.693757295608521,0.534104466438294,1,2729,0.671339729262592,2
1,31482142,335774,0.75203537940979,0.699114143848419,1,2731,0.587942378279672,2
1,31715930,552106,0.491316288709641,0.380450874567032,1,2733,0.589472658092392,2
1,31811078,799087,0.629268944263458,0.582269251346588,1,2735,0.55625596519813,2
1,31844261,363685,0.575341522693634,0.505120038986206,1,2737,0.570947996725888,2
1,31858224,693116,0.656565010547638,0.615192592144013,1,2739,0.553757305029727,2
1,31871628,244561,0.533836781978607,0.459408223628998,1,2741,0.56883989139573,2
1,31892018,789891,0.528374195098877,0.400069147348404,1,2743,0.606933196703742,2
1,31908985,591205,0.301233500242233,0.440836668014526,1,2745,0.341661120885147,2
1,31914919,756515,0.604737341403961,0.453365802764893,1,2747,0.638457801766438,2
1,31928304,900689,0.465110093355179,0.624878168106079,1,2749,0.372160620337293,2
1,31938082,719371,0.3145971596241,0.441347658634186,1,2751,0.356405153023431,2
1,32028673,672844,0.620773792266846,0.484056651592255,1,2753,0.63249239581876,2
1,32069112,771984,0.337743848562241,0.462069272994995,1,2755,0.365468846665659,2
1,32359592,660603,0.322077244520187,0.301424860954285,1,2757,0.514781791114206,2
1,32516453,62429,0.307796061038971,0.397388368844986,1,2759,0.387273615900717,2
1,32706829,804329,0.648034512996674,0.617896497249603,1,2761,0.539436979156348,2
1,32803048,894936,0.403491795063019,0.520682513713837,1,2763,0.387464322726204,2
1,32838071,106113,0.756502747535706,0.589421451091766,1,2765,0.703470562317763,2
1,32943000,873923,0.328389942646027,0.357502073049545,1,2767,0.459283969803045,2
1,33233458,600575,0.612542629241943,0.551190376281738,1,2769,0.568349974819968,2
1,33675097,671196,0.626283526420593,0.635080814361572,1,2771,0.493073883085397,2
1,33698554,325320,0.530848205089569,0.469098538160324,1,2773,0.558155487757813,2
1,33726939,310510,0.266930848360062,0.416266351938248,1,2775,0.320625060273501,2
1,33741021,368304,0.325429856777191,0.515126168727875,1,2777,0.315873931993063,2
1,33753817,217451,0.359780669212341,0.469992727041245,1,2779,0.382751315618517,2
1,33779938,440933,0.61701250076294,0.518048048019409,1,2781,0.602670455360575,2
1,33818653,496579,0.352575689554215,0.450636982917786,1,2783,0.391197019906529,2
1,33821330,687181,0.265030682086945,0.320146352052689,1,2785,0.413921133862126,2
1,33824990,774574,0.68560916185379,0.677593290805817,1,2787,0.512431303101614,2
1,33843413,496583,0.450813591480255,0.423656344413757,1,2789,0.523559942755745,2
1,33845740,431277,0.425208926200867,0.474312365055084,1,2791,0.448237235130361,2
1,33853349,996,0.6781125664711,0.582318305969238,1,2793,0.614673759792315,2
1,33909921,132948,0.400704383850098,0.547672927379608,1,2795,0.36582453122825,2
1,33923816,573917,0.518075287342072,0.556799232959747,1,2797,0.465226294034357,2
1,33928088,208383,0.478583008050919,0.579517304897308,1,2799,0.41291520029391,2
1,33947938,82056,0.637133598327637,0.555447936058044,1,2801,0.591874123297578,2
1,33952320,415118,0.535346806049347,0.408098161220551,1,2803,0.607491341039921,2
1,33979520,496590,0.439379245042801,0.60459566116333,1,2805,0.363366191048552,2
1,34003804,824270,0.402551919221878,0.639766752719879,1,2807,0.314608345549753,2
1,34061522,601927,0.79102349281311,0.658981263637543,1,2809,0.693599669308528,2
1,34119149,1011,0.680434942245483,0.563117444515228,1,2811,0.634266630994316,2
1,34133449,677583,0.279284566640854,0.319831192493439,1,2813,0.43661245869035,2
1,34167269,335523,0.522571861743927,0.489730268716812,1,2815,0.532180620379468,2
1,34194900,602695,0.595271766185761,0.503301739692688,1,2817,0.592581385765444,2
1,34197049,821032,0.492588192224503,0.578685283660889,1,2819,0.425609745169501,2
1,34211544,690277,0.32103830575943,0.384207934141159,1,2821,0.417792394731598,2
1,34216275,582114,0.334913641214371,0.443302065134048,1,2823,0.377748794282176,2
1,34225869,217399,0.547696769237518,0.430268257856369,1,2825,0.603055967128777,2
1,34251071,892334,0.668693840503693,0.556690514087677,1,2827,0.626326336312785,2
1,34253659,753451,0.518477857112885,0.385809391736984,1,2829,0.608002681570708,2
1,34263082,404321,0.387352049350739,0.453211814165115,1,2831,0.427341076781394,2
1,34265058,721968,0.552330017089844,0.535685181617737,1,2833,0.517924083846925,2
1,34273058,416051,0.782193839550018,0.579645812511444,1,2835,0.740925430348054,2
1,34284042,538621,0.660111606121063,0.538706362247467,1,2837,0.631592150788264,2
1,34289517,141508,0.390068352222443,0.612759709358215,1,2839,0.318288185617644,2
1,34294153,697471,0.74267852306366,0.508927702903748,1,2841,0.738000414136674,2
1,34297692,132023,0.637120246887207,0.684287548065186,1,2843,0.465535467281742,2
1,34301022,395804,0.311357796192169,0.456225484609604,1,2845,0.34123235844508,2
1,34306289,1020,0.563225269317627,0.415963262319565,1,2847,0.626072554598987,2
1,34324190,892872,0.37776991724968,0.618744790554047,1,2849,0.305271190171485,2
1,34392298,351774,0.598719894886017,0.657981693744659,1,2851,0.454966985083296,2
1,34417696,361709,0.697330594062805,0.56979101896286,1,2853,0.648229791475384,2
1,34450952,360628,0.354458063840866,0.505135655403137,1,2855,0.350854329970017,2
1,34455349,167834,0.400118201971054,0.49913215637207,1,2857,0.400813889531085,2
1,34455740,699143,0.640262544155121,0.504483997821808,1,2859,0.637007226544104,2
1,34457938,731612,0.530735552310944,0.466759949922562,1,2861,0.559987619439961,2
1,34470075,62432,0.358486980199814,0.502261161804199,1,2863,0.356873084624017,2
1,34483081,431087,0.577375650405884,0.438024282455444,1,2865,0.623983442344545,2
1,34488223,251440,0.601767778396606,0.43316513299942,1,2867,0.648722895513954,2
1,34488361,167053,0.31068566441536,0.482512712478638,1,2869,0.321945574054813,2
1,34495750,90548,0.355076193809509,0.507978439331055,1,2871,0.349499276265643,2
1,34500489,404920,0.710172891616821,0.625850081443787,1,2873,0.61268585931867,2
1,34506653,483815,0.39265501499176,0.523487746715546,1,2875,0.375037445914777,2
1,34508639,290348,0.437039494514465,0.529427349567413,1,2877,0.412747372110228,2
1,34510599,167365,0.375072449445725,0.49829763174057,1,2879,0.376353835092075,2
1,34514192,441632,0.674030959606171,0.538142561912537,1,2881,0.647110760255744,2
1,34514654,335107,0.421026974916458,0.508053243160248,1,2883,0.414353200756618,2
1,34515663,258471,0.398266077041626,0.492602825164795,1,2885,0.40424664323473,2
1,34521341,277038,0.446483790874481,0.520335793495178,1,2887,0.429034285605627,2
1,34533669,768529,0.275871932506561,0.38166207075119,1,2889,0.361408630367157,2
1,34567175,773160,0.191664487123489,0.347667217254639,1,2891,0.275643600562877,2
1,34572912,801719,0.646861910820007,0.430770248174667,1,2893,0.689810583470387,2
1,34583887,538623,0.654914319515228,0.480310261249542,1,2895,0.667988749100092,2
1,34591193,269813,0.55696439743042,0.496099233627319,1,2897,0.560393998049693,2
1,34595437,496608,0.335673749446869,0.332428336143494,1,2899,0.502430760230764,2
1,34596209,581540,0.299613684415817,0.390954703092575,1,2901,0.383182095068532,2
1,34606411,1032,0.449884563684464,0.369350999593735,1,2903,0.563849751635893,2
1,34610620,568735,0.428356498479843,0.55781614780426,1,2905,0.383958496151455,2
1,34639955,325423,0.314124047756195,0.467487066984177,1,2907,0.335970842768606,2
1,34675162,446005,0.465725779533386,0.584497570991516,1,2909,0.398398387476059,2
1,34686140,496610,0.687988638877869,0.537853837013245,1,2911,0.662432163121656,2
1,34688263,496612,0.700427532196045,0.489509433507919,1,2913,0.706583737812712,2
1,34701028,195469,0.571311295032501,0.40131014585495,1,2915,0.641977643349509,2
1,34704267,189834,0.414260536432266,0.507707715034485,1,2917,0.407971480602898,2
1,34710719,252346,0.6383296251297,0.530691564083099,1,2919,0.614677313264469,2
1,34716350,692650,0.685224056243897,0.503876566886902,1,2921,0.68276448687282,2
1,34724158,237388,0.441365629434586,0.541685402393341,1,2923,0.407400335586384,2
1,34732472,1037,0.577668488025665,0.502950310707092,1,2925,0.575161677924863,2
1,34753764,876917,0.26784273982048,0.40030163526535,1,2927,0.334551143718079,2
1,34755896,634650,0.680068731307983,0.616096258163452,1,2929,0.583318376682778,2
1,34767578,62435,0.29864239692688,0.393966048955917,1,2931,0.379020473614842,2
1,34782469,730676,0.38001874089241,0.426620185375214,1,2933,0.445382982240026,2
1,34803620,842690,0.519495844841003,0.357901483774185,1,2935,0.625832996793586,2
1,34822994,192723,0.612982332706451,0.556189954280853,1,2937,0.563982754529105,2
1,34827635,489749,0.647161602973938,0.67944473028183,1,2939,0.476243007069537,2
1,34837325,102683,0.521242260932922,0.430141717195511,1,2941,0.579932631047382,2
1,34919567,763617,0.512578189373016,0.691830456256867,1,2943,0.370450725851468,2
1,34922343,224859,0.708666443824768,0.501138865947723,1,2945,0.708001349184378,2
1,34930303,717553,0.535484910011292,0.489192545413971,1,2947,0.545312929736741,2
1,34932499,236160,0.570159256458283,0.416115254163742,1,2949,0.631913021699097,2
1,34934043,711900,0.524874091148377,0.575707972049713,1,2951,0.455850984032451,2
1,35025963,930770,0.61023759841919,0.462917894124985,1,2953,0.637148215033334,2
1,35033819,931004,0.735479176044464,0.651172697544098,1,2955,0.620842717738564,2
1,35041280,930597,0.736987173557282,0.530160784721375,1,2957,0.720103369525311,2
1,35062460,931605,0.61028927564621,0.490042954683304,1,2959,0.617898479947689,2
1,35076728,135449,0.404477536678314,0.386154621839523,1,2961,0.514924698866105,2
1,35141358,496620,0.381186962127686,0.465484529733658,1,2963,0.409451805354084,2
1,35145961,843450,0.533464848995209,0.42518612742424,1,2965,0.594185898024493,2
1,35448351,629451,0.396679848432541,0.337239682674408,1,2967,0.544842882263975,2
1,35674976,482896,0.385310500860214,0.315510988235474,1,2969,0.550986583732591,2
1,36350532,757239,0.600349187850952,0.677593469619751,1,2971,0.44300101371096,2
1,36400129,342862,0.5662522315979,0.52338433265686,1,2973,0.544971139094109,2
1,36426127,848569,0.56476366519928,0.573381721973419,1,2975,0.492484887079694,2
1,36538499,360605,0.347862362861633,0.478007227182388,1,2977,0.363867262961804,2
1,36695546,907899,0.780682384967804,0.653599977493286,1,2979,0.683433024274781,2
1,36707715,183028,0.432342052459717,0.546741366386414,1,2981,0.39538077694505,2
1,36718146,745585,0.471451759338379,0.591643273830414,1,2983,0.398425690100479,2
1,36730418,150234,0.357600122690201,0.476170897483826,1,2985,0.375495567431594,2
1,36813322,834781,0.590801537036896,0.614305257797241,1,2987,0.480869673129102,2
1,36979720,742275,0.33394193649292,0.338385194540024,1,2989,0.493434615168161,2
1,37006017,774716,0.55728805065155,0.659548878669739,1,2991,0.42247668722867,2
1,37083256,858642,0.289549827575684,0.321500152349472,1,2993,0.450310560445616,2
1,37114844,408165,0.695362985134125,0.695017039775848,1,2995,0.500567155224053,2
1,37175127,141719,0.614839971065521,0.659613847732544,1,2997,0.466060539192032,2
1,37188260,396459,0.332098603248596,0.454224735498428,1,2999,0.365566400610239,2
1,37194545,388572,0.449521243572235,0.528827250003815,1,3001,0.42501709543995,2
1,37210967,611076,0.272396296262741,0.304160356521606,1,3003,0.447784023167712,2
1,37244204,567031,0.514969050884247,0.570192456245422,1,3005,0.451574766768392,2
1,37250650,297573,0.312836289405823,0.435528755187988,1,3007,0.359145390148571,2
1,37258375,773710,0.4341179728508,0.488171726465225,1,3009,0.444636538041828,2
1,37261967,238887,0.719488859176636,0.606021761894226,1,3011,0.644001731958538,2
1,37285582,1064,0.733471870422363,0.628124237060547,1,3013,0.641643586192748,2
1,37286493,1065,0.358743458986282,0.431524306535721,1,3015,0.415670048654126,2
1,37298309,451842,0.632421612739563,0.553756058216095,1,3017,0.588141873936702,2
1,37308721,805784,0.372389823198319,0.578216671943665,1,3019,0.322015812815062,2
1,37322226,364301,0.345200270414352,0.5502570271492,1,3021,0.313671841868866,2
1,37342558,875841,0.382622539997101,0.501048803329468,1,3023,0.381821628406829,2
1,37345414,387737,0.586573362350464,0.480292350053787,1,3025,0.602250767626449,2
1,37349115,265223,0.370686769485474,0.492404162883759,1,3027,0.376404991495758,2
1,37350057,597376,0.604269981384277,0.528864502906799,1,3029,0.580025257004315,2
1,37368827,439038,0.402414441108704,0.475495100021362,1,3031,0.423153089370032,2
1,37378878,122244,0.533820986747742,0.392624884843826,1,3033,0.616234678027276,2
1,37393891,468170,0.580019235610962,0.538126587867737,1,3035,0.545350789461798,2
1,37399568,1069,0.490532636642456,0.596971869468689,1,3037,0.410850713182712,2
1,37420675,810946,0.597136199474335,0.505882203578949,1,3039,0.59234032507668,2
1,37435730,162516,0.402162075042725,0.482490658760071,1,3041,0.416756332730069,2
1,37440103,216595,0.597021043300629,0.540513634681702,1,3043,0.561489755609813,2
1,37488095,438866,0.437237739562988,0.579727351665497,1,3045,0.377106357244358,2
1,37495499,201840,0.525217175483704,0.440166383981705,1,3047,0.575960775727354,2
1,37496749,1074,0.48075070977211,0.440791964530945,1,3049,0.535727978414731,2
1,37498839,704272,0.570229947566986,0.325499087572098,1,3051,0.681416255697836,2
1,37522674,659824,0.463015228509903,0.359433978796005,1,3053,0.580851345751378,2
1,37526327,174225,0.378919661045074,0.477049469947815,1,3055,0.397149231804539,2
1,37535126,594593,0.232032120227814,0.309217065572739,1,3057,0.375192940593429,2
1,37538847,249064,0.668739140033722,0.613723814487457,1,3059,0.571212422108375,2
1,37545179,860672,0.659904360771179,0.539059519767761,1,3061,0.631085081681839,2
1,37546173,425442,0.410164088010788,0.518367171287537,1,3063,0.395630848874949,2
1,37550346,77593,0.598285675048828,0.562235474586487,1,3065,0.541175333277963,2
1,37553641,439901,0.64896559715271,0.576909482479096,1,3067,0.585154490220942,2
1,37555489,1077,0.349099665880203,0.423694789409637,1,3069,0.411970685746015,2
1,37580444,156984,0.534011125564575,0.440516263246536,1,3071,0.583554584500137,2
1,37626339,329259,0.627255439758301,0.526585578918457,1,3073,0.606323187842332,2
1,37632463,295417,0.429158926010132,0.54059112071991,1,3075,0.396934864041623,2
1,37664741,320352,0.484191417694092,0.559159755706787,1,3077,0.432963399772991,2
1,37672760,784264,0.490412890911102,0.4663345515728,1,3079,0.522559395037908,2
1,37719442,496634,0.543446063995361,0.442085832357407,1,3081,0.590838553236819,2
1,37796641,429417,0.47504910826683,0.369175285100937,1,3083,0.583916990461316,2
1,37807873,326976,0.692738890647888,0.556098580360413,1,3085,0.653908395245071,2
1,37824172,663318,0.302541792392731,0.493151068687439,1,3087,0.306743523032374,2
1,37882247,97412,0.192699700593948,0.391838669776917,1,3089,0.24589163277792,2
1,37899741,255372,0.537765622138977,0.434799730777741,1,3091,0.591087970908898,2
1,37929489,745928,0.356132715940475,0.522322595119476,1,3093,0.340912607714217,2
1,37935347,300909,0.580506265163422,0.52642422914505,1,3095,0.557099665298266,2
1,37941391,774960,0.391869902610779,0.554908812046051,1,3097,0.353093962561058,2
1,37961428,851167,0.594760954380035,0.501877844333649,1,3099,0.593233265163778,2
1,37964924,538627,0.657983779907227,0.465985745191574,1,3101,0.679768641929353,2
1,37972584,786437,0.605881035327911,0.631362020969391,1,3103,0.479820622087502,2
1,37975946,624461,0.576828598976135,0.512301981449127,1,3105,0.566154274851003,2
1,37979902,62444,0.301612704992294,0.488544642925263,1,3107,0.30868489641635,2
1,37995077,538628,0.370172917842865,0.487748086452484,1,3109,0.379471419903691,2
1,37999673,882786,0.316310226917267,0.334204345941544,1,3111,0.473228775685331,2
1,38044082,223201,0.68697202205658,0.523566484451294,1,3113,0.671488289837347,2
1,38133604,931829,0.412667065858841,0.416993677616119,1,3115,0.494812137462116,2
1,38187902,298923,0.450083434581757,0.584782481193543,1,3117,0.384829786336225,2
1,38218241,95492,0.425017237663269,0.403789192438126,1,3119,0.517802465970009,2
1,38242087,855305,0.628026068210602,0.685607194900513,1,3121,0.458007203601279,2
1,38263852,680614,0.587477266788483,0.49854576587677,1,3123,0.588673596571784,2
1,38308774,146110,0.632792949676514,0.436756759881973,1,3125,0.674024449679557,2
1,38374067,679291,0.686243236064911,0.652287840843201,1,3127,0.548826873503722,2
1,38397090,205251,0.270618945360184,0.394420832395554,1,3129,0.343058635767985,2
1,38496131,815130,0.324896663427353,0.377551823854446,1,3131,0.430267638638937,2
1,38508458,810213,0.37085485458374,0.364997714757919,1,3133,0.504611904525342,2
1,38510180,235409,0.496311128139496,0.50972843170166,1,3135,0.486838772640784,2
1,38515516,898976,0.383908838033676,0.446826457977295,1,3137,0.429595015223096,2
1,38529992,699993,0.406666368246079,0.313529938459396,1,3139,0.567837211704223,2
1,38536976,249956,0.412851452827454,0.52425217628479,1,3141,0.393752731512916,2
1,38586544,401491,0.646366357803345,0.497015863656998,1,3143,0.648464418015462,2
1,38617544,292735,0.311339318752289,0.304654717445374,1,3145,0.504806677685622,2
1,38656605,116942,0.338668674230576,0.453294724225998,1,3147,0.373563441322699,2
1,38657364,336266,0.379475086927414,0.538993537425995,1,3149,0.352021926588978,2
1,38673230,405622,0.430282235145569,0.595420479774475,1,3151,0.361326364948469,2
1,38676445,903927,0.540079593658447,0.370817244052887,1,3153,0.634509685783401,2
1,38677487,395800,0.577371299266815,0.574156820774078,1,3155,0.503774251472784,2
1,38682131,346071,0.600776195526123,0.509565651416779,1,3157,0.592989555455114,2
1,38692010,1091,0.413906574249268,0.511678397655487,1,3159,0.404459692011417,2
1,38697984,234252,0.385691195726395,0.494903445243835,1,3161,0.389663074113747,2
1,38733624,417123,0.406416803598404,0.539113283157349,1,3163,0.376930801276311,2
1,38782583,309499,0.307313799858093,0.371677130460739,1,3165,0.413414997416091,2
1,38815308,749399,0.522771179676056,0.524402439594269,1,3167,0.498444648808771,2
1,38823373,654336,0.508279204368591,0.615788102149963,1,3169,0.412706256091978,2
1,38827144,841456,0.370329797267914,0.330956935882568,1,3171,0.529424758656817,2
1,38891670,603415,0.714326143264771,0.663774490356445,1,3173,0.575175219396525,2
1,38908061,344548,0.348087906837463,0.560820996761322,1,3175,0.310337798377407,2
1,38915643,439730,0.335376739501953,0.49726140499115,1,3177,0.337223778213716,2
1,38937095,538629,0.694883942604065,0.505303382873535,1,3179,0.691612953441791,2
1,38939246,364531,0.387970924377441,0.462194800376892,1,3181,0.419704985929174,2
1,38973745,874101,0.406139016151428,0.587961137294769,1,3183,0.345379133406749,2
1,38976121,244041,0.341322362422943,0.488452434539795,1,3185,0.349391607336881,2
1,38987750,250318,0.336089044809341,0.408635169267654,1,3187,0.411233626087142,2
1,38990481,280493,0.57212108373642,0.504023134708405,1,3189,0.568650328063164,2
1,38997239,235519,0.48097425699234,0.589551270008087,1,3191,0.407915546501785,2
1,38997890,692164,0.481940925121307,0.62448263168335,1,3193,0.385872160945607,2
1,39012744,110109,0.537444591522217,0.521615326404572,1,3195,0.516544494411449,2
1,39020076,782699,0.515314936637878,0.57747358083725,1,3197,0.446180529930693,2
1,39051911,729579,0.622050881385803,0.427437007427216,1,3199,0.669949749183142,2
1,39064295,784977,0.310051500797272,0.430092811584473,1,3201,0.360447201680765,2
1,39102287,344716,0.49339696764946,0.517050564289093,1,3203,0.477126418310601,2
1,39111843,424035,0.659947454929352,0.564164280891419,1,3205,0.609884492984925,2
1,39127938,308523,0.729866027832031,0.568607866764069,1,3207,0.686904383093803,2
1,39134156,724001,0.486498832702637,0.530588328838348,1,3209,0.458452255977587,2
1,39159377,888290,0.356248557567596,0.45069608092308,1,3211,0.395220385362522,2
1,39168657,906966,0.591570854187012,0.502911925315857,1,3213,0.589178289911189,2
1,39184689,773925,0.347071707248688,0.458776086568832,1,3215,0.378258280465775,2
1,39212125,417817,0.568765640258789,0.51198422908783,1,3217,0.558175795287135,2
1,39239213,672872,0.376215845346451,0.484621822834015,1,3219,0.388154048806946,2
1,39323208,821493,0.568027436733246,0.432116031646729,1,3221,0.619664766625327,2
1,39328230,707305,0.622139155864716,0.68989759683609,1,3223,0.450892392376696,2
1,39354518,634213,0.389361262321472,0.317066431045532,1,3225,0.552929621973788,2
1,39683807,791913,0.540781378746033,0.581225275993347,1,3227,0.465208070848095,2
1,39812294,707015,0.620258927345276,0.627794563770294,1,3229,0.49399832615644,2
1,39907604,77830,0.517135679721832,0.337340205907822,1,3231,0.635661975735471,2
1,39917405,690896,0.764269709587097,0.582514524459839,1,3233,0.717678453234924,2
1,39924704,449705,0.571267306804657,0.436291873455048,1,3235,0.619721028484096,2
1,39933600,317169,0.373111933469772,0.515812337398529,1,3237,0.361674107439482,2
1,39950855,358536,0.409771889448166,0.518872797489166,1,3239,0.394867385061482,2
1,39956509,366373,0.597313463687897,0.473233640193939,1,3241,0.617775007063511,2
1,39966359,793490,0.536275506019592,0.414702504873276,1,3243,0.603855733330957,2
1,39989580,271296,0.430898547172546,0.423493564128876,1,3245,0.506422290006599,2
1,40013725,555703,0.632642090320587,0.59864741563797,1,3247,0.542350138017242,2
1,40028391,911739,0.411554366350174,0.56032258272171,1,3249,0.367247706090205,2
1,40055638,297722,0.611572444438934,0.560916543006897,1,3251,0.557683682481384,2
1,40062399,1113,0.590454578399658,0.505706489086151,1,3253,0.585726483801927,2
1,40063283,121654,0.517270922660828,0.392316669225693,1,3255,0.602811980440469,2
1,40076214,299960,0.515712738037109,0.431974589824677,1,3257,0.573709861136834,2
1,40081505,1116,0.342639863491058,0.465111583471298,1,3259,0.368341571858748,2
1,40118716,137284,0.721354186534882,0.576963722705841,1,3261,0.670659671024665,2
1,40130639,878075,0.598494350910187,0.480634838342667,1,3263,0.61346497731136,2
1,40167756,687452,0.376641601324081,0.350291401147842,1,3265,0.520278475783445,2
1,40253687,613223,0.531671166419983,0.444081664085388,1,3267,0.578779108976942,2
1,40276366,132812,0.621745944023132,0.481118887662888,1,3269,0.635509901031896,2
1,40287864,228435,0.591595768928528,0.441778868436813,1,3271,0.634191355379348,2
1,40295558,491842,0.643803238868713,0.593759775161743,1,3273,0.561593437389041,2
1,40295915,326783,0.5258908867836,0.400422424077988,1,3275,0.604630716477906,2
1,40311663,1118,0.713959038257599,0.521532416343689,1,3277,0.701086372919395,2
1,40319874,212339,0.577138006687164,0.438314467668533,1,3279,0.623577634661869,2
1,40328310,161354,0.387726664543152,0.522527456283569,1,3281,0.371010805155411,2
1,40331098,538633,0.432361781597137,0.483915477991104,1,3283,0.446732746999555,2
1,40361135,265032,0.298110723495483,0.417976796627045,1,3285,0.356611570189007,2
1,40384786,820140,0.361873060464859,0.554113686084747,1,3287,0.326533227343453,2
1,40395907,739197,0.392990201711655,0.518179357051849,1,3289,0.379202872869685,2
1,40472612,821868,0.35987600684166,0.352014541625977,1,3291,0.506066081510077,2
1,40509074,587524,0.676162779331207,0.616864264011383,1,3293,0.577385779698694,2
1,40534435,139722,0.786458551883698,0.626859962940216,1,3295,0.713858837289431,2
1,40541212,443709,0.580992519855499,0.507943630218506,1,3297,0.574228171936309,2
1,40544581,347051,0.627447724342346,0.502342581748962,1,3299,0.625694039720188,2
1,40550429,218399,0.429859966039658,0.544642508029938,1,3301,0.394625795546635,2
1,40572014,119071,0.41254198551178,0.58232456445694,1,3303,0.354219975158102,2
1,40576442,1123,0.62163233757019,0.532322704792023,1,3305,0.595482113086601,2
1,40582445,624254,0.702670335769653,0.55487984418869,1,3307,0.666011906730654,2
1,40611223,1124,0.252664983272553,0.401217579841614,1,3309,0.314872772240309,2
1,40653391,248720,0.54910010099411,0.513988673686981,1,3311,0.536122025769946,2
1,40655853,142841,0.328584313392639,0.472522079944611,1,3313,0.347692020477811,2
1,40695606,626671,0.29460334777832,0.389242768287659,1,3315,0.378431369546476,2
1,40703590,1128,0.605612576007843,0.441026538610458,1,3317,0.647221691874462,2
1,40927400,426044,0.288759350776672,0.305009931325913,1,3319,0.473360571443367,2
1,41047906,587102,0.627256751060486,0.519891679286957,1,3321,0.611813383711069,2
1,41058940,210667,0.431097000837326,0.484461277723312,1,3323,0.444924105042236,2
1,41069998,605160,0.369827687740326,0.50878518819809,1,3325,0.363441877160482,2
1,41087451,782582,0.38954946398735,0.502897500991821,1,3327,0.38730503056694,2
1,41111252,820643,0.718989789485931,0.523729801177979,1,3329,0.704988669027474,2
1,41124200,706854,0.804145276546478,0.497209370136261,1,3331,0.805232325524244,2
1,41161249,907644,0.412930995225906,0.324293404817581,1,3333,0.565588815500902,2
1,41164513,767590,0.505099058151245,0.433328151702881,1,3335,0.563326691332947,2
1,41168895,789594,0.547892451286316,0.523261845111847,1,3337,0.525832425957439,2
1,41183836,868561,0.457011729478836,0.581092536449432,1,3339,0.393234898757477,2
1,41518357,596102,0.593857526779175,0.693581759929657,1,3341,0.428109244712119,2
1,41529644,426738,0.718595564365387,0.603472709655762,1,3343,0.6451638481297,2
1,41541150,574754,0.449734270572662,0.516225576400757,1,3345,0.435598594037429,2
1,41556460,1147,0.470156311988831,0.492565721273422,1,3347,0.477252366215561,2
1,41560852,409223,0.380723208189011,0.495560705661774,1,3349,0.384133773964777,2
1,41566990,320415,0.523273289203644,0.391784220933914,1,3351,0.608094094888192,2
1,41581559,173457,0.347668677568436,0.511491537094116,1,3353,0.33985770277218,2
1,41584781,379557,0.609751462936401,0.390947073698044,1,3355,0.679626744893004,2
1,41594157,682685,0.369473248720169,0.354381233453751,1,3357,0.511688023992203,2
1,41675625,1148,0.633538246154785,0.485983520746231,1,3359,0.64353112338224,2
1,41677434,180851,0.620900392532349,0.559478104114533,1,3361,0.569715363744128,2
1,41686154,1149,0.383400142192841,0.537938356399536,1,3363,0.356360666265711,2
1,41703063,327448,0.546046018600464,0.478768646717072,1,3365,0.564536957974278,2
1,41730026,767856,0.432701975107193,0.479169636964798,1,3367,0.451512305587699,2
1,41743814,598477,0.506820440292358,0.632233798503876,1,3369,0.400817262136019,2
1,41757199,697643,0.472539961338043,0.588389813899994,1,3371,0.401553485610102,2
1,41758653,273252,0.653168559074402,0.547248244285584,1,3373,0.616973941516452,2
1,41764014,694082,0.31256377696991,0.354990929365158,1,3375,0.440241920446922,2
1,41773747,316123,0.584215879440308,0.533514499664307,1,3377,0.554344003982455,2
1,41774117,777633,0.407676726579666,0.500971138477325,1,3379,0.406886440423272,2
1,41776012,863151,0.440007150173187,0.547757089138031,1,3381,0.401644414009865,2
1,41781108,1150,0.431968629360199,0.491680890321732,1,3383,0.43927742349061,2
1,41798610,129419,0.420815378427506,0.347683012485504,1,3385,0.556055849641948,2
1,41804280,632236,0.673143923282623,0.487748265266419,1,3387,0.680961474061799,2
1,41810462,213298,0.498700320720673,0.467810660600662,1,3389,0.529021306735376,2
1,41814393,284043,0.642188429832459,0.555041193962097,1,3391,0.597927307750527,2
1,41821043,676718,0.592644572257996,0.687684535980225,1,3393,0.430898574310124,2
1,41830316,212981,0.539128839969635,0.458954572677612,1,3395,0.574091992320129,2
1,41849194,1154,0.619183719158173,0.579654574394226,1,3397,0.547019834588398,2
1,41852454,1156,0.314606070518494,0.517345368862152,1,3399,0.304058071700185,2
1,41855956,140929,0.695476591587067,0.561837196350098,1,3401,0.652499703447841,2
1,41860689,62452,0.490532994270325,0.431258022785187,1,3403,0.552110600113793,2
1,41862290,679881,0.584630429744721,0.675492405891419,1,3405,0.432743895153942,2
1,41866299,213488,0.59111213684082,0.481882810592651,1,3407,0.605409865259548,2
1,41877769,165548,0.319753676652908,0.511528074741364,1,3409,0.312547533988805,2
1,41886785,469306,0.351011604070663,0.45263546705246,1,3411,0.387742045885659,2
1,41914976,242397,0.619607985019684,0.567493140697479,1,3413,0.560247419435437,2
1,41936814,692348,0.381148368120194,0.321985453367233,1,3415,0.543629532026106,2
1,41974530,754322,0.471271276473999,0.59078460931778,1,3417,0.398852025798547,2
1,41984595,741337,0.487103670835495,0.431752592325211,1,3419,0.54870332689838,2
1,42003272,1159,0.53820675611496,0.658074796199799,1,3421,0.408925215813579,2
1,42009880,683021,0.635276138782501,0.512699246406555,1,3423,0.625771293674432,2
1,42016136,729692,0.636232554912567,0.501016497612,1,3425,0.63549151089511,2
1,42027674,258091,0.279422432184219,0.454673498868942,1,3427,0.307278115921995,2
1,42031595,140689,0.694441735744476,0.596134722232819,1,3429,0.621707681897241,2
1,42033664,1160,0.440400838851929,0.535391390323639,1,3431,0.411288682271964,2
1,42035331,496670,0.492797911167145,0.527249813079834,1,3433,0.467328673184875,2
1,42053889,538634,0.398917138576508,0.390510708093643,1,3435,0.506896290545623,2
1,42063437,173869,0.348255664110184,0.439963430166245,1,3437,0.395777967248996,2
1,42070191,383257,0.702511787414551,0.563381612300873,1,3439,0.659326976409377,2
1,42073888,1162,0.60246217250824,0.490553677082062,1,3441,0.609833450936699,2
1,42079781,293755,0.655252933502197,0.536603093147278,1,3443,0.628021830314708,2
1,42087343,289123,0.378851532936096,0.532728493213654,1,3445,0.355576562697723,2
1,42091455,282002,0.693871974945068,0.519268274307251,1,3447,0.681602015538093,2
1,42095740,496672,0.393892139196396,0.38244041800499,1,3449,0.509271754115135,2
1,42097709,1164,0.442660838365555,0.577070593833923,1,3451,0.383541323276082,2
1,42112745,199307,0.595495998859406,0.594702482223511,1,3453,0.500978931033489,2
1,42118976,223273,0.442887604236603,0.517784833908081,1,3455,0.427675334649939,2
1,42135968,371408,0.46270614862442,0.555798709392548,1,3457,0.416253349283708,2
1,42140926,765992,0.602780878543854,0.549836456775665,1,3459,0.558805763555362,2
1,42146487,893950,0.538198232650757,0.48199537396431,1,3461,0.554249379119034,2
1,42180746,788777,0.486711382865906,0.417791455984116,1,3463,0.559188350626395,2
1,42190293,85176,0.662304997444153,0.563982427120209,1,3465,0.612750696806263,2
1,42195344,1166,0.390306085348129,0.487730860710144,1,3467,0.400124450583091,2
1,42210783,162169,0.698984920978546,0.532033264636993,1,3469,0.678379833143532,2
1,42222958,275199,0.564532995223999,0.521545708179474,1,3471,0.544923086467631,2
1,42238315,1168,0.450226008892059,0.512738823890686,1,3473,0.439040294896848,2
1,42245984,496681,0.477610200643539,0.610497832298279,1,3475,0.391164534397714,2
1,42261618,918987,0.367035716772079,0.417880564928055,1,3477,0.439163420815312,2
1,42271185,792241,0.570376873016357,0.399731069803238,1,3479,0.642141125942653,2
1,42273008,285872,0.560242831707001,0.434969633817673,1,3481,0.610855279102738,2
1,42278097,323850,0.492665022611618,0.472257226705551,1,3483,0.519334983763653,2
1,42315245,678207,0.275610715150833,0.435187846422195,1,3485,0.316657183118403,2
1,42629316,225846,0.352637827396393,0.493239492177963,1,3487,0.357471201098755,2
1,42634537,113137,0.615797102451325,0.515341341495514,1,3489,0.603635578559338,2
1,42638713,577219,0.311305105686188,0.405896753072739,1,3491,0.383478191596177,2
1,42654267,133635,0.632079541683197,0.559927344322205,1,3493,0.581977596687829,2
1,42655738,797744,0.421268075704575,0.563313782215118,1,3495,0.373919553368659,2
1,42665751,393848,0.577741801738739,0.475849241018295,1,3497,0.597197761306686,2
1,42670795,846343,0.701513767242432,0.584125101566315,1,3499,0.641134588933162,2
1,42673760,1175,0.601595222949982,0.498972147703171,1,3501,0.602412545306975,2
1,42675493,96347,0.508736848831177,0.645098984241486,1,3503,0.394309138022714,2
1,42680806,1177,0.504789292812347,0.552876353263855,1,3505,0.456511921546626,2
1,42682130,496688,0.425022691488266,0.51660281419754,1,3507,0.41136312057114,2
1,42718277,644120,0.685208797454834,0.55987548828125,1,3509,0.642383922999584,2
1,42750829,303039,0.258760631084442,0.364304929971695,1,3511,0.355142917094955,2
1,42772374,397289,0.665754497051239,0.50151664018631,1,3513,0.66473755204819,2
1,42781906,1178,0.594650149345398,0.519499003887177,1,3515,0.578200821711279,2
1,42825058,423853,0.442078113555908,0.556071102619171,1,3517,0.397501426952111,2
1,42895853,724550,0.529347538948059,0.657618045806885,1,3519,0.402473397987855,2
1,42902456,253316,0.440288871526718,0.68325811624527,1,3521,0.322198054482142,2
1,42925197,117726,0.282068699598312,0.380629867315292,1,3523,0.370528857322516,2
1,42927649,214172,0.307178854942322,0.461313188076019,1,3525,0.332939598175656,2
1,43039717,602223,0.652140259742737,0.486651390790939,1,3527,0.661185660176204,2
1,43040571,852638,0.464839607477188,0.441321641206741,1,3529,0.521047858665266,2
1,43046340,420297,0.295213997364044,0.436394095420837,1,3531,0.338242428646238,2
1,43078715,551366,0.660663068294525,0.465151876211166,1,3533,0.682772625898329,2
1,43123190,606570,0.426569700241089,0.458538085222244,1,3535,0.465140970825072,2
1,43130565,146177,0.582714080810547,0.516221106052399,1,3537,0.568722484165825,2
1,43172273,408583,0.342544764280319,0.432879775762558,1,3539,0.395658082751608,2
1,43180866,496694,0.531482040882111,0.478154599666596,1,3541,0.551095057253973,2
1,43185042,747239,0.474980711936951,0.605385899543762,1,3543,0.392295816845842,2
1,43192292,84924,0.36504054069519,0.508716762065888,1,3545,0.358785642537872,2
1,43204020,769832,0.673236072063446,0.548396050930023,1,3547,0.6382184781494,2
1,43228952,699000,0.330087214708328,0.429408103227615,1,3549,0.384351403975905,2
1,43275519,333004,0.327375710010529,0.449063956737518,1,3551,0.364509002669616,2
1,43278027,932003,0.643705010414124,0.550372421741486,1,3553,0.60378877229254,2
1,43279210,266830,0.330612182617188,0.434663057327271,1,3555,0.38030858275616,2
1,43286908,705690,0.463710159063339,0.527002513408661,1,3557,0.439950614337733,2
1,43300687,596863,0.440719485282898,0.563992857933044,1,3559,0.390713711249885,2
1,43302741,222924,0.567108988761902,0.455023646354675,1,3561,0.602835051151754,2
1,43305419,368235,0.541356265544891,0.640244424343109,1,3563,0.422773119891144,2
1,43312925,206237,0.40950483083725,0.429827719926834,1,3565,0.47635926192354,2
1,43314864,843864,0.664303302764893,0.539614796638489,1,3567,0.635417586421097,2
1,43316358,447878,0.683647871017456,0.657223701477051,1,3569,0.538544335845665,2
1,43321006,258793,0.700961112976074,0.550690114498138,1,3571,0.66722422911983,2
1,43348908,567342,0.575521171092987,0.409145027399063,1,3573,0.640792708371005,2
1,43368280,647003,0.666166603565216,0.538540601730347,1,3575,0.638285190759395,2
1,43373518,884785,0.296830624341965,0.408362179994583,1,3577,0.363440395417987,2
1,43378457,550969,0.720550239086151,0.573003590106964,1,3579,0.672772704360849,2
1,43389233,1185,0.631198823451996,0.505373001098633,1,3581,0.627192634685166,2
1,43414499,538637,0.464266926050186,0.542361974716187,1,3583,0.4280046792487,2
1,43436805,595935,0.428946942090988,0.469690173864365,1,3585,0.456627545091946,2
1,43445733,800860,0.570616602897644,0.51384562253952,1,3587,0.558387811557594,2
1,43447561,420104,0.635370492935181,0.653862953186035,1,3589,0.485859070191431,2
1,43448054,245291,0.654250502586365,0.538465321063995,1,3591,0.625434974668961,2
1,43455953,134878,0.678898215293884,0.579969167709351,1,3593,0.617764030612969,2
1,43472727,933826,0.562057852745056,0.613834917545319,1,3595,0.457824927093334,2
1,43629687,197827,0.673271596431732,0.515221118927002,1,3597,0.663012956706061,2
1,43651299,382633,0.244371339678764,0.320021271705627,1,3599,0.381804838122683,2
1,43693273,62457,0.471497893333435,0.513758957386017,1,3601,0.458870727755673,2
1,43730102,284310,0.55939507484436,0.422881990671158,1,3603,0.618271377748166,2
1,43747351,799773,0.749886393547058,0.58520770072937,1,3605,0.698507413357551,2
1,43748853,153098,0.384829431772232,0.424556821584702,1,3607,0.453213106240782,2
1,43752369,912683,0.735137522220612,0.573689222335815,1,3609,0.689355170386958,2
1,43760103,368692,0.364415913820267,0.54655122756958,1,3611,0.333377637299217,2
1,43824964,822126,0.328584909439087,0.316901922225952,1,3613,0.508551471299118,2
1,43842619,678089,0.565997004508972,0.652636408805847,1,3615,0.433623528255647,2
1,43860083,271311,0.608778357505798,0.685923397541046,1,3617,0.443765557267908,2
1,44260537,797683,0.662795960903168,0.539633572101593,1,3619,0.633765606414673,2
1,44275627,171677,0.373989313840866,0.49409881234169,1,3621,0.37845599351718,2
1,44298760,538640,0.497575670480728,0.34576603770256,1,3623,0.616020905002444,2
1,44308247,757030,0.459111332893372,0.532497107982636,1,3625,0.43109279469396,2
1,44309988,1191,0.302997410297394,0.386744290590286,1,3627,0.391728356008734,2
1,44327044,810777,0.689471006393433,0.560894310474396,1,3629,0.646407458370611,2
1,44563781,818340,0.405782699584961,0.363442480564117,1,3631,0.533257182366148,2
1,44664075,300389,0.568521916866303,0.470547676086426,1,3633,0.592524138958987,2
1,44674872,359802,0.3768130838871,0.471961498260498,1,3635,0.399198965674017,2
1,44694892,207227,0.457023859024048,0.462634980678558,1,3637,0.493935692404538,2
1,44702452,496709,0.210810899734497,0.35385474562645,1,3639,0.297877734211656,2
1,44705332,434276,0.439195334911346,0.565280139446259,1,3641,0.388475823103901,2
1,44738310,394385,0.43029847741127,0.569668292999268,1,3643,0.377674589492927,2
1,44763865,411340,0.437894076108933,0.533074498176575,1,3645,0.410725027746389,2
1,44770377,338428,0.55815464258194,0.604270398616791,1,3647,0.461841787931022,2
1,44832416,886192,0.441139429807663,0.43894636631012,1,3649,0.501954415198348,2
1,44842729,122111,0.372701317071915,0.538083553314209,1,3651,0.346322903549404,2
1,44847498,795935,0.54054981470108,0.642644882202148,1,3653,0.420566497665694,2
1,44869347,828649,0.586636781692505,0.48110431432724,1,3655,0.601689482374901,2
1,44933755,637753,0.2912877202034,0.48778909444809,1,3657,0.298579574163069,2
1,44939730,351406,0.547797977924347,0.448498845100403,1,3659,0.590026223827239,2
1,44948512,458383,0.589133560657501,0.467222094535828,1,3661,0.614411150379313,2
1,44959872,86048,0.379923701286316,0.466532558202744,1,3663,0.407178121447647,2
1,44992539,404697,0.675257980823517,0.540064573287964,1,3665,0.64696998718061,2
1,45037132,323994,0.370371431112289,0.379017382860184,1,3667,0.488594254328589,2
1,45071637,417032,0.664943993091583,0.51402884721756,1,3669,0.655271712127309,2
1,45085454,378609,0.410462558269501,0.529568195343018,1,3671,0.387544571104418,2
1,45105843,383155,0.615984380245209,0.468611240386963,1,3673,0.638667912326151,2
1,45125871,733143,0.428516447544098,0.514318943023682,1,3675,0.416586296651694,2
1,45136474,305534,0.470430254936218,0.661378264427185,1,3677,0.355643872983681,2
1,45141673,435191,0.449758350849152,0.531274557113648,1,3679,0.423282410974691,2
1,45166956,286643,0.404640823602676,0.507750928401947,1,3681,0.398463893385886,2
1,45186433,618498,0.438419580459595,0.561015427112579,1,3683,0.390737544167049,2
1,45196530,339769,0.254281371831894,0.323587357997894,1,3685,0.392909929184484,2
1,45202269,603209,0.345756351947784,0.409990757703781,1,3687,0.4216635929603,2
1,45216625,452113,0.592593252658844,0.457769870758057,1,3689,0.624323026912277,2
1,45220386,402859,0.616810500621796,0.486598640680313,1,3691,0.626812928693866,2
1,45230295,618547,0.323519229888916,0.398683100938797,1,3693,0.405734816859695,2
1,45239514,563551,0.381061673164368,0.47352460026741,1,3695,0.402367345803337,2
1,45250262,289134,0.413955718278885,0.508664667606354,1,3697,0.406904336629921,2
1,45268982,146089,0.345447719097137,0.404626131057739,1,3699,0.426872725933564,2
1,45296480,712362,0.543527543544769,0.475612491369247,1,3701,0.56475655031606,2
1,45333148,562559,0.383987426757813,0.486000150442123,1,3703,0.395048670672727,2
1,45369034,169430,0.364402115345001,0.538519442081451,1,3705,0.338337009650512,2
1,45395150,859373,0.372504502534866,0.5476513504982,1,3707,0.340092745316887,2
1,45414041,127285,0.671329021453857,0.56398218870163,1,3709,0.62309913720333,2
1,45450405,325954,0.694082856178284,0.661851108074188,1,3711,0.547659106496742,2
1,45536129,475110,0.543461084365845,0.440643846988678,1,3713,0.591906772477289,2
1,45536923,484603,0.559223234653473,0.503491342067719,1,3715,0.556123787264708,2
1,45540018,657050,0.598583698272705,0.505136370658875,1,3717,0.594417251615611,2
1,45572743,731242,0.605796754360199,0.590060710906982,1,3719,0.519193138925562,2
1,45702176,801642,0.690260350704193,0.549547612667084,1,3721,0.656190467621068,2
1,45707643,818683,0.773597121238709,0.475726425647736,1,3723,0.78407944836719,2
1,45739169,711695,0.219851285219193,0.382019698619843,1,3725,0.287748623976027,2
1,45751262,1208,0.567100524902344,0.426224768161774,1,3727,0.622762145282257,2
1,45756940,287435,0.736466526985169,0.498871773481369,1,3729,0.737059839109827,2
1,45764887,347830,0.623433828353882,0.510733187198639,1,3731,0.615172987628121,2
1,45773917,80642,0.313009291887283,0.598262488842011,1,3733,0.261598627462956,2
1,45812199,903732,0.59019672870636,0.546640515327454,1,3735,0.548037170117182,2
1,45881891,259192,0.40196430683136,0.590131521224976,1,3737,0.340571798297586,2
1,45995673,203948,0.38578736782074,0.476638853549957,1,3739,0.404695677815011,2
1,46018010,457780,0.559247851371765,0.656165719032288,1,3741,0.426148330483146,2
1,46027591,352920,0.260121583938599,0.30005356669426,1,3743,0.433458576754147,2
1,46086757,407013,0.702678143978119,0.584121227264404,1,3745,0.642537831317842,2
1,46118821,115761,0.412172973155975,0.580707669258118,1,3747,0.354888522208211,2
1,46128735,218535,0.68145626783371,0.587966799736023,1,3749,0.613448950276083,2
1,46132641,398380,0.435569912195206,0.574442207813263,1,3751,0.379124223699801,2
1,46160595,221731,0.668186545372009,0.604446351528168,1,3753,0.580570858201022,2
1,46235468,1210,0.561583042144775,0.476225912570953,1,3755,0.581482772460928,2
1,46239308,118595,0.607741951942444,0.506392002105713,1,3757,0.602662386214452,2
1,46268021,160494,0.40491983294487,0.52822333574295,1,3759,0.38328468807171,2
1,46277896,187562,0.400697618722916,0.487924724817276,1,3761,0.410614177087433,2
1,46360474,1212,0.412306189537048,0.585716485977173,1,3763,0.351967376203508,2
1,46377956,255391,0.369995176792145,0.506575882434845,1,3765,0.365192254133548,2
1,46430238,872458,0.401930063962936,0.505892813205719,1,3767,0.397248244559953,2
1,46456853,610405,0.484626471996307,0.546980082988739,1,3769,0.443001936513184,2
1,46494976,660121,0.52659672498703,0.658895015716553,1,3771,0.399605940571847,2
1,46534083,496718,0.38611027598381,0.455046832561493,1,3773,0.424253338728199,2
1,46583429,315576,0.644546031951904,0.599395096302033,1,3775,0.556353448538804,2
1,46586554,440132,0.413147956132889,0.499784141778946,1,3777,0.413326395933971,2
1,46591508,201757,0.402343928813934,0.658756852149963,1,3779,0.305381209698857,2
1,46603017,109255,0.246703952550888,0.41422364115715,1,3781,0.297790768124329,2
1,46605121,800069,0.391228437423706,0.618284106254578,1,3783,0.31638241503059,2
1,46617117,438150,0.636259257793427,0.542269885540009,1,3785,0.602668984718541,2
1,46634494,1216,0.45224192738533,0.53257954120636,1,3787,0.424576887013858,2
1,46668228,211928,0.294920235872269,0.413473099470139,1,3789,0.356637754971491,2
1,46675048,689914,0.262877464294434,0.354339092969894,1,3791,0.3709405333901,2
1,46678731,885998,0.625036120414734,0.552127480506897,1,3793,0.581394411059596,2
1,46727174,705269,0.522790193557739,0.362880200147629,1,3795,0.625494446607344,2
1,46753732,672943,0.554036617279053,0.494121223688126,1,3797,0.559219121651774,2
1,46757779,269664,0.519837200641632,0.444556802511215,1,3799,0.5677660636324,2
1,46762631,814925,0.669208228588104,0.694875419139862,1,3801,0.481531084677359,2
1,46765440,333685,0.523951590061188,0.610929191112518,1,3803,0.428815317456887,2
1,46770596,891133,0.599505960941315,0.476318955421448,1,3805,0.617616444966998,2
1,46773153,182380,0.358099281787872,0.487856417894363,1,3807,0.367012986457639,2
1,46780431,444600,0.332592606544495,0.414250373840332,1,3809,0.401439114539808,2
1,46806436,109129,0.431738615036011,0.507737815380096,1,3811,0.425159011164855,2
1,46828579,198290,0.544250547885895,0.451763212680817,1,3813,0.584349807733015,2
1,46839860,748048,0.381939649581909,0.483969330787659,1,3815,0.394590757393969,2
1,46846728,670757,0.697308599948883,0.686933636665344,1,3817,0.516569910566292,2
1,46860703,678300,0.543180108070374,0.456776916980743,1,3819,0.579528276494988,2
1,46863736,606223,0.55042439699173,0.512218117713928,1,3821,0.539163282468325,2
1,46894006,328195,0.400589972734451,0.504562497138977,1,3823,0.396967645243075,2
1,46897586,441762,0.416312366724014,0.495844274759293,1,3825,0.419801526322062,2
1,46911690,296974,0.728726923465729,0.677026212215424,1,3827,0.580038556077482,2
1,46918995,798562,0.606260776519775,0.487732201814652,1,3829,0.615690050326214,2
1,46920315,1220,0.440937280654907,0.598310887813568,1,3831,0.368485088301036,2
1,46929848,496719,0.3144391477108,0.408944994211197,1,3833,0.384451640393977,2
1,46937193,710464,0.353215008974075,0.424582004547119,1,3835,0.415956170058164,2
1,46949193,407859,0.566038072109222,0.500883996486664,1,3837,0.565269471589702,2
1,46956783,414473,0.524309158325195,0.457076102495194,1,3839,0.561917569054332,2
1,46965645,740099,0.501207649707794,0.401992052793503,1,3841,0.58295508226752,2
1,46980668,316034,0.603843510150909,0.493279963731766,1,3843,0.609097271180941,2
1,46985973,126666,0.661591708660126,0.581761538982391,1,3845,0.595436189062456,2
1,46992410,1222,0.362347513437271,0.501082181930542,1,3847,0.361564955314554,2
1,47269570,788265,0.546720266342163,0.595187842845917,1,3849,0.459283798311468,2
1,47380438,750431,0.380367785692215,0.337605178356171,1,3851,0.532278790487766,2
1,47456194,248800,0.4910968542099,0.597716867923737,1,3853,0.410810603284296,2
1,47465964,62460,0.669153809547424,0.561483502388001,1,3855,0.622766540991909,2
1,47480022,467531,0.408715158700943,0.479886263608933,1,3857,0.425845861503979,2
1,47624468,604921,0.536103844642639,0.51120388507843,1,3859,0.52547070118203,2
1,47630322,168312,0.58556193113327,0.511520862579346,1,3861,0.575787339603579,2
1,47640326,334331,0.408112764358521,0.560809373855591,1,3863,0.363860505355613,2
1,47641903,445674,0.69459193944931,0.60321456193924,1,3865,0.615147090524121,2
1,47721205,644409,0.380216360092163,0.410305976867676,1,3867,0.463332709646079,2
1,47724275,602985,0.538067400455475,0.505816638469696,1,3869,0.532630360000294,2
1,47728014,193323,0.457823425531387,0.570275008678436,1,3871,0.40140582926153,2
1,47788449,778507,0.418496787548065,0.608403921127319,1,3873,0.343930054537311,2
1,47792475,1229,0.34164497256279,0.514364242553711,1,3875,0.33210412417725,2
1,47793801,877448,0.505797207355499,0.511215627193451,1,3877,0.494700455590825,2
1,47806301,394533,0.504595816135407,0.38811856508255,1,3879,0.59517959232459,2
1,47808911,1230,0.591480553150177,0.492094397544861,1,3881,0.59783919996639,2
1,47829216,781767,0.401702046394348,0.445031553506851,1,3883,0.45131861238707,2
1,47856066,340947,0.427668541669846,0.551261126995087,1,3885,0.387900144529561,2
1,47862733,803115,0.491197168827057,0.566398203372955,1,3887,0.433614695369734,2
1,47874708,441189,0.416572391986847,0.519432425498962,1,3889,0.400988051127816,2
1,47883338,1232,0.718476891517639,0.680965483188629,1,3891,0.558788949709772,2
1,47940962,338331,0.390460968017578,0.510025858879089,1,3893,0.382785461972178,2
1,47961840,496726,0.254974365234375,0.409030228853226,1,3895,0.311681566848044,2
1,47964192,329812,0.493726432323456,0.397498607635498,1,3897,0.579856931375971,2
1,47970157,885177,0.685483932495117,0.649507284164429,1,3899,0.551322961512796,2
1,47986794,469590,0.373712658882141,0.46871429681778,1,3901,0.398657200579726,2
1,47994637,85260,0.431721717119217,0.45824721455574,1,3903,0.471057655568906,2
1,48000530,678183,0.641674697399139,0.512168884277344,1,3905,0.632736318930733,2
1,48012876,112384,0.320150673389435,0.477105885744095,1,3907,0.335513229825417,2
1,48027369,357039,0.38267782330513,0.469667017459869,1,3909,0.407392694269646,2
1,48033811,567988,0.566731870174408,0.49274280667305,1,3911,0.572930521710383,2
1,48035206,1236,0.479261636734009,0.534716427326202,1,3913,0.44814560787903,2
1,48047850,151815,0.668214023113251,0.460060954093933,1,3915,0.69275608107765,2
1,48055107,858129,0.518555402755737,0.397917211055756,1,3917,0.600184056009574,2
1,48058355,366977,0.454997956752777,0.457531720399857,1,3919,0.497231051384956,3
1,48065768,79486,0.484521359205246,0.454395681619644,1,3921,0.527607623850037,3
1,48082174,387139,0.434331178665161,0.422120064496994,1,3923,0.5105654422467,3
1,48096122,897422,0.346919715404511,0.30633544921875,1,3925,0.529253524733282,3
1,48098517,781604,0.530420005321503,0.554873108863831,1,3927,0.477965139099642,3
1,48107992,152114,0.460481911897659,0.497917115688324,1,3929,0.46240819745781,3
1,48115318,824402,0.451041281223297,0.47748589515686,1,3931,0.472308486803704,3
1,48135868,353451,0.450383961200714,0.462739527225494,1,3933,0.486649545480951,3
1,48156328,441345,0.600306987762451,0.630225300788879,1,3935,0.476263795670391,3
1,48160014,1240,0.438375502824783,0.484251230955124,1,3937,0.452632306127693,3
1,48164255,475525,0.422140032052994,0.411952912807465,1,3939,0.508661822724235,3
1,48179047,921032,0.414649367332459,0.377074539661407,1,3941,0.530159971026571,3
1,48183819,459214,0.417069494724274,0.420608907938004,1,3943,0.495792512775013,3
1,48194214,381630,0.430482298135757,0.469240248203278,1,3945,0.45870137928713,3
1,48208735,643611,0.397887498140335,0.427971482276917,1,3947,0.464852816855311,3
1,48211929,597394,0.724618792533875,0.699345707893372,1,3949,0.542030141102293,3
1,48224576,496729,0.484395086765289,0.410977184772491,1,3951,0.562321781172806,3
1,48230130,361868,0.393242478370667,0.440445393323898,1,3953,0.446414566176971,3
1,48241970,860601,0.541542768478394,0.573190033435822,1,3955,0.472393741070716,3
1,48258759,97064,0.567338585853577,0.575758159160614,1,3957,0.492688272694813,3
1,48268223,450172,0.526781976222992,0.458899199962616,1,3959,0.56272655321863,3
1,48279624,414003,0.532175004482269,0.557468950748444,1,3961,0.477313582906981,3
1,48281640,331836,0.574508309364319,0.5862056016922,1,3963,0.490022875682086,3
1,48284706,114164,0.541163802146912,0.497611731290817,1,3965,0.543345031690325,3
1,48288988,339034,0.451317220926285,0.399962812662125,1,3967,0.542792687976556,3
1,48289769,212964,0.530211448669434,0.431777447462082,1,3969,0.586615711368463,3
1,48293364,429364,0.389743149280548,0.426539570093155,1,3971,0.456866345595356,3
1,48317924,438209,0.56301748752594,0.555787324905396,1,3973,0.508138176853018,3
1,48324848,556190,0.566490471363068,0.594185650348663,1,3975,0.476694843632336,3
1,48438616,858976,0.40555477142334,0.520486235618591,1,3977,0.389592215576405,3
1,48480815,253284,0.365531265735626,0.359300047159195,1,3979,0.504862821160516,3
1,48505849,691645,0.682340741157532,0.620891988277435,1,3981,0.58104385950707,3
1,48596994,873818,0.270591259002686,0.308966279029846,1,3983,0.437897721156402,3
1,48732164,242551,0.643759429454804,0.618533849716187,1,3985,0.53306398184983,3
1,48747456,496735,0.669121980667114,0.593528091907501,1,3987,0.592987839078919,3
1,48748033,1257,0.535512983798981,0.543159902095795,1,3989,0.492960711691614,3
1,48770834,248306,0.459441304206848,0.454267472028732,1,3991,0.504740263694148,3
1,48771335,314483,0.668726742267609,0.680736839771271,1,3993,0.491178604710377,3
1,48775461,294519,0.316712021827698,0.369217574596405,1,3995,0.428896189697766,3
1,48798520,384632,0.495575666427612,0.549678862094879,1,3997,0.450786541562582,3
1,48805883,262603,0.432880401611328,0.455750048160553,1,3999,0.474909880271512,3
1,48808370,228552,0.675607144832611,0.615280032157898,1,4001,0.578403927164333,3
1,48813681,496736,0.412733256816864,0.423452526330948,1,4003,0.487343009136157,3
1,48816485,701739,0.661541283130646,0.665234625339508,1,4005,0.497224030388543,3
1,48825010,144322,0.560710906982422,0.642877399921417,1,4007,0.436094741432006,3
1,48845222,496739,0.342950254678726,0.405409246683121,1,4009,0.422967973084721,3
1,48888477,617817,0.672577321529388,0.667195618152618,1,4011,0.508085385395013,3
1,48921529,166221,0.546191334724426,0.540359914302826,1,4013,0.506343463726358,3
1,48937894,660585,0.424138069152832,0.370621681213379,1,4015,0.542515277649401,3
1,49573279,723079,0.461157858371735,0.398159384727478,1,4017,0.552338170643178,3
1,50315509,870731,0.614998042583466,0.621236920356751,1,4019,0.494978664685848,3
1,50373468,97841,0.435445725917816,0.409537434577942,1,4021,0.521938978740638,3
1,50376582,496753,0.298090040683746,0.319772243499756,1,4023,0.466097428315372,3
1,50422786,926504,0.497272729873657,0.392865598201752,1,4025,0.585983541175287,3
1,50488854,194410,0.569024980068207,0.588299572467804,1,4027,0.48361838653159,3
1,50501567,643142,0.473450869321823,0.502557933330536,1,4029,0.471041085934297,3
1,50527143,287647,0.547184228897095,0.544015109539032,1,4031,0.503475026721674,3
1,50538569,144985,0.449300289154053,0.468915730714798,1,4033,0.47908425728132,3
1,50610581,680263,0.342751443386078,0.334853887557983,1,4035,0.505936707499574,3
1,50946918,258722,0.424005836248398,0.496826529502869,1,4037,0.426714165880658,3
1,51031629,762942,0.471679031848908,0.466902405023575,1,4039,0.504480067880951,3
1,51523497,726728,0.497844457626343,0.52767151594162,1,4041,0.471737096456636,3
1,51586862,436138,0.496214002370834,0.537864446640015,1,4043,0.46128165327773,3
1,51610325,238262,0.510814785957336,0.554334342479706,1,4045,0.460746111879256,3
1,51754405,812161,0.60435551404953,0.525415539741516,1,4047,0.583167466403155,2
1,51782745,575941,0.587580502033234,0.437916219234467,1,4049,0.633133429499541,2
1,51805377,713343,0.695025384426117,0.595962703227997,1,4051,0.622591010767529,2
1,51810285,609283,0.661525666713715,0.694931030273438,1,4053,0.475964979181762,2
1,52038830,591937,0.525636553764343,0.62684577703476,1,4055,0.419271033659046,2
1,52093147,626515,0.311610102653503,0.408646047115326,1,4057,0.381271402052205,2
1,52108725,910537,0.524263799190521,0.346075415611267,1,4059,0.63624536210534,2
1,52126970,576059,0.345394045114517,0.469510287046433,1,4061,0.367823724680562,2
1,52147540,921891,0.377674281597137,0.466011345386505,1,4063,0.405220050258539,2
1,52168900,815168,0.458048909902573,0.362066119909287,1,4065,0.575229418744492,2
1,52179020,918197,0.227828204631805,0.355725288391113,1,4067,0.320230543156258,2
1,52187515,62468,0.366475582122803,0.407017201185226,1,4069,0.450196676031913,2
1,52239152,249212,0.552580535411835,0.480503618717194,1,4071,0.569371914118689,2
1,52247050,430396,0.44298580288887,0.401846468448639,1,4073,0.534388607832451,2
1,52263006,744766,0.570921123027802,0.54647558927536,1,4075,0.526950626222503,2
1,52291616,1283,0.629557847976685,0.643704295158386,1,4077,0.48901168806228,2
1,52356199,624664,0.63980233669281,0.546119391918182,1,4079,0.603202189195248,2
1,52392478,241985,0.368463516235352,0.539392232894898,1,4081,0.341554340018786,2
1,52676998,720021,0.73225212097168,0.694808959960938,1,4083,0.56134380780961,2
1,52823608,1286,0.456814497709274,0.390760958194733,1,4085,0.554209870824114,2
1,52836600,145401,0.680366158485413,0.427842736244202,1,4087,0.720676585125895,2
1,52842102,645767,0.390347182750702,0.330121487379074,1,4089,0.544952699808203,2
1,52852596,687370,0.512969851493835,0.465603172779083,1,4091,0.54431788916214,2
1,52875115,449523,0.375890851020813,0.466922283172607,1,4093,0.40251971748568,2
1,52880132,604989,0.587464988231659,0.472048163414002,1,4095,0.609306206380492,2
1,52887324,270097,0.529959857463837,0.43244007229805,1,4097,0.585911443361272,2
1,52898743,327184,0.36499160528183,0.507568657398224,1,4099,0.359548998900722,2
1,52909700,141632,0.604536831378937,0.44664865732193,1,4101,0.642665393466718,2
1,52911044,608996,0.372362047433853,0.369798332452774,1,4103,0.502034043317481,2
1,52914872,601097,0.708112716674805,0.578644454479218,1,4105,0.653633034585517,2
1,52934208,338302,0.46150279045105,0.50846129655838,1,4107,0.453822929665268,2
1,52945640,480565,0.581246376037598,0.505636692047119,1,4109,0.57647177973581,2
1,52952393,169383,0.638106346130371,0.521052718162537,1,4111,0.622198864474982,2
1,52953304,137483,0.616769433021545,0.486250817775726,1,4113,0.627025618494164,2
1,52956101,487985,0.648904383182526,0.453471422195435,1,4115,0.678794823293739,2
1,52966164,566528,0.637144565582275,0.400910079479218,1,4117,0.697161125576693,2
1,52976252,375209,0.402673184871674,0.56240314245224,1,4119,0.357993363191306,2
1,52983476,117624,0.679194569587708,0.495426952838898,1,4121,0.682102093822439,2
1,53005962,341056,0.361336082220078,0.521307110786438,1,4123,0.34656738297217,2
1,53022801,137235,0.644153416156769,0.5509272813797,1,4125,0.603798483977707,2
1,53042598,327922,0.56388521194458,0.468106955289841,1,4127,0.590035259538815,2
1,53094536,462917,0.314280956983566,0.438683032989502,1,4129,0.358209610754523,2
1,53109325,253560,0.131144523620605,0.580056250095367,1,4131,0.113044660409265,1
1,53116468,1287,0.275364279747009,0.456144094467163,1,4133,0.301839137113757,1
1,53117564,1289,0.896473407745361,0.599231660366058,1,4135,0.87083985682452,1
1,53288582,813335,0.38879582285881,0.414348870515823,1,4137,0.469164815599471,2
1,53342020,1296,0.55377334356308,0.604078114032745,1,4139,0.45836236299488,2
1,53365605,665840,0.404838860034943,0.575582683086395,1,4141,0.351677414845172,2
1,53370714,834826,0.556004524230957,0.444372326135635,1,4143,0.60045593780357,2
1,53382682,629264,0.643104255199432,0.567033112049103,1,4145,0.587848684584578,2
1,53388129,204875,0.40306481719017,0.470755338668823,1,4147,0.428104350690887,2
1,53400649,420922,0.568067312240601,0.388584464788437,1,4149,0.646776485970428,2
1,53408765,258606,0.655436098575592,0.538138329982758,1,4151,0.62698365788663,2
1,53414499,98907,0.42075788974762,0.531322538852692,1,4153,0.395953360698928,2
1,53419128,640480,0.534444332122803,0.514404058456421,1,4155,0.520634721125015,2
1,53485924,772174,0.532145977020264,0.577441096305847,1,4157,0.460779446098176,2
1,53529330,496772,0.626761615276337,0.618378341197968,1,4159,0.51098375037817,2
1,53543790,1304,0.397460877895355,0.533627867698669,1,4161,0.372413906726283,2
1,53545132,159256,0.398469835519791,0.500534176826477,1,4163,0.398044583135359,2
1,53551997,856864,0.361018419265747,0.381096839904785,1,4165,0.473657062278377,2
1,53561462,238945,0.592596232891083,0.514694213867188,1,4167,0.580260756465178,2
1,53581246,175354,0.715998649597168,0.565975725650787,1,4169,0.672827803434876,2
1,53581618,326734,0.47325399518013,0.337975233793259,1,4171,0.602170468759039,2
1,53584799,91254,0.625839829444885,0.455545693635941,1,4173,0.656389740900566,2
1,53594409,552270,0.447549283504486,0.420205682516098,1,4175,0.523580432028939,2
1,53602408,391679,0.579295694828033,0.446154057979584,1,4177,0.620197357014798,2
1,53603799,605336,0.514205515384674,0.452419966459274,1,4179,0.556416911812768,2
1,53607887,737280,0.771323561668396,0.660263240337372,1,4181,0.663450551305239,2
1,53708971,921513,0.659990847110748,0.646438419818878,1,4183,0.519165582534346,2
1,53791071,496775,0.37049013376236,0.509701669216156,1,4185,0.363438218999868,2
1,53793130,649394,0.642329216003418,0.473010838031769,1,4187,0.660646926152398,2
1,53800156,321816,0.509167373180389,0.594242751598358,1,4189,0.42841698263114,2
1,53802444,744025,0.509152710437775,0.4708231985569,1,4191,0.5362161679956,2
1,53817768,683176,0.645119190216065,0.67390376329422,1,4193,0.47864340975227,2
1,53896101,652728,0.306071430444717,0.336697190999985,1,4195,0.454520320671062,2
1,53902320,872596,0.35711133480072,0.340708285570145,1,4197,0.512439902452559,2
1,54019859,490862,0.623690843582153,0.388334065675735,1,4199,0.692389967054833,2
1,54100946,912466,0.581700086593628,0.519158780574799,1,4201,0.565033220418989,2
1,54118380,145609,0.593368887901306,0.510838568210602,1,4203,0.584358980826433,2
1,54137397,216584,0.331474393606186,0.456440776586533,1,4205,0.363107779376219,2
1,54138952,888016,0.641420125961304,0.461740255355835,1,4207,0.666908144621007,2
1,54148158,567998,0.286545783281326,0.45487853884697,1,4209,0.314969556497065,2
1,54365844,735492,0.671294331550598,0.649704933166504,1,4211,0.530816018306013,2
1,54379392,357378,0.469788074493408,0.390006333589554,1,4213,0.565395548590968,2
1,54441638,823902,0.695413947105408,0.650978446006775,1,4215,0.563657244932637,2
1,54463542,922570,0.611449062824249,0.418671816587448,1,4217,0.66580758660723,2
1,54486967,651085,0.438088357448578,0.567198932170868,1,4219,0.386185809423037,2
1,54494404,807399,0.403748333454132,0.37904891371727,1,4221,0.519888377911313,2
1,54543029,786808,0.41537344455719,0.351676255464554,1,4223,0.549124522763144,2
1,54547791,400969,0.476819902658463,0.389530211687088,1,4225,0.571493866398047,2
1,54583558,180317,0.268774747848511,0.370060950517654,1,4227,0.363149296720634,2
1,54603157,496790,0.240828678011894,0.343597203493118,1,4229,0.350452034480423,2
1,54735036,158773,0.399445563554764,0.548834800720215,1,4231,0.363903275658346,2
1,54781837,692707,0.425582438707352,0.333486616611481,1,4233,0.569087751567463,2
1,54797450,671560,0.57354998588562,0.574812531471252,1,4235,0.498901776217021,2
1,54813626,538651,0.294528812170029,0.300331562757492,1,4237,0.490339425976102,2
1,54857729,930950,0.503664493560791,0.36364209651947,1,4239,0.610018588812581,2
1,54881566,196187,0.588923931121826,0.531724035739899,1,4241,0.561074985422652,2
1,54890750,715844,0.306081235408783,0.415870279073715,1,4243,0.36800085364423,2
1,54892122,931650,0.595162451267242,0.496468126773834,1,4245,0.598002062770194,2
1,54902330,220052,0.438039064407349,0.449122220277786,1,4247,0.487661314259198,2
1,54912206,1320,0.757119655609131,0.573881506919861,1,4249,0.715008444440839,2
1,54968687,680838,0.391088485717773,0.563818752765656,1,4251,0.346821105008833,2
1,54983548,676824,0.652261257171631,0.520722568035126,1,4253,0.63722604108151,2
1,54988716,496792,0.713459074497223,0.65264880657196,1,4255,0.587534272338495,2
1,54994668,572212,0.709829151630402,0.627981901168823,1,4257,0.610004393225396,2
1,55000747,240631,0.71481591463089,0.565311968326569,1,4259,0.671966945729759,2
1,55038614,914751,0.407128542661667,0.397359639406204,1,4261,0.508105085465764,2
1,55055664,458806,0.592591881752014,0.478298127651215,1,4263,0.609539336696484,2
1,55065136,745549,0.617959320545197,0.542223989963532,1,4265,0.582720947495295,2
1,55068852,659187,0.387247890233994,0.327394366264343,1,4267,0.544493772403617,2
1,55080281,930896,0.423963844776154,0.540993332862854,1,4269,0.391838326853865,2
1,55085066,490794,0.362816721200943,0.479821115732193,1,4271,0.378074983889877,2
1,55085943,154456,0.608562350273132,0.474630773067474,1,4273,0.627464238805577,2
1,55092490,480921,0.44563689827919,0.484460413455963,1,4275,0.459931178999931,2
1,55158755,791705,0.309610575437546,0.405190020799637,1,4277,0.382056022537936,2
1,55160225,470072,0.514210164546967,0.450014173984528,1,4279,0.558361495447551,2
1,55162157,102873,0.547254920005798,0.508647441864014,1,4281,0.539286941222253,2
1,55170865,560324,0.713227450847626,0.669936954975128,1,4283,0.565579131812887,2
1,55176610,496795,0.444846868515015,0.359334230422974,1,4285,0.566737324009442,2
1,55189562,423493,0.568176031112671,0.478960454463959,1,4287,0.58561305702519,2
1,55190851,440333,0.625100195407867,0.491424202919006,1,4289,0.631421897439972,2
1,55192443,335260,0.497088700532913,0.382569789886475,1,4291,0.592738344164746,2
1,55207236,496796,0.457271724939346,0.588923215866089,1,4293,0.388226947605443,2
1,55209378,314368,0.535188138484955,0.462628424167633,1,4295,0.56751353958844,2
1,55213628,685993,0.344786733388901,0.375376850366592,1,4297,0.459254124291605,2
1,55218150,721295,0.684463739395142,0.562309622764587,1,4299,0.639543982440415,2
1,55222206,134859,0.483826458454132,0.583203732967377,1,4301,0.414800550051689,2
1,55232779,471175,0.419940322637558,0.577389121055603,1,4303,0.363654515926632,2
1,55237331,288558,0.378984481096268,0.487566262483597,1,4305,0.388649205510828,2
1,55246913,149606,0.332141637802124,0.41530978679657,1,4307,0.399872153704888,2
1,55253092,816226,0.5989710688591,0.441522508859634,1,4309,0.640962314952004,2
1,55285649,818092,0.455980926752091,0.457317650318146,1,4311,0.498538517412213,2
1,55515885,360673,0.391979277133942,0.383469134569168,1,4313,0.506901635458937,2
1,55558362,121456,0.580626845359802,0.699737310409546,1,4315,0.414889156775112,2
1,55565960,1343,0.340401113033295,0.464632779359818,1,4317,0.366311986750384,2
1,55580089,202635,0.436669498682022,0.508733153343201,1,4319,0.429173424036154,2
1,55592687,215497,0.531465947628021,0.384776890277863,1,4321,0.619216146981548,2
1,55604619,687663,0.808714210987091,0.692233264446259,1,4323,0.689235763785935,2
1,55607521,496807,0.561862647533417,0.648496925830841,1,4325,0.43320378644322,2
1,55611705,133960,0.357413023710251,0.523223519325256,1,4327,0.341549080373114,2
1,55619030,596005,0.413703799247742,0.34025165438652,1,4329,0.555666789730955,2
1,55680539,538655,0.703681826591492,0.509900331497192,1,4331,0.697696007106348,2
1,55689357,786420,0.460858255624771,0.586251795291901,1,4333,0.393054877891935,2
1,55696570,496813,0.486458420753479,0.603406369686127,1,4335,0.403093541261853,2
1,55704335,311217,0.657582402229309,0.555887460708618,1,4337,0.614492310533445,2
1,55707928,690740,0.732623398303986,0.654617547988892,1,4339,0.612926771265995,2
1,55725423,573942,0.575532376766205,0.561035335063934,1,4341,0.516512766129344,2
1,55737787,766881,0.314662009477615,0.408622294664383,1,4343,0.385027950733891,2
1,55739420,260105,0.605898022651672,0.505617558956146,1,4345,0.601419928551458,2
1,55742089,85374,0.357566952705383,0.438946962356567,1,4347,0.407300862484296,2
1,55744347,455658,0.697180151939392,0.493265360593796,1,4349,0.701204709021417,2
1,55749294,151727,0.251825213432312,0.370708763599396,1,4351,0.339653709541711,2
1,55753922,814726,0.586570560932159,0.545611202716827,1,4353,0.54507082751625,2
1,55756897,1358,0.394712775945663,0.521029949188232,1,4355,0.378781274052123,2
1,55760394,757572,0.380104213953018,0.456719964742661,1,4357,0.416123930740786,2
1,55762234,1360,0.483047157526016,0.391538947820663,1,4359,0.5751964397537,2
1,55767931,415116,0.381181448698044,0.439631104469299,1,4361,0.433524203386595,2
1,55770993,121404,0.57967734336853,0.495378792285919,1,4363,0.583526563879946,2
1,55771655,174814,0.553481161594391,0.517756760120392,1,4365,0.53703981571926,2
1,55794772,735391,0.544566512107849,0.395136535167694,1,4367,0.623523725293595,2
1,55798016,839471,0.651574373245239,0.549971759319305,1,4369,0.612884708937659,2
1,55811974,593249,0.385743886232376,0.515056729316711,1,4371,0.374467378325602,2
1,55814549,246117,0.450588971376419,0.32562267780304,1,4373,0.592653096019206,2
1,55825446,582813,0.670178532600403,0.488121330738068,1,4375,0.677832377860988,2
1,55830578,229488,0.492331027984619,0.536508560180664,1,4377,0.458828679097712,2
1,55832013,115215,0.42171636223793,0.503236353397369,1,4379,0.419004270449567,2
1,55833569,374432,0.719371557235718,0.580899357795715,1,4381,0.665201607317636,2
1,55839091,150693,0.652429103851318,0.524724245071411,1,4383,0.634348173092792,2
1,55849667,620204,0.532354176044464,0.502397000789642,1,4385,0.530101481806139,2
1,55876247,97916,0.62095046043396,0.521208584308624,1,4387,0.604160050552816,2
1,55888820,329934,0.516901910305023,0.383231371641159,1,4389,0.608363600641904,2
1,55893768,320673,0.542394578456879,0.486378729343414,1,4391,0.554530305025974,2
1,55923597,303143,0.58726441860199,0.500502586364746,1,4393,0.586849130614918,2
1,55933492,360224,0.382936149835587,0.520877659320831,1,4395,0.367587419985428,2
1,55938707,496822,0.312692731618881,0.447248160839081,1,4397,0.349574083247474,2
1,55946478,893323,0.536861419677734,0.416287213563919,1,4399,0.603282135423136,2
1,55955751,724698,0.433742821216583,0.53132963180542,1,4401,0.408167355303295,2
1,55968247,432353,0.55793571472168,0.465905457735062,1,4403,0.586155399188639,2
1,55980120,404890,0.617556214332581,0.530558705329895,1,4405,0.592660690474431,2
1,56004400,200502,0.66435307264328,0.595668971538544,1,4407,0.584935481412458,2
1,56011849,758638,0.475743889808655,0.550412535667419,1,4409,0.432170289537262,2
1,56042031,1372,0.704258680343628,0.597773790359497,1,4411,0.63236940735327,2
1,56057300,262594,0.26072958111763,0.434004962444305,1,4413,0.300376267185066,2
1,56063753,680547,0.644017457962036,0.508191347122192,1,4415,0.638088370390659,2
1,56064840,746163,0.33484622836113,0.399385243654251,1,4417,0.41920205325739,2
1,56091845,557084,0.379273861646652,0.525653839111328,1,4419,0.360763903377795,2
1,56093033,679065,0.602654337882996,0.638047218322754,1,4421,0.472264685572334,2
1,56093662,1376,0.298321098089218,0.481228977441788,1,4423,0.309957537963624,2
1,56098881,1377,0.524229347705841,0.432542890310288,1,4425,0.580787125431989,2
1,56107825,195468,0.328013330698013,0.429651618003845,1,4427,0.381720115732321,2
1,56132185,138635,0.38565456867218,0.491381257772446,1,4429,0.392418883068973,2
1,56147868,361122,0.593478560447693,0.640526175498962,1,4431,0.463274244792088,2
1,56158875,625800,0.405192196369171,0.374843716621399,1,4433,0.524272714323334,2
1,56164394,690061,0.497974097728729,0.353034794330597,1,4435,0.612014759161713,2
1,56169225,721002,0.618629276752472,0.557490825653076,1,4437,0.569081563325356,2
1,56170625,88836,0.442465096712112,0.486176401376724,1,4439,0.455045838772889,2
1,56218693,254862,0.483609110116959,0.422681748867035,1,4441,0.552767568953828,2
1,56263366,1386,0.688577234745026,0.587783575057983,1,4443,0.622258179912676,2
1,56274828,222300,0.34098345041275,0.456846684217453,1,4445,0.373192432157882,2
1,56278714,173674,0.581365942955017,0.547638952732086,1,4447,0.537278840017978,2
1,56291522,1387,0.373856663703918,0.48937514424324,1,4449,0.38197349017597,2
1,56304011,162547,0.296702951192856,0.382150322198868,1,4451,0.388201885432997,2
1,56338505,1388,0.350693762302399,0.49565327167511,1,4453,0.353769239853087,2
1,56346983,85888,0.70104455947876,0.589330971240997,1,4455,0.636014138411349,2
1,56365636,183599,0.457984268665314,0.397138595581055,1,4457,0.55046406407697,2
1,56378334,496833,0.580397129058838,0.480443060398102,1,4459,0.596191640455543,2
1,56408843,757862,0.298159807920456,0.338717311620712,1,4461,0.440130748696908,2
1,56522954,767881,0.62715220451355,0.672507464885712,1,4463,0.466278991133675,2
1,56565267,895932,0.347649693489075,0.333060652017593,1,4465,0.51093730750451,2
1,56591739,1397,0.148800507187843,0.382204115390778,1,4467,0.194661047848353,2
1,56593642,1399,0.615610420703888,0.559345126152039,1,4469,0.563842814287426,2
1,56598888,360540,0.613046228885651,0.49869167804718,1,4471,0.614056106622177,2
1,56617209,263500,0.3466976583004,0.410248756408691,1,4473,0.422545654172585,2
1,56622127,597652,0.404073983430862,0.474210917949677,1,4475,0.426048798262531,2
1,56649086,226750,0.415042012929916,0.629729866981506,1,4477,0.329539723849643,2
1,56654351,247796,0.690117835998535,0.563231885433197,1,4479,0.645255510113401,2
1,56665281,760067,0.711173355579376,0.617816507816315,1,4481,0.622136159295693,2
1,56677473,270511,0.548792779445648,0.515254139900208,1,4483,0.534594044329266,2
1,56685146,604377,0.419497460126877,0.574105978012085,1,4485,0.365348451499704,2
1,56690540,706341,0.6327965259552,0.676897823810577,1,4487,0.467423962447456,2
1,56693840,893477,0.599074482917786,0.493854075670242,1,4489,0.603942758589706,2
1,56703206,1404,0.487925469875336,0.552967965602875,1,4491,0.441187826625159,2
1,56726527,468668,0.580049335956574,0.514635622501373,1,4493,0.567386191166641,2
1,56728824,645834,0.614903271198273,0.551309049129486,1,4495,0.570866396954748,2
1,56744988,246265,0.678887724876404,0.535508751869202,1,4497,0.654339800355966,2
1,56768779,538660,0.655833721160889,0.674901902675629,1,4499,0.485873368085684,2
1,56786204,176806,0.648925542831421,0.609306812286377,1,4501,0.550703124332545,2
1,56796520,184859,0.486973345279694,0.572637140750885,1,4503,0.425202375662481,2
1,56805056,268909,0.606228411197662,0.492374420166016,1,4505,0.612143670014504,2
1,56809548,496842,0.156776249408722,0.330558091402054,1,4507,0.237138726121874,2
1,56840695,586433,0.654801905155182,0.492280900478363,1,4509,0.660050119081538,2
1,56856743,154790,0.77146327495575,0.638236880302429,1,4511,0.684134848743974,2
1,56872968,350479,0.818542838096619,0.645661890506744,1,4513,0.743949130728718,2
1,56899238,480977,0.539979517459869,0.403206765651703,1,4515,0.614589730526623,2
1,56899507,172695,0.697381496429443,0.559965133666992,1,4517,0.656142584686071,2
1,56903176,436233,0.528087913990021,0.391763806343079,1,4519,0.612065106506829,2
1,56911958,861865,0.307230770587921,0.409842759370804,1,4521,0.374815418307726,2
1,56922085,62477,0.631257653236389,0.513129055500031,1,4523,0.621314076215495,2
1,56930881,496844,0.699951887130737,0.597547233104706,1,4525,0.62722568019103,2
1,56959948,1410,0.296167284250259,0.452247679233551,1,4527,0.327439252703508,2
1,56964512,799209,0.724819839000702,0.617212772369385,1,4529,0.640557284653129,2
1,56982283,1411,0.760757744312286,0.609293103218079,1,4531,0.69383410216425,2
1,56989704,782524,0.519014358520508,0.422514200210571,1,4533,0.583551975083304,2
1,56994466,766024,0.48274552822113,0.592566311359406,1,4535,0.407334604555619,2
1,57004579,915873,0.633765041828156,0.513242423534393,1,4537,0.62380148160085,2
1,57028526,275991,0.41403791308403,0.352701932191849,1,4539,0.54737846746544,2
1,57039264,346773,0.501943826675415,0.414125740528107,1,4541,0.574946189158803,2
1,57043625,538661,0.297363072633743,0.413553267717361,1,4543,0.359522092855246,2
1,57048241,1417,0.661306798458099,0.484898954629898,1,4545,0.671236153968055,2
1,57064108,391129,0.71601128578186,0.630883872509003,1,4547,0.615312508629055,2
1,57135729,766935,0.550751686096191,0.471815556287766,1,4549,0.574724019940496,2
1,57143721,459314,0.265869975090027,0.40655380487442,1,4551,0.3269800600835,2
1,57150398,435875,0.525678217411041,0.640121400356293,1,4553,0.410608219877079,2
1,57167839,824977,0.528823912143707,0.442620515823364,1,4555,0.577329179461712,2
1,57173572,87971,0.666077196598053,0.583894968032837,1,4557,0.598751784106881,2
1,57191814,423119,0.432055830955505,0.550312995910645,1,4559,0.392554631787816,2
1,57200969,880265,0.499832361936569,0.525579750537872,1,4561,0.475505726224276,2
1,57220349,878385,0.357802122831345,0.323789238929749,1,4563,0.525149617441582,2
1,57254416,652452,0.228589847683907,0.376014292240143,1,4565,0.303964307210319,2
1,57273865,297281,0.628705143928528,0.455410569906235,1,4567,0.659105708306215,2
1,57298069,470175,0.334203124046326,0.337259471416473,1,4569,0.495468848721563,2
1,57303609,254092,0.49239519238472,0.443505048751831,1,4571,0.543926852816214,2
1,57311718,570538,0.494844853878021,0.596709609031677,1,4573,0.414644616399794,2
1,57325011,1429,0.609703123569489,0.519559442996979,1,4575,0.593813562633871,2
1,57335662,275428,0.632742762565613,0.560990929603577,1,4577,0.581720216961855,2
1,57346309,123332,0.444958984851837,0.531821250915527,1,4579,0.418335092933803,2
1,57349087,637190,0.440616339445114,0.462126702070236,1,4581,0.476726769380821,2
1,57353417,1431,0.449976742267609,0.568850517272949,1,4583,0.3955140485982,2
1,57386918,235446,0.572881281375885,0.480720460414887,1,4585,0.588739122125466,2
1,57399606,496858,0.621390223503113,0.444223076105118,1,4587,0.65938692286503,2
1,57400136,765214,0.615541994571686,0.695917308330536,1,4589,0.442252252676639,2
1,57409886,335787,0.300479888916016,0.458999782800674,1,4591,0.327320295319728,2
1,57419249,627537,0.561567902565002,0.453865945339203,1,4593,0.598603956580489,2
1,57425745,906577,0.501663506031036,0.302823334932327,1,4595,0.642603862881303,2
1,57427248,572195,0.732092142105103,0.682288885116577,1,4597,0.578378210039645,2
1,57430792,315233,0.415289282798767,0.573333740234375,1,4599,0.362170629125193,2
1,57437278,929665,0.492400109767914,0.436396330595017,1,4601,0.5496836537917,2
1,57439349,874731,0.530096173286438,0.418697506189346,1,4603,0.595818156883202,2
1,57441510,909200,0.31909653544426,0.340395867824554,1,4605,0.468713879348158,2
1,57444441,1436,0.73447972536087,0.562735497951508,1,4607,0.696384827266765,2
1,57449907,813891,0.681706309318543,0.594443440437317,1,4609,0.607584092555823,2
1,57451781,168445,0.437358230352402,0.683334887027741,1,4611,0.320017489707537,2
1,57481946,207949,0.397448003292084,0.485704958438873,1,4613,0.409145507356503,2
1,57487117,1442,0.776134312152863,0.689445972442627,1,4615,0.639570464424617,2
1,57487971,138062,0.481404066085815,0.545002937316895,1,4617,0.441652726181456,2
1,57498034,625106,0.499849885702133,0.462656259536743,1,4619,0.534608783321198,2
1,57499125,438680,0.68235445022583,0.580877542495728,1,4621,0.621058781166681,2
1,57503970,901966,0.484049141407013,0.305452108383179,1,4623,0.628570711378939,2
1,57515832,152426,0.341083973646164,0.505138516426086,1,4625,0.337614300389696,2
1,57552161,702206,0.663869261741638,0.593503832817078,1,4627,0.586551159156313,2
1,57563117,262019,0.415050536394119,0.555439710617065,1,4629,0.373623391036463,2
1,57568368,629551,0.469057559967041,0.465488463640213,1,4631,0.503338652287222,2
1,57573933,1447,0.60983943939209,0.506736278533936,1,4633,0.60451119388196,2
1,57574843,314861,0.673457682132721,0.524997472763062,1,4635,0.656273073148941,2
1,57575474,482837,0.383726060390472,0.493172407150269,1,4637,0.38903845270641,2
1,57588599,162586,0.64340740442276,0.572897911071777,1,4639,0.582544074565311,2
1,57589077,349125,0.320066869258881,0.377614140510559,1,4641,0.42380148797676,2
1,57599061,163709,0.419504702091217,0.538660943508148,1,4643,0.389395878007323,2
1,57601133,428171,0.69752961397171,0.608595490455627,1,4645,0.61360896636016,2
1,57614219,808499,0.371977061033249,0.44050407409668,1,4647,0.422217503658785,2
1,57623323,452118,0.662904918193817,0.497761517763138,1,4649,0.664407354545162,2
1,57625101,367519,0.288407653570175,0.312444537878037,1,4651,0.461534158236359,2
1,57629978,1454,0.473186820745468,0.360712200403214,1,4653,0.587968689855488,2
1,57632803,280639,0.734505414962769,0.664709568023682,1,4655,0.604082670250514,2
1,57646636,360204,0.539066553115845,0.458497703075409,1,4657,0.574393821132448,2
1,57647467,692996,0.638039529323578,0.604309380054474,1,4659,0.54262187119036,2
1,57665512,89067,0.531371057033539,0.374800533056259,1,4661,0.625216456711542,2
1,57700010,635990,0.660630404949188,0.475799381732941,1,4663,0.676297982847937,2
1,57708781,801572,0.432892352342606,0.58327853679657,1,4665,0.371085446346182,2
1,57739400,480941,0.385429739952087,0.325481444597244,1,4667,0.544437840052486,2
1,57775623,218244,0.414367109537125,0.536902904510498,1,4669,0.385886448048655,2
1,57775912,831028,0.344403445720673,0.477200597524643,1,4671,0.360858145931898,2
1,57776392,304586,0.442283481359482,0.522158265113831,1,4673,0.423514775987568,2
1,57777766,427345,0.360573798418045,0.503545939922333,1,4675,0.358034659631711,2
1,57787900,279164,0.355958551168442,0.50549042224884,1,4677,0.352092280586488,2
1,57810371,912174,0.297006100416183,0.3412284553051,1,4679,0.435201249776523,2
1,57859044,538664,0.354616045951843,0.360766887664795,1,4681,0.491475323923482,2
1,57872783,1471,0.461448907852173,0.567710280418396,1,4683,0.406412323123769,2
1,57875598,226293,0.533314287662506,0.634522438049316,1,4685,0.420248564654427,2
1,57879102,654051,0.415820479393005,0.573249280452728,1,4687,0.362687310365752,2
1,57882476,660344,0.373847275972366,0.482840567827225,1,4689,0.387133249443676,2
1,57885452,784757,0.507565140724182,0.625201642513275,1,4691,0.405921151041606,2
1,57902224,406969,0.702357411384583,0.606808125972748,1,4693,0.621504654245744,2
1,57907411,919751,0.648293197154999,0.59656149148941,1,4695,0.564113495085746,2
1,57913462,855044,0.451254099607468,0.647561848163605,1,4697,0.348425483131196,2
1,57935204,428305,0.381138890981674,0.491379857063294,1,4699,0.387825106689895,2
1,57936712,553664,0.429829657077789,0.366512149572372,1,4701,0.549975313230297,2
1,57950866,252435,0.540704011917114,0.361464291810989,1,4703,0.640352150872249,2
1,57963975,422255,0.373325049877167,0.494678199291229,1,4705,0.37734132049084,2
1,57980865,322427,0.491259634494782,0.584771811962128,1,4707,0.420043873905637,2
1,57996920,77353,0.479241669178009,0.487965911626816,1,4709,0.491060602553444,2
1,57999110,450595,0.52271842956543,0.622536420822144,1,4711,0.419829597178515,2
1,58001000,81429,0.559355318546295,0.654636442661285,1,4713,0.427225924264432,2
1,58008085,315165,0.350082337856293,0.453999012708664,1,4715,0.385554073969919,2
1,58015686,695906,0.73347544670105,0.648351430892944,1,4717,0.621035635128932,2
1,58018229,855089,0.671986818313599,0.536135256290436,1,4719,0.646434455156849,2
1,58029674,921723,0.55342435836792,0.444450318813324,1,4721,0.598077672659107,2
1,58032293,239838,0.41461843252182,0.522872805595398,1,4723,0.396481159552457,2
1,58035706,190845,0.595138370990753,0.455940663814545,1,4725,0.627925115808287,2
1,58043873,279397,0.567104697227478,0.413477271795273,1,4727,0.630964596975159,2
1,58053852,739126,0.6129350066185,0.522994458675385,1,4729,0.594276208713798,2
1,58074079,613244,0.552474141120911,0.477263033390045,1,4731,0.571939725459463,2
1,58108646,689409,0.474241048097611,0.65744286775589,1,4733,0.360670920133624,2
1,58117553,1480,0.653669774532318,0.538164019584656,1,4735,0.625050623864109,2
1,58132699,292510,0.324213325977325,0.500280320644379,1,4737,0.324031660449613,2
1,58134155,482120,0.554224908351898,0.45244836807251,1,4739,0.592937847633761,2
1,58134711,1481,0.397032976150513,0.501259505748749,1,4741,0.396035358528963,2
1,58142250,496878,0.628880620002747,0.48169556260109,1,4743,0.64198707051429,2
1,58147805,172346,0.435378015041351,0.601368963718414,1,4745,0.361989095969719,2
1,58149366,218300,0.36296683549881,0.512962877750397,1,4747,0.353794447164095,2
1,58153300,640363,0.620734632015228,0.550735533237457,1,4749,0.577904112117072,2
1,58160395,125808,0.664057791233063,0.530690431594849,1,4751,0.642088898902525,2
1,58174538,496880,0.602901458740234,0.439762860536575,1,4753,0.645597807349855,2
1,58175999,382982,0.399251669645309,0.463518142700195,1,4755,0.430675342414317,2
1,58178507,496881,0.5230513215065,0.536116123199463,1,4757,0.487815324770505,2
1,58182343,401296,0.344489336013794,0.496099591255188,1,4759,0.347197762391012,2
1,58183417,442287,0.488456636667252,0.635883271694183,1,4761,0.384077281484271,2
1,58185396,127984,0.635369837284088,0.435486555099487,1,4763,0.67704032028841,2
1,58185709,149006,0.410047441720963,0.472239881753922,1,4765,0.434151643649861,2
1,58187021,396938,0.371413975954056,0.539962589740753,1,4767,0.343925656157382,2
1,58189936,1482,0.310388177633286,0.499193817377091,1,4769,0.310889444969647,2
1,58197527,342729,0.349506974220276,0.44009855389595,1,4771,0.397078076178941,2
1,58201367,905973,0.411953121423721,0.532618224620819,1,4773,0.386724582806943,2
1,58202784,128797,0.294324398040772,0.378965944051743,1,4775,0.388325656514119,2
1,58212815,554309,0.259994089603424,0.349808126688004,1,4777,0.371623855719217,2
1,58214255,629411,0.618991672992706,0.510376751422882,1,4779,0.610916834408361,2
1,58225892,457055,0.304453194141388,0.495869934558868,1,4781,0.306988963156471,2
1,58233385,764822,0.620804846286774,0.654787838459015,1,4783,0.474050379240231,2
1,58235800,565866,0.335432231426239,0.40251624584198,1,4785,0.416669184028318,2
1,58236973,496883,0.576540887355804,0.425065338611603,1,4787,0.631732837587498,2
1,58245134,133186,0.704894840717316,0.635794997215271,1,4789,0.594863940601727,2
1,58254904,739890,0.301040142774582,0.505341291427612,1,4791,0.297858247367962,2
1,58255642,470043,0.359638810157776,0.447460740804672,1,4793,0.401866328553243,2
1,58255808,796400,0.644232928752899,0.638363599777222,1,4795,0.508114958798481,2
1,58273554,320916,0.513322174549103,0.471720188856125,1,4797,0.539374953211725,2
1,58274868,77381,0.23811200261116,0.367999196052551,1,4799,0.323522449458228,2
1,58275555,247497,0.366875499486923,0.469212949275971,1,4801,0.390947756293852,2
1,58278891,1488,0.590276837348938,0.508727073669434,1,4803,0.582998430514601,2
1,58294259,727467,0.681907892227173,0.540903806686401,1,4805,0.653567038449015,2
1,58296573,714730,0.613909482955933,0.566768229007721,1,4807,0.554406506060531,2
1,58298604,590013,0.369783878326416,0.598305821418762,1,4809,0.309025806776832,2
1,58300597,162010,0.32057911157608,0.506800651550293,1,4811,0.31627732777714,2
1,58302888,207443,0.694995284080505,0.61579030752182,1,4813,0.603075193194382,2
1,58307728,354682,0.362049639225006,0.478200435638428,1,4815,0.378554275825415,2
1,58351772,895270,0.410818099975586,0.565025448799133,1,4817,0.363539466097245,2
1,58355567,1490,0.467192351818085,0.591043829917908,1,4819,0.395226485896126,2
1,58374454,1491,0.588728725910187,0.558221340179443,1,4821,0.534527907870352,2
1,58383516,804413,0.291486650705338,0.448210954666138,1,4823,0.325166807806448,2
1,58403715,833871,0.333655118942261,0.337834984064102,1,4825,0.493813747363345,2
1,58424338,391116,0.711135983467102,0.631931841373444,1,4827,0.607594395545119,2
1,58426951,151064,0.501218497753143,0.619254112243652,1,4829,0.404695332532514,2
1,58441501,359356,0.600415647029877,0.484360843896866,1,4831,0.612534901354348,2
1,58446103,257201,0.272953122854233,0.434092104434967,1,4833,0.314395401420075,2
1,58462850,742747,0.333702445030212,0.426454365253449,1,4835,0.391252232618006,2
1,58476016,319414,0.39191460609436,0.487498462200165,1,4837,0.401964966541209,2
1,58477232,216818,0.529207706451416,0.376791507005692,1,4839,0.622283474277938,2
1,58479699,774513,0.657000780105591,0.570109069347382,1,4841,0.601062507443805,2
1,58492094,726660,0.659067511558533,0.684759557247162,1,4843,0.481240097040839,2
1,58505054,400901,0.255521237850189,0.396224468946457,1,4845,0.322445050566424,2
1,58505609,879359,0.714228630065918,0.53444242477417,1,4847,0.693086972330478,2
1,58515058,892231,0.536172449588776,0.582873344421387,1,4849,0.459939071429857,2
1,58518904,92968,0.571250677108765,0.457307904958725,1,4851,0.604979207538829,2
1,58529236,295598,0.408393621444702,0.439532101154327,1,4853,0.464577695658807,2
1,58531198,774373,0.592042028903961,0.460559666156769,1,4855,0.62186923603807,2
1,58542345,770083,0.624559581279755,0.375024557113647,1,4857,0.699635863301819,2
1,58566605,810462,0.561945796012878,0.524567246437073,1,4859,0.539310027859553,2
1,58575196,318236,0.628194630146027,0.499611139297485,1,4861,0.628483566428735,2
1,58592403,854677,0.594340682029724,0.515300929546356,1,4863,0.581534871120541,2
1,58593906,496891,0.36836177110672,0.508207321166992,1,4865,0.362412893089432,2
1,58599634,477025,0.699181318283081,0.628321349620819,1,4867,0.595324238545813,2
1,58609600,778595,0.53909695148468,0.646853387355804,1,4869,0.416707218376324,2
1,58618073,292632,0.614633440971375,0.630568563938141,1,4871,0.487364480345131,2
1,58623846,130204,0.638962268829346,0.614361584186554,1,4873,0.531896050333705,2
1,58624579,168460,0.43183633685112,0.501049935817719,1,4875,0.430931436151527,2
1,58636238,806569,0.554421007633209,0.531659483909607,1,4877,0.524300186447257,2
1,58640030,122128,0.732562780380249,0.613576233386993,1,4879,0.653958629455131,2
1,58681238,496893,0.437419682741165,0.33534899353981,1,4881,0.576785176136996,2
1,58687568,813012,0.580605268478394,0.631136775016785,1,4883,0.459967863909493,2
1,58689406,628879,0.405171394348145,0.472199320793152,1,4885,0.42902581230695,2
1,58704294,753033,0.557710289955139,0.371597319841385,1,4887,0.64808416322061,2
1,58710700,908446,0.619610369205475,0.426380097866058,1,4889,0.668430584974976,2
1,58712090,748848,0.311661303043366,0.322939246892929,1,4891,0.482538598268759,2
1,58715618,218346,0.294794023036957,0.44941583275795,1,4893,0.327974674621365,2
1,58716083,356415,0.475424200296402,0.589681804180145,1,4895,0.403119272908039,2
1,58724834,409656,0.635988533496857,0.513547003269196,1,4897,0.625851347458569,2
1,58755375,419172,0.614208817481995,0.39998871088028,1,4899,0.67851339673625,2
1,58760416,178598,0.475203633308411,0.540579259395599,1,4901,0.439531877193843,2
1,58775048,474269,0.622784614562988,0.46306923031807,1,4903,0.648729960418856,2
1,58775554,222870,0.56512176990509,0.446403950452805,1,4905,0.607224229245665,2
1,58777979,111860,0.243202537298203,0.350853383541107,1,4907,0.346587133981149,2
1,58793902,239793,0.406612694263458,0.542840957641602,1,4909,0.374522858435375,2
1,58794626,304831,0.624324679374695,0.599674344062805,1,4911,0.53078785352163,2
1,58800136,288319,0.410646736621857,0.487676411867142,1,4913,0.421023784039128,2
1,58803399,750485,0.702210783958435,0.626330435276032,1,4915,0.601534023433855,2
1,58808694,303494,0.460611164569855,0.483448445796967,1,4917,0.476380851540991,2
1,58809213,885159,0.387929618358612,0.317431002855301,1,4919,0.551642116619872,2
1,58835629,187174,0.609599232673645,0.585089445114136,1,4921,0.529536230484967,2
1,58858809,798142,0.579830527305603,0.500196278095245,1,4923,0.579665522404346,2
1,58872457,739526,0.553060829639435,0.348163664340973,1,4925,0.657169180428784,2
1,58882755,229207,0.371574431657791,0.498288720846176,1,4927,0.372850534351647,2
1,58900781,319063,0.482783317565918,0.549653708934784,1,4929,0.439170435601663,2
1,58909798,496898,0.278880268335342,0.430446088314056,1,4931,0.323943318230214,2
1,58913613,657510,0.256547778844833,0.304980456829071,1,4933,0.420597079419777,2
1,58931650,280726,0.348555713891983,0.449880003929138,1,4935,0.387387426477934,2
1,58935381,570511,0.691913664340973,0.633632183074951,1,4937,0.579539575494352,2
1,58937630,481220,0.35429173707962,0.486671715974808,1,4939,0.363994583463692,2
1,58974408,809126,0.525764167308807,0.522121667861939,1,4941,0.50381111592837,2
1,58982192,188419,0.398699373006821,0.449095189571381,1,4943,0.443891832138463,2
1,59002621,1520,0.328054815530777,0.469073742628098,1,4945,0.349683627240327,2
1,59004541,390248,0.717790067195892,0.617546856403351,1,4947,0.631052930889571,2
1,59031467,432140,0.30390390753746,0.459191083908081,1,4949,0.330912247850063,2
1,59056273,438163,0.575332999229431,0.505757033824921,1,4951,0.570386399166138,2
1,59087790,496900,0.401082992553711,0.335838317871094,1,4953,0.549118066005767,2
1,59132991,496901,0.443678826093674,0.359419375658035,1,4955,0.565768029217395,2
1,59195691,369666,0.692992329597473,0.609812140464783,1,4957,0.606589924699058,2
1,59230403,496905,0.567093133926392,0.4110948741436,1,4959,0.632447700770082,2
1,59237426,405094,0.68595826625824,0.539561569690704,1,4961,0.658975323225295,2
1,59244574,384508,0.528369903564453,0.379738330841064,1,4963,0.619813604575091,2
1,59247142,125665,0.344632625579834,0.46464729309082,1,4965,0.370854011961791,2
1,59255843,62488,0.597695052623749,0.496912449598312,1,4967,0.600164079736188,2
1,59257865,167183,0.459969431161881,0.598506033420563,1,4969,0.38426465689333,2
1,59258242,791368,0.327615767717361,0.375846982002258,1,4971,0.435836634861409,2
1,59258778,496906,0.601460039615631,0.480523884296417,1,4973,0.616402036266304,2
1,59262391,594362,0.45721572637558,0.678462624549866,1,4975,0.336949825849969,2
1,59291237,714951,0.391620486974716,0.451525330543518,1,4977,0.433663917042382,2
1,59294946,629452,0.385806560516357,0.442052245140076,1,4979,0.436381179778993,2
1,59298159,426841,0.537069201469421,0.411404192447662,1,4981,0.60674983359492,2
1,59305924,129812,0.349595695734024,0.518707454204559,1,4983,0.336987345082722,2
1,59308400,118055,0.65448385477066,0.644635915756226,1,4985,0.513856125943892,2
1,59318627,436106,0.684115529060364,0.662860751152039,1,4987,0.53152225375858,2
1,59323567,247114,0.621276438236237,0.477550178766251,1,4989,0.63755030017101,2
1,59326595,1524,0.343478053808212,0.410874783992767,1,4991,0.417983856870441,2
1,59342490,647358,0.577388644218445,0.611419975757599,1,4993,0.472170248856372,2
1,59361930,910091,0.427287340164185,0.313956618309021,1,4995,0.582597343608084,2
1,59426218,633992,0.638377904891968,0.468567818403244,1,4997,0.659766469146174,2
1,59461536,496921,0.660547494888306,0.53676176071167,1,4999,0.633609149329735,2
1,59466058,768456,0.470895886421204,0.451767355203629,1,5001,0.517445633162432,2
1,59667572,382289,0.621602892875671,0.488940119743347,1,5003,0.629791809391985,2
1,59683138,794496,0.414423316717148,0.550909280776978,1,5005,0.376126642968025,2
1,59709166,848703,0.404137313365936,0.43679615855217,1,5007,0.462615461987479,2
1,59718938,365955,0.251877546310425,0.324380815029144,1,5009,0.388243593086408,2
1,59723610,130949,0.520058393478394,0.495996952056885,1,5011,0.523870333244715,2
1,59724843,296142,0.527736067771912,0.4374720454216,1,5013,0.580230699306279,2
1,59738381,131055,0.431976944208145,0.558210790157318,1,5015,0.386929948171015,2
1,59749607,386149,0.592773914337158,0.527943432331085,1,5017,0.568668128404839,2
1,59793506,218653,0.495668530464172,0.38002410531044,1,5019,0.593265259298217,2
1,59813177,167195,0.413544267416,0.481857538223267,1,5021,0.429114660051646,2
1,59838320,147984,0.459401398897171,0.663728058338165,1,5023,0.34607652420738,2
1,59915680,321619,0.457228779792786,0.308360815048218,1,5025,0.607619672210262,2
1,59925273,639260,0.488530069589615,0.417798548936844,1,5027,0.560744885231399,2
1,59936784,442202,0.319207966327667,0.495292693376541,1,5029,0.322241747754789,2
1,59956261,804237,0.349441230297089,0.346912384033203,1,5031,0.501936069680438,2
1,59971018,496928,0.478464901447296,0.37654435634613,1,5033,0.581738409250611,2
1,59994968,133520,0.492410600185394,0.587507486343384,1,5035,0.419067511164949,2
1,60000216,392662,0.665127158164978,0.533266603946686,1,5037,0.641258966396343,2
1,60048810,261337,0.556790709495544,0.425029575824738,1,5039,0.614580792446677,2
1,60055728,142330,0.546484231948853,0.485174089670181,1,5041,0.559544538307516,2
1,60056880,370145,0.331810027360916,0.400651663541794,1,5043,0.414087919201044,2
1,60130557,707506,0.569293200969696,0.379074782133102,1,5045,0.65317337206086,2
1,60181645,672035,0.504714667797089,0.549248516559601,1,5047,0.45945929081296,2
1,60210400,905942,0.55121660232544,0.486756145954132,1,5049,0.562797104985447,2
1,60214365,335242,0.646320641040802,0.56375914812088,1,5051,0.59462833726402,2
1,60224450,678834,0.654045224189758,0.629238069057465,1,5053,0.533454291098914,2
1,60233031,861260,0.362008929252625,0.462889283895493,1,5055,0.39103187505887,2
1,60321647,774245,0.39886263012886,0.410170584917069,1,5057,0.486215546404316,2
1,60532453,651125,0.682945787906647,0.470773786306381,1,5059,0.700454924671491,2
1,60570476,306298,0.342817187309265,0.567786276340485,1,5061,0.301889286157815,2
1,60590507,200587,0.368679851293564,0.472999840974808,1,5063,0.389725132395129,2
1,60608642,200203,0.723386466503143,0.616464912891388,1,5065,0.639389533325117,2
1,60634369,496939,0.399966448545456,0.532063364982605,1,5067,0.37586354828107,2
1,60640529,214041,0.471078544855118,0.355166614055634,1,5069,0.589877426732279,2
1,60712415,709877,0.461974531412125,0.57031923532486,1,5071,0.405013984096976,2
1,60748394,147414,0.327558040618897,0.508490264415741,1,5073,0.322088802423054,2
1,60756208,884242,0.41624903678894,0.493991047143936,1,5075,0.42131232862977,2
1,60766803,652757,0.426397651433945,0.552889347076416,1,5077,0.385608489012008,2
1,60778638,727383,0.50449401140213,0.496131032705307,1,5079,0.508298763408396,2
1,60797614,131626,0.295141696929932,0.498206228017807,1,5081,0.296204343033005,2
1,60831689,896235,0.519680261611939,0.583725392818451,1,5083,0.445141044064164,2
1,60834584,469705,0.322943598031998,0.452586561441422,1,5085,0.356775505003363,2
1,60835062,168499,0.389968067407608,0.570673763751984,1,5087,0.341673379939269,2
1,60840806,855482,0.354826599359512,0.461291968822479,1,5089,0.384600885492613,2
1,60849705,1565,0.654500246047974,0.579359352588654,1,5091,0.589317204509054,2
1,60860508,155932,0.546553790569305,0.359985411167145,1,5093,0.645753223955716,2
1,60885021,650911,0.458834081888199,0.471864312887192,1,5095,0.486192820008717,2
1,60893908,765586,0.57365620136261,0.523135960102081,1,5097,0.552971326241483,2
1,60901183,231332,0.405513852834702,0.526763141155243,1,5099,0.384910998086702,2
1,60905373,457067,0.600173830986023,0.526623606681824,1,5101,0.57768683160206,2
1,60915238,776272,0.333129078149796,0.36775267124176,1,5103,0.452925436306072,2
1,60922455,577755,0.394193679094315,0.526506900787354,1,5105,0.374348065053683,2
1,60937375,912374,0.289841592311859,0.453816741704941,1,5107,0.319337703610223,2
1,60941983,1568,0.678606331348419,0.614151239395142,1,5109,0.583523777363231,2
1,60980962,496947,0.363774031400681,0.528986155986786,1,5111,0.343840786080768,2
1,60997969,737367,0.528066158294678,0.389486372470856,1,5113,0.613494424673761,2
1,61026578,432321,0.665609776973724,0.526986360549927,1,5115,0.646532155589595,2
1,61070849,849321,0.334867060184479,0.30490317940712,1,5117,0.521553746103889,2
1,61141543,663461,0.32517471909523,0.47318971157074,1,5119,0.343598678441065,2
1,61146384,341158,0.396166324615479,0.533040046691895,1,5121,0.37161028244888,2
1,61215777,496956,0.409249544143677,0.36365133523941,1,5123,0.535828007057594,2
1,61231954,740187,0.729043304920197,0.590224027633667,1,5125,0.669384354681523,2
1,61252588,575142,0.601677060127258,0.535776913166046,1,5127,0.570978963380147,2
1,61254532,698756,0.372691243886948,0.389115035533905,1,5129,0.47889596886892,2
1,61257585,496959,0.618588626384735,0.682170331478119,1,5131,0.453397485818816,2
1,61444056,890260,0.606855571269989,0.500829577445984,1,5133,0.606202199723214,2
1,61454896,257734,0.328119665384293,0.473845779895783,1,5135,0.34623043963424,2
1,61457106,146958,0.337584853172302,0.505131661891937,1,5137,0.334155309041509,2
1,61481566,439373,0.526258587837219,0.411544620990753,1,5139,0.597470403821955,2
1,61493236,496962,0.567116141319275,0.489822894334793,1,5141,0.575751387240026,2
1,61510858,1585,0.366515100002289,0.514506638050079,1,5143,0.356181118859164,2
1,61554361,288084,0.512953460216522,0.657131969928742,1,5145,0.390297142499509,2
1,61588387,102160,0.365367203950882,0.447196751832962,1,5147,0.408508338279875,2
1,61592660,1589,0.426249951124191,0.461757689714432,1,5149,0.461551545993528,2
1,61596052,645325,0.43392351269722,0.467282086610794,1,5151,0.464305742859175,2
1,61603807,264717,0.434266000986099,0.472102850675583,1,5153,0.459927323426094,2
1,61616860,306166,0.622029483318329,0.547928035259247,1,5155,0.581957579587551,2
1,61646265,1596,0.580521464347839,0.496118128299713,1,5157,0.583753098482505,2
1,61650033,1598,0.482426404953003,0.536486327648163,1,5159,0.449616681815409,2
1,61723367,795239,0.268730193376541,0.31247690320015,1,5161,0.430000090605757,2
1,61727414,594558,0.349606424570084,0.319388955831528,1,5163,0.522198779315632,2
1,61729801,474782,0.335582166910172,0.427995175123215,1,5165,0.392039661210622,2
1,61737015,181055,0.645074486732483,0.591588199138641,1,5167,0.565480830231933,2
1,61744037,180394,0.32268038392067,0.457719653844833,1,5169,0.352486922082286,2
1,61748209,584498,0.370905578136444,0.538029909133911,1,5171,0.344688624033472,2
1,61751282,298566,0.267094343900681,0.329732358455658,1,5173,0.405016882710041,2
1,61832248,1603,0.190022870898247,0.353739947080612,1,5175,0.268591195971066,2
1,61874895,411730,0.668124794960022,0.591482520103455,1,5177,0.593805379975389,2
1,61886769,904928,0.544396817684174,0.331371933221817,1,5179,0.659299986828871,2
1,61997661,550303,0.483790636062622,0.564046323299408,1,5181,0.428857184311275,2
1,62019977,396614,0.598442077636719,0.506437122821808,1,5183,0.593204897561303,2
1,62020783,452194,0.306211143732071,0.444828987121582,1,5185,0.344189736502464,2
1,62025694,303460,0.616701006889343,0.506724059581757,1,5187,0.611476091064099,2
1,62033756,766791,0.606619775295258,0.426134824752808,1,5189,0.657253792639278,2
1,62047119,1612,0.586693644523621,0.524867832660675,1,5191,0.565061698736545,2
1,62053573,480208,0.282916605472565,0.391104131937027,1,5193,0.361689614568069,2
1,62144815,564899,0.370307892560959,0.466737329959869,1,5195,0.396698387712847,2
1,62148216,734742,0.608223497867584,0.548542380332947,1,5197,0.566098250350334,2
1,62152239,581450,0.357803255319595,0.461202353239059,1,5199,0.387902677432927,2
1,62173075,236603,0.643276512622833,0.513509809970856,1,5201,0.633370317954617,2
1,62192315,340111,0.315360605716705,0.48332092165947,1,5203,0.326243487074719,2
1,62199063,184769,0.434226006269455,0.302031517028809,1,5205,0.594699468862767,2
1,62200476,1621,0.626473009586334,0.467742532491684,1,5207,0.6491106154299,2
1,62255077,734854,0.53859144449234,0.581482231616974,1,5209,0.463119434444829,2
1,62261110,804657,0.295417070388794,0.420389145612717,1,5211,0.351361439123534,2
1,62269431,847561,0.545003294944763,0.378409117460251,1,5213,0.634006291086372,2
1,62271413,614639,0.277924418449402,0.435191690921783,1,5215,0.319312643424703,2
1,62272746,470169,0.247556984424591,0.397425621747971,1,5217,0.311450710369122,2
1,62277303,166578,0.770545721054077,0.621374011039734,1,5219,0.696990848969427,2
1,62277546,440185,0.438804030418396,0.570424437522888,1,5221,0.384629410622673,2
1,62295811,127081,0.406234353780746,0.445106744766235,1,5223,0.456333630704805,2
1,62307526,140146,0.421368628740311,0.521375298500061,1,5225,0.404093394865984,2
1,62329167,595987,0.345148026943207,0.379190772771835,1,5227,0.455111320906123,2
1,62348569,321295,0.71685916185379,0.542835414409638,1,5229,0.690329427223049,2
1,62382874,823475,0.580881237983704,0.494480282068253,1,5231,0.585457552742895,2
1,62419346,575386,0.429916501045227,0.533757925033569,1,5233,0.402726105676266,2
1,62447446,655017,0.685119867324829,0.623601138591766,1,5235,0.581720131276302,2
1,62453569,586466,0.387643337249756,0.496647626161575,1,5237,0.39025993161965,2
1,62476274,807916,0.366590470075607,0.497792333364487,1,5239,0.368216267612932,2
1,62485834,846527,0.31594181060791,0.377440273761749,1,5241,0.418532192469929,2
1,62488911,632582,0.611416637897492,0.456255614757538,1,5243,0.642678276181892,2
1,62489394,538674,0.699611663818359,0.672409415245056,1,5245,0.541518666651626,2
1,62501970,496981,0.342836678028107,0.452018916606903,1,5247,0.379228241819638,2
1,62506677,609910,0.486533403396606,0.542458951473236,1,5249,0.448451815639926,2
1,62514453,496982,0.630424201488495,0.617841362953186,1,5251,0.516462847251791,2
1,62515553,1628,0.626452147960663,0.49179795384407,1,5253,0.632480964151094,2
1,62522460,1631,0.660602509975433,0.570477843284607,1,5255,0.604912709719122,2
1,62523098,1632,0.611592650413513,0.526466846466065,1,5257,0.589883679011873,2
1,62531957,214305,0.643490135669708,0.569694101810455,1,5259,0.585748341086818,2
1,62532547,340401,0.609186470508575,0.468409329652786,1,5261,0.632411222307419,2
1,62533213,635298,0.589228928089142,0.456665575504303,1,5263,0.621990570271596,2
1,62534235,444301,0.385837584733963,0.533219397068024,1,5265,0.361800027207882,2
1,62534440,195892,0.344797909259796,0.514813959598541,1,5267,0.334876223566931,2
1,62537637,271383,0.587063491344452,0.477548658847809,1,5269,0.604808643284486,2
1,62538589,1634,0.356547206640244,0.488589107990265,1,5271,0.364874288854744,2
1,62545370,496985,0.396254599094391,0.303010940551758,1,5273,0.566890331547275,2
1,62555091,601779,0.576873421669006,0.500082075595856,1,5275,0.576803953533651,2
1,62563887,253921,0.406309962272644,0.499872416257858,1,5277,0.406413665825331,2
1,62575206,564042,0.751589775085449,0.626966178417206,1,5279,0.667040613287371,2
1,62592205,905029,0.267494559288025,0.379388213157654,1,5281,0.352534093062175,2
1,62620678,91338,0.350964695215225,0.418126732110977,1,5283,0.419686985143626,2
1,62647901,403147,0.538570761680603,0.649310350418091,1,5285,0.414725224489196,2
1,62668372,332974,0.470582008361816,0.43803146481514,1,5287,0.528961179771363,2
1,62670730,1635,0.617817044258118,0.529845118522644,1,5289,0.593556324948751,2
1,62755479,733742,0.360893458127975,0.422966867685318,1,5291,0.426621427941817,2
1,62770161,829355,0.293800055980682,0.432231694459915,1,5293,0.339864081864465,2
1,62822139,163373,0.375062555074692,0.545532166957855,1,5295,0.343758423234891,2
1,62822407,257448,0.440074801445007,0.400033533573151,1,5297,0.533369588229094,2
1,62879355,106295,0.576376974582672,0.362137734889984,1,5299,0.667935345458739,2
1,62890784,213848,0.627237915992737,0.507942795753479,1,5301,0.621220784097585,2
1,62907715,924543,0.215549156069756,0.345019549131393,1,5303,0.312372380945388,2
1,62931643,458828,0.431391984224319,0.405925035476685,1,5305,0.521434120496956,2
1,62950284,435387,0.286672919988632,0.44361799955368,1,5307,0.323107854366878,2
1,62968280,637487,0.606376230716705,0.548794269561768,1,5309,0.563808986976973,2
1,62983488,870900,0.446572601795197,0.332163095474243,1,5311,0.58565677154529,2
1,62986735,610108,0.577535331249237,0.464538216590881,1,5313,0.60551370626204,2
1,63002723,919684,0.46755838394165,0.514510452747345,1,5315,0.4543720943326,2
1,63011784,901763,0.288609504699707,0.460965603590012,1,5317,0.31304885055632,2
1,63025310,118673,0.291316688060761,0.41861030459404,1,5319,0.347956900324365,2
1,63025417,139582,0.626387596130371,0.497937828302383,1,5321,0.627922172859252,2
1,63057621,303492,0.638961613178253,0.603533923625946,1,5323,0.544679345426369,2
1,63065458,461819,0.43844798207283,0.491291165351868,1,5325,0.446220096140757,2
1,63069349,105606,0.434912443161011,0.581959426403046,1,5327,0.373662169070018,2
1,63085907,641529,0.343955814838409,0.516554176807404,1,5329,0.332932952903653,2
1,63106019,452240,0.641181528568268,0.453132718801498,1,5331,0.671932767082578,2
1,63113433,646810,0.549059510231018,0.460452198982239,1,5333,0.582112568229949,2
1,63127560,797650,0.649684548377991,0.579107224941254,1,5335,0.583842403123796,2
1,63177290,597005,0.606196045875549,0.469224900007248,1,5337,0.629029362784889,2
1,63183896,311618,0.393149316310883,0.534921407699585,1,5339,0.36748325141969,2
1,63186490,664901,0.698148906230927,0.548880338668823,1,5341,0.665442320915073,2
1,63186989,185412,0.474402368068695,0.362500458955765,1,5343,0.58776626641145,2
1,63187358,420888,0.385029226541519,0.542374551296234,1,5345,0.354947725350801,2
1,63190155,810822,0.659199416637421,0.517797946929932,1,5347,0.646620559584119,2
1,63212426,496994,0.441002696752548,0.522722840309143,1,5349,0.421832243346909,2
1,63213385,1641,0.669104993343353,0.561649084091187,1,5351,0.622568364011951,2
1,63219665,62501,0.526849389076233,0.394926726818085,1,5353,0.609013790647538,2
1,63229950,203555,0.388795465230942,0.357796043157578,1,5355,0.524135184580442,2
1,63240545,884900,0.49187245965004,0.434333086013794,1,5357,0.550859765891884,2
1,63245961,893446,0.477487981319428,0.586392521858215,1,5359,0.407140237571856,2
1,63264950,258694,0.345841228961945,0.457825869321823,1,5361,0.377699527414472,2
1,63272824,720112,0.293852865695953,0.391021877527237,1,5363,0.375749903757604,2
1,63277917,837458,0.555558085441589,0.412641435861588,1,5365,0.621660479906038,2
1,63278568,600179,0.35917329788208,0.538393080234528,1,5367,0.33356047009893,2
1,63285233,338032,0.367844223976135,0.46280711889267,1,5369,0.397405537814818,2
1,63289818,255459,0.249181687831879,0.433595478534699,1,5371,0.287343503527722,2
1,63292703,80032,0.329060107469559,0.301814466714859,1,5373,0.519511748278786,2
1,63301681,264538,0.685855984687805,0.521312892436981,1,5375,0.671869149650288,2
1,63318903,785072,0.373168855905533,0.521016597747803,1,5377,0.358116092192292,2
1,63320261,1645,0.672729432582855,0.56101804971695,1,5379,0.627239152764568,2
1,63322102,496999,0.334199607372284,0.505777955055237,1,5381,0.330381745617783,2
1,63322496,279045,0.652867019176483,0.528625667095184,1,5383,0.631786293194698,2
1,63334401,482606,0.474648296833038,0.522031724452972,1,5385,0.454616333260602,2
1,63336598,333923,0.58816134929657,0.513756394386292,1,5387,0.57650995720177,2
1,63340967,902139,0.414231061935425,0.404878854751587,1,5389,0.507857397824383,2
1,63345979,823617,0.450054198503494,0.5720134973526,1,5391,0.393394736825652,2
1,63398790,625479,0.595704138278961,0.367589801549912,1,5393,0.680353145227664,2
1,63403386,405127,0.437709480524063,0.600343465805054,1,5395,0.364549216786344,2
1,63430237,344126,0.760120272636414,0.60085940361023,1,5397,0.699504723982852,2
1,63441342,423833,0.370794862508774,0.473466157913208,1,5399,0.391574832025001,2
1,63457048,765098,0.513015866279602,0.470523744821549,1,5401,0.540126560013284,2
1,63475918,357651,0.576951384544373,0.465839117765427,1,5403,0.604006368188294,2
1,63549609,823917,0.288899540901184,0.474488168954849,1,5405,0.304432818143328,2
1,63573557,657848,0.521044850349426,0.365525752305985,1,5407,0.622557454939009,2
1,63591410,497006,0.600505828857422,0.46668341755867,1,5409,0.625462451107522,2
1,63599614,414935,0.260763198137283,0.334441065788269,1,5411,0.38984925120166,2
1,63612505,824081,0.457336336374283,0.461562424898148,1,5413,0.495421975126336,2
1,63617098,1656,0.665611088275909,0.499160528182983,1,5415,0.666171567397686,2
1,63644346,146308,0.336259603500366,0.553191423416138,1,5417,0.303926985548559,2
1,63673489,1660,0.372403115034103,0.475925326347351,1,5419,0.391241119580919,2
1,63679468,317696,0.641440153121948,0.526065111160278,1,5421,0.621720350915849,2
1,63697407,687597,0.374991983175278,0.555135667324066,1,5423,0.33774805443763,2
1,63730892,487772,0.595374643802643,0.596401572227478,1,5425,0.499139062946297,2
1,63736487,589352,0.266411393880844,0.312924057245255,1,5427,0.425680588808236,2
1,63755548,360646,0.386037707328796,0.561647415161133,1,5429,0.343665524765252,2
1,63770221,227666,0.220986917614937,0.425091147422791,1,5431,0.259928863438723,2
1,63790993,897807,0.270541429519653,0.531556129455566,1,5433,0.254480584954169,2
1,63840924,382478,0.563469350337982,0.443774968385696,1,5435,0.607595285315462,2
1,63870653,315412,0.604531228542328,0.512629568576813,1,5437,0.594283171526379,2
1,63875178,917699,0.676363468170166,0.695199370384216,1,5439,0.486452877392826,2
1,63884838,764349,0.305625021457672,0.353512138128281,1,5441,0.432269487372975,2
1,63900422,572462,0.379218637943268,0.322623431682587,1,5443,0.541775290811478,2
1,63914296,672561,0.306295603513718,0.384878277778626,1,5445,0.397912302665588,2
1,63922767,551816,0.640093863010407,0.51479184627533,1,5447,0.629121919915405,2
1,63936279,616896,0.400451481342316,0.450933575630188,1,5449,0.444024910745089,2
1,63937894,1667,0.377604186534882,0.50774210691452,1,5451,0.371846436795966,2
1,63938801,795121,0.668508470058441,0.57401567697525,1,5453,0.610911115709886,2
1,63939825,322867,0.664833188056946,0.490056484937668,1,5455,0.671368688841856,2
1,64011312,198504,0.541599154472351,0.50785756111145,1,5457,0.534280312664259,2
1,64083788,84796,0.457479566335678,0.585510432720184,1,5459,0.390667305627932,2
1,64088067,77163,0.668258607387543,0.591614067554474,1,5461,0.593838369228465,2
1,64098139,86538,0.449209332466126,0.55573433637619,1,5463,0.404158338852437,2
1,64141178,882067,0.622482419013977,0.657271444797516,1,5465,0.473535267613629,2
1,64260828,229103,0.395139276981354,0.495768636465073,1,5467,0.398511773353367,2
1,64293093,289634,0.418877810239792,0.477181643247604,1,5469,0.438908135054182,2
1,64303338,928344,0.512706995010376,0.577344000339508,1,5471,0.444022103554274,2
1,64310331,414880,0.750011146068573,0.573514938354492,1,5473,0.706919565990313,2
1,64368613,598627,0.310075849294663,0.302282154560089,1,5475,0.505585133579076,2
1,64414660,676300,0.359816938638687,0.344963043928146,1,5477,0.511338211205378,2
1,64433950,310827,0.715335845947266,0.69288170337677,1,5479,0.536556178543218,2
1,64465693,809918,0.261555165052414,0.368853121995926,1,5481,0.354551919795467,2
1,64477516,153770,0.664594054222107,0.572521805763245,1,5483,0.607692333433818,2
1,64480256,112622,0.278311401605606,0.436248421669006,1,5485,0.318982703181868,2
1,64486353,916620,0.286521732807159,0.449018895626068,1,5487,0.319053090636265,2
1,64498375,313983,0.650410652160645,0.547855615615845,1,5489,0.613409609946262,2
1,64551346,884604,0.338243722915649,0.311635971069336,1,5491,0.519326802918252,2
1,64567026,293273,0.536474585533142,0.562690436840057,1,5493,0.476704907716099,2
1,64686199,538678,0.485928058624268,0.550230920314789,1,5495,0.44156738624055,2
1,64698479,583823,0.466887265443802,0.610381841659546,1,5497,0.382455074494351,2
1,64705776,538679,0.212058320641518,0.331782400608063,1,5499,0.319574396129625,2
1,64717860,497030,0.540019273757935,0.506344735622406,1,5501,0.534107342274559,2
1,64753644,1701,0.323711574077606,0.461420506238937,1,5503,0.350777186644994,2
1,64759387,666459,0.640763103961945,0.487193018198013,1,5505,0.649734784444911,2
1,64776366,293966,0.557573914527893,0.401118189096451,1,5507,0.630623206935767,2
1,64778207,557435,0.391260057687759,0.43451115489006,1,5509,0.450230164731623,2
1,64786174,497032,0.292955011129379,0.418054968118668,1,5511,0.350378578740179,2
1,64795033,767478,0.28668287396431,0.420847088098526,1,5513,0.340602183158261,2
1,64802042,443373,0.428884625434876,0.562537372112274,1,5515,0.381205451136922,2
1,64876098,457525,0.544836163520813,0.459943741559982,1,5517,0.578595906106196,2
1,64888400,1704,0.445807427167892,0.520195305347443,1,5519,0.428500048525173,2
1,64931726,492347,0.637654960155487,0.508626163005829,1,5521,0.631293922707558,2
1,64937543,928504,0.335641175508499,0.371732205152512,1,5523,0.451455605481902,2
1,64961086,1708,0.429959893226624,0.524621844291687,1,5525,0.409780776291473,2
1,64966051,640022,0.564159631729126,0.490512400865555,1,5527,0.572275783540844,2
1,64972644,737942,0.357430845499039,0.509310901165009,1,5529,0.35089651986777,2
1,64976728,104572,0.747126638889313,0.595229029655457,1,5531,0.68763402067169,2
1,65023570,82863,0.313597708940506,0.530205309391022,1,5533,0.295732335555726,2
1,65074199,903456,0.396418333053589,0.558424949645996,1,5535,0.354943250032875,2
1,65077541,284364,0.498706549406052,0.462798565626144,1,5537,0.533421340192213,2
1,65078770,852561,0.235189959406853,0.396252989768982,1,5539,0.296767425709482,2
1,65101688,1715,0.623815536499023,0.486381530761719,1,5541,0.633789976381813,2
1,65113405,356877,0.569011986255646,0.453598171472549,1,5543,0.605612581032293,2
1,65115654,614561,0.343660593032837,0.386484265327454,1,5545,0.444598427236962,2
1,65138148,424529,0.388348460197449,0.476099222898483,1,5547,0.407844039140823,2
1,65236797,898064,0.756336092948914,0.59539145231247,1,5549,0.698889323466218,2
1,65532319,828285,0.719478189945221,0.627517223358154,1,5551,0.623443246713512,2
1,65560411,232895,0.447406768798828,0.548631608486176,1,5553,0.407747896656324,2
1,65569368,444947,0.41161647439003,0.557043790817261,1,5555,0.369465095182312,2
1,65578142,232192,0.509919226169586,0.379437357187271,1,5557,0.605131907707899,2
1,65589368,768132,0.577562808990479,0.506082534790039,1,5559,0.572360545268483,2
1,65591297,434662,0.268452882766724,0.479407042264938,1,5561,0.279984292156441,2
1,65603493,478668,0.669001758098602,0.606850445270538,1,5563,0.579042837617904,2
1,65670457,675299,0.681027233600617,0.562396287918091,1,5565,0.635546091597505,2
1,65678853,435806,0.440750449895859,0.546479344367981,1,5567,0.403263594899089,2
1,65721379,362338,0.463463664054871,0.541906177997589,1,5569,0.427623528640536,2
1,65729729,199576,0.407780855894089,0.313470482826233,1,5571,0.568686320623258,2
1,65742018,902927,0.413776934146881,0.329383701086044,1,5573,0.562922145791498,2
1,65755746,497046,0.421862930059433,0.416259407997131,1,5575,0.504799667985291,2
1,65765213,340589,0.507932484149933,0.560460150241852,1,5577,0.453138803829985,2
1,65773121,826764,0.363616526126862,0.459647744894028,1,5579,0.395538246587823,2
1,65806584,810922,0.789224207401276,0.682961106300354,1,5581,0.667586853242039,2
1,65808616,663760,0.45797461271286,0.540363252162933,1,5583,0.423765504852252,2
1,65809550,173954,0.611459910869598,0.448001027107239,1,5585,0.648060858615144,2
1,65812446,161611,0.428817570209503,0.570342183113098,1,5587,0.375930084523022,2
1,65815700,1731,0.463659256696701,0.615909695625305,1,5589,0.376401979048218,2
1,65822326,300182,0.672267615795136,0.557464599609375,1,5591,0.62971054528567,2
1,65835705,429331,0.643479287624359,0.587758004665375,1,5593,0.567583220037728,2
1,65874845,139038,0.567694842815399,0.38710954785347,1,5595,0.647322653118077,2
1,65880134,438173,0.459944874048233,0.54203188419342,1,5597,0.424278430347932,2
1,65902986,201641,0.730204463005066,0.661205112934113,1,5599,0.601830565786453,2
1,65929318,1733,0.574481070041657,0.412372648715973,1,5601,0.637934714042377,2
1,65944594,731747,0.374482899904251,0.319675505161285,1,5603,0.540280333251825,2
1,65962640,497048,0.329110622406006,0.477043986320496,1,5605,0.344947878857546,2
1,65967547,638033,0.434033900499344,0.60074907541275,1,5607,0.361243918853422,2
1,65974284,395388,0.652753114700317,0.604800939559937,1,5609,0.560668382013592,2
1,65983499,300494,0.394498616456985,0.372581869363785,1,5611,0.517465822250767,2
1,65996629,917048,0.646426320075989,0.576531291007996,1,5613,0.582526793106351,2
1,66010254,717385,0.525073945522308,0.605563879013062,1,5615,0.433541335373293,2
1,66012485,481703,0.402452826499939,0.528349220752716,1,5617,0.380858730071166,2
1,66034347,538681,0.383250117301941,0.538137435913086,1,5619,0.356089440842989,2
1,66045878,342228,0.426723122596741,0.487772256135941,1,5621,0.437420453120046,2
1,66083453,497052,0.400651335716248,0.529444217681885,1,5623,0.378369734086867,2
1,66087484,497054,0.40704932808876,0.497588753700256,1,5625,0.409021832850712,2
1,66105483,1742,0.644815981388092,0.634623527526856,1,5627,0.513947879282219,2
1,66312044,157815,0.313894987106323,0.420513302087784,1,5629,0.373228368220319,2
1,66319533,194253,0.658235609531403,0.577506303787231,1,5631,0.595539065396512,2
1,66348282,497057,0.251176744699478,0.301306277513504,1,5633,0.416812996350899,2
1,66357045,386930,0.384200781583786,0.501316428184509,1,5635,0.383191892369405,2
1,66358550,400932,0.42650243639946,0.524976670742035,1,5637,0.406210847233092,2
1,66372396,817674,0.342234224081039,0.434630692005157,1,5639,0.393706922194278,2
1,66392166,337623,0.721377730369568,0.593586146831513,1,5641,0.657218537879265,2
1,66400547,129770,0.631649494171143,0.504450976848602,1,5643,0.628341002988598,2
1,66406880,155051,0.694868087768555,0.593143343925476,1,5645,0.625013001906556,2
1,66419094,266711,0.342092990875244,0.490014731884003,1,5647,0.349063985851986,2
1,66443392,277280,0.413287073373795,0.446481704711914,1,5649,0.462826437245018,2
1,66443861,809821,0.221364751458168,0.487209886312485,1,5651,0.227175964278555,2
1,66444924,139563,0.421970844268799,0.555316984653473,1,5653,0.379936915248609,2
1,66447347,1749,0.420417964458466,0.551225006580353,1,5655,0.381348777214066,2
1,66457889,867824,0.562467575073242,0.563313245773315,1,5657,0.499249377938102,2
1,66463893,469663,0.643489480018616,0.666978776454926,1,5659,0.482391271457573,2
1,66487172,260819,0.590083777904511,0.48370087146759,1,5661,0.603024487702813,2
1,66503770,410527,0.62882399559021,0.488473862409592,1,5663,0.637187645817818,2
1,66508189,176944,0.239548668265343,0.399869233369827,1,5665,0.299533757882031,2
1,66513315,497061,0.625718533992767,0.582736372947693,1,5667,0.551504802070474,2
1,66535054,78304,0.641758799552918,0.56685882806778,1,5669,0.586461385269626,2
1,66538810,215780,0.658085286617279,0.549878418445587,1,5671,0.620197378448306,2
1,66541688,86311,0.689647614955902,0.546174108982086,1,5673,0.658071089390703,2
1,66545614,344357,0.483836352825165,0.585375428199768,1,5675,0.413270125048748,2
1,66550178,497062,0.48211145401001,0.364881694316864,1,5677,0.592289703071188,2
1,66551081,62512,0.606635212898254,0.520171701908112,1,5679,0.590098386583262,2
1,66621293,566022,0.47503188252449,0.489277750253677,1,5681,0.485441942003493,2
1,66703552,812434,0.648770868778229,0.626276016235352,1,5683,0.530095543128219,2
1,66725376,90413,0.521528840065002,0.3013776242733,1,5685,0.657560953843415,2
1,66759293,654641,0.406966120004654,0.514841079711914,1,5687,0.395234700611281,2
1,66764080,1760,0.500271856784821,0.48327162861824,1,5689,0.516449869126714,2
1,66778534,1768,0.442343056201935,0.523510694503784,1,5691,0.422477573854738,2
1,66779977,896800,0.419488519430161,0.464588969945908,1,5693,0.451461987441288,2
1,66783242,621227,0.285456776618958,0.428527742624283,1,5695,0.333066856851361,2
1,66791316,369505,0.637060940265656,0.45837789773941,1,5697,0.66495176413635,2
1,66802146,307514,0.294881403446198,0.47722852230072,1,5699,0.308951990154081,2
1,66803590,424748,0.392964035272598,0.475512087345123,1,5701,0.413200889872845,2
1,66825324,209706,0.337206423282623,0.448013931512833,1,5703,0.376334751626987,2
1,66826996,293719,0.417837530374527,0.411686688661575,1,5705,0.505227522133537,2
1,66828300,474317,0.364716857671738,0.479362815618515,1,5707,0.380418386437785,2
1,66828525,135303,0.571626663208008,0.442318797111511,1,5709,0.615933498768428,2
1,66856380,468585,0.579537272453308,0.520303606987,1,5711,0.561740786807108,2
1,66860514,151751,0.298021793365479,0.453252702951431,1,5713,0.328758980834377,2
1,66862671,786058,0.390649735927582,0.41302365064621,1,5715,0.472914487241079,2
1,66880197,1775,0.509553790092468,0.436003774404526,1,5717,0.565204350977959,2
1,66886305,480470,0.671202421188355,0.539961278438568,1,5719,0.642641408862646,2
1,66899350,693989,0.272609710693359,0.348301410675049,1,5721,0.391341668936985,2
1,66903118,214912,0.438031375408173,0.506338894367218,1,5723,0.432547627963273,2
1,66915263,97638,0.566783845424652,0.545233070850372,1,5725,0.523694307119669,2
1,66924459,666797,0.655256867408752,0.683850467205048,1,5727,0.479093675322648,2
1,67010062,1784,0.292196303606033,0.451216340065002,1,5729,0.323787369451137,2
1,67013376,1786,0.60108894109726,0.50451534986496,1,5731,0.597453666027777,2
1,67014675,764799,0.403770864009857,0.493499428033829,1,5733,0.409089495421036,2
1,67016831,366072,0.613076150417328,0.570053160190582,1,5735,0.550032918308943,2
1,67041230,581805,0.232305407524109,0.427788764238358,1,5737,0.271518827683225,2
1,67058698,132195,0.445625156164169,0.382933139801025,1,5739,0.550798398363938,2
1,67061031,762534,0.673597693443298,0.547849535942078,1,5741,0.639055654585275,2
1,67085187,873747,0.677224218845367,0.592752695083618,1,5743,0.603710353318475,2
1,67104024,553147,0.519216179847717,0.387277901172638,1,5745,0.607665676599216,2
1,67115102,743551,0.43099856376648,0.465955018997192,1,5747,0.462489453052846,2
1,67125548,415817,0.400123536586761,0.538934528827667,1,5749,0.371217202817884,2
1,67137622,267050,0.364379316568375,0.449573367834091,1,5751,0.405250113372867,2
1,67137818,371148,0.521868884563446,0.436572432518005,1,5753,0.57569424799947,2
1,67146146,261515,0.403377532958984,0.540278136730194,1,5755,0.373305438010371,2
1,67182759,62515,0.628132045269013,0.495618671178818,1,5757,0.631362291304378,2
1,67202691,150536,0.291471898555756,0.427479058504105,1,5759,0.340919505596035,2
1,67207190,101877,0.475363671779633,0.630107939243317,1,5761,0.377208127507873,2
1,67250568,394585,0.336958706378937,0.541562080383301,1,5763,0.311098873595847,2
1,67259097,890749,0.427270621061325,0.460361570119858,1,5765,0.464059826877038,2
1,67260552,431040,0.234128102660179,0.403420478105545,1,5767,0.290178753145651,2
1,67269013,343784,0.424289256334305,0.573904156684876,1,5769,0.369651666913503,2
1,67276315,304619,0.673346936702728,0.55801260471344,1,5771,0.630472422086281,2
1,67282286,100548,0.532455503940582,0.482797473669052,1,5773,0.548006368630685,2
1,67283445,95894,0.648129463195801,0.497787773609161,1,5775,0.649679439972095,2
1,67384360,310047,0.462702244520187,0.449681222438812,1,5777,0.511830435933042,2
1,67448104,217616,0.571720361709595,0.445836395025253,1,5779,0.613580146327074,2
1,67451581,1796,0.644971311092377,0.547065615653992,1,5781,0.60807933645814,2
1,67466790,1800,0.58928394317627,0.534558355808258,1,5783,0.558788881539645,2
1,67505934,159018,0.59814590215683,0.416879683732986,1,5785,0.655427802262373,2
1,67517088,89613,0.410307139158249,0.338118761777878,1,5787,0.554532726727741,2
1,67519611,282581,0.612369537353516,0.583955705165863,1,5789,0.53414760464265,2
1,67523062,186854,0.371696591377258,0.529078722000122,1,5791,0.351267756499545,2
1,67554119,905546,0.312709331512451,0.348550945520401,1,5793,0.448584827456949,2
1,67690502,860480,0.459531158208847,0.37337851524353,1,5795,0.568743767219216,2
1,67827518,119496,0.389541268348694,0.527905881404877,1,5797,0.368949543914946,2
1,67827935,327862,0.559755861759186,0.374614298343658,1,5799,0.648021903063324,2
1,67829046,435785,0.599051773548126,0.546819865703583,1,5801,0.557628196705529,2
1,67843580,1808,0.299784958362579,0.449607282876968,1,5803,0.333385345144213,2
1,67858307,1810,0.31502839922905,0.416745513677597,1,5805,0.377962556152149,2
1,67884316,317954,0.367842942476273,0.450665950775147,1,5807,0.408110421747618,2
1,67896315,538685,0.726589381694794,0.549507439136505,1,5809,0.696542582433394,2
1,67901227,306369,0.560703754425049,0.417606502771378,1,5811,0.622852720999302,2
1,67909651,1813,0.643504202365875,0.553782820701599,1,5813,0.600535552895282,2
1,67919581,774460,0.228802919387817,0.369289755821228,1,5815,0.309787796413421,2
1,67933329,291615,0.735596895217896,0.623060762882233,1,5817,0.649276224460155,2
1,67937086,481673,0.721105694770813,0.679602563381195,1,5819,0.564768201374527,2
1,67940523,909096,0.57257342338562,0.463625073432922,1,5821,0.601559883354347,2
1,67962553,373649,0.320045083761215,0.453219592571259,1,5823,0.353079488405938,2
1,67988359,721254,0.646039962768555,0.461535900831223,1,5825,0.671324385620276,2
1,67994059,296554,0.312970906496048,0.437807321548462,1,5827,0.357429959587147,2
1,67998259,538686,0.464418828487396,0.347131639719009,1,5829,0.589824531179538,2
1,68009867,923868,0.604217529296875,0.478238880634308,1,5831,0.620724450315232,2
1,68015985,138022,0.409554094076157,0.592401504516602,1,5833,0.345672732896207,2
1,68020202,596714,0.599157273769379,0.465941160917282,1,5835,0.624720445673088,2
1,68027589,867187,0.596857011318207,0.584870576858521,1,5837,0.514436984939515,2
1,68030482,124161,0.47675758600235,0.544061958789825,1,5839,0.438146408051408,2
1,68039831,169360,0.469803214073181,0.651441335678101,1,5841,0.360587506766171,2
1,68051910,886811,0.734954357147217,0.645583212375641,1,5843,0.626081985803532,2
1,68063534,250281,0.317459136247635,0.456708461046219,1,5845,0.347551187819474,2
1,68064471,497091,0.438262224197388,0.389586716890335,1,5847,0.539870943714627,2
1,68085626,559469,0.573630750179291,0.398080319166183,1,5849,0.645825461936985,2
1,68088137,665964,0.624140322208405,0.517067790031433,1,5851,0.610856689579621,2
1,68092311,420672,0.50147819519043,0.665395796298981,1,5853,0.376826993783037,2
1,68110081,133805,0.368217617273331,0.508435368537903,1,5855,0.362108578650032,2
1,68120069,180341,0.431631833314896,0.577232599258423,1,5857,0.373880333395427,2
1,68136190,497093,0.364754855632782,0.508394122123718,1,5859,0.358732369002506,2
1,68144964,62518,0.500371813774109,0.379681468009949,1,5861,0.597280944821181,2
1,68173134,1824,0.408263266086578,0.489062070846558,1,5863,0.41739412072979,2
1,68184263,1825,0.586511611938477,0.506687641143799,1,5865,0.58090611289342,2
1,68188935,497094,0.244444400072098,0.362616837024689,1,5867,0.337056053543723,2
1,68193675,124590,0.673204839229584,0.564715325832367,1,5869,0.624619036501428,2
1,68194762,218862,0.390481621026993,0.512015819549561,1,5871,0.381317926241531,2
1,68223269,835290,0.665174186229706,0.608507335186005,1,5873,0.572372813256443,2
1,68226447,497095,0.525315999984741,0.423046112060547,1,5875,0.588629169559324,2
1,68311946,744579,0.694257199764252,0.648035287857056,1,5877,0.565662707527941,2
1,68332238,378732,0.41264209151268,0.496371984481812,1,5879,0.415658119729963,2
1,68333600,844813,0.34862893819809,0.447868049144745,1,5881,0.389209432179675,2
1,68334376,586086,0.317362934350967,0.404417634010315,1,5883,0.392370297016862,2
1,68341509,741361,0.628965198993683,0.470000892877579,1,5885,0.649966579169525,2
1,68345385,463949,0.343383431434631,0.531214952468872,1,5887,0.323205728527336,2
1,68353292,322314,0.3667853474617,0.473542600870132,1,5889,0.387278089434545,2
1,68355170,364175,0.761214137077332,0.693526387214661,1,5891,0.610429980003011,2
1,68381034,678080,0.27360925078392,0.304362058639526,1,5893,0.44947989247893,2
1,68437611,448463,0.484898030757904,0.54570883512497,1,5895,0.444282737924575,2
1,68484121,538689,0.610296666622162,0.689868688583374,1,5897,0.442328139196598,2
1,68524965,911406,0.635089635848999,0.339516162872314,1,5899,0.723755265732221,2
1,68557801,565284,0.215097412467003,0.334099113941193,1,5901,0.321906589229781,2
1,68571628,709330,0.29416412115097,0.436391204595566,1,5903,0.337041762131289,2
1,68576643,380578,0.527003109455109,0.411429345607758,1,5905,0.598181724645015,2
1,68589388,275308,0.301795929670334,0.428988784551621,1,5907,0.35175270372834,2
1,68619836,174294,0.464496552944183,0.521666824817658,1,5909,0.445204228873997,2
1,68674323,135827,0.315890252590179,0.451562166213989,1,5911,0.349774932694963,2
1,68683587,611437,0.762171447277069,0.601473867893219,1,5913,0.701614858396278,2
1,68703954,461117,0.523228049278259,0.422635346651077,1,5915,0.587113665552358,2
1,68718668,1838,0.4360710978508,0.533390581607819,1,5917,0.408772776354932,2
1,68731263,77509,0.640221953392029,0.508220970630646,1,5919,0.634207616508839,2
1,68738027,456912,0.652341663837433,0.490838646888733,1,5921,0.658597089077779,2
1,68753326,136347,0.353505313396454,0.503847002983093,1,5923,0.350806208336537,2
1,68754923,283402,0.654691874980927,0.5696901679039,1,5925,0.598768027984593,2
1,68757858,924490,0.657705664634705,0.619340002536774,1,5927,0.550393608933964,2
1,68767145,460705,0.686845779418945,0.534504115581513,1,5929,0.663633738703988,2
1,68767443,478743,0.68270754814148,0.693598926067352,1,5931,0.492148648508133,2
1,68781491,845403,0.5691277384758,0.418330192565918,1,5933,0.629624697708735,2
1,68794759,432268,0.635679602622986,0.532280027866364,1,5935,0.610535770244037,2
1,68819730,843329,0.54393869638443,0.663578689098358,1,5937,0.409852445023144,2
1,68827117,878647,0.298918813467026,0.514625310897827,1,5939,0.290423738530782,2
1,68830009,848247,0.406282901763916,0.340341418981552,1,5941,0.549981524291367,2
1,68864471,538691,0.754400134086609,0.670320093631744,1,5943,0.627517690388061,2
1,68893722,133289,0.467274934053421,0.552514851093292,1,5945,0.422861877041674,2
1,68930778,551100,0.404552847146988,0.522561013698578,1,5947,0.387086710012719,2
1,68944457,497111,0.502353250980377,0.608655214309692,1,5949,0.412674728787235,2
1,68998061,220334,0.252986192703247,0.386618703603745,1,5951,0.327177902084296,2
1,69009304,497112,0.391298323869705,0.507830679416657,1,5953,0.385264557390653,2
1,69021720,714848,0.360174357891083,0.486724317073822,1,5955,0.369998318613342,2
1,69051635,402230,0.753977119922638,0.568281292915344,1,5957,0.715065763841084,2
1,69067611,497115,0.347890436649323,0.459574490785599,1,5959,0.378491891548024,2
1,69076840,497117,0.525325357913971,0.523670434951782,1,5961,0.501737161708639,2
1,69263748,708301,0.672976851463318,0.697321891784668,1,5963,0.482543900737833,2
1,69293184,238032,0.491131812334061,0.440559238195419,1,5965,0.545199221786691,2
1,69299270,822497,0.281222373247147,0.432993799448013,1,5967,0.324741801852189,2
1,69452966,754213,0.254090458154678,0.32267102599144,1,5969,0.393729894672073,2
1,69461128,1855,0.356806755065918,0.507539689540863,1,5971,0.351506258937796,2
1,69601108,1863,0.636214375495911,0.494894862174988,1,5973,0.639891185753372,2
1,69623525,721820,0.37744528055191,0.474913030862808,1,5975,0.397383579753728,2
1,69672429,147266,0.3918676674366,0.52737307548523,1,5977,0.37152794260121,2
1,69693427,204884,0.616172671318054,0.53923362493515,1,5979,0.583490300667096,2
1,69712127,316185,0.408699840307236,0.469659507274628,1,5981,0.435102275134243,2
1,69724348,310907,0.578387796878815,0.457290291786194,1,5983,0.611567476368889,2
1,69732724,79127,0.360269993543625,0.526378810405731,1,5985,0.342215517058836,2
1,69733809,919603,0.595037937164307,0.497607231140137,1,5987,0.596966668375105,2
1,69737309,826711,0.624245047569275,0.560597658157349,1,5989,0.57242495470668,2
1,69745667,839498,0.502032220363617,0.391890734434128,1,5991,0.590560604949012,2
1,69777287,735851,0.638642013072968,0.513135969638825,1,5993,0.628892293954266,2
1,69780966,448842,0.53990113735199,0.625347793102264,1,5995,0.431680692973757,2
1,69785142,655067,0.745071113109589,0.55634480714798,1,5997,0.712694801055285,2
1,69813079,431516,0.55681174993515,0.623198568820953,1,5999,0.446737025558802,2
1,69824244,560660,0.470451503992081,0.48661482334137,1,6001,0.483392080785474,2
1,69846719,900093,0.759031593799591,0.69758677482605,1,6003,0.601590826489479,2
1,69860138,845021,0.529224574565888,0.577436447143555,1,6005,0.458253524854415,2
1,69873670,652833,0.451627045869827,0.536854147911072,1,6007,0.420623597328187,2
1,69889992,497124,0.457984119653702,0.396314173936844,1,6009,0.551077847991752,2
1,69913646,177172,0.579419136047363,0.481119900941849,1,6011,0.594722494930855,2
1,69916151,116240,0.601392984390259,0.48793089389801,1,6013,0.610787869391256,2
1,69927029,212958,0.323378443717957,0.495694786310196,1,6015,0.326187053655627,2
1,69932766,245840,0.629016816616058,0.6660435795784,1,6017,0.472203948737274,2
1,69949519,497125,0.646563351154327,0.44021537899971,1,6019,0.684310147522354,2
1,69975525,885075,0.545940101146698,0.431317299604416,1,6021,0.600779223161307,2
1,69987617,267800,0.548326015472412,0.49720373749733,1,6023,0.55083796538246,2
1,69996510,631296,0.291605323553085,0.404974669218063,1,6025,0.360029090357831,2
1,70004123,497127,0.683866560459137,0.567156553268433,1,6027,0.63481780545829,2
1,70051352,701403,0.425042927265167,0.46391487121582,1,6029,0.458104442902662,2
1,70052857,696124,0.618809580802918,0.499919354915619,1,6031,0.618871053155074,2
1,70074670,296819,0.588646531105042,0.414926052093506,1,6033,0.648460275519993,2
1,70086287,433901,0.500607073307037,0.353960603475571,1,6035,0.613496537997835,2
1,70103094,178872,0.580175161361694,0.520394325256348,1,6037,0.562322903223882,2
1,70119465,90948,0.555824518203735,0.361597120761871,1,6039,0.652119769316874,2
1,70132802,574764,0.189008116722107,0.352858155965805,1,6041,0.267824497643783,2
1,70149615,858623,0.517096757888794,0.504771649837494,1,6043,0.512443863570468,2
1,70160791,258602,0.646928131580353,0.572110712528229,1,6045,0.587426141811344,2
1,70233423,147095,0.32734677195549,0.553699553012848,1,6047,0.295599635374723,2
1,70265472,497130,0.352421671152115,0.489903330802918,1,6049,0.359684910260276,2
1,70344059,394072,0.420428723096848,0.481568157672882,1,6051,0.436520476279533,2
1,70356477,866198,0.368904024362564,0.446576505899429,1,6053,0.413035638338801,2
1,70367159,803713,0.343466550111771,0.45714658498764,1,6055,0.375663475776656,2
1,70377555,306648,0.639178276062012,0.466361492872238,1,6057,0.661923081713065,2
1,70402790,860509,0.312728106975555,0.474152773618698,1,6059,0.329775680303247,2
1,70452479,785506,0.31267660856247,0.456575453281403,1,6061,0.342415044780952,2
1,70462448,667274,0.560712695121765,0.569616258144379,1,6063,0.492184595422523,2
1,70488472,497137,0.287961035966873,0.379455387592316,1,6065,0.379439909647899,2
1,70571324,878070,0.399980753660202,0.516236126422882,1,6067,0.387400971365332,2
1,70604429,577404,0.430962979793549,0.545383274555206,1,6069,0.395101023353737,2
1,70638837,614330,0.314993023872376,0.460410565137863,1,6071,0.342078405366366,2
1,70692264,78008,0.402237951755524,0.429093778133392,1,6073,0.468706343756958,2
1,70701374,893440,0.307065546512604,0.499591559171677,1,6075,0.307316587795958,2
1,70712114,718271,0.341804087162018,0.424984812736511,1,6077,0.402136825738682,2
1,70726887,892737,0.42656022310257,0.370911866426468,1,6079,0.544229380357241,2
1,70774780,206050,0.294506251811981,0.423802196979523,1,6081,0.347457202807058,2
1,70792592,599528,0.506789922714233,0.607924103736877,1,6083,0.416820059937599,2
1,70796825,425817,0.363842397928238,0.482530057430267,1,6085,0.377015268091168,2
1,70797584,361182,0.837146103382111,0.687866032123566,1,6087,0.739128205549293,2
1,70811455,890495,0.277383506298065,0.435578972101212,1,6089,0.318407825060954,2
1,70823388,768024,0.663320422172546,0.666748464107513,1,6091,0.497429283965764,2
1,70846344,266727,0.786268055438995,0.588301062583923,1,6093,0.74042689312919,2
1,70859493,597744,0.594907879829407,0.400125235319138,1,6095,0.662352757590907,2
1,70873672,824477,0.335291296243668,0.540881037712097,1,6097,0.309949205893716,2
1,70888425,456410,0.510477900505066,0.391051292419434,1,6099,0.598059661346626,2
1,70905124,813666,0.477505087852478,0.519455075263977,1,6101,0.459621159356099,2
1,70916867,111460,0.447808146476746,0.571019530296326,1,6103,0.392112811136564,2
1,70951063,897344,0.367751002311707,0.515524089336395,1,6105,0.356676836173739,2
1,70959302,721475,0.469377875328064,0.494841903448105,1,6107,0.474270541820928,2
1,70964395,1891,0.25178050994873,0.413410246372223,1,6109,0.30451653310261,2
1,70982740,497143,0.514614403247833,0.629568219184876,1,6111,0.408704241705627,2
1,70992827,868648,0.66843056678772,0.565381944179535,1,6113,0.618550784105887,2
1,71013209,888570,0.544813334941864,0.411545932292938,1,6115,0.61323517837867,2
1,71019162,783046,0.292996644973755,0.391240537166595,1,6117,0.374445663396318,2
1,71023342,1893,0.616841316223145,0.467929363250732,1,6119,0.639936262863708,2
1,71046127,724202,0.215970829129219,0.407275497913361,1,6121,0.265140955244946,2
1,71061487,404289,0.582780003547669,0.415918320417404,1,6123,0.642841051999362,2
1,71083743,770597,0.656744360923767,0.455760478973389,1,6125,0.684646533543961,2
1,71104018,883174,0.360786616802216,0.30864292383194,1,6127,0.537711115404567,2
1,71108095,218999,0.436675429344177,0.424645572900772,1,6129,0.51045430075515,2
1,71125458,497146,0.622599482536316,0.510106503963471,1,6131,0.614813708982633,2
1,71138826,1901,0.43306177854538,0.549446642398834,1,6133,0.394089020777951,2
1,71148088,637297,0.418407917022705,0.498308897018433,1,6135,0.419827861318747,2
1,71185912,232261,0.4047611951828,0.517029106616974,1,6137,0.391429795733585,2
1,71186422,205681,0.490313857793808,0.574209034442902,1,6139,0.426947181586503,2
1,71189761,179968,0.419990509748459,0.530004560947418,1,6141,0.396214052382585,2
1,71215045,726216,0.295863449573517,0.348496466875076,1,6143,0.424485579762812,2
1,71227965,282001,0.323459029197693,0.479422837495804,1,6145,0.337342116290532,2
1,71231446,390568,0.323867738246918,0.450228184461594,1,6147,0.359670661926925,2
1,71244338,447971,0.760086596012116,0.645541787147522,1,6149,0.661577309695834,2
1,71253386,403587,0.150228321552277,0.348305255174637,1,6151,0.215656122496564,2
1,71270950,1908,0.595542311668396,0.460377782583237,1,6153,0.625239959292455,2
1,71290741,763001,0.304401844739914,0.37837627530098,1,6155,0.402247530580211,2
1,71329430,458898,0.67355215549469,0.57440459728241,1,6157,0.616481002354801,2
1,71425908,484827,0.38017201423645,0.541042983531952,1,6159,0.351332542707301,2
1,71439793,666538,0.292417019605637,0.303726375102997,1,6161,0.481382328924307,2
1,71441494,182989,0.585735142230988,0.437147110700607,1,6163,0.631995441753292,2
1,71465247,1912,0.314430743455887,0.400718152523041,1,6165,0.392334040117895,2
1,71471534,538692,0.223206385970116,0.414681226015091,1,6167,0.269130083504182,2
1,71484811,126365,0.484972596168518,0.55212140083313,1,6169,0.439190181214415,2
1,71534791,827110,0.556531965732575,0.454060286283493,1,6171,0.593848896567261,2
1,71554173,401172,0.523958563804627,0.420677125453949,1,6173,0.58913978964805,2
1,71569502,630192,0.490943104028702,0.628562092781067,1,6175,0.390528723945576,2
1,71597424,740718,0.574253797531128,0.462261438369751,1,6177,0.604132720947009,2
1,71611086,210589,0.446935027837753,0.526916027069092,1,6179,0.424104605741238,2
1,71864050,497153,0.628754377365112,0.519271314144135,1,6181,0.613871988964066,2
1,71871749,474451,0.421531945466995,0.533262550830841,1,6183,0.395238653839684,2
1,71894173,822128,0.544848680496216,0.434994399547577,1,6185,0.597215214203783,2
1,71906741,455808,0.468299835920334,0.529226183891296,1,6187,0.44243827136161,2
1,71950005,135195,0.680738985538483,0.562065303325653,1,6189,0.635492441126532,2
1,71960052,238504,0.602527439594269,0.436042100191116,1,6191,0.647604404034035,2
1,71981305,842167,0.652629792690277,0.565195202827454,1,6193,0.60054464719731,2
1,71993752,340640,0.574589014053345,0.478480309247971,1,6195,0.592142930084563,2
1,72043852,487539,0.463835567235947,0.573776185512543,1,6197,0.404195554771598,2
1,72056794,91059,0.635927200317383,0.504436492919922,1,6199,0.632667867507255,2
1,72062259,196914,0.49376392364502,0.401954382658005,1,6201,0.576757974914239,2
1,72108699,717315,0.554017066955566,0.612146437168121,1,6203,0.452520045300378,2
1,72154184,676381,0.566622257232666,0.534235596656799,1,6205,0.53476721314832,2
1,72301322,140602,0.654589951038361,0.573122143745422,1,6207,0.595422854686978,2
1,72304061,497158,0.537049949169159,0.6286341547966,1,6209,0.427156196550381,2
1,72322424,553558,0.506228148937225,0.614935398101807,1,6211,0.411610837902534,2
1,72343952,565969,0.447185695171356,0.412998229265213,1,6213,0.5291204112241,2
1,72356772,1939,0.678741931915283,0.561966121196747,1,6215,0.633295409749559,2
1,72391132,436807,0.514315783977509,0.566499054431915,1,6217,0.453942314602152,2
1,72400935,562810,0.252500861883163,0.465760469436646,1,6219,0.271063001749131,2
1,72418322,385333,0.332458883523941,0.416874349117279,1,6221,0.398751907172886,2
1,72473688,747670,0.462740778923035,0.573322117328644,1,6223,0.403560899655454,2
1,72481630,704451,0.525297522544861,0.366755753755569,1,6225,0.62518216290914,2
1,72584492,909856,0.646039843559265,0.584531366825104,1,6227,0.574023008986419,2
1,72619048,344942,0.571759164333344,0.460974603891373,1,6229,0.602763767015205,2
1,72680725,213154,0.709946990013123,0.580665826797485,1,6231,0.654150521800189,2
1,72688432,412311,0.62264358997345,0.51172411441803,1,6233,0.613582790826559,2
1,72697436,497166,0.315904706716538,0.459715306758881,1,6235,0.343587326843381,2
1,72721128,738045,0.6039097905159,0.448502629995346,1,6237,0.640895649710208,2
1,72723932,924496,0.647265195846558,0.585535943508148,1,6239,0.574468764385631,2
1,72728411,497167,0.643599808216095,0.546995580196381,1,6241,0.60662614292107,2
1,72737847,497169,0.586545765399933,0.465822279453278,1,6243,0.612999364540229,2
1,72753018,479289,0.660045027732849,0.53410130739212,1,6245,0.635162131101673,2
1,72764021,598090,0.655251085758209,0.569778263568878,1,6247,0.599335778450394,2
1,72777865,809319,0.404134333133698,0.557750761508942,1,6249,0.362289360251477,2
1,72781866,631840,0.414741277694702,0.473144948482513,1,6251,0.438281417803228,2
1,72791111,1945,0.568394184112549,0.466724336147308,1,6253,0.595325790071423,2
1,72802201,175572,0.670400440692902,0.54486471414566,1,6255,0.637910342758414,2
1,72815105,396220,0.334609299898148,0.404189854860306,1,6257,0.41392590124979,2
1,72968148,627949,0.437388241291046,0.586160063743591,1,6259,0.373096248230907,2
1,73597497,374461,0.280088812112808,0.333572179079056,1,6261,0.419832392626526,2
1,73622471,350913,0.43871134519577,0.630515873432159,1,6263,0.347898731563793,2
1,73692261,439371,0.612040042877197,0.539967060089111,1,6265,0.578334589260116,2
1,73692628,148307,0.42149692773819,0.595089018344879,1,6267,0.354146114904371,2
1,73704325,869173,0.606838881969452,0.489269763231278,1,6269,0.615099038860523,2
1,73713306,187024,0.505229949951172,0.628937840461731,1,6271,0.401653325215939,2
1,73788415,299130,0.582438290119171,0.494211077690125,1,6273,0.587217422661339,2
1,73815105,593529,0.598378241062164,0.41941899061203,1,6275,0.654120826858243,2
1,73821960,1964,0.323552906513214,0.595958709716797,1,6277,0.271455808294981,2
1,73846592,340463,0.398574620485306,0.485689222812653,1,6279,0.410318575916857,2
1,73848277,344683,0.39295020699501,0.509910583496094,1,6281,0.385312856521658,2
1,73862381,1966,0.399929285049439,0.577485144138336,1,6283,0.346268028804595,2
1,73864654,363524,0.423297613859177,0.528754115104675,1,6285,0.400278316297716,2
1,73866194,666083,0.428373128175735,0.459649085998535,1,6287,0.465978440101914,2
1,73880916,800360,0.590724885463715,0.494962751865387,1,6289,0.594807000822247,2
1,73887692,877657,0.376116752624512,0.435948133468628,1,6291,0.431377867857735,2
1,73939817,910914,0.7140291929245,0.663029074668884,1,6293,0.575674360043825,2
1,73973812,364192,0.580207765102387,0.420272141695023,1,6295,0.637940260344731,2
1,73976736,378846,0.445037931203842,0.540081739425659,1,6297,0.412009792885342,2
1,73998246,775747,0.393117815256119,0.526280283927918,1,6299,0.373487120134984,2
1,74007984,898783,0.559725522994995,0.40804934501648,1,6301,0.628115558874361,2
1,74013836,904534,0.320206791162491,0.469560593366623,1,6303,0.340964292666357,2
1,74023713,177703,0.556026220321655,0.352218359708786,1,6305,0.657312161951091,2
1,74036716,490058,0.28218013048172,0.387062877416611,1,6307,0.364514587868883,2
1,74038479,171278,0.539370715618134,0.550573289394379,1,6309,0.489826446367778,2
1,74072604,263270,0.606147706508637,0.529474496841431,1,6311,0.581476146513324,2
1,74095987,177295,0.612964928150177,0.403490424156189,1,6313,0.675583521603714,2
1,74102096,419881,0.251607120037079,0.428796738386154,1,6315,0.293387399568433,2
1,74111199,710030,0.296855121850967,0.313151031732559,1,6317,0.47398075013288,2
1,74117225,559283,0.469292163848877,0.435809433460236,1,6319,0.529673245508157,2
1,74122160,586511,0.297088801860809,0.393065690994263,1,6321,0.37791240582372,2
1,74136629,452550,0.335651218891144,0.420757174491882,1,6323,0.398865710723157,2
1,74218172,837757,0.352238267660141,0.445638298988342,1,6325,0.395206458309091,2
1,74295062,89489,0.323907643556595,0.456870228052139,1,6327,0.354485391768217,2
1,74332999,925488,0.645646631717682,0.54880702495575,1,6329,0.607315064859371,2
1,74359556,903528,0.659134209156036,0.578051567077637,1,6331,0.596081221959792,2
1,74399946,419479,0.477332502603531,0.377989321947098,1,6333,0.579856491344658,2
1,74440274,479899,0.606914222240448,0.469184666872025,1,6335,0.629733964688637,2
1,74450873,741955,0.421332389116287,0.524467408657074,1,6337,0.401676426563026,2
1,74669404,868484,0.432135045528412,0.514840483665466,1,6339,0.419678579325946,2
1,74709042,459919,0.401505351066589,0.523858785629273,1,6341,0.383219067887056,2
1,74713798,358725,0.650636851787567,0.551220953464508,1,6343,0.610762633739849,2
1,74734127,1982,0.652508616447449,0.58167976140976,1,6345,0.584658652036997,2
1,74763990,756702,0.768178105354309,0.667234301567078,1,6347,0.651673992034938,2
1,74764866,428188,0.475785106420517,0.511762201786041,1,6349,0.464849792305914,2
1,74767813,209611,0.461564779281616,0.576144814491272,1,6351,0.400563163697977,2
1,74777199,102159,0.347182601690292,0.535557210445404,1,6353,0.324132132775836,2
1,74777655,227174,0.454078525304794,0.40258976817131,1,6355,0.543093300374079,2
1,74777951,377889,0.428733259439468,0.520564317703247,1,6357,0.411796626141279,2
1,74780596,366722,0.507427752017975,0.337056845426559,1,6359,0.628495863797732,2
1,74785225,185660,0.580307900905609,0.479117393493652,1,6361,0.597133697831321,2
1,74791009,472026,0.685967206954956,0.555190086364746,1,6363,0.647003378950596,2
1,74791978,107924,0.652165114879608,0.569747507572174,1,6365,0.595778186945959,2
1,74810816,735163,0.429882019758225,0.391357898712158,1,6367,0.531647597959911,2
1,74843591,657080,0.405408501625061,0.462227702140808,1,6369,0.438537651191622,2
1,74868466,104615,0.25907027721405,0.368872493505478,1,6371,0.351165079770583,2
1,74877075,445429,0.630536079406738,0.489784866571426,1,6373,0.637933200735819,2
1,74894562,497203,0.595634758472443,0.387361466884613,1,6375,0.669980567928628,2
1,74901095,361238,0.302416771650314,0.548779010772705,1,6377,0.275536022436881,2
1,74918681,93783,0.554693043231964,0.466538697481155,1,6379,0.582624873945467,2
1,74922510,461309,0.35700461268425,0.465695947408676,1,6381,0.383302254046627,2
1,75069980,181693,0.342329770326614,0.436219900846481,1,6383,0.392382110103558,2
1,75086033,755052,0.432164490222931,0.651661217212677,1,6385,0.331586780682921,2
1,75124915,550707,0.418041676282883,0.527922928333283,1,6387,0.395930593129088,2
1,75131545,608485,0.532136917114258,0.447487950325012,1,6389,0.576603729130469,2
1,75146613,285499,0.337903916835785,0.544780552387238,1,6391,0.310128468568751,2
1,75167915,919906,0.412138789892197,0.570414364337921,1,6393,0.361262632621958,2
1,75209445,637392,0.241226971149445,0.45378515124321,1,6395,0.265794253611614,2
1,75232921,2000,0.677738904953003,0.491320103406906,1,6397,0.683237830701238,2
1,75251751,244948,0.541430652141571,0.430133581161499,1,6399,0.597651894637797,2
1,75307415,497213,0.346144199371338,0.476362317800522,1,6401,0.363320298895144,2
1,75328726,203983,0.34332349896431,0.443189829587936,1,6403,0.387332330350993,2
1,75384447,879818,0.596706807613373,0.42078885436058,1,6405,0.651859951744012,2
1,75475736,259738,0.581708371639252,0.505592048168182,1,6407,0.576977244388013,2
1,75536814,248550,0.373199701309204,0.559531152248383,1,6409,0.333493228937802,2
1,75551134,296265,0.570059478282929,0.464696705341339,1,6411,0.598414089725316,2
1,75561176,215042,0.513863801956177,0.40291491150856,1,6413,0.592908776810968,2
1,75562961,436957,0.456056356430054,0.400099188089371,1,6415,0.546638683620434,2
1,75568247,497222,0.30397441983223,0.426648706197739,1,6417,0.356235018900241,2
1,75607042,497225,0.768911778926849,0.586248219013214,1,6419,0.720740511953795,2
1,75635677,142787,0.662866473197937,0.49849408864975,1,6421,0.663878810626212,2
1,75673725,317641,0.624831199645996,0.496386826038361,1,6423,0.627522849131642,2
1,75684357,143514,0.421730160713196,0.548358261585236,1,6425,0.384538895697519,2
1,75764607,305162,0.574395835399628,0.416858464479446,1,6427,0.635076444845892,2
1,75796448,566613,0.381773233413696,0.48241126537323,1,6429,0.395692701245614,2
1,75822485,408657,0.4000583589077,0.578547179698944,1,6431,0.345743936662068,2
1,75837778,497227,0.599527418613434,0.538463354110718,1,6433,0.566152996784317,2
1,75856255,149850,0.509506344795227,0.568999469280243,1,6435,0.447721282973891,2
1,75880643,226494,0.369526833295822,0.315744251012802,1,6437,0.539300058759189,2
1,75982342,443695,0.513210475444794,0.401082903146744,1,6439,0.593608591979737,2
1,76174733,585190,0.452383607625961,0.465759873390198,1,6441,0.485640384103001,2
1,76290144,497238,0.309659332036972,0.34298387169838,1,6443,0.451419669536658,2
1,76384421,791984,0.393007010221481,0.455749750137329,1,6445,0.431165360050179,2
1,76390581,614537,0.359652996063232,0.503915190696716,1,6447,0.356858656677896,2
1,76398335,359643,0.713221311569214,0.585347950458527,1,6449,0.654193571757442,2
1,76399120,594841,0.530846893787384,0.455680817365646,1,6451,0.569045955773554,2
1,76399642,238666,0.412595927715302,0.526474535465241,1,6453,0.391847943178006,2
1,76417892,421901,0.53912216424942,0.631730437278748,1,6455,0.426702698204436,2
1,76448732,2044,0.365615874528885,0.563991963863373,1,6457,0.324132166728403,2
1,76459863,2047,0.305281281471252,0.420828282833099,1,6459,0.362714786439778,2
1,76471624,615291,0.67603725194931,0.605653762817383,1,6461,0.589240726163356,2
1,76492159,409489,0.368195295333862,0.54313588142395,1,6463,0.338953204830214,2
1,76504952,497250,0.58103758096695,0.570950090885162,1,6465,0.511755613819612,2
1,76525088,497253,0.353297680616379,0.468974143266678,1,6467,0.376670745806426,2
1,76528080,275734,0.427681416273117,0.476112097501755,1,6469,0.449139413299135,2
1,76555463,621714,0.450973153114319,0.59643030166626,1,6471,0.378060229212387,2
1,76557981,2053,0.645004332065582,0.477408289909363,1,6473,0.660350842656069,2
1,76578862,199054,0.5537388920784,0.551706671714783,1,6475,0.502266619014151,2
1,76595202,749794,0.322467535734177,0.51823490858078,1,6477,0.311121009406019,2
1,76644304,865391,0.733917593955994,0.641711890697479,1,6479,0.628675360505281,2
1,76672052,355670,0.351939409971237,0.454604119062424,1,6481,0.387083393235721,2
1,76738206,2055,0.420745640993118,0.436083555221558,1,6483,0.482414019005318,2
1,76748305,899876,0.532368361949921,0.489214599132538,1,6485,0.542242556995653,2
1,76812320,352703,0.689235031604767,0.590900540351868,1,6487,0.62018408840906,2
1,76845046,286471,0.64114236831665,0.57728773355484,1,6489,0.575529668560132,2
1,76863175,614160,0.514016449451447,0.647013545036316,1,6491,0.397222325092588,2
1,76867573,242079,0.706071555614471,0.466548204421997,1,6493,0.724503275814216,2
1,76871317,2058,0.673464477062225,0.558323323726654,1,6495,0.630345521419737,2
1,76879013,466737,0.792596578598023,0.572643756866455,1,6497,0.757341299285564,2
1,76880071,235510,0.624169409275055,0.473275691270828,1,6499,0.643237852804144,2
1,76880498,261773,0.273364037275314,0.415703326463699,1,6501,0.328797028882069,2
1,76881390,256981,0.499912291765213,0.38612225651741,1,6503,0.592681349385841,2
1,76882777,172029,0.500780045986176,0.508110344409943,1,6505,0.492786706170803,2
1,76883510,247116,0.321135759353638,0.397714555263519,1,6507,0.403726435333575,2
1,76885012,446908,0.598079442977905,0.440017312765121,1,6509,0.64113126514078,2
1,76899334,599320,0.723674476146698,0.549020230770111,1,6511,0.693638669950576,2
1,76902910,826671,0.691629707813263,0.518359124660492,1,6513,0.679875288855657,2
1,76915412,395402,0.732541024684906,0.638811469078064,1,6515,0.629751566816915,2
1,76921795,497262,0.64839518070221,0.517526030540466,1,6517,0.635623016417179,2
1,76941156,699760,0.447766989469528,0.595955848693848,1,6519,0.375671277034109,2
1,76969542,154086,0.366756707429886,0.464114964008331,1,6521,0.395114072882276,2
1,76969969,109225,0.530732393264771,0.475927084684372,1,6523,0.552287865847247,2
1,76985430,838460,0.271255791187286,0.45897188782692,1,6525,0.295503709902139,2
1,76997764,349332,0.360150396823883,0.519380390644074,1,6527,0.346711584911078,2
1,77001108,237100,0.723872005939484,0.585050821304321,1,6529,0.667274923969633,2
1,77013131,385954,0.465259999036789,0.577079296112061,1,6531,0.403116176729413,2
1,77027620,633458,0.199085861444473,0.388467758893967,1,6533,0.256245025341748,2
1,77085054,78582,0.352639079093933,0.454865366220474,1,6535,0.387630170685504,2
1,77089846,320041,0.323896437883377,0.474890500307083,1,6537,0.341022233203162,2
1,77097689,479661,0.658520936965942,0.539471387863159,1,6539,0.62925315166673,2
1,77130284,607873,0.70430189371109,0.617643058300018,1,6541,0.613321906783988,2
1,77155423,2070,0.343388557434082,0.479019790887833,1,6543,0.358428361381096,2
1,77233676,297293,0.644675254821777,0.508802473545075,1,6545,0.638307680677186,2
1,77235250,456537,0.61809515953064,0.370199173688889,1,6547,0.696805065574251,2
1,77256981,603856,0.246140033006668,0.331493973731995,1,6549,0.371258684186016,2
1,77276843,913455,0.379540711641312,0.497746080160141,1,6551,0.381259367747508,2
1,77279715,348162,0.563935458660126,0.381836414337158,1,6553,0.647290335880677,2
1,77344408,83596,0.627092719078064,0.538334548473358,1,6555,0.596128235620837,2
1,77389412,677961,0.41010656952858,0.53437751531601,1,6557,0.383723638976519,2
1,77405654,258244,0.577326655387878,0.497308373451233,1,6559,0.57958982973917,2
1,77417394,480212,0.441222637891769,0.472105979919434,1,6561,0.467291939372454,2
1,77454845,232354,0.718160748481751,0.547158777713776,1,6563,0.68881007553227,2
1,77468247,367432,0.504050970077515,0.407126754522324,1,6565,0.581741094149981,2
1,77513346,2076,0.523770451545715,0.46118375658989,1,6567,0.558077958600247,2
1,77518833,232014,0.367723226547241,0.435150772333145,1,6569,0.422523927253561,2
1,77533928,294269,0.624385714530945,0.518535733222961,1,6571,0.609925064653865,2
1,77547001,356627,0.474812895059586,0.400255084037781,1,6573,0.562157935013243,2
1,77561050,252534,0.393473088741303,0.536629974842072,1,6575,0.366614899640204,2
1,77576830,873287,0.6182661652565,0.6990065574646,1,6577,0.442246327058106,2
1,77596834,269597,0.608233988285065,0.573521673679352,1,6579,0.540696458018378,2
1,77598495,134022,0.233861744403839,0.440733402967453,1,6581,0.265309757360403,2
1,77609694,595798,0.553074240684509,0.425038069486618,1,6583,0.611343172828476,2
1,77640511,497279,0.570104718208313,0.505374252796173,1,6585,0.565433780770682,2
1,77654357,797814,0.436259478330612,0.535787522792816,1,6587,0.407119856073346,2
1,77663242,312383,0.474496215581894,0.472041100263596,1,6589,0.502325100798115,2
1,77766857,452426,0.345899969339371,0.455019176006317,1,6591,0.380093837335955,2
1,77772534,263859,0.609288692474365,0.508586406707764,1,6593,0.602461843894004,2
1,77776172,404748,0.502094030380249,0.509541273117065,1,6595,0.492692208531746,2
1,77786359,79133,0.589351177215576,0.502090275287628,1,6597,0.587627232003107,2
1,77790772,223608,0.470247358083725,0.46948304772377,1,6599,0.500720344898194,2
1,77795439,879299,0.53405237197876,0.665495157241821,1,6601,0.401244371328085,2
1,77801953,460666,0.674586176872253,0.389230757951736,1,6603,0.733603298328805,2
1,77858542,196985,0.353416055440903,0.497778445482254,1,6605,0.354993329510792,2
1,77969598,396785,0.540543854236603,0.471065163612366,1,6607,0.565677930289809,2
1,77976107,2086,0.548182189464569,0.499145179986954,1,6609,0.548953316927586,2
1,78012705,428480,0.628833830356598,0.43293109536171,1,6611,0.672732743227956,2
1,78295213,844517,0.60058867931366,0.56328684091568,1,6613,0.542707481583784,2
1,78362792,609093,0.328490912914276,0.388228714466095,1,6615,0.423063648661367,2
1,78378487,228230,0.478195756673813,0.433676779270172,1,6617,0.53930527283189,2
1,78473353,120757,0.645547091960907,0.548958897590637,1,6619,0.607072497222888,2
1,78487085,835970,0.631660401821137,0.549078583717346,1,6621,0.591570077536554,2
1,78562379,400334,0.386861175298691,0.310843765735626,1,6623,0.555152522594683,2
1,78719467,614528,0.372786432504654,0.385383129119873,1,6625,0.48365691741101,2
1,78755551,894725,0.548157036304474,0.604465961456299,1,6627,0.453422583948182,2
1,78841762,497294,0.47167119383812,0.635832786560059,1,6629,0.370908204018485,2
1,78876272,805039,0.487775564193726,0.490916520357132,1,6631,0.49680092639669,2
1,78879487,383810,0.380354881286621,0.551125705242157,1,6633,0.345070895504228,2
1,78942222,864721,0.65769374370575,0.439920127391815,1,6635,0.694412999792158,2
1,78954004,497298,0.397131532430649,0.445881813764572,1,6637,0.44533273187089,2
1,78960330,600261,0.550660312175751,0.467831045389175,1,6639,0.577822340131762,2
1,78971235,431415,0.480862349271774,0.563604116439819,1,6641,0.426595845599293,2
1,78977958,354544,0.272243142127991,0.322536736726761,1,6643,0.422034315983396,2
1,78985503,378260,0.321070998907089,0.486208617687225,1,6645,0.330178227233348,2
1,78993226,497299,0.496599942445755,0.472659230232239,1,6647,0.522699470234455,2
1,79006081,401584,0.391125679016113,0.495061755180359,1,6649,0.395027160675763,2
1,79052418,909669,0.518120765686035,0.498225897550583,1,6651,0.519824526652866,2
1,79071675,278959,0.572345554828644,0.479696303606033,1,6653,0.589033819925486,2
1,79092388,380538,0.400021731853485,0.524807512760162,1,6655,0.381112810056414,2
1,79094966,816729,0.475660353899002,0.587374269962311,1,6657,0.404903975389936,2
1,79113384,930690,0.421336889266968,0.337356507778168,1,6659,0.563367695053652,2
1,79131827,497303,0.464466333389282,0.509627938270569,1,6661,0.455691592346229,2
1,79152758,313077,0.544418752193451,0.531865537166596,1,6663,0.513407702298691,2
1,79153557,179776,0.279614746570587,0.335359662771225,1,6665,0.416887863406122,2
1,79175923,361275,0.668097496032715,0.654583513736725,1,6667,0.519561866374973,2
1,79197633,336371,0.558914601802826,0.493363231420517,1,6669,0.564692669825468,2
1,79246223,360436,0.551441133022308,0.490753382444382,1,6671,0.559585816072012,2
1,79256875,188881,0.372410595417023,0.493218839168549,1,6673,0.377530789420797,2
1,79257304,2113,0.637676537036896,0.52985006570816,1,6675,0.614672430499377,2
1,79258910,2114,0.578931152820587,0.506620287895203,1,6677,0.573281149539875,2
1,79260187,2117,0.497755825519562,0.302698314189911,1,6679,0.639865939878693,2
1,79340228,621899,0.577500939369202,0.692860782146454,1,6681,0.416751066195526,2
1,79466896,352089,0.330043375492096,0.384830087423325,1,6683,0.428817010777328,2
1,79472409,293945,0.637824416160584,0.621159076690674,1,6685,0.521995167951143,2
1,79493711,141950,0.697086334228516,0.50286602973938,1,6687,0.695340005016471,2
1,79521785,899748,0.500954151153565,0.339578747749329,1,6689,0.622176113241571,2
1,79557250,98923,0.552022278308868,0.44786149263382,1,6691,0.594324869833765,2
1,79572500,615666,0.22455108165741,0.331343024969101,1,6693,0.338849869675618,2
1,79599946,359573,0.254428237676621,0.393438190221787,1,6695,0.323339528291847,2
1,79609259,436921,0.434508085250855,0.534665763378143,1,6697,0.406336177676247,2
1,79624077,841119,0.379328548908234,0.327364057302475,1,6699,0.538627501377165,2
1,79628674,106922,0.602056860923767,0.622138738632202,1,6701,0.483860611418776,2
1,79640504,468107,0.548538625240326,0.389500349760056,1,6703,0.630252552493489,2
1,79642780,2134,0.671318113803864,0.551702201366425,1,6705,0.633411219954717,2
1,79643735,497319,0.481527775526047,0.591493964195252,1,6707,0.407043693320846,2
1,79683380,225351,0.27491968870163,0.533939480781555,1,6709,0.257444615538839,2
1,79715342,497320,0.492263734340668,0.656439363956451,1,6711,0.374949889791592,2
1,79746027,271828,0.338408678770065,0.44187194108963,1,6713,0.382926191167026,2
1,79749431,870472,0.245393007993698,0.340730667114258,1,6715,0.36009821198661,2
1,79778052,918785,0.659274101257324,0.429821789264679,1,6717,0.701211049170693,2
1,79788057,835552,0.658052682876587,0.306026756763458,1,6719,0.753630762816846,2
1,79812941,378736,0.387120276689529,0.481205970048904,1,6721,0.402239686105917,2
1,79837262,910507,0.574749350547791,0.410856008529663,1,6723,0.639094469595706,2
1,79848212,734272,0.316965878009796,0.45953181385994,1,6725,0.344879144870701,2
1,79852584,2137,0.522474110126495,0.638559520244598,1,6727,0.409103688506878,2
1,79870642,233217,0.553789258003235,0.511247038841248,1,6729,0.543521188149047,2
1,79876184,375084,0.732651948928833,0.645037531852722,1,6731,0.623413635156152,2
1,79885204,735799,0.754287123680115,0.530435681343079,1,6733,0.738360788333865,2
1,79897101,89517,0.72298926115036,0.599698722362518,1,6735,0.653997183715581,2
1,79906711,603759,0.666543245315552,0.669132649898529,1,6737,0.49806510369553,2
1,79933264,398825,0.378978848457336,0.528771102428436,1,6739,0.358358131445569,2
1,79953667,488848,0.558625757694244,0.432476967573166,1,6741,0.611139797781989,2
1,80005869,586568,0.330963432788849,0.582517623901367,1,6743,0.284080188486184,2
1,80039637,497331,0.704189956188202,0.52663004398346,1,6745,0.687548776541427,2
1,80043926,214785,0.40484344959259,0.497307479381561,1,6747,0.407035351746613,2
1,80056276,497332,0.772083461284638,0.640314936637878,1,6749,0.68317208312053,2
1,80077300,98816,0.60674911737442,0.410509437322617,1,6751,0.666448534104185,2
1,80077794,329694,0.366137444972992,0.475903928279877,1,6753,0.384675796117476,2
1,80081669,848758,0.687449932098389,0.541328966617584,1,6755,0.659287326696056,2
1,80134543,2149,0.342617154121399,0.551525950431824,1,6757,0.310608371059551,2
1,80137679,2150,0.504237174987793,0.414163082838058,1,6759,0.576876422013565,2
1,80142490,171465,0.310850322246552,0.462090522050858,1,6761,0.336352194443343,2
1,80142846,410523,0.702945291996002,0.608926057815552,1,6763,0.620206467420561,2
1,80158678,584878,0.490745693445206,0.59412145614624,1,6765,0.413001153525426,2
1,80189150,2156,0.507626056671143,0.420558422803879,1,6767,0.575130640683896,2
1,80190538,141281,0.527845144271851,0.459658741950989,1,6769,0.56309568379718,2
1,80195209,354786,0.322414755821228,0.486087590456009,1,6771,0.331642652632588,2
1,80222072,79210,0.605272889137268,0.521397471427918,1,6773,0.58762533908836,2
1,80226823,2162,0.383582353591919,0.504976093769074,1,6775,0.37980248800385,2
1,80236125,771850,0.49618935585022,0.446385830640793,1,6777,0.544980356325664,2
1,80255994,2164,0.666219413280487,0.557103514671326,1,6779,0.623184425959247,2
1,80272838,862958,0.693761050701141,0.655827462673187,1,6781,0.555108388836867,2
1,80286294,2168,0.566358804702759,0.438091158866882,1,6783,0.614135635930926,2
1,80286435,2170,0.553783416748047,0.410881638526917,1,6785,0.6212844375312,2
1,80287132,2171,0.746266603469849,0.535038888454437,1,6787,0.727145571715961,2
1,80287294,2173,0.538151144981384,0.680005609989166,1,6789,0.395696106823264,2
1,80287829,2175,0.598160207271576,0.507975697517395,1,6791,0.591646397646557,2
1,80309805,228838,0.377731472253799,0.565310060977936,1,6793,0.334092295828203,2
1,80335070,306671,0.339351028203964,0.455861508846283,1,6795,0.372208468601364,2
1,80337004,641538,0.688827991485596,0.658304929733276,1,6797,0.544664182202707,2
1,80339763,859709,0.40786138176918,0.353373318910599,1,6799,0.542132550706679,2
1,80354609,679166,0.46767121553421,0.583096504211426,1,6801,0.401023854676238,2
1,80362546,280794,0.524089455604553,0.378904104232788,1,6803,0.61687836963761,2
1,80379489,430639,0.558838188648224,0.51842737197876,1,6805,0.541957136180591,2
1,80386389,648061,0.379930555820465,0.632879734039307,1,6807,0.300160153174433,2
1,80428702,217600,0.482342004776001,0.635412275791168,1,6809,0.379550429817731,2
1,80431643,2180,0.394060611724854,0.491106539964676,1,6811,0.401196664733071,2
1,80434758,927302,0.400802940130234,0.486621975898743,1,6813,0.411821660324722,2
1,80448117,625409,0.194750219583511,0.304987400770187,1,6815,0.319275844004878,2
1,80459768,471573,0.504479944705963,0.427268296480179,1,6817,0.567406473005831,2
1,80460268,265839,0.414022415876389,0.490975350141525,1,6819,0.421632588842846,2
1,80462079,362939,0.309313088655472,0.43164473772049,1,6821,0.358295910531599,2
1,80473388,170805,0.694023251533508,0.604964256286621,1,6823,0.612722705051603,2
1,80483341,925593,0.623104095458984,0.487459391355515,1,6825,0.632325811668083,2
1,80484247,682442,0.382041037082672,0.498175412416458,1,6827,0.383440277822562,2
1,80514486,853812,0.347368240356445,0.468150466680527,1,6829,0.371000634496318,2
1,80540924,258319,0.692707479000092,0.588051438331604,1,6831,0.627025617281718,2
1,80544659,462448,0.356442898511887,0.502932786941528,1,6833,0.35436434824573,2
1,80611468,182870,0.558919906616211,0.510208189487457,1,6835,0.54972696162251,2
1,80629549,2184,0.577162742614746,0.4537034034729,1,6837,0.612996621182246,2
1,80629782,2186,0.4474216401577,0.569610953330994,1,6839,0.392743185099628,2
1,80631082,249698,0.65105015039444,0.487908810377121,1,6841,0.65928934467459,2
1,80640732,2188,0.33976137638092,0.481789112091065,1,6843,0.35260383418202,2
1,80686833,474187,0.713442087173462,0.545436680316925,1,6845,0.684798684343549,2
1,80730236,922591,0.638336062431335,0.445749044418335,1,6847,0.673736297676643,2
1,80750551,889109,0.528469562530518,0.657802402973175,1,6849,0.401693244158055,2
1,80754015,731475,0.332264333963394,0.611226975917816,1,6851,0.271801104217028,2
1,80764635,170105,0.71221524477005,0.613370716571808,1,6853,0.627828558822292,2
1,80774788,276056,0.326332598924637,0.521324038505554,1,6855,0.312984415470379,2
1,80786725,650414,0.34044674038887,0.452975243330002,1,6857,0.375789566209083,2
1,80810881,117039,0.367380887269974,0.536178171634674,1,6859,0.342592170574495,2
1,80811644,193247,0.481111764907837,0.380857944488525,1,6861,0.580961888735285,2
1,80831841,642500,0.256256729364395,0.654485404491425,1,6863,0.195769628784558,2
1,80907222,597491,0.353768616914749,0.474319815635681,1,6865,0.372922029876224,2
1,80921268,366957,0.627554535865784,0.545389175415039,1,6867,0.590368900174955,2
1,80923129,489069,0.395389765501022,0.435757905244827,1,6869,0.453680542271374,2
1,80927103,85879,0.311365783214569,0.420117855072022,1,6871,0.370569566914969,2
1,80963199,78151,0.5291468501091,0.337279886007309,1,6873,0.644757160715894,2
1,80980779,765113,0.344521194696426,0.526349127292633,1,6875,0.327274404793383,2
1,80984648,904143,0.370586723089218,0.45318815112114,1,6877,0.408866297775467,2
1,81031531,2206,0.235034510493279,0.440270900726318,1,6879,0.266920332578806,2
1,81041168,96340,0.485997468233109,0.603759288787842,1,6881,0.402476183189528,2
1,81044889,585641,0.509144961833954,0.550119340419769,1,6883,0.462758645647188,2
1,81102353,145604,0.427881717681885,0.623885869979858,1,6885,0.342916660138255,2
1,81137364,277528,0.576460421085358,0.445205748081207,1,6887,0.618291305786062,2
1,81165484,401633,0.433945506811142,0.548528850078583,1,6889,0.395553950124022,2
1,81205753,825875,0.449214488267899,0.557981193065643,1,6891,0.402535510023051,2
1,81223342,900901,0.374579012393951,0.462445080280304,1,6893,0.404998375338869,2
1,81226406,2213,0.243038862943649,0.413267493247986,1,6895,0.294045463186009,2
1,81227921,179593,0.30247363448143,0.479519337415695,1,6897,0.315392530478094,2
1,81228506,716715,0.413946241140366,0.6635622382164,1,6899,0.311912144257198,2
1,81240453,62546,0.318045973777771,0.508912622928619,1,6901,0.312476012038692,2
1,81289450,497350,0.348408997058868,0.480993300676346,1,6903,0.362176558975931,2
1,81313023,425428,0.743563413619995,0.615439474582672,1,6905,0.666584881402326,2
1,81340441,497355,0.415779829025269,0.500197529792786,1,6907,0.41561563608432,2
1,81348912,181258,0.518014848232269,0.5072261095047,1,6909,0.510946946394345,2
1,81351372,706987,0.573520958423615,0.449089407920837,1,6911,0.61293261764415,2
1,81364003,670995,0.328238934278488,0.492024779319763,1,6913,0.33355935318165,2
1,81368322,156701,0.372209250926971,0.524619460105896,1,6915,0.354742131422117,2
1,81370664,736114,0.497507065534592,0.426069855690002,1,6917,0.562235108708634,2
1,81370952,288329,0.359280854463577,0.496236532926559,1,6919,0.362005647130326,2
1,81373758,155570,0.554366409778595,0.46331450343132,1,6921,0.58482799230594,2
1,81390711,497360,0.617409706115723,0.587416887283325,1,6923,0.536347608406593,2
1,81406021,703511,0.6684330701828,0.524137496948242,1,6925,0.651614775601329,2
1,81411761,175455,0.660221517086029,0.434085518121719,1,6927,0.699796971278911,2
1,81420264,742295,0.540314018726349,0.46715435385704,1,6929,0.568649960264178,2
1,81455710,556752,0.280409783124924,0.431291043758392,1,6931,0.325081852710589,2
1,81458629,237297,0.335608035326004,0.537200570106506,1,6933,0.312367534587189,2
1,81471858,713468,0.530818104743958,0.370453864336014,1,6935,0.627364962886165,2
1,81481921,456777,0.282919883728027,0.372132360935211,1,6937,0.380133406050763,2
1,81517949,829344,0.57217139005661,0.652312815189362,1,6939,0.438571324013091,2
1,81518826,626410,0.429179400205612,0.57011479139328,1,6941,0.376397356010321,2
1,81522011,85193,0.575742900371552,0.470510601997376,1,6943,0.599371487673918,2
1,81524528,212823,0.365260899066925,0.515896022319794,1,6945,0.354006314513225,2
1,81530413,857739,0.441938489675522,0.514908075332642,1,6947,0.429143094512569,2
1,81537200,497363,0.575040817260742,0.558066785335541,1,6949,0.519204295312007,2
1,81568669,2222,0.616854608058929,0.486488372087479,1,6951,0.626936011655085,2
1,81619797,630006,0.567371070384979,0.618520438671112,1,6953,0.458651836634512,2
1,81629441,724473,0.617277383804321,0.467915654182434,1,6955,0.640355312833333,2
1,81635033,228734,0.405681818723679,0.46722075343132,1,6957,0.434143620274043,2
1,81649299,889563,0.58886444568634,0.521158337593079,1,6959,0.570697804105989,2
1,81654007,860330,0.516258001327515,0.441085338592529,1,6961,0.56724878405022,2
1,81660005,476807,0.765504598617554,0.556420505046845,1,6963,0.73567826731124,2
1,81663221,391357,0.366626143455505,0.440540611743927,1,6965,0.416109359366639,2
1,81665095,116577,0.604007005691528,0.538475871086121,1,6967,0.570994267146578,2
1,81683958,572082,0.523161232471466,0.696689963340759,1,6969,0.375462013233842,2
1,81697182,468922,0.342989653348923,0.422883927822113,1,6971,0.40553640228815,2
1,81716033,182829,0.560951888561249,0.36544743180275,1,6973,0.654049062722985,2
1,81740550,880609,0.496884316205978,0.534062266349793,1,6975,0.465193243853458,2
1,81748536,756363,0.475935697555542,0.467885553836823,1,6977,0.507564297283005,2
1,81756746,236312,0.472199887037277,0.381984829902649,1,6979,0.572987736790035,2
1,81759716,584739,0.265242516994476,0.366096764802933,1,6981,0.362257389978923,2
1,81767186,831585,0.454992353916168,0.52359801530838,1,6983,0.434486324063121,2
1,81769065,497366,0.535242795944214,0.365424036979675,1,6985,0.633804909782802,2
1,81772256,795247,0.378584563732147,0.329735308885574,1,6987,0.536440271652497,2
1,81792978,580871,0.638923466205597,0.698117077350617,1,6989,0.457604810807908,2
1,81796993,651289,0.397388696670532,0.565762877464294,1,6991,0.35119721750886,2
1,81804025,236772,0.229049026966095,0.371925204992294,1,6993,0.307923507054114,2
1,81824930,497368,0.501973152160645,0.382192730903626,1,6995,0.596939957854667,2
1,81828549,172905,0.464193731546402,0.556338012218475,1,6997,0.417186783350795,2
1,81836522,770728,0.477279961109161,0.459625124931335,1,6999,0.516335730057382,2
1,81842965,764013,0.298084169626236,0.410808712244034,1,7001,0.362801665035239,2
1,81846930,931039,0.637102007865906,0.689989566802979,1,7003,0.461675102435154,2
1,81859870,111212,0.742439866065979,0.559849858283997,1,7005,0.707417867764535,2
1,81871485,175729,0.471752792596817,0.580787003040314,1,7007,0.406132360165842,2
1,81896073,95030,0.393951058387756,0.427287936210632,1,7009,0.460990148565249,2
1,81917369,497370,0.379260838031769,0.567726075649262,1,7011,0.334017455159198,2
1,81919877,497372,0.460494101047516,0.529419600963593,1,7013,0.434904658053248,2
1,81929270,909675,0.613779962062836,0.522040545940399,1,7015,0.595969872907877,2
1,81954551,732730,0.377520322799683,0.445264667272568,1,7017,0.42392800344136,2
1,81976182,355213,0.375010281801224,0.435381680727005,1,7019,0.430668420838272,2
1,81998391,2233,0.383884221315384,0.315642863512039,1,7021,0.549858001155326,2
1,82004002,832316,0.691667139530182,0.552103996276856,1,7023,0.655798602904698,2
1,82016059,873269,0.503671288490295,0.375474482774735,1,7025,0.602635362510993,2
1,82070744,837147,0.609812915325165,0.538399636745453,1,7027,0.57735401037838,2
1,82088804,637248,0.708574593067169,0.652361690998077,1,7029,0.580849694371257,2
1,82143755,91592,0.327466636896133,0.476020127534866,1,7031,0.343963015379164,2
1,82150886,147885,0.739369869232178,0.549936950206757,1,7033,0.710451534637698,2
1,82164628,468330,0.363152921199799,0.592936813831329,1,7035,0.306232395028101,2
1,82184462,253063,0.602778255939484,0.440166354179382,1,7037,0.645232340869528,2
1,82185188,497379,0.377668261528015,0.419003009796143,1,7039,0.450674879056074,2
1,82188808,2238,0.782392024993897,0.50320690870285,1,7041,0.780987317639705,2
1,82222459,898392,0.482090771198273,0.65451443195343,1,7043,0.368281238474337,2
1,82242197,643126,0.515092968940735,0.471037715673447,1,7045,0.541643094954659,2
1,82320692,580988,0.442260295152664,0.599150002002716,1,7047,0.369073098284542,2
1,82335465,727162,0.670836746692658,0.602017343044281,1,7049,0.586460304796691,2
1,82343774,2244,0.286815881729126,0.558315515518189,1,7051,0.256858240329327,2
1,82447272,497383,0.693691551685333,0.686727523803711,1,7053,0.51111496925325,2
1,82462594,2248,0.692920982837677,0.600815713405609,1,7055,0.615366852510474,2
1,82484701,2250,0.57687258720398,0.493776828050613,1,7057,0.582074234999336,2
1,82485542,305589,0.366368055343628,0.443145364522934,1,7059,0.413372320545471,2
1,82485810,366130,0.353904515504837,0.407190650701523,1,7061,0.434568567445148,2
1,82505198,2251,0.24980691075325,0.35333377122879,1,7063,0.353499907303646,2
1,82514673,2252,0.527102887630463,0.632981777191162,1,7065,0.416364978127385,2
1,82521407,287878,0.370963156223297,0.442182540893555,1,7067,0.419468343858242,2
1,82537530,853673,0.465577661991119,0.488576084375382,1,7069,0.476463827109278,2
1,82544903,436002,0.680085778236389,0.575427412986755,1,7071,0.623251439743057,2
1,82568611,676727,0.586402177810669,0.504931688308716,1,7073,0.582282068532753,2
1,82573443,210938,0.364130944013596,0.455746978521347,1,7075,0.399488050579078,2
1,82580017,168448,0.443264812231064,0.670855402946472,1,7077,0.330372842108892,2
1,82589827,897853,0.439359456300735,0.522450387477875,1,7079,0.42047959656202,2
1,82609145,497386,0.560563683509827,0.360806792974472,1,7081,0.656257050559814,2
1,82621367,450422,0.439269363880157,0.554196417331696,1,7083,0.396311984472148,2
1,82630041,279115,0.642985820770264,0.520352363586426,1,7085,0.627837028553705,2
1,82630434,421269,0.492074251174927,0.580517113208771,1,7087,0.423824069935698,2
1,82827024,791009,0.324246615171433,0.358888983726501,1,7089,0.451736650989727,2
1,82830391,820683,0.342126041650772,0.513751745223999,1,7091,0.332968252498688,2
1,82832295,392503,0.676681995391846,0.682662785053253,1,7093,0.495619513914955,2
1,82851559,2260,0.331873804330826,0.514848947525024,1,7095,0.322302110090936,2
1,82874243,872053,0.561180174350739,0.600088119506836,1,7097,0.467581473544192,2
1,82908723,86845,0.39986515045166,0.532284915447235,1,7099,0.375611950336491,2
1,82910622,453230,0.589007914066315,0.404249906539917,1,7101,0.655063347496375,2
1,82917812,603751,0.307410389184952,0.32448336482048,1,7103,0.473692063312746,2
1,82924322,930843,0.545906066894531,0.40387037396431,1,7105,0.619131550192171,2
1,82943008,399436,0.375125974416733,0.517458260059357,1,7107,0.362469790678095,2
1,82949953,464322,0.392818331718445,0.592095255851746,1,7109,0.331718864351788,2
1,82956164,2264,0.347185492515564,0.485145509243012,1,7111,0.357815836590231,2
1,82963129,2265,0.549480259418488,0.460624396800995,1,7113,0.582369189568914,2
1,82969009,2268,0.380194842815399,0.439634710550308,1,7115,0.432398572828217,2
1,82987966,2269,0.618483066558838,0.537626504898071,1,7117,0.587436415059801,2
1,82993244,884877,0.447077661752701,0.475503355264664,1,7119,0.470109891762865,2
1,83006435,2272,0.451618015766144,0.616135835647583,1,7121,0.366492248654451,2
1,83013247,373062,0.45538067817688,0.398986756801605,1,7123,0.546915706112535,2
1,83018311,456132,0.552963435649872,0.403717935085297,1,7125,0.625146729497829,2
1,83021470,86360,0.70101809501648,0.545499086380005,1,7127,0.671087674387496,2
1,83023677,176444,0.777158975601196,0.644765198230743,1,7129,0.686346856657994,2
1,83024212,62551,0.441734582185745,0.504585981369019,1,7131,0.437719832195151,2
1,83029372,416991,0.43073445558548,0.583218336105347,1,7133,0.3692737598597,2
1,83034820,788560,0.580168783664703,0.419303685426712,1,7135,0.638510521076924,2
1,83039146,497398,0.400804370641708,0.574339270591736,1,7137,0.348926489241075,2
1,83057121,497401,0.568109750747681,0.462712913751602,1,7139,0.598082421570943,2
1,83057411,722334,0.460790693759918,0.570323944091797,1,7141,0.403972775940257,2
1,83064808,279202,0.717420995235443,0.595457255840302,1,7143,0.650742710326544,2
1,83084423,492936,0.530445754528046,0.451738297939301,1,7145,0.571779094083095,2
1,83090683,195260,0.584829270839691,0.476697355508804,1,7147,0.603316805742519,2
1,83096629,587236,0.54412704706192,0.411912322044373,1,7149,0.61241072545268,2
1,83121539,108737,0.32647055387497,0.386945873498917,1,7151,0.421855582698033,2
1,83127325,99835,0.376435935497284,0.420261800289154,1,7153,0.447858852789242,2
1,83134271,928473,0.559638977050781,0.5341637134552,1,7155,0.527343580063863,2
1,83161504,2276,0.600273370742798,0.469314277172089,1,7157,0.62338667495411,2
1,83168316,77444,0.405816316604614,0.322038322687149,1,7159,0.561786673731711,2
1,83185369,2278,0.284300923347473,0.574062049388886,1,7161,0.247622119986963,2
1,83242562,484556,0.32862788438797,0.433676421642303,1,7163,0.378886040361012,2
1,83261935,590712,0.43844285607338,0.511832237243652,1,7165,0.428307191468152,2
1,83278235,146504,0.594845652580261,0.423270761966705,1,7167,0.648748216059449,2
1,83283323,450843,0.531522393226624,0.477731645107269,1,7169,0.551497230892347,2
1,83291063,313049,0.527559220790863,0.453883290290833,1,7171,0.567454382177087,2
1,83310950,366220,0.299439907073975,0.564129948616028,1,7173,0.265399761002395,2
1,83320722,480432,0.606873214244843,0.474460601806641,1,7175,0.62597781716594,2
1,83326737,466425,0.378948271274567,0.331005483865738,1,7177,0.535831973396331,2
1,83351262,234605,0.622157394886017,0.586000204086304,1,7179,0.543668126357302,2
1,83364913,484320,0.696659088134766,0.527234554290772,1,7181,0.679184556931639,2
1,83399405,233675,0.653384327888489,0.506382286548615,1,7183,0.648902721006539,2
1,83456928,2288,0.548787236213684,0.386424839496613,1,7185,0.632308482455407,2
1,83464971,930544,0.417834222316742,0.550051987171173,1,7187,0.379813392244608,2
1,83513112,497407,0.401413202285767,0.431556642055511,1,7189,0.465075917235138,2
1,83518435,392027,0.319399267435074,0.499571084976196,1,7191,0.319673492962761,2
1,83528532,852794,0.762108266353607,0.653831422328949,1,7193,0.656393230074668,2
1,83556403,805768,0.676626622676849,0.457414299249649,1,7195,0.702007095951891,2
1,83600861,904195,0.579887747764587,0.378881186246872,1,7197,0.661810073263703,2
1,83601945,497408,0.725029647350311,0.669662952423096,1,7199,0.583803338640553,2
1,83602568,930503,0.608843982219696,0.640291452407837,1,7201,0.47544284710511,2
1,83612663,932287,0.451656341552734,0.584399700164795,1,7203,0.386427595210411,2
1,83622978,914812,0.284567892551422,0.474157184362412,1,7205,0.300077592343216,2
1,83658081,328686,0.413854002952576,0.55020010471344,1,7207,0.376094078688083,2
1,83663994,772875,0.542324900627136,0.407664328813553,1,7209,0.61366913927694,2
1,83684309,931296,0.646182477474213,0.469788074493408,1,7211,0.666343300192907,2
1,83705844,880883,0.606721520423889,0.634905159473419,1,7213,0.477804843267532,2
1,83748119,887987,0.449339747428894,0.589815020561218,1,7215,0.38091582255852,2
1,83755840,2293,0.519172549247742,0.634089410305023,1,7217,0.40938433981889,2
1,83798099,863178,0.703879237174988,0.696534156799316,1,7219,0.512101988642613,2
1,83802829,589613,0.442744940519333,0.543778359889984,1,7221,0.407100551600571,2
1,83804143,855805,0.263338476419449,0.425937801599503,1,7223,0.309127853210665,2
1,83807136,424450,0.534001052379608,0.45464038848877,1,7225,0.572759938777759,2
1,83812349,850080,0.373745858669281,0.419318497180939,1,7227,0.445658683294392,2
1,83823250,610628,0.738967955112457,0.6432985663414,1,7229,0.63410289354573,2
1,83834103,273519,0.432512432336807,0.452677458524704,1,7231,0.477726938012757,2
1,83861233,764348,0.377824723720551,0.369628071784973,1,7233,0.506501441108575,2
1,83866466,427448,0.450729817152023,0.559656739234924,1,7235,0.402684168306622,2
1,83873711,741930,0.451258778572083,0.557181000709534,1,7237,0.404948103037822,2
1,83883604,99167,0.330302149057388,0.476813584566116,1,7239,0.346364029621714,2
1,83884056,345406,0.488045692443848,0.625164449214935,1,7241,0.390333849802818,2
1,83889564,114295,0.656015813350678,0.51638662815094,1,7243,0.644360343745124,2
1,83897057,538708,0.780405521392822,0.666275084018707,1,7245,0.670994780294608,2
1,83945518,763462,0.320560097694397,0.346064418554306,1,7247,0.463150905593742,2
1,83969654,172987,0.710420668125153,0.506603837013245,1,7249,0.706544807602587,2
1,83971715,397893,0.372188746929169,0.339376717805862,1,7251,0.524834145274389,2
1,83981186,490772,0.649081707000732,0.449845194816589,1,7253,0.681073136421776,2
1,83990961,468008,0.444493174552918,0.531747281551361,1,7255,0.417955286255642,2
1,83995626,2296,0.385121047496796,0.482737541198731,1,7257,0.398892788139561,2
1,84020921,240260,0.623448610305786,0.591918408870697,1,7259,0.538632227133591,2
1,84033245,621102,0.305325269699097,0.509007394313812,1,7261,0.299922234047997,2
1,84036690,216726,0.680411398410797,0.568304121494293,1,7263,0.629845201794093,2
1,84040732,2302,0.306396722793579,0.415391206741333,1,7265,0.368805017801417,2
1,84047907,220904,0.418801695108414,0.373451709747314,1,7267,0.536190335259561,2
1,84049017,471648,0.674380004405975,0.49630531668663,1,7269,0.67676848060808,2
1,84052373,497418,0.300623536109924,0.409574061632156,1,7271,0.366995330358491,2
1,84053101,379876,0.74377179145813,0.592453241348267,1,7273,0.68564563071298,2
1,84062352,722712,0.677482008934021,0.577510297298431,1,7275,0.618312601462628,2
1,84076482,475022,0.655415832996368,0.489963352680206,1,7277,0.662196658990685,2
1,84082451,425683,0.56735497713089,0.57262110710144,1,7279,0.495401732572165,2
1,84092024,399660,0.343849807977676,0.429274559020996,1,7281,0.400501032208688,2
1,84094536,889976,0.481667935848236,0.528010666370392,1,7283,0.45611572504707,2
1,84138376,890418,0.854027032852173,0.678662359714508,1,7285,0.772866684683846,1
1,84157413,2310,0.558778464794159,0.548977196216583,1,7287,0.510865602022068,1
1,84181981,324312,0.653722405433655,0.433888524770737,1,7289,0.6941613006289,1
1,84217255,2314,0.325936824083328,0.59453958272934,1,7291,0.274108598949003,1
1,84235716,197862,0.7877556681633,0.545544922351837,1,7293,0.76648480534635,1
1,84258100,891731,0.305936813354492,0.516864240169525,1,7295,0.295954710712961,1
1,84271400,96326,0.198074743151665,0.485152840614319,1,7297,0.204136435541483,1
1,84277008,538710,0.712013304233551,0.5534827709198,1,7299,0.677518943267111,1
1,84288937,446510,0.324030518531799,0.58356523513794,1,7301,0.277630073744204,1
1,84299879,2318,0.250375837087631,0.535943269729614,1,7303,0.233584272094644,1
1,84302641,125719,0.723707318305969,0.586168527603149,1,7305,0.666177296649546,1
1,84306260,439463,0.763653099536896,0.47995138168335,1,7307,0.772764610712612,1
1,84307885,283934,0.78063577413559,0.587170302867889,1,7309,0.734316320521134,1
1,84311837,191485,0.247453436255455,0.485911816358566,1,7311,0.254627926225253,1
1,84334853,2320,0.707866370677948,0.450286388397217,1,7313,0.734285614221661,1
1,84362717,458377,0.732040405273438,0.503886163234711,1,7315,0.729941421838095,1
1,84363115,342941,0.82153981924057,0.557447016239166,1,7317,0.79837422036694,1
1,84376075,790622,0.806913256645203,0.698087096214294,1,7319,0.680227739633401,1
1,84396892,735275,0.700287997722626,0.498210281133652,1,7321,0.701356971846206,1
1,84450848,315819,0.561845719814301,0.455513656139374,1,7323,0.597644380684546,1
1,84490571,457629,0.770841121673584,0.491675764322281,1,7325,0.774593790495852,1
1,84495697,315000,0.276440739631653,0.551888048648834,1,7327,0.25045001455318,1
1,84501285,310639,0.7446368932724,0.53831672668457,1,7329,0.72344340645721,1
1,84505232,158742,0.232858240604401,0.448896735906601,1,7331,0.259367268659367,1
1,84507915,883594,0.340705305337906,0.569792747497559,1,7333,0.29897300977788,1
1,84517991,800980,0.68663227558136,0.519891977310181,1,7335,0.673648731526097,2
1,84591181,252223,0.369018763303757,0.474157184362412,1,7337,0.389131258023611,2
1,84811546,188259,0.401569366455078,0.304218530654907,1,7339,0.569957910701332,2
1,84948172,194343,0.64990097284317,0.598144292831421,1,7341,0.564397094639292,2
1,84986488,765112,0.610966801643372,0.450284391641617,1,7343,0.646150489051603,2
1,84993165,497437,0.46828418970108,0.480375438928604,1,7345,0.487414792423098,2
1,85002149,879692,0.372037678956985,0.476024955511093,1,7347,0.390775393863059,2
1,85007456,387371,0.478228598833084,0.563123524188995,1,7349,0.424621400359561,2
1,85008123,876057,0.625547230243683,0.661959707736969,1,7351,0.472496454793473,2
1,85009365,363239,0.563862562179565,0.493592590093613,1,7353,0.569380868754411,2
1,85038300,176816,0.64236456155777,0.523483633995056,1,7355,0.624739606069984,2
1,85040831,929524,0.287899166345596,0.411272555589676,1,7357,0.350010184770062,2
1,85048138,354586,0.360868662595749,0.459442526102066,1,7359,0.392724489020833,2
1,85055677,149977,0.594045221805573,0.53631454706192,1,7361,0.56225197963172,2
1,85062997,140685,0.346518933773041,0.456297844648361,1,7363,0.379706958773912,2
1,85084954,455361,0.65735399723053,0.625000059604645,1,7365,0.543138590357874,2
1,85121900,497441,0.436067432165146,0.447974562644959,1,7367,0.486710037273646,2
1,85127151,211678,0.587761223316193,0.501577854156494,1,7369,0.586456199707826,2
1,85129034,2353,0.611045598983765,0.443754464387894,1,7371,0.650375260460994,2
1,85157112,123769,0.377861946821213,0.53545218706131,1,7373,0.352843779474513,2
1,85163728,2354,0.583386540412903,0.516492187976837,1,7375,0.569176082343072,2
1,85168746,263490,0.418865531682968,0.464378327131271,1,7377,0.450995995302514,2
1,85172702,497444,0.348378598690033,0.454672694206238,1,7379,0.383109215848368,2
1,85185024,96871,0.515207767486572,0.469867944717407,1,7381,0.542762762897818,2
1,85189384,619461,0.605938613414764,0.472909927368164,1,7383,0.62619160647664,2
1,85194649,422720,0.509175658226013,0.381609171628952,1,7385,0.603143902484044,2
1,85196308,220181,0.585226655006409,0.36726850271225,1,7387,0.672235895659101,2
1,85198748,95245,0.327813118696213,0.465300470590591,1,7389,0.352259603649368,2
1,85207201,438223,0.640020787715912,0.46543824672699,1,7391,0.66329501682452,2
1,85288762,847351,0.536093652248383,0.425537019968033,1,7393,0.596226072108422,2
1,85299361,766203,0.530901193618774,0.475573986768723,1,7395,0.552750250229914,2
1,85312946,846685,0.367814928293228,0.471981912851334,1,7397,0.38964938939205,2
1,85315145,2357,0.692526400089264,0.576871693134308,1,7399,0.636666237023545,2
1,85324011,847015,0.351081520318985,0.50262326002121,1,7401,0.349249177509384,2
1,85326565,2359,0.442564576864243,0.55190497636795,1,7403,0.400942730917857,2
1,85341694,575934,0.725036978721619,0.592304766178131,1,7405,0.662783620621723,2
1,85343456,497448,0.557105183601379,0.413478404283524,1,7407,0.622439463752742,2
1,85363875,788661,0.562552034854889,0.469739615917206,1,7409,0.587515890045438,2
1,85386139,387310,0.372622281312943,0.346871793270111,1,7411,0.51971319549324,2
1,85395045,919433,0.295179784297943,0.574146032333374,1,7413,0.257059848605336,2
1,85461722,298406,0.639055073261261,0.455145657062531,1,7415,0.6687693404509,2
1,85477647,214930,0.286366403102875,0.467726647853851,1,7417,0.306125815598553,2
1,85488566,340154,0.309133023023605,0.432626962661743,1,7419,0.357274337597523,2
1,85501252,755566,0.575046002864838,0.51679128408432,1,7421,0.560279043880784,2
1,85516329,467493,0.362256795167923,0.501446425914764,1,7423,0.361211862769862,2
1,85538386,92366,0.403852820396423,0.547142207622528,1,7425,0.369056540301713,2
1,85541448,747361,0.525511622428894,0.450124710798264,1,7427,0.568549099324022,2
1,85558243,140883,0.288083553314209,0.404748857021332,1,7429,0.355879390783586,2
1,85588198,435126,0.740453183650971,0.581897974014282,1,7431,0.689613060667284,2
1,85647083,747669,0.310462951660156,0.483443409204483,1,7433,0.321095443385018,2
1,85670369,352190,0.6907958984375,0.668738722801209,1,7435,0.533292716587359,2
1,85677724,497458,0.527711749076843,0.406785041093826,1,7437,0.601924863970047,2
1,85685317,747780,0.273539036512375,0.394957154989243,1,7439,0.346289506414721,2
1,85687771,105394,0.627844929695129,0.43584355711937,1,7441,0.670166781748857,2
1,85690151,2374,0.639099180698395,0.485448896884918,1,7443,0.649305173852782,2
1,85695249,894601,0.452027291059494,0.552294790744782,1,7445,0.409226466222799,2
1,85700467,303348,0.605852246284485,0.424286544322968,1,7447,0.65768756155612,2
1,85712523,370727,0.466875970363617,0.567689299583435,1,7449,0.411207301869355,2
1,85725634,576996,0.487054795026779,0.517384171485901,1,7451,0.470689694301995,2
1,85728360,740969,0.528824746608734,0.529444932937622,1,7453,0.49941430516159,2
1,85740565,799482,0.45597118139267,0.53185373544693,1,7455,0.42866219695675,2
1,85744612,2377,0.568147778511047,0.464021742343903,1,7457,0.597136436674224,2
1,85782836,278956,0.506380200386047,0.526500880718231,1,7459,0.480892073433252,2
1,85793757,208804,0.397340625524521,0.435459733009338,1,7461,0.4562311913189,2
1,85807452,497461,0.380612969398499,0.454403311014175,1,7463,0.418805233338875,2
1,85825573,684457,0.574593544006348,0.41636660695076,1,7465,0.635553361870641,2
1,85834250,858091,0.335271120071411,0.347731679677963,1,7467,0.482083082539256,2
1,85844996,314938,0.360189586877823,0.495715618133545,1,7469,0.36330264137531,2
1,85851083,831820,0.481423586606979,0.459011286497116,1,7471,0.520714203042005,2
1,85864685,444201,0.615508258342743,0.467139601707459,1,7473,0.639219068550324,2
1,85875544,145388,0.6122807264328,0.519764423370361,1,7475,0.596323874744695,2
1,85899681,460773,0.310088723897934,0.38156858086586,1,7477,0.406334194490381,2
1,85922966,801223,0.34798064827919,0.366199046373367,1,7479,0.475125006093541,2
1,85948776,753554,0.302364438772202,0.455932080745697,1,7481,0.33158934361196,2
1,85963254,88093,0.353522926568985,0.487639725208283,1,7483,0.362483723427154,2
1,85980337,849381,0.428058385848999,0.532085061073303,1,7485,0.402246198178854,2
1,86024424,797554,0.275888055562973,0.329310983419418,1,7487,0.418886811332975,2
1,86032736,840561,0.633383989334106,0.502196550369263,1,7489,0.631766301601723,2
1,86040620,552452,0.582907378673554,0.493554800748825,1,7491,0.588215445675904,2
1,86061670,673647,0.633973121643066,0.540298879146576,1,7493,0.601886027950711,2
1,86078469,820916,0.253193140029907,0.574309587478638,1,7495,0.220432625146908,2
1,86092027,180832,0.420999377965927,0.480439841747284,1,7497,0.438139535258794,2
1,86103833,2386,0.669603049755096,0.566150426864624,1,7499,0.619226373951268,2
1,86117137,744880,0.322770804166794,0.372904688119888,1,7501,0.432779225429077,2
1,86154428,398974,0.276460438966751,0.427772104740143,1,7503,0.323139863379698,2
1,86187315,146322,0.315573751926422,0.370774239301682,1,7505,0.425560514291359,2
1,86191843,469690,0.534177124500275,0.545051217079163,1,7507,0.490024705717418,2
1,86205825,806807,0.635729730129242,0.520398557186127,1,7509,0.62023647412991,2
1,86228003,497470,0.247029721736908,0.573163390159607,1,7511,0.215496772803405,2
1,86230885,538714,0.375025540590286,0.526669204235077,1,7513,0.356035190186376,2
1,86236850,185418,0.393225252628326,0.459998786449432,1,7515,0.427419880456091,2
1,86238427,859313,0.562804162502289,0.372024834156036,1,7517,0.651900376577675,2
1,86242570,86642,0.449314415454865,0.566008746623993,1,7519,0.396914728027472,2
1,86322157,277584,0.687199056148529,0.583310425281525,1,7521,0.624659503345139,2
1,86335101,538715,0.632112503051758,0.420993715524673,1,7523,0.682311309210048,2
1,86337955,887285,0.575237631797791,0.532423317432404,1,7525,0.545783200875503,2
1,86344150,807180,0.365632951259613,0.442731469869614,1,7527,0.412928576510829,2
1,86351103,233358,0.464219093322754,0.566801190376282,1,7529,0.409507867312852,2
1,86361746,585060,0.548328816890717,0.399784415960312,1,7531,0.62374253924785,2
1,86364155,804205,0.572589695453644,0.646789610385895,1,7533,0.442639837019042,2
1,86383391,887889,0.384840965270996,0.478861778974533,1,7535,0.401828859775696,2
1,86389710,930114,0.575494289398193,0.448180615901947,1,7537,0.615358101912585,2
1,86409096,190847,0.7115159034729,0.639099180698395,1,7539,0.600327733966693,2
1,86412022,460125,0.421520620584488,0.503848373889923,1,7541,0.418301062808013,2
1,86415708,2393,0.362461984157562,0.4533950984478,1,7543,0.399719786780286,2
1,86423971,497472,0.501899719238281,0.308125406503677,1,7545,0.640035719302384,2
1,86424391,84183,0.384070724248886,0.524458467960358,1,7547,0.366159331684122,2
1,86428161,415135,0.307284533977509,0.388436436653137,1,7549,0.395540305931579,2
1,86448508,143969,0.379416912794113,0.466559559106827,1,7551,0.406611444764375,2
1,86450336,291342,0.601811170578003,0.428005576133728,1,7553,0.651929448253598,2
1,86458434,903054,0.364061206579208,0.45264458656311,1,7555,0.402149078312736,2
1,86476458,485880,0.352053344249725,0.50344705581665,1,7557,0.349642867290835,2
1,86490462,919193,0.489204376935959,0.596181690692902,1,7559,0.410281282177074,2
1,86493441,62560,0.626224637031555,0.44019490480423,1,7561,0.666155804782617,2
1,86495409,183562,0.334172904491425,0.453197777271271,1,7563,0.368683300372189,2
1,86500339,231423,0.431892812252045,0.515082657337189,1,7565,0.419246121083547,2
1,86556035,2397,0.612739622592926,0.519635260105133,1,7567,0.596910071405501,2
1,86580206,773032,0.651007890701294,0.603269398212433,1,7569,0.560164872931107,2
1,86589985,239782,0.42597234249115,0.522962033748627,1,7571,0.407268898124164,2
1,86618151,2399,0.3106449842453,0.448771297931671,1,7573,0.346106118725755,2
1,86642341,279523,0.755522906780243,0.568887591362,1,7575,0.716457832897775,2
1,86651584,743958,0.385755598545074,0.47586327791214,1,7577,0.405321881778297,2
1,86658208,840016,0.537009596824646,0.561799347400665,1,7579,0.477937184609846,2
1,86671934,2403,0.343689531087875,0.469861894845963,1,7581,0.365734628470509,2
1,86675395,137269,0.219001859426498,0.307698935270309,1,7583,0.35587035625279,2
1,86686760,121795,0.414571046829224,0.51609867811203,1,7585,0.401639322489441,2
1,86690532,62561,0.552799999713898,0.435098588466644,1,7587,0.604178719369604,2
1,86704117,136801,0.55017751455307,0.485426098108292,1,7589,0.562917509231167,2
1,86713936,2406,0.311824142932892,0.432203412055969,1,7591,0.360737715430751,2
1,86720563,314670,0.698342502117157,0.648307740688324,1,7593,0.57113429440665,2
1,86724394,626183,0.403633981943131,0.482904195785523,1,7595,0.417923457143041,2
1,86725189,62562,0.631855487823486,0.555549263954163,1,7597,0.58584328664657,2
1,86732384,278850,0.428796678781509,0.540072619915009,1,7599,0.396980575361318,2
1,86739304,376769,0.556102454662323,0.482925057411194,1,7601,0.570760919959452,2
1,86768404,401222,0.350712567567825,0.542796134948731,1,7603,0.323061039851501,2
1,86787767,115079,0.724987864494324,0.536601722240448,1,7605,0.703265906775365,2
1,86857592,151590,0.336339175701141,0.501010596752167,1,7607,0.335660740392999,2
1,86904000,497480,0.54558128118515,0.514771640300751,1,7609,0.531747568200152,2
1,86930717,407678,0.701026558876038,0.645507216453552,1,7611,0.578308141941641,2
1,86948387,603345,0.482848078012466,0.344158083200455,1,7613,0.605734317416617,2
1,86956981,128766,0.508163928985596,0.656799256801605,1,7615,0.386848739339464,2
1,86977549,786423,0.595572173595429,0.372252613306046,1,7617,0.677873747484239,2
1,86995592,809343,0.760875761508942,0.549188673496246,1,7619,0.734784571246717,2
1,87017866,409715,0.689577162265778,0.569535970687866,1,7621,0.639432314204898,2
1,87018915,389585,0.613425612449646,0.535652816295624,1,7623,0.583744231561374,2
1,87028644,197847,0.334673047065735,0.495183706283569,1,7625,0.337928169706459,2
1,87038971,477649,0.475995510816574,0.441605091094971,1,7627,0.530793994691893,2
1,87059022,862120,0.313242793083191,0.499377965927124,1,7629,0.313632973875447,2
1,87070437,580260,0.560279309749603,0.450233101844788,1,7631,0.600084425120978,2
1,87204174,478894,0.676967322826386,0.5889613032341,1,7633,0.607053204825637,2
1,87404362,677405,0.460157841444016,0.5340336561203,1,7635,0.430832248277211,2
1,87414526,78329,0.692525804042816,0.615619242191315,1,7637,0.600039557507948,2
1,87416426,411615,0.702249467372894,0.47631761431694,1,7639,0.715714581235401,2
1,87421088,729747,0.541756808757782,0.521962404251099,1,7641,0.520703815644116,2
1,87423211,109947,0.39782041311264,0.576956331729889,1,7643,0.344757818949534,2
1,87423635,423959,0.538118004798889,0.514178216457367,1,7645,0.524638446805485,2
1,87477253,920787,0.723603367805481,0.680214405059815,1,7647,0.567840708637583,2
1,87481392,678349,0.49849072098732,0.567032217979431,1,7649,0.439561197037134,2
1,87483367,81580,0.405547618865967,0.512524127960205,1,7651,0.39563758732687,2
1,87493516,2428,0.277061134576798,0.376730799674988,1,7653,0.367717657828644,2
1,87500228,2429,0.202037587761879,0.432614982128143,1,7655,0.233507386600442,2
1,87501354,345440,0.535408437252045,0.458514362573624,1,7657,0.571002875573848,2
1,87503700,701505,0.368436098098755,0.47676557302475,1,7659,0.386391256987455,2
1,87522916,62565,0.389269948005676,0.465544313192368,1,7661,0.418080445807987,2
1,87540141,590342,0.439775794744492,0.412568747997284,1,7663,0.523157643259915,2
1,87542119,422725,0.473811745643616,0.564625442028046,1,7665,0.419580584202652,2
1,87542839,867308,0.505524456501007,0.455173283815384,1,7667,0.54620842846899,2
1,87549430,198727,0.611653327941895,0.493002057075501,1,7669,0.6170135624042,2
1,87584423,662133,0.395744621753693,0.310801774263382,1,7671,0.561624395071188,2
1,87600621,927483,0.458758175373077,0.431623369455338,1,7673,0.523870444753981,2
1,87608262,96587,0.516954362392426,0.515689313411713,1,7675,0.501306030421943,2
1,87619749,2434,0.416159003973007,0.610429286956787,1,7677,0.340874047875153,2
1,87627024,179430,0.578685462474823,0.504002749919891,1,7679,0.575285409891758,2
1,87639908,607205,0.486050307750702,0.557732045650482,1,7681,0.435738193224868,2
1,87670495,2436,0.377918511629105,0.404642701148987,1,7683,0.466978040819718,2
1,87673452,310539,0.615745186805725,0.526494681835175,1,7685,0.594244458875838,2
1,87703477,361147,0.564577460289002,0.582933008670807,1,7687,0.484255868076797,2
1,87704844,614685,0.418839573860168,0.484950363636017,1,7689,0.43183757067407,2
1,87720676,833776,0.269537746906281,0.378631889820099,1,7691,0.355936404398408,2
1,87751713,880727,0.599781930446625,0.463659673929215,1,7693,0.626899143976958,2
1,87753093,585161,0.472785621881485,0.554835617542267,1,7695,0.4260591848589,2
1,87765254,588258,0.583869993686676,0.527471244335175,1,7697,0.55967758435373,2
1,87785491,729071,0.605450630187988,0.675086140632629,1,7699,0.448424722229237,2
1,87794012,430914,0.271650224924088,0.400676429271698,1,7701,0.338989525061233,2
1,87814407,485723,0.356727957725525,0.409724980592728,1,7703,0.435326102413215,2
1,87822703,497496,0.603555083274841,0.484206169843674,1,7705,0.615694398084401,2
1,87860578,322106,0.268379241228104,0.378791689872742,1,7707,0.354257034147539,2
1,87887392,680855,0.701049387454987,0.694649040699005,1,7709,0.510480312180176,2
1,87927399,396085,0.411393493413925,0.507348537445068,1,7711,0.405434787972033,2
1,87955306,2440,0.462593942880631,0.383283704519272,1,7713,0.564300423827407,2
1,87960918,774503,0.352843672037125,0.476511836051941,1,7715,0.370235999760837,2
1,87987872,538720,0.331496596336365,0.471865117549896,1,7717,0.351262028074486,2
1,88030586,843115,0.553437173366547,0.579116463661194,1,7719,0.477828906700129,2
1,88055598,692205,0.640745997428894,0.449677169322968,1,7721,0.673597039278622,2
1,88159795,2441,0.276751697063446,0.360846996307373,1,7723,0.383475129203661,2
1,88165452,497506,0.584101915359497,0.531696319580078,1,7725,0.555952577323787,2
1,88175551,223869,0.804967045783997,0.681394994258881,1,7727,0.693926726351443,2
1,88200439,62567,0.355957418680191,0.54591691493988,1,7729,0.326017942418391,2
1,88202625,2445,0.526439607143402,0.575977027416229,1,7731,0.456997052039517,2
1,88213654,236101,0.633704125881195,0.535095572471619,1,7733,0.606052499794226,2
1,88219947,658730,0.64698600769043,0.564741849899292,1,7735,0.594477447202434,2
1,88356690,787807,0.514458000659943,0.592755675315857,1,7737,0.433954512865531,2
1,88379600,827675,0.290827810764313,0.352438390254974,1,7739,0.412593830305931,2
1,88405009,573084,0.358078688383102,0.471619099378586,1,7741,0.379627000745849,2
1,88416892,652021,0.614712953567505,0.466423034667969,1,7743,0.638958321417848,2
1,88435707,811682,0.596931159496307,0.469171643257141,1,7745,0.620339762011862,2
1,88436596,406269,0.385960698127747,0.494396448135376,1,7747,0.390335225488981,2
1,88437917,453190,0.575218558311462,0.502881228923798,1,7749,0.57275658614848,2
1,88442904,191673,0.551625549793243,0.411440908908844,1,7751,0.619091390317755,2
1,88447133,333610,0.46475026011467,0.589952170848846,1,7753,0.393888083711912,2
1,88472538,751161,0.270331263542175,0.358540922403336,1,7755,0.376988018173934,2
1,88474197,131869,0.503184139728546,0.472409099340439,1,7757,0.529165628472396,2
1,88487955,441179,0.64185643196106,0.482109636068344,1,7759,0.654228391777721,2
1,88513154,345162,0.403269052505493,0.301087379455566,1,7761,0.573100463524561,2
1,88514598,477577,0.352565199136734,0.562601149082184,1,7763,0.313334944046863,2
1,88543251,349990,0.366206705570221,0.522121846675873,1,7765,0.350690847262668,2
1,88552213,129832,0.34931868314743,0.458404362201691,1,7767,0.381015880247815,2
1,88553930,811416,0.60531085729599,0.463775932788849,1,7769,0.63197367776054,2
1,88561536,824728,0.256974101066589,0.425256818532944,1,7771,0.302139895079286,2
1,88564020,671752,0.740962445735931,0.5807284116745,1,7773,0.691086205842589,2
1,88593737,770438,0.700500786304474,0.461577773094177,1,7775,0.721873282036783,2
1,88594490,538723,0.76001250743866,0.626830279827118,1,7777,0.678447259265625,2
1,88600330,655565,0.344233870506287,0.324756026268005,1,7779,0.51442281974812,2
1,88610982,455187,0.505017578601837,0.574066698551178,1,7781,0.439859671251088,2
1,88612615,2455,0.356574028730392,0.48867854475975,1,7783,0.364834953932442,2
1,88614918,783347,0.342023551464081,0.315494507551193,1,7785,0.519378254963288,2
1,88616539,350449,0.395846605300903,0.564143121242523,1,7787,0.350838812346992,2
1,88649037,2458,0.319866955280304,0.554826736450195,1,7789,0.288258418589221,2
1,88665626,2460,0.603440582752228,0.492644101381302,1,7791,0.609190098777382,2
1,88682094,165329,0.67112672328949,0.575340867042542,1,7793,0.612779696482524,2
1,88706367,666266,0.672781765460968,0.622088134288788,1,7795,0.56707070585992,2
1,88707303,156682,0.53643000125885,0.459645628929138,1,7797,0.571050014990665,2
1,88719369,784449,0.504869878292084,0.560259342193604,1,7799,0.450568014015928,2
1,88745467,105115,0.406376957893372,0.373044431209564,1,7801,0.526582846012609,2
1,88747966,192806,0.693845987319946,0.523761510848999,1,7803,0.678570695508211,2
1,88765379,477459,0.560570895671845,0.432988673448563,1,7805,0.612504121389635,2
1,88775437,148240,0.565393447875977,0.482493937015533,1,7807,0.58009520737048,2
1,88801919,310451,0.593303263187408,0.472897678613663,1,7809,0.614214621799678,2
1,88855630,267456,0.730152487754822,0.693033039569855,1,7811,0.560461634263428,2
1,88899475,2467,0.438106030225754,0.528183400630951,1,7813,0.414729078670786,2
1,88905866,708386,0.365029722452164,0.501643776893616,1,7815,0.363833599922815,2
1,88909085,2468,0.391658931970596,0.511646926403046,1,7817,0.382743364378261,2
1,88916430,734053,0.562646090984345,0.449954330921173,1,7819,0.602438548649877,2
1,88916844,2469,0.470572113990784,0.441779106855392,1,7821,0.525789976234312,2
1,88921381,211097,0.233873531222343,0.395010471343994,1,7823,0.296034596787531,2
1,88980668,372948,0.587729454040527,0.437534004449844,1,7825,0.633515137607363,2
1,89044891,277049,0.258060723543167,0.390525430440903,1,7827,0.330401944953773,2
1,89124399,805224,0.491775095462799,0.443202674388886,1,7829,0.543617685322575,2
1,89134355,2477,0.671632468700409,0.522309422492981,1,7831,0.656296830248064,2
1,89145959,162202,0.611287355422974,0.532396137714386,1,7833,0.584356892737127,2
1,89161532,389217,0.361768275499344,0.334936141967773,1,7835,0.52017259937336,2
1,89196211,588517,0.187484294176102,0.418470203876495,1,7837,0.224011521536471,2
1,89200041,2478,0.628869593143463,0.536493301391602,1,7839,0.599649360008395,2
1,89201737,497517,0.374331891536713,0.57072377204895,1,7841,0.32794489196834,2
1,89216555,487222,0.307722836732864,0.444433927536011,1,7843,0.346196383384717,2
1,89244784,831419,0.187675192952156,0.358916372060776,1,7845,0.26144696586922,2
1,89247406,468443,0.690010249614716,0.490721017122269,1,7847,0.695658214056217,2
1,89247818,497518,0.527517080307007,0.564867854118347,1,7849,0.466938485223559,2
1,89278330,866389,0.564983487129211,0.427891790866852,1,7851,0.619812733040555,2
1,89282311,931576,0.388900220394135,0.584804832935333,1,7853,0.332504280481159,2
1,89368386,709466,0.320584505796433,0.324892431497574,1,7855,0.493370227676151,2
1,89521495,605074,0.497346997261047,0.384213954210281,1,7857,0.591860674518597,2
1,89597908,766695,0.699871778488159,0.633710324764252,1,7859,0.59031302026371,2
1,89751079,275760,0.50018697977066,0.465606123209,1,7861,0.532355214069177,2
1,89835768,119547,0.397815257310867,0.419355243444443,1,7863,0.474317733627636,2
1,89836434,491161,0.667478740215302,0.546293199062347,1,7865,0.633550501009139,2
1,89839003,497526,0.579388439655304,0.405253171920776,1,7867,0.646394448455412,2
1,89843907,364621,0.590183019638062,0.523681998252869,1,7869,0.569807377782561,2
1,89851917,393148,0.436071783304215,0.462662935256958,1,7871,0.471262932551561,2
1,89854859,771663,0.312488168478012,0.424829304218292,1,7873,0.367780853833761,2
1,89861483,748220,0.573019981384277,0.604442119598389,1,7875,0.474007322458775,2
1,89898981,633728,0.504945695400238,0.386251270771027,1,7877,0.596696269154253,2
1,89905068,178148,0.767202496528626,0.658472716808319,1,7879,0.65918168924045,2
1,89906980,462176,0.340899020433426,0.431084245443344,1,7881,0.395397215320212,2
1,89925873,187272,0.654764831066132,0.49153870344162,1,7883,0.660509884163593,2
1,89957694,78188,0.610464036464691,0.452622264623642,1,7885,0.644179934293932,2
1,89967487,133792,0.625052630901337,0.503944456577301,1,7887,0.622071183287672,2
1,90000270,624391,0.339630365371704,0.424205541610718,1,7889,0.400313447205475,2
1,90005035,779695,0.631191194057465,0.491845160722733,1,7891,0.63710981630414,2
1,90010606,299004,0.606413125991821,0.542127430438995,1,7893,0.57020042237348,2
1,90020064,741248,0.319713801145554,0.308843970298767,1,7895,0.507863514445129,2
1,90026999,191099,0.399159371852875,0.468053311109543,1,7897,0.426403747584488,2
1,90037741,274268,0.376118838787079,0.456571638584137,1,7899,0.411894659021585,2
1,90039704,247691,0.311701685190201,0.47351798415184,1,7901,0.329133945935039,2
1,90053703,200630,0.214205101132393,0.345061957836151,1,7903,0.310386433896758,2
1,90085330,919426,0.259896785020828,0.396674394607544,1,7905,0.32759460725712,2
1,90220506,2506,0.395105004310608,0.482847332954407,1,7907,0.409140713166076,2
1,90243503,481674,0.561918795108795,0.49076184630394,1,7909,0.569866081604841,2
1,90276671,872014,0.593275129795075,0.514907658100128,1,7911,0.580775828564948,2
1,90316573,632918,0.598673522472382,0.635593056678772,1,7913,0.470956625612535,2
1,90339267,847217,0.632272064685822,0.600637912750244,1,7915,0.539605852615391,2
1,90355150,822349,0.648337543010712,0.429565131664276,1,7917,0.691759325639329,2
1,90424742,443266,0.624104082584381,0.699275672435761,1,7919,0.446250389642802,2
1,90444213,442234,0.246573895215988,0.423569917678833,1,7921,0.291066344568584,2
1,90511388,230874,0.510743021965027,0.350986152887344,1,7923,0.623076626013768,2
1,90526182,460694,0.561796963214874,0.448264449834824,1,7925,0.602886712072533,2
1,90540752,624211,0.664642572402954,0.521943330764771,1,7927,0.649249294928221,2
1,90545857,218977,0.510081708431244,0.624595165252686,1,7929,0.408329856527857,2
1,90557829,855552,0.777177274227142,0.548724830150604,1,7931,0.75311878354927,2
1,90572478,872717,0.667915463447571,0.500484943389893,1,7933,0.667593066357122,2
1,90598982,422074,0.606085062026978,0.545121431350708,1,7935,0.567010884748092,2
1,90604857,894719,0.353672921657562,0.46833398938179,1,7937,0.37758622017208,2
1,90617665,899108,0.337466984987259,0.489222466945648,1,7939,0.344901356528206,2
1,90623249,391932,0.496984541416168,0.392710864543915,1,7941,0.585851755600684,2
1,90636110,788214,0.554126858711243,0.454650312662125,1,7943,0.591204366994976,2
1,90680430,860183,0.210957825183868,0.313862919807434,1,7945,0.336066817503161,2
1,90689983,497534,0.442750155925751,0.555095195770264,1,7947,0.398805609649873,2
1,90701170,394088,0.717162013053894,0.563665747642517,1,7949,0.675892981793256,2
1,90716114,226125,0.688824415206909,0.561885356903076,1,7951,0.6448696822897,2
1,90722550,824438,0.482375949621201,0.509250462055206,1,7953,0.473613659253693,2
1,90725692,223145,0.39590522646904,0.522391140460968,1,7955,0.378935624865006,2
1,90746449,122960,0.65789669752121,0.476522088050842,1,7957,0.673239983321382,2
1,90775037,903876,0.434203058481216,0.50328141450882,1,7959,0.431372037555747,2
1,90801295,422459,0.5171058177948,0.37640056014061,1,7961,0.612817017351648,2
1,90815849,187181,0.61083197593689,0.501763999462128,1,7963,0.609454130529525,2
1,90826295,182319,0.384539932012558,0.365307211875916,1,7965,0.515151204249135,2
1,90844773,2519,0.485390931367874,0.48640900850296,1,7967,0.498953476274813,2
1,90858486,390429,0.304822653532028,0.301337569952011,1,7969,0.502494111197433,2
1,90965637,698102,0.28659325838089,0.308321923017502,1,7971,0.464763023621615,2
1,91008077,497544,0.336577266454697,0.314043968915939,1,7973,0.516424738990301,2
1,91085272,785793,0.211024895310402,0.305058509111404,1,7975,0.345876100825854,2
1,91174663,749958,0.809709250926971,0.638578176498413,1,7977,0.736747013186113,2
1,91216780,311464,0.521855115890503,0.65079927444458,1,7979,0.400934002527797,2
1,91230623,331027,0.4897800385952,0.513175189495087,1,7981,0.477205492998497,2
1,91278181,878496,0.709427654743195,0.561030507087708,1,7983,0.669028998656562,2
1,91393897,737818,0.534674346446991,0.589523911476135,1,7985,0.453479779224049,2
1,91445553,900449,0.588506937026978,0.513067245483398,1,7987,0.577464178414606,2
1,91481101,497556,0.614256799221039,0.465658992528915,1,7989,0.639047728523966,2
1,91513560,204710,0.63606184720993,0.542865514755249,1,7991,0.601935355418202,2
1,91559167,451457,0.649065017700195,0.695666790008545,1,7993,0.466505679890385,2
1,91580391,738483,0.550398230552673,0.423290520906448,1,7995,0.610200815362015,2
1,91638124,387177,0.462513417005539,0.311867028474808,1,7997,0.609460231353858,2
1,91648228,77901,0.652033150196075,0.606874644756317,1,7999,0.55743524913544,2
1,91677791,420107,0.489203333854675,0.55052775144577,1,8001,0.444303972479092,2
1,91687635,713668,0.624600350856781,0.566517055034638,1,8003,0.566996056588553,2
1,91692183,873537,0.420952767133713,0.421873033046722,1,8005,0.498909309388226,2
1,91705694,441088,0.462503403425217,0.60041069984436,1,8007,0.385155863765509,2
1,91710283,922079,0.510885834693909,0.560672163963318,1,8009,0.455601211840556,2
1,91725893,112270,0.238044664263725,0.328748315572739,1,8011,0.362046971782971,2
1,91770078,585294,0.42116716504097,0.591023802757263,1,8013,0.356303048266523,2
1,91784742,380105,0.643547475337982,0.444693982601166,1,8015,0.679048566471769,2
1,91784854,224525,0.632465660572052,0.693371593952179,1,8017,0.456079875559246,2
1,91789241,222931,0.535011887550354,0.448375552892685,1,8019,0.578528367544246,2
1,91790337,734260,0.65876716375351,0.487992078065872,1,8021,0.66676996426396,2
1,91797536,770401,0.611130833625794,0.533789575099945,1,8023,0.582946727909858,2
1,91822689,894176,0.43803945183754,0.420646846294403,1,8025,0.515010365812192,2
1,91874349,924878,0.389975875616074,0.486159086227417,1,8027,0.401078460388632,2
1,91886171,909927,0.668058633804321,0.669868528842926,1,8029,0.498649066973089,2
1,91886948,637501,0.625756025314331,0.519095182418823,1,8031,0.610896001657858,2
1,91893863,395745,0.394092500209808,0.404334306716919,1,8033,0.487334977100668,2
1,91925058,760227,0.324609190225601,0.412674456834793,1,8035,0.393299348735258,2
1,91933545,454477,0.44612044095993,0.526305675506592,1,8037,0.423822563314105,2
1,91945196,137787,0.437528669834137,0.504125356674194,1,8039,0.433948286910812,2
1,91946384,737908,0.510450005531311,0.531773447990418,1,8041,0.479950632605212,2
1,91947325,562320,0.276945024728775,0.334385067224503,1,8043,0.414110933582505,2
1,91961359,354854,0.469327181577683,0.559560358524323,1,8045,0.419371363989576,2
1,91962691,895846,0.727159440517426,0.623721063137054,1,8047,0.637449066698686,2
1,91981352,300920,0.441697418689728,0.329268634319305,1,8049,0.583810591037683,2
1,92018636,342607,0.684422671794891,0.584573447704315,1,8051,0.620176747897794,2
1,92046896,352560,0.608721554279327,0.695534527301788,1,8053,0.437592621491245,2
1,92137164,275316,0.305973649024963,0.404789865016937,1,8055,0.377941341258829,2
1,92213527,328845,0.341737031936646,0.425482451915741,1,8057,0.401587692274933,2
1,92604157,203132,0.786113440990448,0.554423689842224,1,8059,0.759988856977365,2
1,92945370,661683,0.303872585296631,0.426048904657364,1,8061,0.35661702444818,2
1,93240650,2559,0.665637731552124,0.575466990470886,1,8063,0.606199917388349,2
1,93263863,769279,0.558224678039551,0.54092800617218,1,8065,0.518838735644869,2
1,93932283,885304,0.653232514858246,0.69543993473053,1,8067,0.469654158637986,2
1,93943071,627178,0.252340406179428,0.410126686096191,1,8069,0.307637145708977,2
1,93986278,196408,0.689946353435516,0.533055722713471,1,8071,0.667997166207665,2
1,93989145,428575,0.499575346708298,0.619962394237518,1,8073,0.402907782271792,2
1,93991061,173653,0.462657332420349,0.532513380050659,1,8075,0.434409115106493,2
1,93996357,420635,0.322089433670044,0.384893029928207,1,8077,0.418414219828977,2
1,94000572,115482,0.574734807014465,0.502763509750366,1,8079,0.572371294821873,2
1,94009783,325410,0.628664553165436,0.525666773319244,1,8081,0.608571120525268,2
1,94018571,150637,0.653230905532837,0.518160283565521,1,8083,0.640161362129727,2
1,94019942,62583,0.6314777135849,0.520224034786224,1,8085,0.615943364054412,2
1,94022105,377766,0.35307964682579,0.52602607011795,1,8087,0.335610406863123,2
1,94023013,100073,0.381247967481613,0.481720089912415,1,8089,0.395715245705168,2
1,94039472,566711,0.609528958797455,0.642185807228088,1,8091,0.474573676291919,2
1,94055681,419775,0.329563319683075,0.475975185632706,1,8093,0.346198005306718,2
1,94076827,94496,0.65459156036377,0.57635509967804,1,8095,0.592337309650455,2
1,94107312,832221,0.374809414148331,0.465539902448654,1,8097,0.402553478420327,2
1,94109636,233644,0.685906171798706,0.60296094417572,1,8099,0.604454746209773,2
1,94118915,268728,0.688216745853424,0.571807563304901,1,8101,0.635930918639058,2
1,94121665,385675,0.674578428268433,0.428337335586548,1,8103,0.715372725919173,2
1,94144608,685232,0.654929339885712,0.570969998836517,1,8105,0.597847867073988,2
1,94161157,118052,0.350641936063767,0.501338422298431,1,8107,0.34970582790784,2
1,94182573,172465,0.416985183954239,0.524677038192749,1,8109,0.397373196843667,2
1,94253117,768094,0.555019676685333,0.429338842630386,1,8111,0.610118616303111,2
1,94253656,357664,0.702032268047333,0.57992696762085,1,8113,0.645338180524135,2
1,94258943,497575,0.408207476139069,0.526516973972321,1,8115,0.387648923318974,2
1,94259942,2581,0.603434026241303,0.476606070995331,1,8117,0.621159176881511,2
1,94275785,868198,0.426096528768539,0.523929536342621,1,8119,0.406635338544739,2
1,94283261,497581,0.589904129505158,0.647700965404511,1,8121,0.455383086496361,2
1,94295701,731801,0.462628066539764,0.563709139823914,1,8123,0.410342882398781,2
1,94306942,693792,0.558047354221344,0.54878568649292,1,8125,0.510263047349316,2
1,94317748,192170,0.577383041381836,0.527108788490295,1,8127,0.55315625631003,2
1,94323284,2584,0.531490325927734,0.456292182207108,1,8129,0.569153083016061,2
1,94325182,672090,0.325999736785889,0.379826188087463,1,8131,0.429143312138893,2
1,94333526,110412,0.558745086193085,0.481599539518356,1,8133,0.574407289880735,2
1,94334077,287831,0.464351296424866,0.480551511049271,1,8135,0.483144143497716,2
1,94344858,750212,0.480372667312622,0.345176130533218,1,8137,0.603231222228882,2
1,94347368,308688,0.396352082490921,0.488918393850327,1,8139,0.405335621932294,2
1,94348948,883831,0.384820073843002,0.421733796596527,1,8141,0.456235754578569,2
1,94350011,588612,0.790826380252838,0.578806281089783,1,8143,0.751689531021058,2
1,94352014,882905,0.686979949474335,0.493722081184387,1,8145,0.690861443001559,2
1,94357047,602886,0.606147587299347,0.653414368629456,1,8147,0.463830929040288,2
1,94360089,145804,0.452253103256226,0.529653012752533,1,8149,0.426933381258354,2
1,94361580,764124,0.340316116809845,0.535478293895721,1,8151,0.317768358390376,2
1,94369748,745573,0.2300855666399,0.41070482134819,1,8153,0.280110622861226,1
1,94379822,629662,0.263110369443893,0.553748607635498,1,8155,0.23757203703624,1
1,94382775,737679,0.153819650411606,0.442573040723801,1,8157,0.17377882999837,1
1,94407551,135565,0.694955825805664,0.669948637485504,1,8159,0.537883782890097,1
1,94419102,247747,0.224095284938812,0.41325181722641,1,8161,0.271136478531244,1
1,94461615,625123,0.238829016685486,0.45057013630867,1,8163,0.265029789415373,1
1,94484112,2589,0.70975124835968,0.416774272918701,1,8165,0.751169454498481,1
1,94511208,886933,0.201363459229469,0.422724187374115,1,8167,0.238173571851072,1
1,94559102,764151,0.2664655148983,0.531111061573029,1,8169,0.25085667968305,1
1,94565012,259374,0.607981026172638,0.381206303834915,1,8171,0.683239360503458,1
1,94566466,455091,0.725545406341553,0.479639112949371,1,8173,0.736284374471304,1
1,94623031,2591,0.213935568928719,0.533544301986694,1,8175,0.200485290661068,1
1,94644214,463952,0.360180675983429,0.55551016330719,1,8177,0.324189096594668,1
1,94660609,329614,0.758855223655701,0.545471012592316,1,8179,0.734731135939623,1
1,94730966,2595,0.294854283332825,0.454739362001419,1,8181,0.324201408511349,2
1,94789835,616102,0.306033760309219,0.302747279405594,1,8183,0.502356735805078,2
1,94800978,2599,0.327000319957733,0.444923609495163,1,8185,0.36747917280538,2
1,94822194,635722,0.253568798303604,0.4364353120327,1,8187,0.290499864828314,2
1,94827807,551309,0.167253226041794,0.302489995956421,1,8189,0.27646075618628,2
1,94831620,420262,0.581468880176544,0.462084770202637,1,8191,0.610969259988122,2
1,94842629,695368,0.542698800563812,0.500595986843109,1,8193,0.542153059057894,2
1,94845223,880703,0.362555712461472,0.453061521053314,1,8195,0.400117528871766,2
1,94850717,691845,0.642266511917114,0.508140921592712,1,8197,0.636345547141999,2
1,94856424,414365,0.430337458848953,0.452240824699402,1,8199,0.475783515491987,2
1,94858547,860652,0.348886340856552,0.498539060354233,1,8201,0.349908731934318,2
1,94865253,908244,0.471263229846954,0.363297164440155,1,8203,0.584785287089122,2
1,94868177,276516,0.307962447404861,0.507753252983093,1,8205,0.303259945254468,2
1,94875738,589163,0.25681683421135,0.302137494087219,1,8207,0.424999940817033,2
1,94880962,700651,0.514458179473877,0.600361824035645,1,8209,0.428456772963743,2
1,94882813,392100,0.488291263580322,0.597439110279083,1,8211,0.408653580908208,2
1,94885634,917674,0.705532908439636,0.648242831230164,1,8213,0.581434128847789,2
1,94892378,136120,0.343503087759018,0.482382655143738,1,8215,0.356048340561357,2
1,94904269,631279,0.389302492141724,0.52244758605957,1,8217,0.372575644456452,2
1,94911036,384655,0.719499409198761,0.521553874015808,1,8219,0.706862930257578,2
1,94919692,85992,0.229288801550865,0.464665442705154,1,8221,0.246724611384923,2
1,94919911,453372,0.655428528785706,0.439920723438263,1,8223,0.69239044753666,2
1,94924390,851039,0.501676738262177,0.398989409208298,1,8225,0.585428884804351,2
1,94928629,179954,0.462841868400574,0.422122359275818,1,8227,0.535231947262856,2
1,94929303,209646,0.274356573820114,0.521402418613434,1,8229,0.263094841935823,2
1,94930872,2601,0.721026182174683,0.577435374259949,1,8231,0.669903961628661,2
1,94939050,588073,0.50862854719162,0.616461575031281,1,8233,0.412538727304951,2
1,94941962,551838,0.380875736474991,0.408652544021606,1,8235,0.466014150709475,2
1,94945791,169384,0.633448958396912,0.675995171070099,1,8237,0.468530682988581,2
1,94956897,82463,0.400796175003052,0.506648242473602,1,8239,0.395536924243781,2
1,94958007,178319,0.710129499435425,0.536081790924072,1,8241,0.687584476214068,2
1,94962976,369905,0.268955945968628,0.392831146717072,1,8243,0.342330220269344,2
1,94970821,337629,0.245030850172043,0.389390408992767,1,8245,0.314633905346901,2
1,94971421,271072,0.806970477104187,0.58915376663208,1,8247,0.765083007682157,2
1,94975572,304099,0.643655955791473,0.454007416963577,1,8249,0.673673182310651,2
1,94977931,749373,0.546600341796875,0.490459322929382,1,8251,0.555089830305846,2
1,94986027,605166,0.578601121902466,0.541975319385529,1,8253,0.539982346003496,2
1,94993002,731134,0.409653842449188,0.504489421844482,1,8255,0.406008356876382,2
1,95008870,438545,0.721418857574463,0.49848484992981,1,8257,0.722260491645618,2
1,95011668,580686,0.423075407743454,0.519461989402771,1,8259,0.407224605817518,2
1,95012949,115341,0.671810328960419,0.489138901233673,1,8261,0.678787764587945,2
1,95022020,641654,0.684593319892883,0.56257164478302,1,8263,0.639476183533343,2
1,95039021,2605,0.60571700334549,0.496736496686935,1,8265,0.608273802830046,2
1,95056650,892020,0.527965545654297,0.36945852637291,1,8267,0.625691192341085,2
1,95060275,590279,0.472869962453842,0.445397078990936,1,8269,0.524768065964132,2
1,95083206,378696,0.653532147407532,0.610314130783081,1,8271,0.555452378490524,2
1,95107608,158130,0.702451884746552,0.61691552400589,1,8273,0.611641643163291,2
1,95114753,868853,0.616940915584564,0.525893270969391,1,8275,0.596020198660052,2
1,95119418,814549,0.431620866060257,0.427661299705505,1,8277,0.503459111145825,2
1,95121497,661895,0.309566676616669,0.369793951511383,1,8279,0.418566441326907,2
1,95150017,497597,0.737467706203461,0.607218205928803,1,8281,0.665803891932741,2
1,95166940,692447,0.635778427124023,0.645232141017914,1,8283,0.492674176243781,2
1,95168632,257651,0.603847026824951,0.54512357711792,1,8285,0.564548794741835,2
1,95189936,767134,0.599876642227173,0.489783644676209,1,8287,0.607888542186283,2
1,95197257,597896,0.298260897397995,0.345601767301559,1,8289,0.431509508366813,2
1,95198953,497599,0.514045774936676,0.445809900760651,1,8291,0.561563599087824,2
1,95201002,2611,0.700018167495728,0.554754674434662,1,8293,0.663127476831589,2
1,95213459,183367,0.368378669023514,0.332959055900574,1,8295,0.526549804353285,2
1,95221870,225988,0.556005120277405,0.400187969207764,1,8297,0.629888317564952,2
1,95256313,764587,0.383794367313385,0.398538798093796,1,8299,0.481501887832586,2
1,95257767,690644,0.520326673984528,0.40755221247673,1,8301,0.59517670914027,2
1,95265849,435251,0.707628548145294,0.556021451950073,1,8303,0.670736961122469,2
1,95303961,816735,0.78898960351944,0.595904529094696,1,8305,0.738910218409737,2
1,95316444,2612,0.437497079372406,0.513317108154297,1,8307,0.426146988306592,2
1,95326882,92278,0.601294755935669,0.507751643657684,1,8309,0.595016175343949,2
1,95331855,434800,0.609495997428894,0.472330778837204,1,8311,0.62997273015984,2
1,95362975,80534,0.357441872358322,0.478620648384094,1,8313,0.373408328250262,2
1,95406565,497601,0.42930394411087,0.689059019088745,1,8315,0.311514639688345,2
1,95422828,745485,0.346285820007324,0.459488958120346,1,8317,0.376816258462328,2
1,95439409,744006,0.568387746810913,0.513050019741058,1,8319,0.556820750912063,2
1,95456101,2613,0.420977652072907,0.60107147693634,1,8321,0.350189343718844,2
1,95462704,141483,0.706909835338593,0.553430616855621,1,8323,0.671842522434359,2
1,95482527,871016,0.566107451915741,0.455530434846878,1,8325,0.601545636474433,2
1,95499225,552431,0.49113667011261,0.488723963499069,1,8327,0.502359495107626,2
1,95516183,752673,0.488709658384323,0.343773931264877,1,8329,0.610431247724439,2
1,95518937,394431,0.754797995090485,0.627874970436096,1,8331,0.670538145207715,2
1,95529293,497602,0.648575782775879,0.536153972148895,1,8333,0.62118440589845,2
1,95537042,474556,0.662432014942169,0.558944821357727,1,8335,0.617317740042202,2
1,95553805,249968,0.589572787284851,0.474083185195923,1,8337,0.609798354832933,2
1,95555121,683983,0.240032508969307,0.408990025520325,1,8339,0.293445431418447,2
1,95561414,159023,0.386760234832764,0.471472859382629,1,8341,0.41016171677327,2
1,95566894,226092,0.523062646389008,0.434824436903,1,8343,0.578062654551523,2
1,95582138,819902,0.437120944261551,0.514100730419159,1,8345,0.425131611761333,2
1,95600324,677604,0.597034156322479,0.463866144418716,1,8347,0.624192876944304,2
1,95623236,694363,0.450687378644943,0.527316808700562,1,8349,0.42734023570721,2
1,95634362,763439,0.627665460109711,0.484703183174133,1,8351,0.638718377707239,2
1,95640427,889704,0.599675536155701,0.467870503664017,1,8353,0.623846764179807,2
1,95660782,190815,0.626003503799439,0.421563416719437,1,8355,0.676717805364707,2
1,95675615,876169,0.325188547372818,0.484305053949356,1,8357,0.335726981084553,2
1,95679611,354200,0.706030368804932,0.612951517105103,1,8359,0.620241850586332,2
1,95688411,179276,0.485935539007187,0.636005699634552,1,8361,0.382021371260041,2
1,95692851,470112,0.333018183708191,0.515626788139343,1,8363,0.322925603719987,2
1,95712355,2619,0.647789657115936,0.55966854095459,1,8365,0.600062253503739,2
1,95816099,278257,0.420488178730011,0.577492415904999,1,8367,0.364063810319532,2
1,95828308,2625,0.309800297021866,0.529107809066773,1,8369,0.292757252598751,2
1,95862319,826944,0.591922998428345,0.666011393070221,1,8371,0.444379033592549,2
1,95874479,616312,0.32161471247673,0.391812711954117,1,8373,0.410418935711296,2
1,95890849,240870,0.445734441280365,0.548833668231964,1,8375,0.406074250798309,2
1,95898994,289562,0.645788133144379,0.563198983669281,1,8377,0.594538641609486,2
1,95917572,749722,0.688291251659393,0.644693195819855,1,8379,0.561352689178215,2
1,95918556,335125,0.479552179574966,0.584335684776306,1,8381,0.410339631883467,2
1,95924982,418234,0.7521733045578,0.644429981708527,1,8383,0.651507884954677,2
1,95928654,591431,0.643368184566498,0.546005249023438,1,8385,0.607229142334386,2
1,95932407,888084,0.334156781435013,0.422362565994263,1,8387,0.395580489772325,2
1,95933614,661255,0.431060820817947,0.543282747268677,1,8389,0.3967186727216,2
1,95957426,684804,0.456389963626862,0.455937445163727,1,8391,0.500415869883998,2
1,96041818,260535,0.472684264183044,0.57908570766449,1,8393,0.408129796614587,2
1,96048786,87197,0.446612477302551,0.558563888072968,1,8395,0.39978638687452,2
1,96055012,651492,0.245777443051338,0.342951595783234,1,8397,0.358326723177991,2
1,96062196,422364,0.552879393100739,0.59890216588974,1,8399,0.461577386583142,2
1,96063360,646502,0.595871090888977,0.466205924749374,1,8401,0.621456168353613,2
1,96086493,562695,0.435080915689468,0.402122616767883,1,8403,0.527562757720833,2
1,96132073,849105,0.345467358827591,0.440163165330887,1,8405,0.39243101881082,2
1,96170090,139580,0.694334387779236,0.564284026622772,1,8407,0.649237541314409,2
1,96177050,497608,0.527092218399048,0.629952907562256,1,8409,0.418358429710841,2
1,96194594,2629,0.294627457857132,0.423762917518616,1,8411,0.347632420956453,2
1,96198384,366030,0.497855573892593,0.522987186908722,1,8413,0.475973012680601,2
1,96227271,2631,0.251732349395752,0.45910981297493,1,8415,0.274152656163655,2
1,96229590,626403,0.623596429824829,0.591829895973206,1,8417,0.538913351980255,2
1,96249081,2633,0.592586100101471,0.489686757326126,1,8419,0.600819784958143,2
1,96417742,607277,0.641214668750763,0.695308566093445,1,8421,0.461100797559129,2
1,97084674,857554,0.502091288566589,0.37855064868927,1,8423,0.599397191111998,2
1,97169635,760803,0.472771257162094,0.497498989105225,1,8425,0.475147957599266,2
1,97248325,446490,0.543403089046478,0.641855418682098,1,8427,0.423306459079391,2
1,97332179,306794,0.597228527069092,0.467571258544922,1,8429,0.62176020791987,2
1,97342132,829943,0.345887839794159,0.391150146722794,1,8431,0.442142029975114,2
1,97470812,98744,0.469574272632599,0.457317054271698,1,8433,0.511293167085296,2
1,97501085,243626,0.312139570713043,0.419514358043671,1,8435,0.372024895844626,2
1,97510292,77912,0.554442644119263,0.504478275775909,1,8437,0.550415921140077,2
1,97521786,2663,0.419934242963791,0.589127242565155,1,8439,0.356403687202895,2
1,97553627,2665,0.526444852352142,0.508837401866913,1,8441,0.517924258231547,2
1,97576182,671616,0.534197866916657,0.490644097328186,1,8443,0.54275376937816,2
1,97593890,628446,0.727064192295075,0.674317717552185,1,8445,0.580978422201001,2
1,97621913,832388,0.715225100517273,0.659950375556946,1,8447,0.581274497877859,2
1,97639786,2666,0.325514912605286,0.416136741638184,1,8449,0.391115323443741,2
1,97650656,171058,0.355212807655334,0.535368502140045,1,8451,0.331746083525115,2
1,97752263,911575,0.405165672302246,0.329514592885971,1,8453,0.556415157297681,2
1,97832793,874488,0.534336507320404,0.4019595682621,1,8455,0.610675576460289,2
1,98006118,309280,0.321497738361359,0.512182295322418,1,8457,0.313850889905298,2
1,98056442,626073,0.211444035172462,0.43441978096962,1,8459,0.24336372839713,2
1,98426850,390168,0.495430082082748,0.528507590293884,1,8461,0.468706685751909,2
1,98500368,164902,0.440226674079895,0.565363585948944,1,8463,0.389330587449304,2
1,98523612,263481,0.21160851418972,0.336251080036163,1,8465,0.314658489969701,2
1,98547541,265987,0.524494588375092,0.38803505897522,1,8467,0.611492930601025,2
1,98556001,418644,0.450655609369278,0.465307772159576,1,8469,0.48425540720898,2
1,98609183,171808,0.459656953811646,0.648608386516571,1,8471,0.354340896114748,2
1,98610623,689276,0.604989409446716,0.508261561393738,1,8473,0.598352945853831,2
1,98648057,920147,0.454398691654205,0.439075857400894,1,8475,0.513658561906706,2
1,98668489,868263,0.247531205415726,0.438145965337753,1,8477,0.282475732972814,2
1,98683576,726460,0.523938775062561,0.693386435508728,1,8479,0.377811526323092,2
1,98700649,781784,0.679910898208618,0.645983457565308,1,8481,0.547917874698708,2
1,98734902,842677,0.479137122631073,0.5599325299263,1,8483,0.427852550997652,2
1,98902091,86700,0.64114785194397,0.553961455821991,1,8485,0.597734150176026,2
1,98969331,62601,0.397869646549225,0.585350632667542,1,8487,0.339855826870867,2
1,98972542,217137,0.277072846889496,0.389489561319351,1,8489,0.355687127982254,2
1,98982584,418726,0.395090579986572,0.530292868614197,1,8491,0.372521113681063,2
1,99003740,176934,0.694384515285492,0.540456831455231,1,8493,0.667479025221616,2
1,99014908,133051,0.233354568481445,0.489921897649765,1,8495,0.238154866725579,2
1,99060593,87916,0.358788967132568,0.611216187477112,1,8497,0.293504143446793,2
1,99078063,192241,0.462836176156998,0.444955497980118,1,8499,0.516107427523207,2
1,99098722,777473,0.391162157058716,0.449327558279038,1,8501,0.435275056972802,2
1,99099253,128088,0.590742528438568,0.553943753242493,1,8503,0.541249030210399,2
1,99132532,766674,0.778913378715515,0.631669640541077,1,8505,0.699879991416862,2
1,99134376,80366,0.563318014144898,0.46528285741806,1,8507,0.591670108287032,2
1,99143353,831683,0.590564966201782,0.406351923942566,1,8509,0.655153406276174,2
1,99146250,642091,0.418714642524719,0.479570358991623,1,8511,0.436551837153924,2
1,99156649,322715,0.616869270801544,0.495548039674759,1,8513,0.620250529949933,2
1,99175785,783719,0.255386888980866,0.319604814052582,1,8515,0.399535422734354,2
1,99225875,741362,0.65431559085846,0.629374265670776,1,8517,0.533647589572838,2
1,99312480,926307,0.683744370937347,0.54372626543045,1,8519,0.653436517268511,2
1,99403662,99002,0.58008199930191,0.6006760597229,1,8521,0.482857598461232,2
1,99573192,570645,0.569076001644135,0.588646948337555,1,8523,0.483376328758102,2
1,99648810,603533,0.737159371376038,0.641022205352783,1,8525,0.633904056820189,2
1,99725088,667253,0.429365545511246,0.544769883155823,1,8527,0.394079737873865,2
1,99764960,628393,0.353953331708908,0.318020015954971,1,8529,0.526344846325845,2
1,99838156,887922,0.620018064975739,0.607270538806915,1,8531,0.516229398897268,2
1,99860127,914581,0.502454519271851,0.590222954750061,1,8533,0.42564806674168,2
1,99872120,101601,0.818074882030487,0.624568164348602,1,8535,0.757712185417279,2
1,99954060,707049,0.474112808704376,0.511507868766785,1,8537,0.46344625142076,2
1,99969647,562387,0.302601188421249,0.458880126476288,1,8539,0.329717033885195,2
1,99979389,859624,0.246123775839806,0.350718438625336,1,8541,0.350885138523803,2
1,100008014,770834,0.302061587572098,0.366451919078827,1,8543,0.412143547141749,2
1,100047161,696157,0.710748672485352,0.628800392150879,1,8545,0.61038303732231,2
1,100048806,445861,0.496472954750061,0.411175638437271,1,8547,0.572430186215812,2
1,100050187,81037,0.446804910898209,0.402916729450226,1,8549,0.536752144644391,2
1,100058822,571291,0.423237890005112,0.537362456321716,1,8551,0.393810439328237,2
1,100094366,930970,0.598260462284088,0.540464341640472,1,8553,0.562885349147811,2
1,100104733,381321,0.420702517032623,0.500836670398712,1,8555,0.419999714375652,2
1,100136789,538756,0.428905218839645,0.428207963705063,1,8557,0.500609710428201,2
1,100147935,705842,0.533492267131805,0.400676101446152,1,8559,0.610804997102681,2
1,100155605,396302,0.270574778318405,0.389186471700668,1,8561,0.34761585768391,2
1,100169756,797941,0.529911160469055,0.337035119533539,1,8563,0.645464749806814,2
1,100429082,762930,0.573593556880951,0.368516027927399,1,8565,0.662377461680037,2
1,100485888,417525,0.584833741188049,0.485535502433777,1,8567,0.596506405421582,2
1,100490348,538758,0.411283433437347,0.480908244848251,1,8569,0.42761112732339,2
1,100508179,833225,0.214171811938286,0.382178783416748,1,8571,0.280198458459089,2
1,100518544,216227,0.61781257390976,0.530776023864746,1,8573,0.592745207482668,2
1,100535565,110843,0.372728407382965,0.517527103424072,1,8575,0.360105205038454,2
1,100574987,597454,0.322067201137543,0.433659881353378,1,8577,0.371336172638827,2
1,100580951,197424,0.388798087835312,0.463357925415039,1,8579,0.419544013935941,2
1,100626343,442268,0.534423470497131,0.492833197116852,1,8581,0.541002558866084,2
1,100680912,608723,0.837283730506897,0.610093235969544,1,8583,0.791339514335288,2
1,100702842,2728,0.368385463953018,0.476514309644699,1,8585,0.386541869254352,2
1,100757027,306622,0.369880497455597,0.510731935501099,1,8587,0.362108252632267,2
1,100770223,143354,0.418803364038467,0.485280156135559,1,8589,0.431506789164359,2
1,100778443,858658,0.662216067314148,0.478813201189041,1,8591,0.675947344160984,2
1,100782603,165237,0.40029576420784,0.553077280521393,1,8593,0.361880498716632,2
1,100802303,497665,0.491662800312042,0.492015540599823,1,8595,0.499641535420456,2
1,100816516,2730,0.424219936132431,0.521308839321137,1,8597,0.406879669146664,2
1,100819528,417632,0.344058990478516,0.558009684085846,1,8599,0.308291236058176,2
1,100821900,497666,0.138395175337791,0.318507313728333,1,8601,0.217255882946277,2
1,100861667,476927,0.611923217773438,0.363202661275864,1,8603,0.695290197817018,2
1,100868644,575750,0.347900807857513,0.425443142652512,1,8605,0.408868745290446,2
1,100877176,766110,0.361662954092026,0.482674866914749,1,8607,0.37464448522436,2
1,100877898,442461,0.596040070056915,0.549043118953705,1,8609,0.552108031918894,2
1,100883793,497668,0.347926646471024,0.43727445602417,1,8611,0.397835548907289,2
1,100900837,726376,0.479774534702301,0.372767239809036,1,8613,0.585301104856741,2
1,100941916,353928,0.348191857337952,0.487518876791,1,8615,0.357106025955198,2
1,100971296,431840,0.409322708845139,0.359410762786865,1,8617,0.538957840031323,2
1,100988641,78598,0.555961191654205,0.485139757394791,1,8619,0.568777338390954,2
1,100995245,368427,0.612505435943604,0.417545318603516,1,8621,0.667360760903024,2
1,100999375,882847,0.359001278877258,0.479149788618088,1,8623,0.374623225768972,2
1,101008473,576447,0.43751522898674,0.600677371025085,1,8625,0.364184877016508,2
1,101015646,143223,0.357029139995575,0.438686668872833,1,8627,0.406929552832013,2
1,101027640,775927,0.678030252456665,0.519399702548981,1,8629,0.665033761682026,2
1,101038679,695100,0.521657407283783,0.624210238456726,1,8631,0.417853933775189,2
1,101044990,440217,0.425656676292419,0.532243072986603,1,8633,0.399870564687588,2
1,101047606,344799,0.596541285514832,0.458275705575943,1,8635,0.627616189048608,2
1,101048833,229817,0.384006708860397,0.557021498680115,1,8637,0.344696488169951,2
1,101049119,828717,0.356611639261246,0.446267426013947,1,8639,0.399549259562249,2
1,101065199,107837,0.696833372116089,0.646551966667175,1,8641,0.571129841881969,2
1,101102665,862962,0.632870435714722,0.491867512464523,1,8643,0.638746219449661,2
1,101110912,858000,0.309577077627182,0.455283373594284,1,8645,0.339982849783413,2
1,101115238,2736,0.530493378639221,0.506787717342377,1,8647,0.524031904851506,2
1,101179616,751885,0.602375388145447,0.504207968711853,1,8649,0.599000602307523,2
1,101312638,591246,0.400095075368881,0.406875550746918,1,8651,0.491667629861773,2
1,101336240,894267,0.412405341863632,0.363774746656418,1,8653,0.538218064240333,2
1,101377142,696162,0.41900560259819,0.398070454597473,1,8655,0.517390031907071,2
1,101392958,380051,0.334945380687714,0.301483392715454,1,8657,0.523952177817462,2
1,101394562,556211,0.407040774822235,0.502187490463257,1,8659,0.405267736206202,2
1,101401611,921350,0.485264956951141,0.505029439926148,1,8661,0.480432345708503,2
1,101404865,206418,0.663541197776794,0.550772488117218,1,8663,0.62551402872338,2
1,101428467,785462,0.508437037467957,0.486407905817032,1,8665,0.521446135854144,2
1,101432710,216776,0.337370216846466,0.439535439014435,1,8667,0.383780449652646,2
1,101442428,680374,0.545224249362946,0.536150693893433,1,8669,0.509780714717107,2
1,101442573,180034,0.673397183418274,0.560050666332245,1,8671,0.628817693779742,2
1,101454056,295845,0.557875037193298,0.512424230575562,1,8673,0.546608967741967,2
1,101539862,2741,0.626628339290619,0.528558373451233,1,8675,0.604010719797185,2
1,101554316,640790,0.73468029499054,0.53804224729538,1,8677,0.712831202143383,2
1,101582280,715248,0.502938568592072,0.397905707359314,1,8679,0.587222933780107,2
1,101599039,321225,0.63089793920517,0.559822618961334,1,8681,0.580734862018719,2
1,101609667,841249,0.609775960445404,0.561041831970215,1,8683,0.555511130700594,2
1,101615254,613730,0.560553073883057,0.469769865274429,1,8685,0.585607364296273,2
1,101620925,759838,0.361604154109955,0.551243722438812,1,8687,0.327989362409558,2
1,101622418,283441,0.547744691371918,0.487412035465241,1,8689,0.55885102663446,2
1,101631876,592928,0.54968672990799,0.374751627445221,1,8691,0.639892489242299,2
1,101641381,2743,0.312756210565567,0.413368254899979,1,8693,0.378302163819091,2
1,101668908,766614,0.454079955816269,0.557581424713135,1,8695,0.407187126122328,2
1,101736218,188578,0.562406837940216,0.626156210899353,1,8697,0.449094673302391,2
1,101763987,908200,0.501794695854187,0.497125685214996,1,8699,0.504642323640239,2
1,101813107,202681,0.668231070041657,0.491423845291138,1,8701,0.673825712347577,2
1,102014198,2761,0.312821745872498,0.31385612487793,1,8703,0.498352144623855,2
1,102061773,399328,0.635548830032349,0.620542287826538,1,8705,0.519773668744082,2
1,102064225,632426,0.555560171604157,0.543105781078339,1,8707,0.513629402616663,2
1,102070334,2767,0.406166821718216,0.482553631067276,1,8709,0.420851482165709,2
1,102078434,914676,0.550200819969177,0.425979316234589,1,8711,0.608202985752823,2
1,102085436,311495,0.467156529426575,0.609531164169312,1,8713,0.3832097166543,2
1,102088881,313549,0.229128137230873,0.343226611614227,1,8715,0.333785507122047,2
1,102097166,573537,0.502553343772888,0.535843670368195,1,8717,0.468936530898619,2
1,102098747,85718,0.751641571521759,0.687531352043152,1,8719,0.602586643328551,2
1,102121279,497688,0.457163780927658,0.443572193384171,1,8721,0.512213253347412,2
1,102133868,374945,0.409081935882568,0.52184271812439,1,8723,0.391959034470092,2
1,102138298,176185,0.644266307353973,0.429761439561844,1,8725,0.688083446713345,2
1,102142135,857463,0.651219069957733,0.40288582444191,1,8727,0.707944523577689,2
1,102146545,659297,0.620243310928345,0.510339081287384,1,8729,0.612224832982295,2
1,102150796,2771,0.311384052038193,0.562450170516968,1,8731,0.276810345485351,2
1,102160776,497690,0.437538534402847,0.531834959983826,1,8733,0.411348037759829,2
1,102167686,731037,0.662176847457886,0.609022974967957,1,8735,0.567975698169954,2
1,102176835,220827,0.435100764036179,0.50991427898407,1,8737,0.426641086520517,2
1,102184466,203639,0.587975859642029,0.47994202375412,1,8739,0.60386710792109,2
1,102191174,559374,0.46192866563797,0.509838700294495,1,8741,0.453014517504408,2
1,102197902,396067,0.620924532413483,0.471625000238419,1,8743,0.641281790624493,2
1,102211020,331881,0.212477654218674,0.347793400287628,1,8745,0.305465333791488,2
1,102219704,766033,0.563411355018616,0.457091122865677,1,8747,0.597917198107109,2
1,102226187,2774,0.328998446464539,0.412328869104385,1,8749,0.398951505844294,2
1,102241974,312628,0.60154801607132,0.475381523370743,1,8751,0.620245948552187,2
1,102249718,137101,0.512622654438019,0.505849897861481,1,8753,0.506852934510413,2
1,102269164,767849,0.343796402215958,0.458104372024536,1,8755,0.375238071508237,2
1,102334870,109558,0.608488976955414,0.436626672744751,1,8757,0.652529677831905,2
1,102336580,300679,0.652932286262512,0.492087095975876,1,8759,0.658339342249707,2
1,102351822,2779,0.27830782532692,0.418097496032715,1,8761,0.332826467472007,2
1,102362899,174591,0.56924694776535,0.478436261415482,1,8763,0.587056173226614,2
1,102383034,688955,0.413428544998169,0.485900342464447,1,8765,0.425425245536248,2
1,102388590,576483,0.473762333393097,0.340050756931305,1,8767,0.601304439596026,2
1,102408061,337834,0.396265655755997,0.48783615231514,1,8769,0.406146258201064,2
1,102425365,914014,0.615502595901489,0.499834656715393,1,8771,0.615629701996644,2
1,102457426,113625,0.389771580696106,0.444529056549072,1,8773,0.43840956508214,2
1,102459291,169018,0.647327899932861,0.541769325733185,1,8775,0.615180606763803,2
1,102470768,364887,0.447438955307007,0.692246735095978,1,8777,0.32317881228069,2
1,102472053,184780,0.259439677000046,0.504046976566315,1,8779,0.257356644382047,2
1,102477538,838641,0.651371717453003,0.535468578338623,1,8781,0.624752744066114,2
1,102481105,99370,0.425109952688217,0.626518785953522,1,8783,0.339263532250854,2
1,102529831,134707,0.39464008808136,0.450472772121429,1,8785,0.438028791643572,2
1,102552958,382491,0.626460373401642,0.505089521408081,1,8787,0.62261899600396,2
1,102575920,643889,0.428871631622314,0.584115445613861,1,8789,0.367112045095472,2
1,102589129,141591,0.345516085624695,0.537927389144898,1,8791,0.321154948230035,2
1,102610517,675244,0.622036099433899,0.609068274497986,1,8793,0.516585792467036,2
1,102622968,497695,0.415426105260849,0.553307414054871,1,8795,0.375402619509859,2
1,102653777,855840,0.428035706281662,0.511995434761047,1,8797,0.418007346570805,2
1,102809879,370617,0.621003687381744,0.621927380561829,1,8799,0.499257394666199,2
1,102836762,90908,0.603253543376923,0.573666214942932,1,8801,0.53469972292957,2
1,102854011,572481,0.514478325843811,0.444960445165634,1,8803,0.56262425810258,2
1,102870601,836975,0.331643849611282,0.447078824043274,1,8805,0.370900870021057,2
1,102901433,663334,0.361553281545639,0.483615577220917,1,8807,0.373802353124453,2
1,102938728,830269,0.745157837867737,0.511261940002441,1,8809,0.739285536578084,2
1,102985569,625735,0.272995322942734,0.375706166028976,1,8811,0.363309612173997,2
1,102990773,141984,0.478687405586243,0.461510568857193,1,8813,0.515949093645716,2
1,103002073,777949,0.387496590614319,0.464399814605713,1,8815,0.417201491502869,2
1,103011032,129303,0.703250288963318,0.607109129428864,1,8817,0.622350971651105,2
1,103059236,635251,0.437272518873215,0.336526453495026,1,8819,0.575923196869639,2
1,103109061,356341,0.618081331253052,0.465845614671707,1,8821,0.642501606991189,2
1,103140825,692882,0.626063048839569,0.615954041481018,1,8823,0.513161194818369,2
1,103155044,839852,0.536341905593872,0.418536871671677,1,8825,0.601300519485112,2
1,103166045,329498,0.486413836479187,0.572652935981751,1,8827,0.424702124023239,2
1,103173621,497701,0.544021368026733,0.509354054927826,1,8829,0.535328237649868,2
1,103181688,421737,0.634981393814087,0.514961421489716,1,8831,0.623722088965575,2
1,103232146,558249,0.691245436668396,0.698310971260071,1,8833,0.494940982683599,2
1,103271292,212413,0.782343327999115,0.633718490600586,1,8835,0.702883347349729,2
1,103313919,595246,0.677604913711548,0.698029100894928,1,8837,0.48537010336876,2
1,103337029,497704,0.581739842891693,0.440665870904923,1,8839,0.626108853946574,2
1,103360306,733062,0.490531533956528,0.409386098384857,1,8841,0.568695839489863,2
1,103364497,337701,0.587620079517365,0.512394726276398,1,8843,0.577137550899017,2
1,103373744,257488,0.472831398248673,0.371269434690475,1,8845,0.580767477487116,2
1,103407146,87426,0.471565842628479,0.412992984056473,1,8847,0.549891106052505,2
1,103429166,87010,0.59688925743103,0.59821891784668,1,8849,0.498888650646125,2
1,103430118,414976,0.338942795991898,0.427149295806885,1,8851,0.396749800736104,2
1,103443062,497705,0.385102719068527,0.512050449848175,1,8853,0.376039821059343,2
1,103476511,352934,0.568954527378082,0.45803427696228,1,8855,0.602331425864069,2
1,103529669,2795,0.457544773817062,0.524123251438141,1,8857,0.436485857631393,3
1,103839588,96167,0.497494906187058,0.421601235866547,1,8859,0.565606701662143,3
1,103930141,924502,0.509263753890991,0.555950045585632,1,8861,0.458012152291972,3
1,104482172,710050,0.385921448469162,0.340980380773544,1,8863,0.534096911825151,3
1,104577120,497710,0.417146116495132,0.403300076723099,1,8865,0.511602179950012,3
1,104580869,676505,0.596067309379578,0.588386535644531,1,8867,0.509330080767734,3
1,104586171,497713,0.44987964630127,0.433542162179947,1,8869,0.514420741519083,3
1,104600376,679559,0.582492709159851,0.542381584644318,1,8871,0.543825951021177,3
1,104604981,229426,0.513297200202942,0.540776968002319,1,8873,0.474592327867725,3
1,104615392,320330,0.40232852101326,0.392611652612686,1,8875,0.507998892670868,3
1,104620771,269404,0.548903942108154,0.485592544078827,1,8877,0.561538180775347,3
1,104628998,914938,0.521998584270477,0.494704693555832,1,8879,0.527007860914755,3
1,104630849,209856,0.353709191083908,0.431557923555374,1,8881,0.409805001574166,3
1,104648006,92690,0.470410227775574,0.494395256042481,1,8883,0.475743063901036,3
1,104659988,699015,0.599808573722839,0.439824968576431,1,8885,0.642797872247039,3
1,104662157,2801,0.697002232074738,0.683685421943665,1,8887,0.521049946880256,3
1,104673853,704187,0.494453698396683,0.524645507335663,1,8889,0.471226467665467,3
1,104686900,118063,0.55326920747757,0.594837963581085,1,8891,0.465058756629065,3
1,104690746,455448,0.591046631336212,0.554689228534699,1,8893,0.540822505462735,3
1,104695312,850507,0.516789376735687,0.416850417852402,1,8895,0.585688956952721,3
1,104699631,2804,0.517047166824341,0.58145809173584,1,8897,0.444612581863629,3
1,104753112,663873,0.349104702472687,0.337575286626816,1,8899,0.508702434867776,3
1,104759641,615800,0.351064473390579,0.350011199712753,1,8901,0.500810224481838,3
1,104768187,497718,0.374083131551743,0.444160550832748,1,8903,0.42111251308832,3
1,104779599,258156,0.529989421367645,0.455248683691025,1,8905,0.568600786669994,3
1,104895319,919056,0.626233994960785,0.627864837646484,1,8907,0.498701278851821,3
1,104916711,367356,0.493408530950546,0.546970248222351,1,8909,0.45103781472038,3
1,104920136,396745,0.48406645655632,0.494603514671326,1,8911,0.489347974890547,3
1,104945702,314738,0.522364020347595,0.471711575984955,1,8913,0.547940142221627,3
1,104962743,569728,0.402331501245499,0.35154989361763,1,8915,0.539156141026157,3
1,104977514,760809,0.563556790351868,0.610874772071838,1,8917,0.461270309494459,3
1,105011902,848819,0.436866194009781,0.446203112602234,1,8919,0.489537367256359,3
1,105032881,678281,0.446160912513733,0.438248157501221,1,8921,0.507042927511653,3
1,105053061,62615,0.29123929142952,0.3487209379673,1,8923,0.417582169179685,3
1,105077728,579140,0.550112903118134,0.545138418674469,1,8925,0.505468129918962,3
1,105326610,480296,0.601397931575775,0.665550172328949,1,8927,0.451805105444803,3
1,105474646,906611,0.353058844804764,0.350039005279541,1,8929,0.502323092885383,3
1,105499264,822810,0.289843916893005,0.401653617620468,1,8931,0.360813278130219,3
1,105502458,2810,0.509490191936493,0.554145634174347,1,8933,0.459707846201488,3
1,105533311,359837,0.431814461946487,0.501498878002167,1,8935,0.430523856470743,3
1,105543915,62617,0.455285668373108,0.468704432249069,1,8937,0.48568526031259,3
1,105549628,412895,0.505840480327606,0.424879878759384,1,8939,0.570385819047314,3
1,105561575,176726,0.556669533252716,0.539707601070404,1,8941,0.51842517084983,3
1,105572162,440280,0.661476969718933,0.477466523647308,1,8943,0.676075270197066,3
1,105587169,381084,0.519748032093048,0.553700745105743,1,8945,0.469340195662721,3
1,105654823,62619,0.568247377872467,0.64044463634491,1,8947,0.443635051044786,3
1,105758772,2814,0.374030143022537,0.386703312397003,1,8949,0.483613833954627,3
1,105826321,792309,0.626617252826691,0.632822751998901,1,8951,0.495096968975429,3
1,105830842,790738,0.51659768819809,0.438847303390503,1,8953,0.56927738677668,3
1,105836921,474415,0.587553322315216,0.531621158123016,1,8955,0.559708252371154,3
1,105847451,2818,0.504923820495606,0.687862932682037,1,8957,0.367023571488918,3
1,105862121,2819,0.33298197388649,0.451145440340042,1,8959,0.369040606545321,3
1,105893637,373938,0.500838458538055,0.533725321292877,1,8961,0.469191209932519,3
1,105900526,816434,0.396290123462677,0.380763292312622,1,8963,0.512537072622876,3
1,105925976,110045,0.694803059101105,0.612685322761536,1,8965,0.606009068549977,3
1,105926284,472606,0.499369978904724,0.460943251848221,1,8967,0.535642561927157,3
1,105937262,391701,0.411378979682922,0.507997632026672,1,8969,0.40490245795213,3
1,105955691,917091,0.324463099241257,0.398583382368088,1,8971,0.407020354578679,3
1,106045454,90536,0.248693034052849,0.301539450883865,1,8973,0.412372300413571,3
1,106321888,786183,0.602231502532959,0.484898597002029,1,8975,0.613893016839047,3
1,106379609,747548,0.269257038831711,0.370859682559967,1,8977,0.363017404551886,3
1,106542281,694240,0.305752635002136,0.349275261163712,1,8979,0.437695807575138,3
1,106580431,591344,0.58876359462738,0.641977608203888,1,8981,0.458554618652986,3
1,106600350,557191,0.436385691165924,0.592441022396088,1,8983,0.368294627371508,3
1,106603248,568269,0.537652790546417,0.567558169364929,1,8985,0.473654349075818,3
1,106605806,908624,0.4684878885746,0.537448644638062,1,8987,0.435844329731353,3
1,106623442,137010,0.607165992259979,0.623550593852997,1,8989,0.486861850702623,3
1,106681695,190536,0.647616744041443,0.685417115688324,1,8991,0.472425278869116,3
1,106768990,850061,0.511826515197754,0.48325651884079,1,8993,0.527644273608322,3
1,106769363,740894,0.627893328666687,0.668088912963867,1,8995,0.469917488887176,3
1,106792216,824376,0.481797814369202,0.378546923398972,1,8997,0.583072153681296,3
1,106832810,614642,0.428169250488281,0.432471722364426,1,8999,0.495025718846285,3
1,106852727,902625,0.458734601736069,0.412321656942368,1,9001,0.539488391347058,3
1,106893499,482552,0.444394558668137,0.505015432834625,1,9003,0.439981166688088,3
1,106894422,791316,0.497898936271668,0.468362182378769,1,9005,0.527779018830017,3
1,106899340,801452,0.437098771333694,0.501786112785339,1,9007,0.435542913799891,3
1,106913746,450994,0.479508280754089,0.489035874605179,1,9009,0.490258798642552,3
1,106921310,606740,0.374782651662827,0.410430639982224,1,9011,0.456572457259842,3
1,106926361,764646,0.243415027856827,0.310101628303528,1,9013,0.392476216891341,3
1,106948045,486109,0.473560124635696,0.450677424669266,1,9015,0.520828108104472,3
1,106972657,683438,0.397960543632507,0.427880436182022,1,9017,0.465037087443761,3
1,106977433,569834,0.530396521091461,0.514365196228027,1,9019,0.51650553537238,3
1,107020445,854607,0.597414135932922,0.374730587005615,1,9021,0.678070080112256,3
1,107023673,463508,0.428524643182755,0.481592237949371,1,9023,0.444904017771778,3
1,107025005,761453,0.408396005630493,0.484084278345108,1,9025,0.421823248450287,3
1,107028586,248252,0.417747020721436,0.474121987819672,1,9027,0.440548035583115,3
1,107032253,471864,0.491158843040466,0.560769975185394,1,9029,0.437932543444472,3
1,107044948,718135,0.446516275405884,0.436611622571945,1,9031,0.508790253074757,3
1,107061308,564154,0.550228834152222,0.536785304546356,1,9033,0.514511121665408,3
1,107082885,154297,0.347110569477081,0.386551141738892,1,9035,0.448984017891672,3
1,107087498,469699,0.571444153785706,0.551573812961578,1,9037,0.52215564277742,3
1,107093291,749293,0.506887853145599,0.522626340389252,1,9039,0.484942887463412,3
1,107100756,487538,0.36823707818985,0.372275292873383,1,9041,0.494576305813416,3
1,107101108,853187,0.509405493736267,0.506447494029999,1,9043,0.502996641360836,3
1,107137824,919311,0.42471382021904,0.43822056055069,1,9045,0.484589107007352,3
1,107146687,683453,0.366721272468567,0.466740369796753,1,9047,0.392853603630065,3
1,107178367,497742,0.388066351413727,0.409080475568771,1,9049,0.474315415413279,3
1,107202353,179499,0.574167370796204,0.562877893447876,1,9051,0.512913413871213,3
1,107232002,440999,0.523613274097443,0.543162345886231,1,9053,0.482004393403881,3
1,107234099,744662,0.429846376180649,0.379473298788071,1,9055,0.540588968447447,3
1,107281587,386045,0.517295062541962,0.531665503978729,1,9057,0.486485448718013,3
1,107282377,113843,0.577457845211029,0.505868971347809,1,9059,0.572439160579015,3
1,107282609,431401,0.413767009973526,0.426381051540375,1,9061,0.485208018131577,3
1,107295787,538768,0.525263667106628,0.622063875198364,1,9063,0.422194318018493,3
1,107340028,908196,0.565369009971619,0.544805288314819,1,9065,0.522587830140502,3
1,107350268,2843,0.493642777204514,0.470740884542465,1,9067,0.521635803704817,3
1,107361815,558298,0.671622276306152,0.675150394439697,1,9069,0.497387161317981,3
1,107366604,497746,0.573114395141602,0.595531165599823,1,9071,0.481179179400592,3
1,107404853,95366,0.442276030778885,0.574117779731751,1,9073,0.385178831236975,3
1,107419230,279474,0.609915494918823,0.525548934936523,1,9075,0.588909653908156,3
1,107426176,720527,0.532122492790222,0.502912044525147,1,9077,0.529381569140185,3
1,107480257,928256,0.454814106225967,0.421181857585907,1,9079,0.52905251768698,3
1,107496256,841926,0.270756930112839,0.37257444858551,1,9081,0.363359499209856,3
1,107504683,842769,0.424788534641266,0.494227051734924,1,9083,0.429750388156716,3
1,107511901,2847,0.535668313503265,0.556622326374054,1,9085,0.481177531085317,3
1,107594231,830889,0.518451809883118,0.579850554466248,1,9087,0.447056406077211,3
1,107627389,576284,0.414093941450119,0.390519827604294,1,9089,0.519339524822573,3
1,107639114,875953,0.323992431163788,0.368189185857773,1,9091,0.43998091688785,3
1,107727573,390881,0.425063729286194,0.494127511978149,1,9093,0.430115424644672,3
1,107748173,153854,0.306548327207565,0.369427531957626,1,9095,0.414896428513518,2
1,107754128,703263,0.537678897380829,0.694239258766174,1,9097,0.387243223853697,2
1,107766002,255434,0.647913873195648,0.553615689277649,1,9099,0.605624438015534,2
1,107774649,584113,0.346253633499146,0.336064100265503,1,9101,0.50767358207149,2
1,107782839,248266,0.326592952013016,0.501377046108246,1,9103,0.325695955317533,2
1,107785621,932610,0.705344796180725,0.686575293540955,1,9105,0.529942602246998,2
1,107788851,263949,0.391169905662537,0.444539338350296,1,9107,0.439972204838142,2
1,107798629,652361,0.378727376461029,0.463566571474075,1,9109,0.40849297573025,2
1,107802830,269652,0.613469779491425,0.534575402736664,1,9111,0.584755272087739,2
1,107805349,136195,0.650239050388336,0.597422778606415,1,9113,0.565597690300372,2
1,107815751,240534,0.485772460699081,0.647375404834747,1,9115,0.375186064431257,2
1,107831897,316736,0.6775843501091,0.591281771659851,1,9117,0.605577109687197,2
1,107836768,884536,0.502444744110107,0.534774541854858,1,9119,0.469772497366259,2
1,107844981,301286,0.158714950084686,0.30377584695816,1,9121,0.261236947693452,2
1,107868755,677702,0.460679739713669,0.540769636631012,1,9123,0.425948230547575,2
1,107871958,2860,0.548915922641754,0.414782345294952,1,9125,0.614601444666263,2
1,107877833,106940,0.435948729515076,0.548155963420868,1,9127,0.397650266171016,2
1,107883433,244587,0.440066605806351,0.310676127672195,1,9129,0.593853182319953,2
1,107889667,348548,0.270751059055328,0.329229414463043,1,9131,0.41118904806381,2
1,107893372,879663,0.51204252243042,0.572735905647278,1,9133,0.447014511733584,2
1,107897140,610651,0.482025355100632,0.443470537662506,1,9135,0.534638613089944,2
1,107926003,724658,0.408783704042435,0.337994039058685,1,9137,0.55346603290633,2
1,107990989,497756,0.704474866390228,0.614090204238892,1,9139,0.617105944373705,2
1,108028884,62625,0.696427702903748,0.470495820045471,1,9141,0.713342870001213,2
1,108047138,288711,0.567656934261322,0.502135813236237,1,9143,0.565802203459329,2
1,108048376,238848,0.436932444572449,0.462317556142807,1,9145,0.47254580619634,2
1,108051805,278834,0.522883653640747,0.359432756900787,1,9147,0.627582934110981,2
1,108068493,391512,0.519135534763336,0.517058849334717,1,9149,0.502150039840008,2
1,108071476,412191,0.497909545898438,0.595611572265625,1,9151,0.417981759491725,2
1,108087891,486272,0.303761512041092,0.495608806610107,1,9153,0.306452899938135,2
1,108095422,346355,0.676310241222382,0.517735958099365,1,9155,0.6644060818821,2
1,108098031,731709,0.25337365269661,0.411553591489792,1,9157,0.307825831114019,2
1,108101664,608496,0.623823583126068,0.685349643230438,1,9159,0.455113378468862,2
1,108106401,585830,0.386224538087845,0.462647020816803,1,9161,0.41740735453777,2
1,108120912,108110,0.383216083049774,0.423639863729477,1,9163,0.452289923422414,2
1,108126380,385658,0.697063803672791,0.565469086170197,1,9165,0.651421582808418,2
1,108128863,409712,0.638369917869568,0.510086953639984,1,9167,0.630924217249069,2
1,108136924,717099,0.482487052679062,0.447427093982697,1,9169,0.531724283180171,2
1,108155193,129869,0.328615337610245,0.538334727287293,1,9171,0.305214693529211,2
1,108171395,653407,0.610789656639099,0.486735284328461,1,9173,0.620848334711972,2
1,108238080,86946,0.366286098957062,0.51793110370636,1,9175,0.353605041612568,2
1,108280610,497763,0.405937135219574,0.609921514987946,1,9177,0.332778173292999,2
1,108359228,2876,0.429208666086197,0.316680788993835,1,9179,0.582339172732073,2
1,108483005,425432,0.289936929941177,0.522469341754913,1,9181,0.277467888323661,2
1,108494828,494073,0.400114446878433,0.364780902862549,1,9183,0.527812092060134,2
1,108499621,497766,0.48022073507309,0.539020299911499,1,9185,0.445457003337292,2
1,108521095,83417,0.545810282230377,0.434554219245911,1,9187,0.598379072557667,2
1,108540627,375328,0.612433969974518,0.597124576568604,1,9189,0.519000158008548,2
1,108545414,778459,0.386737287044525,0.546819627285004,1,9191,0.353624182223215,2
1,108937392,761603,0.639183700084686,0.679462254047394,1,9193,0.470359976788425,2
1,109072560,326832,0.419478297233582,0.56187915802002,1,9195,0.37328159555852,2
1,109097494,62630,0.384732723236084,0.538535594940186,1,9197,0.357202687111904,2
1,109121451,782687,0.391104489564896,0.459172934293747,1,9199,0.425879293349958,2
1,109136885,309431,0.573709547519684,0.462380886077881,1,9201,0.603538600617844,2
1,109139095,62631,0.732894003391266,0.680335462093353,1,9203,0.582208901935287,2
1,109147238,279711,0.641413390636444,0.513234853744507,1,9205,0.631663634791817,2
1,109149022,2886,0.617941796779633,0.504306435585022,1,9207,0.614622590802368,2
1,109158979,497774,0.66944545507431,0.591148614883423,1,9209,0.595752201216785,2
1,109166219,611293,0.518636584281921,0.394194632768631,1,9211,0.60270786480649,2
1,109198431,351623,0.654104471206665,0.51305103302002,1,9213,0.644833902268494,2
1,109202540,412043,0.582539975643158,0.566486120223999,1,9215,0.518515964733879,2
1,109232108,311114,0.661702394485474,0.483902961015701,1,9217,0.672253878669493,2
1,109258373,585756,0.485555619001389,0.38125017285347,1,9219,0.584287252756854,2
1,109272183,78731,0.380535632371902,0.474820226430893,1,9221,0.400715482607276,2
1,109287719,2890,0.460370123386383,0.453709781169891,1,9223,0.506095974252253,2
1,109316551,855444,0.416110873222351,0.507571041584015,1,9225,0.409904071678087,2
1,109322840,139074,0.568691372871399,0.480355352163315,1,9227,0.584996565514369,2
1,109513370,2898,0.233777612447739,0.33963143825531,1,9229,0.344163681737852,2
1,109528998,410682,0.636035680770874,0.672424733638763,1,9231,0.472941913758159,2
1,109537359,340228,0.549785912036896,0.421623706817627,1,9233,0.610794829188181,2
1,109539325,297610,0.363303810358048,0.409730404615402,1,9235,0.443344948612084,2
1,109579760,347904,0.619990587234497,0.534369468688965,1,9237,0.591941048522373,2
1,109583560,2902,0.504055380821228,0.386243104934692,1,9239,0.595976335935093,2
1,109624032,914016,0.477819800376892,0.500156700611115,1,9241,0.477670097984362,2
1,109861016,422223,0.207041040062904,0.307355493307114,1,9243,0.336810378489032,2
1,109885931,2910,0.406550258398056,0.496240556240082,1,9245,0.409630221961712,2
1,109908567,123919,0.418986529111862,0.480591237545013,1,9247,0.435907374479147,2
1,109921008,707028,0.612285792827606,0.512331962585449,1,9249,0.602481424425597,2
1,109940059,124352,0.455576777458191,0.55785459280014,1,9251,0.408329323929585,2
1,109942944,836399,0.368347346782684,0.501227855682373,1,9253,0.367445007900863,2
1,109950497,694607,0.377335995435715,0.509755730628967,1,9255,0.370114520311655,2
1,109977503,183670,0.592815041542053,0.55334860086441,1,9257,0.54418036163552,2
1,110021609,844664,0.282108932733536,0.529187440872192,1,9259,0.266549157202759,2
1,110034604,755917,0.5916708111763,0.499766290187836,1,9261,0.59186158308181,2
1,110055934,806112,0.432520151138306,0.542361795902252,1,9263,0.398737664052076,2
1,110095195,679297,0.43431293964386,0.45341283082962,1,9265,0.478937637085818,2
1,110097295,292695,0.54312127828598,0.511441648006439,1,9267,0.532421542022844,2
1,110238029,749765,0.343735635280609,0.431037038564682,1,9269,0.398730972662141,2
1,110252486,891229,0.423863917589188,0.497397541999817,1,9271,0.426081636717601,2
1,110253213,262853,0.404647380113602,0.514808297157288,1,9273,0.393007826746401,2
1,110275965,427629,0.539143323898315,0.378999590873718,1,9275,0.628940118775374,2
1,110278249,711715,0.586549639701843,0.468311011791229,1,9277,0.611191533521273,2
1,110285440,388589,0.458358883857727,0.462155550718308,1,9279,0.495892436156312,2
1,110388190,773081,0.668294310569763,0.693690657615662,1,9281,0.481694760649372,2
1,110445856,2916,0.557484269142151,0.548247516155243,1,9283,0.510223245380187,2
1,110448381,912173,0.510778844356537,0.668934524059296,1,9285,0.38178538106912,2
1,110472843,497794,0.561697661876679,0.441125512123108,1,9287,0.607870507930691,2
1,110492100,673783,0.442724466323853,0.5306676030159,1,9289,0.417139150579151,2
1,110499568,349464,0.722352743148804,0.595147907733917,1,9291,0.657100380416563,2
1,110502060,347735,0.421952992677689,0.518938362598419,1,9293,0.406554056405555,2
1,110503087,812948,0.526901721954346,0.476001352071762,1,9295,0.548569180554026,2
1,110509371,801721,0.420221656560898,0.433970749378204,1,9297,0.484158963666323,2
1,110513569,801305,0.692440688610077,0.443997502326965,1,9299,0.723419127902203,2
1,110521923,250643,0.500943899154663,0.38881328701973,1,9301,0.591731879762374,2
1,110528923,588091,0.681053400039673,0.641168832778931,1,9303,0.555575673052071,2
1,110535317,356367,0.423827320337296,0.568952143192291,1,9305,0.372463066892827,2
1,110568871,915607,0.387509196996689,0.327546775341034,1,9307,0.544584827209405,2
1,110592500,742240,0.199012473225594,0.308084517717361,1,9309,0.322983567464057,2
1,110596541,347008,0.597119629383087,0.48587116599083,1,9311,0.608191231490309,2
1,110611418,863004,0.670943439006805,0.638726472854614,1,9313,0.544588052723866,2
1,110615652,144402,0.481415092945099,0.502220451831818,1,9315,0.479286627206407,2
1,110617146,2921,0.596900463104248,0.503698647022247,1,9317,0.59389639532796,2
1,110618345,393000,0.34389054775238,0.42071470618248,1,9319,0.408698035389357,2
1,110625531,430652,0.326077163219452,0.460109412670136,1,9321,0.354347416332064,2
1,110634350,331957,0.295088887214661,0.442653447389603,1,9323,0.333318184863177,2
1,110646417,497798,0.49787163734436,0.401763290166855,1,9325,0.580326353764141,2
1,110648033,2925,0.611189246177673,0.507876396179199,1,9327,0.604966363324542,2
1,110649407,698844,0.444950491189957,0.397157609462738,1,9329,0.539639615990363,2
1,110652881,834382,0.679702579975128,0.569117367267609,1,9331,0.628324054286264,2
1,110656387,346433,0.438927412033081,0.508324265480042,1,9333,0.431739582231605,2
1,110663450,776003,0.509097158908844,0.404060482978821,1,9335,0.58812695997662,2
1,110687259,379229,0.325473695993423,0.462011575698853,1,9337,0.352235434254112,2
1,110711920,661831,0.563386380672455,0.488936245441437,1,9339,0.57283840280879,2
1,110723835,562234,0.611758053302765,0.604765295982361,1,9341,0.508846335164045,2
1,110763119,912033,0.671966731548309,0.511213302612305,1,9343,0.664441288802607,2
1,110775771,556672,0.502489566802979,0.367359578609467,1,9345,0.606798414727041,2
1,110788430,613045,0.362546771764755,0.464122295379639,1,9347,0.390572458351955,2
1,110805300,792347,0.564813494682312,0.499562293291092,1,9349,0.565194129575427,2
1,110813262,888510,0.430345356464386,0.508168995380402,1,9351,0.423427403458805,2
1,110815738,680112,0.492748856544495,0.376886963844299,1,9353,0.592970204423106,2
1,110817361,594404,0.594209432601929,0.5047248005867,1,9355,0.590338292853379,2
1,110818319,853888,0.363127887248993,0.405677020549774,1,9357,0.447557870984264,2
1,110823998,862181,0.490762054920197,0.419095724821091,1,9359,0.561685146039796,2
1,110841758,780861,0.583599448204041,0.650245726108551,1,9361,0.44875300580339,2
1,110902295,429360,0.622575640678406,0.648520648479462,1,9363,0.479996775845235,2
1,110982323,351340,0.712990641593933,0.552642941474915,1,9365,0.679216687278476,2
1,110984931,596774,0.428300052881241,0.322841137647629,1,9367,0.57786866649523,2
1,110999707,612646,0.333315074443817,0.494634240865707,1,9369,0.336930854059406,2
1,111009243,434429,0.556320667266846,0.43706938624382,1,9371,0.605920053119261,2
1,111120231,96423,0.520056009292603,0.45851930975914,1,9373,0.556822616801063,2
1,111172020,929131,0.272156983613968,0.339030563831329,1,9375,0.401375292744061,2
1,111205316,593115,0.380813360214233,0.412710279226303,1,9377,0.461356766940884,2
1,111222950,911123,0.664624691009522,0.455839931964874,1,9379,0.691841308568024,2
1,111228031,390738,0.433017075061798,0.495559483766556,1,9381,0.43689717304026,2
1,111232155,497813,0.551713109016419,0.438455641269684,1,9383,0.600844631404379,2
1,111236234,471584,0.626620352268219,0.443440675735474,1,9385,0.664564376650064,2
1,111243381,752189,0.341359168291092,0.508379578590393,1,9387,0.335732573324044,2
1,111329733,247923,0.702834784984589,0.632350444793701,1,9389,0.59585805176799,2
1,111330302,626554,0.369388908147812,0.486748188734055,1,9391,0.379445590859338,2
1,111345050,771246,0.336647123098373,0.327109456062317,1,9393,0.507087086541775,2
1,111348054,834744,0.339095860719681,0.422075867652893,1,9395,0.401700128705945,2
1,111362621,181018,0.41118848323822,0.493123382329941,1,9397,0.416922516729394,2
1,111372603,672188,0.351320147514343,0.420748919248581,1,9399,0.417493820473465,2
1,111404499,636148,0.422284185886383,0.384783118963242,1,9401,0.530477924191502,2
1,111471453,808200,0.520420551300049,0.451341241598129,1,9403,0.562952890703079,2
1,111493036,2952,0.577605605125427,0.510189175605774,1,9405,0.568818844094586,2
1,111506320,407877,0.474440395832062,0.355905205011368,1,9407,0.592016883029451,2
1,111519577,497818,0.255702674388886,0.330203175544739,1,9409,0.387189908102868,2
1,111532424,2954,0.545620262622833,0.40117159485817,1,9411,0.620609398722871,2
1,111538195,732831,0.606103360652924,0.521789073944092,1,9413,0.588155960178725,2
1,111563951,141424,0.413721352815628,0.378002911806107,1,9415,0.528712707573309,2
1,111577198,99283,0.590616405010223,0.430068612098694,1,9417,0.640848351503086,2
1,111581937,86589,0.517824172973633,0.648317992687225,1,9419,0.399359711449079,2
1,111585661,186226,0.359857827425003,0.398874074220657,1,9421,0.45109202462972,2
1,111586917,2960,0.583070278167725,0.462312370538712,1,9423,0.612293738048243,2
1,111588132,185243,0.41424760222435,0.496812522411346,1,9425,0.416905355176781,2
1,111614232,776025,0.412045627832413,0.365423232316971,1,9427,0.536735031827331,2
1,111652563,179871,0.61989563703537,0.442608684301376,1,9429,0.659032754674143,2
1,111655358,2971,0.539454758167267,0.43232199549675,1,9431,0.594360501746289,2
1,111655730,497825,0.646881222724915,0.499286532402039,1,9433,0.647384382360357,2
1,111659008,371363,0.533223927021027,0.438954651355743,1,9435,0.584012171113334,2
1,111660112,626076,0.301457166671753,0.510828077793121,1,9437,0.295067146635819,2
1,111665088,440776,0.254444032907486,0.441600203514099,1,9439,0.288093201591292,2
1,111677051,420493,0.420541077852249,0.538036942481995,1,9441,0.390810597421312,2
1,111691582,314115,0.284094005823135,0.396151334047318,1,9443,0.358567523830681,2
1,111696245,2975,0.482380151748657,0.583235144615173,1,9445,0.413538309721492,2
1,111702182,95779,0.394221752882004,0.5250164270401,1,9447,0.375437541168492,2
1,111707557,2977,0.353832572698593,0.500260889530182,1,9449,0.353648046553163,2
1,111715046,497826,0.594828486442566,0.560570299625397,1,9451,0.53898028147388,2
1,111726430,337748,0.64825564622879,0.534695625305176,1,9453,0.622027673818986,2
1,111729917,420161,0.668680429458618,0.484732925891876,1,9455,0.678497242313743,2
1,111731303,391021,0.544065654277802,0.400673449039459,1,9457,0.619627776383782,2
1,111748953,723288,0.353505104780197,0.477353811264038,1,9459,0.370275774947844,2
1,111758185,912653,0.271931678056717,0.364691704511642,1,9461,0.372824052059067,2
1,111761506,2980,0.565990090370178,0.511017560958862,1,9463,0.556211148931149,2
1,111764467,2982,0.582879543304443,0.451925843954086,1,9465,0.619467135884607,2
1,111768723,179793,0.357178509235382,0.526715278625488,1,9467,0.339062225579892,2
1,111770233,117031,0.448640108108521,0.550611853599548,1,9469,0.407401425501102,2
1,111792259,101372,0.495906233787537,0.413323193788528,1,9471,0.570382056291178,2
1,111794747,584702,0.605539917945862,0.471343576908112,1,9473,0.626922075639309,2
1,111816815,626842,0.70683616399765,0.600393295288086,1,9475,0.633184538015073,2
1,111826147,779709,0.420642971992493,0.367807686328888,1,9477,0.541787352140358,2
1,111834808,497830,0.624846875667572,0.49639892578125,1,9479,0.627529463758181,2
1,111853828,186044,0.365360587835312,0.43674635887146,1,9481,0.418275482341047,2
1,111864805,83001,0.357850283384323,0.464799851179123,1,9483,0.384950944451159,2
1,111880268,2992,0.617759108543396,0.528468489646912,1,9485,0.594681497350646,2
1,111883888,591307,0.485580325126648,0.575070738792419,1,9487,0.422191821258641,2
1,111884087,645067,0.480467051267624,0.456121802330017,1,9489,0.522381159092149,2
1,111895512,749106,0.472305208444595,0.546552896499634,1,9491,0.43207639321779,2
1,111909698,2993,0.594714760780335,0.640743792057037,1,9493,0.464081562827997,2
1,111940531,579930,0.401907712221146,0.542317092418671,1,9495,0.37054678696248,2
1,111945634,538779,0.390039563179016,0.470549821853638,1,9497,0.414450866905584,2
1,111956150,76953,0.583607852458954,0.463014543056488,1,9499,0.612287314156398,2
1,111999721,814613,0.70732569694519,0.609145224094391,1,9501,0.625597125714168,2
1,112055289,254036,0.2573022544384,0.439890921115875,1,9503,0.292461428603368,2
1,112065385,412369,0.378093898296356,0.419060111045837,1,9505,0.451121316883104,2
1,112066063,702631,0.322805494070053,0.415515035390854,1,9507,0.388440208627356,2
1,112087832,393865,0.577609300613403,0.48247629404068,1,9509,0.591911738029834,2
1,112091506,161385,0.378136217594147,0.515622198581696,1,9511,0.366679536523324,2
1,112094555,577163,0.42761355638504,0.366786479949951,1,9513,0.548030462481503,2
1,112113677,890205,0.491967111825943,0.634579241275787,1,9515,0.387632528631783,2
1,112116345,211380,0.309575647115707,0.470445692539215,1,9517,0.329023787469265,2
1,112131361,836841,0.795465767383575,0.640725314617157,1,9519,0.715351177054859,2
1,112144032,406204,0.366904526948929,0.469100534915924,1,9521,0.391072381760008,2
1,112147632,731289,0.509862959384918,0.624541938304901,1,9523,0.40818952908812,2
1,112148779,853330,0.596405565738678,0.523033499717712,1,9525,0.576915324218306,2
1,112158337,882024,0.440935909748077,0.498425662517548,1,9527,0.442328658922687,2
1,112159176,419313,0.437315613031387,0.432297617197037,1,9529,0.504419565591371,2
1,112164168,494232,0.513310372829437,0.421107977628708,1,9531,0.579636954421176,2
1,112165856,417820,0.519301652908325,0.670122861862183,1,9533,0.387467494740632,2
1,112166539,609837,0.238444939255714,0.48688018321991,1,9535,0.244870244747685,2
1,112170877,96602,0.614932596683502,0.56306004524231,1,9537,0.55935890146503,2
1,112181119,913158,0.597406148910523,0.665071845054627,1,9539,0.449129032714844,2
1,112190349,594653,0.609781980514526,0.658149540424347,1,9541,0.463254885904323,2
1,112212003,242866,0.358992904424667,0.333695292472839,1,9543,0.518983515849464,2
1,112268537,497842,0.401967883110046,0.451870322227478,1,9545,0.4447823449973,2
1,112269147,213924,0.2717464864254,0.305920362472534,1,9547,0.444145797012445,2
1,112278637,684169,0.571339249610901,0.479566693305969,1,9549,0.588169372640562,2
1,112293055,158940,0.469690322875977,0.424497842788696,1,9551,0.539263519277033,2
1,112300557,697060,0.662234544754028,0.626288056373596,1,9553,0.548093844729201,2
1,112302696,903343,0.281478196382523,0.335565686225891,1,9555,0.419408491297649,2
1,112307276,624033,0.251746535301209,0.319521814584732,1,9557,0.393942641488175,2
1,112312455,796844,0.628306686878204,0.469129681587219,1,9559,0.64992079964736,2
1,112317116,340223,0.426593720912933,0.538147687911987,1,9561,0.396353761704447,2
1,112338246,3011,0.336849451065064,0.411506444215775,1,9563,0.409288184668665,2
1,112348122,648803,0.530698776245117,0.450111240148544,1,9565,0.573276216919166,2
1,112359554,330373,0.567018747329712,0.55441677570343,1,9567,0.514140985274049,2
1,112370527,97890,0.674491047859192,0.558606743812561,1,9569,0.631271040531508,2
1,112371393,911162,0.614033281803131,0.525075137615204,1,9571,0.593654966536423,2
1,112372262,343137,0.557393550872803,0.613169550895691,1,9573,0.454518289483379,2
1,112380848,229250,0.450490176677704,0.474594533443451,1,9575,0.474605315625049,2
1,112390045,261612,0.452050447463989,0.371515691280365,1,9577,0.564070618045892,2
1,112390706,896172,0.61932235956192,0.498738437891007,1,9579,0.620280439181864,2
1,112391349,632690,0.54761004447937,0.462766587734222,1,9581,0.578963309809158,2
1,112395968,165875,0.372408747673035,0.477405846118927,1,9583,0.390033711045365,2
1,112399055,227502,0.36987292766571,0.411044210195541,1,9585,0.449918668711761,2
1,112399680,488753,0.449837028980255,0.591621100902557,1,9587,0.380173246266909,2
1,112405977,3014,0.615492880344391,0.499041974544525,1,9589,0.616228206638658,2
1,112409200,497845,0.493183583021164,0.478193461894989,1,9591,0.514363676987081,2
1,112415625,448353,0.740914881229401,0.551685154438019,1,9593,0.711045572843093,2
1,112427760,214648,0.603277266025543,0.543962836265564,1,9595,0.565032451822852,2
1,112430579,734700,0.382008820772171,0.493798524141312,1,9597,0.386806361396547,2
1,112437181,376848,0.428831100463867,0.448133081197739,1,9599,0.478464008188949,2
1,112439454,551864,0.533187866210938,0.527427196502686,1,9601,0.506095007653445,2
1,112453413,234554,0.724200367927551,0.583931028842926,1,9603,0.668565008217917,2
1,112456041,3018,0.509029090404511,0.471037834882736,1,9605,0.535911127512638,2
1,112457118,324270,0.50553685426712,0.482562214136124,1,9607,0.522200388876355,2
1,112459144,571333,0.683381497859955,0.59164160490036,1,9609,0.612327668612286,2
1,112489834,621003,0.505632340908051,0.599690675735474,1,9611,0.421577624404392,2
1,112511838,120917,0.417412608861923,0.567199230194092,1,9613,0.367959428223384,2
1,112512865,156898,0.767102241516113,0.580954968929291,1,9615,0.722108912866947,2
1,112514571,194891,0.44433918595314,0.490597695112228,1,9617,0.452854946507131,2
1,112515958,120387,0.645195543766022,0.410537838935852,1,9619,0.699043908438962,2
1,112516571,97857,0.463605105876923,0.510677635669708,1,9621,0.453911698393592,2
1,112522157,3023,0.476687163114548,0.557765662670136,1,9623,0.427318491454414,2
1,112523438,251260,0.480936765670776,0.629556715488434,1,9625,0.381964606078141,2
1,112524987,325790,0.400533556938171,0.439768612384796,1,9627,0.455391250828636,2
1,112526460,398645,0.534730970859528,0.589191794395447,1,9629,0.453783450436712,2
1,112528326,833409,0.722514271736145,0.605293691158295,1,9631,0.648490887974204,2
1,112533325,278344,0.368981093168259,0.420232594013214,1,9633,0.439020078909748,2
1,112533828,131439,0.321278184652329,0.434185206890106,1,9635,0.369978271431119,2
1,112551163,664647,0.577198028564453,0.499133706092835,1,9637,0.57792930311067,2
1,112575768,757900,0.433660835027695,0.493870437145233,1,9639,0.439043119825542,2
1,112578392,3026,0.571444034576416,0.447291225194931,1,9641,0.612313043542028,2
1,112586441,204822,0.569083333015442,0.526467502117157,1,9643,0.544997789052303,2
1,112587220,375219,0.341869711875916,0.395153015851975,1,9645,0.432578897492182,2
1,112588919,877171,0.64400041103363,0.54619824886322,1,9647,0.6077586874945,2
1,112592252,785204,0.359216153621674,0.493245750665665,1,9649,0.364135071753674,2
1,112700402,817314,0.638128340244293,0.634912669658661,1,9651,0.504403974499233,2
1,112729559,422326,0.627798438072205,0.456435978412628,1,9653,0.65762858913946,2
1,112740020,854371,0.416227519512177,0.676436305046082,1,9655,0.307662019621952,2
1,112766135,577479,0.258158773183823,0.45674055814743,1,9657,0.282609863059821,2
1,112775306,383719,0.397853940725327,0.461994022130966,1,9659,0.430583429294398,2
1,112789669,174858,0.350489735603333,0.353336721658707,1,9661,0.495971284781823,2
1,112804003,107332,0.560644149780273,0.588713943958283,1,9663,0.476160073609537,2
1,112809744,3037,0.696763455867767,0.694416701793671,1,9665,0.503839794399549,2
1,112822741,550617,0.518473505973816,0.397237658500671,1,9667,0.600566872817219,2
1,112851385,551764,0.321300148963928,0.482251793146133,1,9669,0.333124887797532,2
1,112856496,188948,0.315310001373291,0.321653872728348,1,9671,0.490138667846206,2
1,112864648,218283,0.364454716444016,0.47883865237236,1,9673,0.380561087370829,2
1,112873357,82730,0.37121057510376,0.494916826486588,1,9675,0.375023191006641,2
1,112886720,551569,0.387847691774368,0.443943351507187,1,9677,0.43682115123205,2
1,112888229,134468,0.733162641525269,0.516318380832672,1,9679,0.724160121141155,2
1,112902691,217886,0.412112027406693,0.517591595649719,1,9681,0.398105408656587,2
1,112919423,214886,0.690587401390076,0.556398868560791,1,9683,0.651249087658914,2
1,112965052,448852,0.522631883621216,0.401334792375565,1,9685,0.601306280790035,2
1,113002320,62645,0.386430829763413,0.558892965316773,1,9687,0.345710944442098,2
1,113031917,438372,0.364719778299332,0.500201106071472,1,9689,0.364573142554405,2
1,113050314,144164,0.393887609243393,0.458942294120789,1,9691,0.429125419785048,2
1,113207268,573540,0.357873946428299,0.367352962493897,1,9693,0.487098217472855,2
1,113227831,847673,0.509535729885101,0.470022976398468,1,9695,0.537277798590323,2
1,113233309,703835,0.413258761167526,0.611406683921814,1,9697,0.337957346586984,2
1,113233967,909783,0.516737461090088,0.43753382563591,1,9699,0.570407465430009,2
1,113250376,593745,0.561156094074249,0.49111133813858,1,9701,0.568821297451842,2
1,113258069,126475,0.355237156152725,0.487556040287018,1,9703,0.364303922830698,2
1,113346364,709950,0.285465061664581,0.437542319297791,1,9705,0.326214230114612,2
1,113376637,353468,0.556987762451172,0.465890496969223,1,9707,0.585279577469622,2
1,113403929,290652,0.828069925308228,0.532636523246765,1,9709,0.816063852607646,2
1,113416967,308836,0.403653234243393,0.506374001502991,1,9711,0.398572234203664,2
1,113497962,622521,0.425850093364716,0.388184279203415,1,9713,0.530781992747963,2
1,113585693,618402,0.541221261024475,0.452835410833359,1,9715,0.580767151183643,2
1,113592861,102431,0.574605107307434,0.505968034267426,1,9717,0.569466226682549,2
1,113623107,752181,0.536629438400269,0.382388889789581,1,9719,0.624868664164848,2
1,113633736,644917,0.444068551063538,0.48384165763855,1,9721,0.458898633522866,2
1,113658135,832415,0.290296614170074,0.377100855112076,1,9723,0.384905802035104,2
1,113663047,873675,0.690188646316528,0.550685286521912,1,9725,0.655240141942759,2
1,113724368,287913,0.277637183666229,0.432655930519104,1,9727,0.320852164597765,2
1,113768928,370692,0.560130596160889,0.442492842674255,1,9729,0.60550335716847,2
1,113775786,464809,0.514101982116699,0.658573806285858,1,9731,0.39031462928663,2
1,113798389,245851,0.462592244148254,0.374680250883102,1,9733,0.570293632489063,2
1,113859803,921586,0.346526712179184,0.469197750091553,1,9735,0.369275760712373,2
1,113865046,3046,0.668413460254669,0.597030818462372,1,9737,0.588570844946404,2
1,113890839,311476,0.293902665376663,0.348415315151215,1,9739,0.4217705890011,2
1,113910611,691460,0.689497649669647,0.636251270771027,1,9741,0.57319115452511,2
1,113930997,202684,0.430553376674652,0.600793540477753,1,9743,0.358320577425212,2
1,113940882,821952,0.349905908107758,0.42910498380661,1,9745,0.407715968483663,2
1,113941445,278348,0.250689268112183,0.435371577739716,1,9747,0.287902657097721,2
1,113962639,365595,0.355338305234909,0.415442734956741,1,9749,0.427662196658595,2
1,113974933,264786,0.44591024518013,0.53350841999054,1,9751,0.417903662315242,2
1,113991403,330149,0.644550740718842,0.645183026790619,1,9753,0.499509994803395,2
1,114019050,199432,0.593324661254883,0.498004019260407,1,9755,0.594941638630293,2
1,114043773,568277,0.573939502239227,0.618338465690613,1,9757,0.46409817121615,2
1,114082240,448980,0.703736364841461,0.53120630979538,1,9759,0.684014907464705,2
1,114131725,801148,0.521372735500336,0.417227178812027,1,9761,0.589353477806334,2
1,114133168,302552,0.50115579366684,0.488948673009872,1,9763,0.511943145445744,2
1,114153229,251515,0.623113393783569,0.48239341378212,1,9765,0.635933336001076,2
1,114216891,62646,0.639496684074402,0.479622781276703,1,9767,0.653613472155772,2
1,114221283,610852,0.536745488643646,0.581921696662903,1,9769,0.461183602297075,2
1,114238005,302315,0.305817067623138,0.470057666301727,1,9771,0.32529739385937,2
1,114248557,151337,0.45182666182518,0.384086400270462,1,9773,0.55499169167921,2
1,114260718,497865,0.558771133422852,0.407928347587585,1,9775,0.627385583502142,2
1,114279641,908586,0.437445938587189,0.370493233203888,1,9777,0.553178701893911,2
1,114317853,690004,0.611535787582398,0.451536566019058,1,9779,0.645861338833483,2
1,114327159,907201,0.575063526630402,0.459958106279373,1,9781,0.606570825050264,2
1,114331040,240658,0.561730861663818,0.502864718437195,1,9783,0.559205356579773,2
1,114336816,453175,0.604943871498108,0.449192821979523,1,9785,0.641384368009085,2
1,114348249,3053,0.577204942703247,0.492929399013519,1,9787,0.583100404091436,2
1,114356641,85628,0.656143665313721,0.58698183298111,1,9789,0.583727348886142,2
1,114423161,754708,0.720548689365387,0.661920070648193,1,9791,0.586708221380667,2
1,114477152,601213,0.666005671024323,0.589059889316559,1,9793,0.593621649125214,2
1,114477629,751829,0.372736752033234,0.468143910169601,1,9795,0.398100609594811,2
1,114482063,227455,0.330923438072205,0.470349162817001,1,9797,0.351784869872254,2
1,114483551,123719,0.558120429515839,0.554792881011963,1,9799,0.503737079172767,2
1,114492904,824533,0.292070120573044,0.468999654054642,1,9801,0.311375624745147,2
1,114510840,497874,0.502245187759399,0.46822589635849,1,9803,0.531986600295079,2
1,114536301,429839,0.326193541288376,0.49662259221077,1,9805,0.328411903127775,2
1,114545120,336737,0.448869049549103,0.482051283121109,1,9807,0.465582257807548,2
1,114550547,356816,0.637332677841187,0.420723587274551,1,9809,0.686965225761141,2
1,114552428,157194,0.54473602771759,0.484974533319473,1,9811,0.558017999365445,2
1,114553938,149046,0.557353377342224,0.476273357868195,1,9813,0.577406812019336,2
1,114560613,3061,0.361812323331833,0.421487808227539,1,9815,0.429208527825922,2
1,114578314,716900,0.525112390518189,0.567282378673554,1,9817,0.462831572299171,2
1,114608316,806011,0.494878143072128,0.46734955906868,1,9819,0.525841135093511,2
1,114629883,411190,0.278668969869614,0.358002632856369,1,9821,0.389199609575799,2
1,114636613,62649,0.378573328256607,0.494634926319122,1,9823,0.382679536070977,2
1,114643334,627556,0.399520009756088,0.51500403881073,1,9825,0.387880462722853,2
1,114659167,309851,0.397191017866135,0.519869208335877,1,9827,0.382010524471684,2
1,114689935,740516,0.64527553319931,0.689397573471069,1,9829,0.467999568050691,2
1,114730266,107116,0.608602702617645,0.488070070743561,1,9831,0.617723759625809,2
1,114871429,821307,0.510640203952789,0.493369311094284,1,9833,0.517044854601889,2
1,114904705,442109,0.404454112052918,0.510332465171814,1,9835,0.396265316881956,2
1,114912206,186812,0.30194765329361,0.425682038068771,1,9837,0.35466337112024,2
1,114971389,639267,0.380238741636276,0.481137365102768,1,9839,0.395145720552237,2
1,115008468,497881,0.664685666561127,0.456452369689941,1,9841,0.691550183700002,2
1,115029016,3070,0.460625916719437,0.531809210777283,1,9843,0.433074406558504,2
1,115034569,647061,0.513283669948578,0.39813706278801,1,9845,0.595658496346329,2
1,115065512,62650,0.559585750102997,0.439652442932129,1,9847,0.607016891265166,2
1,115089224,125675,0.22031669318676,0.426649451255798,1,9849,0.258194042601345,2
1,115149999,175732,0.640593647956848,0.489138543605804,1,9851,0.64823500819582,2
1,115163419,392240,0.567261517047882,0.540221214294434,1,9853,0.529405774683529,2
1,115209396,778129,0.679442405700684,0.582224667072296,1,9855,0.616351697869643,2
1,115260697,85220,0.654151439666748,0.480924963951111,1,9857,0.666860726952126,2
1,115286772,258772,0.575351357460022,0.39420673251152,1,9859,0.64951026585315,2
1,115298685,394106,0.376148551702499,0.485092163085938,1,9861,0.387708337019518,2
1,115335674,414033,0.502667367458344,0.416869968175888,1,9863,0.573566267041734,2
1,115372365,189386,0.630192399024963,0.516467034816742,1,9865,0.617598356675764,2
1,115382063,692358,0.595724046230316,0.505146980285645,1,9867,0.59151916057515,2
1,115383240,3074,0.576341271400452,0.517559111118317,1,9869,0.560921619245826,2
1,115407659,337523,0.495648950338364,0.576195895671845,1,9871,0.430104547829551,2
1,115408281,281803,0.353634804487228,0.394105345010757,1,9873,0.448655174262577,2
1,115411614,3076,0.414537101984024,0.518728673458099,1,9875,0.399570260132833,2
1,115413543,167470,0.468862265348434,0.55877947807312,1,9877,0.41954141458921,2
1,115418723,846424,0.740380108356476,0.613606989383698,1,9879,0.664046858366529,2
1,115420399,466821,0.630252659320831,0.609563291072846,1,9881,0.5264951626921,2
1,115438771,668022,0.533288896083832,0.491426765918732,1,9883,0.541156442533516,2
1,115447967,818178,0.668329417705536,0.679477572441101,1,9885,0.491796524868721,2
1,115471945,665919,0.431260138750076,0.471719950437546,1,9887,0.457114584988465,2
1,115484992,497886,0.404149323701859,0.456652879714966,1,9889,0.442512619162854,2
1,115521768,3083,0.517305970191956,0.322062522172928,1,9891,0.643998122544296,2
1,115542509,3095,0.481708437204361,0.599278926849365,1,9893,0.401906704559831,2
1,115545951,3099,0.395938724279404,0.518095970153809,1,9895,0.38210944215785,2
1,115560916,152652,0.626078188419342,0.461243957281113,1,9897,0.652976688954036,2
1,115578113,3100,0.380348026752472,0.498676717281342,1,9899,0.381357313838545,2
1,115583591,3102,0.59749847650528,0.363324970006943,1,9901,0.683903479378554,2
1,115583926,3103,0.662527918815613,0.473872661590576,1,9903,0.679286689221829,2
1,115602472,642715,0.35377037525177,0.501295626163483,1,9905,0.352856036226814,2
1,115604741,425372,0.537847518920898,0.519019305706024,1,9907,0.519572732791814,2
1,115610074,705425,0.411690086126328,0.54562258720398,1,9909,0.377266352036502,2
1,115614227,93100,0.584790945053101,0.430079638957977,1,9911,0.635730635954342,2
1,115616006,87516,0.601186692714691,0.532518982887268,1,9913,0.573444383101939,2
1,115623988,401755,0.409998416900635,0.591633975505829,1,9915,0.346496680274403,2
1,115637543,699126,0.380685567855835,0.454485952854157,1,9917,0.418808948291077,2
1,115679765,694000,0.591122984886169,0.584383726119995,1,9919,0.508107549186248,2
1,115795199,497903,0.59158730506897,0.549018323421478,1,9921,0.547195910453004,2
1,115820648,726705,0.2520991563797,0.383944600820541,1,9923,0.328301473495043,2
1,115972906,230642,0.34194153547287,0.532542228698731,1,9925,0.321046404440457,2
1,115990494,206912,0.376798659563065,0.478532135486603,1,9927,0.393702566265389,2
1,116008474,700446,0.516157746315002,0.391363948583603,1,9929,0.602519229218335,2
1,116009356,238109,0.507512331008911,0.515430629253388,1,9931,0.492318754653807,2
1,116016688,757119,0.555985867977142,0.409935027360916,1,9933,0.623758270180832,2
1,116021974,3114,0.381714910268784,0.404449224472046,1,9935,0.4718947239509,2
1,116024782,216964,0.328173398971558,0.508415400981903,1,9937,0.322741402343198,2
1,116026703,233714,0.589220881462097,0.385807454586029,1,9939,0.665594184099846,2
1,116029743,403272,0.768902242183685,0.631186723709106,1,9941,0.686700869149242,2
1,116104604,400907,0.590440034866333,0.688069522380829,1,9943,0.429055506501231,2
1,116136117,237598,0.679124593734741,0.523076951503754,1,9945,0.663598344348224,2
1,116213694,331363,0.376582205295563,0.337160170078278,1,9947,0.529737225674822,2
1,116222627,640356,0.47945711016655,0.644415855407715,1,9949,0.372009088652236,2
1,116223681,170347,0.548153698444367,0.440842539072037,1,9951,0.595957907093146,2
1,116231922,162794,0.602853357791901,0.492927551269531,1,9953,0.608392604249733,2
1,116235759,229027,0.694524109363556,0.584814667701721,1,9955,0.632121047068947,2
1,116242415,769199,0.623252332210541,0.669836223125458,1,9957,0.465227402380871,2
1,116252936,497921,0.585920810699463,0.681669354438782,1,9959,0.429769071239715,2
1,116266611,761740,0.261872529983521,0.384348809719086,1,9961,0.340670405841661,2
1,116280213,100325,0.287030875682831,0.417238622903824,1,9963,0.343964891942654,2
1,116289497,865646,0.643916845321655,0.606538951396942,1,9965,0.547498849069583,2
1,116305066,786702,0.643682301044464,0.541188657283783,1,9967,0.61169475797384,2
1,116326316,411006,0.605332851409912,0.550301849842072,1,9969,0.561186599887629,2
1,116328591,852586,0.404085129499435,0.50493711233139,1,9971,0.400134115349234,2
1,116340404,424549,0.591392874717712,0.646569013595581,1,9973,0.457331593598158,2
1,116354093,554680,0.404812663793564,0.326274305582047,1,9975,0.558286598583247,2
1,116360676,574546,0.330212026834488,0.447198063135147,1,9977,0.369201092374471,2
1,116459434,204416,0.463369250297546,0.388165891170502,1,9979,0.561457311746575,2
1,116477558,127031,0.711927771568298,0.562033832073212,1,9981,0.671125021145633,2
1,116510236,277535,0.638623297214508,0.521242082118988,1,9983,0.622589319895795,2
1,116513495,720461,0.417936116456985,0.543875932693481,1,9985,0.384220087095237,2
1,116523089,756643,0.361246675252914,0.350639760494232,1,9987,0.508167203744069,2
1,116529505,904101,0.635874271392822,0.407916843891144,1,9989,0.692504570641567,2
1,116570738,627037,0.613986432552338,0.647394359111786,1,9991,0.474198163693237,2
1,116601539,92478,0.768173933029175,0.613265812397003,1,9993,0.700277251918562,2
1,116604254,844013,0.594970345497131,0.512140095233917,1,9995,0.584891430361478,2
1,116606277,165684,0.727167725563049,0.55380129814148,1,9997,0.694270430079087,2
1,116606683,307615,0.335723280906677,0.411710143089294,1,9999,0.40771801052502,2
1,116609700,117804,0.341728866100311,0.459011852741242,1,10001,0.372244054330503,2
1,116609985,709049,0.802649736404419,0.669165790081024,1,10003,0.701738427165809,2
1,116616799,876391,0.63185578584671,0.522873163223267,1,10005,0.614207181637155,2
1,116631820,729499,0.415172964334488,0.543294906616211,1,10007,0.382088032925155,2
1,116634561,289302,0.698326885700226,0.573690712451935,1,10009,0.646180457344879,2
1,116635517,183156,0.527698218822479,0.432823926210403,1,10011,0.583637424951807,2
1,116640286,415201,0.495626717805862,0.512775957584381,1,10013,0.483278038366593,2
1,116653455,183116,0.454459697008133,0.465361088514328,1,10015,0.488287169065856,2
1,116662480,722198,0.673051059246063,0.460121273994446,1,10017,0.697201496368489,2
1,116664121,410258,0.616715013980866,0.431250661611557,1,10019,0.663045774167249,2
1,116708362,375456,0.283730566501617,0.459234893321991,1,10021,0.308916603058166,2
1,116929695,407229,0.26250284910202,0.311875134706497,1,10023,0.420846069291576,2
1,116958895,487996,0.402045041322708,0.492723852396011,1,10025,0.407982117536678,2
1,117028855,198304,0.343072026968002,0.458633810281754,1,10027,0.374015193905179,2
1,117064661,232051,0.515678226947784,0.405159085988998,1,10029,0.592898065983355,2
1,117070434,821146,0.623229205608368,0.50423002243042,1,10031,0.620014511327732,2
1,117077287,823813,0.262710630893707,0.354872524738312,1,10033,0.370147887734383,2
1,117083274,203595,0.351146757602692,0.465578019618988,1,10035,0.377108393014405,2
1,117089166,190183,0.260141849517822,0.357018619775772,1,10037,0.36432532521862,2
1,117194463,3147,0.448011070489883,0.504618585109711,1,10039,0.44391059278215,2
1,117265060,538791,0.455929100513458,0.470199823379517,1,10041,0.484824831745481,2
1,117277238,62662,0.251763969659805,0.387883216142654,1,10043,0.324535787038556,2
1,117284884,102257,0.563460886478424,0.534939706325531,1,10045,0.530663959642249,2
1,117297695,682349,0.543748199939728,0.588357031345367,1,10047,0.462090338834198,2
1,117302933,630653,0.507735431194305,0.541635155677795,1,10049,0.468706126136635,2
1,117308255,98507,0.523962795734406,0.474532008171082,1,10051,0.547035012914181,2
1,117308925,497932,0.417045772075653,0.538969099521637,1,10053,0.386892098680428,2
1,117316638,397016,0.402023166418076,0.525213599205017,1,10055,0.382723492905166,2
1,117327578,771650,0.479948073625565,0.487514615058899,1,10057,0.492239677335191,2
1,117342577,92249,0.422000527381897,0.547850787639618,1,10059,0.385141846012544,2
1,117349313,438426,0.298700213432312,0.423915207386017,1,10061,0.352311273844342,2
1,117372602,326852,0.287796348333359,0.432983577251434,1,10063,0.332340951774985,2
1,117400577,119962,0.395361632108688,0.574220418930054,1,10065,0.344259468206797,2
1,117401185,863971,0.342352002859116,0.445043742656708,1,10067,0.384627363610856,2
1,117401827,796820,0.364270210266113,0.504040837287903,1,10069,0.361349897982617,2
1,117419228,497934,0.347540110349655,0.524692833423615,1,10071,0.331184350357866,2
1,117438016,62663,0.729955434799194,0.522481381893158,1,10073,0.717241846745769,2
1,117445005,578384,0.581983149051666,0.482769459486008,1,10075,0.595908576344956,2
1,117454903,343095,0.453476369380951,0.510587573051453,1,10077,0.444073057507858,2
1,117457611,497938,0.413768351078033,0.451240509748459,1,10079,0.458478729346226,2
1,117531746,671659,0.494661897420883,0.63062709569931,1,10081,0.392198417094929,2
1,117655802,274726,0.683879137039185,0.66361790895462,1,10083,0.530116389403488,2
1,117908176,3155,0.578655362129211,0.492750734090805,1,10085,0.584676936776272,2
1,117927067,388334,0.438113331794739,0.3866046667099,1,10087,0.541986515293945,2
1,117931493,445016,0.636509418487549,0.514128983020783,1,10089,0.625939221717357,2
1,117938384,159672,0.53659200668335,0.530443251132965,1,10091,0.50654740408398,2
1,117997115,906979,0.475825041532517,0.428838968276978,1,10093,0.541132071907809,2
1,118090426,610253,0.492783099412918,0.493068993091583,1,10095,0.499710087550961,2
1,118098218,675317,0.667171180248261,0.649345993995667,1,10097,0.525417057765445,2
1,118112569,62664,0.677469491958618,0.579875528812408,1,10099,0.616148867584808,2
1,118129110,556177,0.727844834327698,0.64316999912262,1,10101,0.618648705261438,2
1,118156214,93063,0.5581995844841,0.455097049474716,1,10103,0.594606328438848,2
1,118168824,215149,0.593595266342163,0.530023336410523,1,10105,0.567633070806225,2
1,118191124,137340,0.355410158634186,0.512229442596436,1,10107,0.346924765621291,2
1,118212561,149749,0.3034328520298,0.409451812505722,1,10109,0.370535485205063,2
1,118222632,415498,0.371449500322342,0.504065275192261,1,10111,0.368453768394047,2
1,118251774,443028,0.611464977264404,0.466605663299561,1,10113,0.635790074994927,2
1,118309416,188674,0.591773569583893,0.408701092004776,1,10115,0.654805357412055,2
1,118383140,769826,0.400173395872116,0.343298256397247,1,10117,0.543303630627539,2
1,118480476,3181,0.440979361534119,0.400878518819809,1,10119,0.533466370322189,2
1,118512603,497955,0.44749316573143,0.535169005393982,1,10121,0.41808583944617,2
1,118600962,726033,0.660481750965118,0.631937384605408,1,10123,0.538776508623552,2
1,118612357,478691,0.455200999975205,0.534244954586029,1,10125,0.426022741129981,2
1,118620412,313941,0.6670942902565,0.537543833255768,1,10127,0.640067822981786,2
1,118633199,657192,0.461122155189514,0.6098552942276,1,10129,0.378058663714266,2
1,118633964,276431,0.695290863513947,0.527369916439056,1,10131,0.677645216539879,2
1,118637590,340209,0.587776958942413,0.465738624334335,1,10133,0.614212200400997,2
1,118651510,103539,0.596243739128113,0.556746244430542,1,10135,0.544554044045072,2
1,118652913,639669,0.507518112659454,0.427065849304199,1,10137,0.570210741720972,2
1,118660572,375064,0.497791945934296,0.329927802085876,1,10139,0.625258251551822,2
1,118671019,729004,0.511013746261597,0.361834764480591,1,10141,0.616881156695717,2
1,118682350,792199,0.491793423891068,0.638478100299835,1,10143,0.385129438002742,2
1,118686437,3186,0.367119520902634,0.50832337141037,1,10145,0.361108244820656,2
1,118724274,669550,0.514324426651001,0.470228880643845,1,10147,0.541617544252645,2
1,118775265,3188,0.586611986160278,0.432334125041962,1,10149,0.635887912171681,2
1,118776732,470025,0.394930094480515,0.62121719121933,1,10151,0.317867969578677,2
1,118807006,324219,0.612565696239471,0.496294677257538,1,10153,0.615415714041781,2
1,118816695,554924,0.532082080841065,0.487917929887772,1,10155,0.543122141479796,2
1,118825926,777999,0.564983308315277,0.631503999233246,1,10157,0.447331536301642,2
1,118849704,497959,0.784471154212952,0.625215947628021,1,10159,0.712462624245905,2
1,118869895,314601,0.389597982168198,0.542658865451813,1,10161,0.358971360252101,2
1,118870200,468099,0.614578545093536,0.646292328834534,1,10163,0.475464830444308,2
1,118870865,277801,0.310433834791183,0.441285848617554,1,10165,0.35173780868308,2
1,118871547,257720,0.643381297588348,0.581442952156067,1,10167,0.573990326708555,2
1,118871932,400624,0.671820461750031,0.568660795688629,1,10169,0.619580674594714,2
1,118881089,343958,0.349947333335876,0.459517627954483,1,10171,0.380776832102881,2
1,118882026,724323,0.49078181385994,0.367783576250076,1,10173,0.597275421034076,2
1,118897326,592371,0.678472340106964,0.58102947473526,1,10175,0.616288449300976,2
1,118902072,565820,0.311377108097076,0.410636454820633,1,10177,0.379139631225736,2
1,118918997,149760,0.326596945524216,0.369032829999924,1,10179,0.442503916960834,2
1,118943319,833790,0.660542845726013,0.583576560020447,1,10181,0.592413488670745,2
1,118948407,130118,0.500978052616119,0.473036557435989,1,10183,0.526511796571862,2
1,118964720,841544,0.264929234981537,0.333435386419296,1,10185,0.397272223903055,2
1,118973379,497960,0.477567881345749,0.568706512451172,1,10187,0.419871999783678,2
1,119006101,394685,0.428731471300125,0.507438063621521,1,10189,0.42244709456788,2
1,119007078,492563,0.304777413606644,0.397050023078918,1,10191,0.383802286728574,2
1,119011503,652700,0.453675448894501,0.49028080701828,1,10193,0.462668987241821,2
1,119021121,391759,0.615793228149414,0.500034630298615,1,10195,0.615766615915757,2
1,119081742,626901,0.440072894096375,0.316195666790009,1,10197,0.590579440119111,2
1,119118290,553190,0.693380832672119,0.494972825050354,1,10199,0.696433001492987,2
1,119183750,3204,0.438386082649231,0.564428389072418,1,10201,0.388345174637366,2
1,119205436,182663,0.447343170642853,0.451753556728363,1,10203,0.495118592848,2
1,119255392,853455,0.298441886901855,0.351195394992828,1,10205,0.424894362450211,2
1,119259640,468974,0.530355870723724,0.423425734043121,1,10207,0.592728849511817,2
1,119262004,249666,0.392816156148911,0.527279436588287,1,10209,0.372493339291393,2
1,119269839,497964,0.449070394039154,0.462148308753967,1,10211,0.485850954696693,2
1,119273858,150233,0.387491911649704,0.45378702878952,1,10213,0.426953490366771,2
1,119286167,231653,0.609755039215088,0.43714302778244,1,10215,0.653335589637085,2
1,119293287,3209,0.57482647895813,0.480896234512329,1,10217,0.590473476297709,2
1,119298302,154741,0.563984870910645,0.645673453807831,1,10219,0.436741566177585,2
1,119308755,889131,0.596679210662842,0.4273821413517,1,10221,0.647827269752622,2
1,119335814,242787,0.601914942264557,0.482470780611038,1,10223,0.615398471408575,2
1,119342242,577931,0.693712532520294,0.600409388542175,1,10225,0.616748418634914,2
1,119356156,879530,0.575709581375122,0.514400601387024,1,10227,0.563127116881956,2
1,119363905,3213,0.701805055141449,0.527394652366638,1,10229,0.684520132546315,2
1,119372788,354221,0.547823846340179,0.624388635158539,1,10231,0.438688194733943,2
1,119449469,354011,0.287603110074997,0.514907777309418,1,10233,0.279276331363481,2
1,119461372,250068,0.629687964916229,0.550421178340912,1,10235,0.588156717750625,2
1,119501747,322545,0.312838107347488,0.470199078321457,1,10237,0.332665589716036,2
1,119552525,680963,0.500972270965576,0.446553438901901,1,10239,0.54916358316122,2
1,119578507,766847,0.682189106941223,0.581601142883301,1,10241,0.6202058303303,2
1,119631817,706668,0.420491218566895,0.350559443235397,1,10243,0.553840012456171,2
1,119643116,77102,0.447832942008972,0.500048458576202,1,10245,0.447789543521537,2
1,119648221,749253,0.654111444950104,0.691826522350311,1,10247,0.472742388314285,2
1,119654754,602416,0.607662975788117,0.602633714675903,1,10249,0.506328243358783,2
1,119658324,93779,0.380752772092819,0.548610329627991,1,10251,0.347015679007544,2
1,119666293,740731,0.714831829071045,0.688025772571564,1,10253,0.542961972725183,2
1,119798476,864681,0.434932976961136,0.443840444087982,1,10255,0.489965462537839,2
1,119816321,3222,0.315784305334091,0.340758830308914,1,10257,0.463354544690475,2
1,119825494,472287,0.440139144659042,0.521459937095642,1,10259,0.422025848342704,2
1,119849170,831611,0.254346787929535,0.323667526245117,1,10261,0.392913664957718,2
1,119859505,803593,0.245537355542183,0.311728239059448,1,10263,0.393832391128604,2
1,119861171,437118,0.679468750953674,0.630279839038849,1,10265,0.566521814481188,2
1,119873605,3224,0.36039662361145,0.42912694811821,1,10267,0.41991842413049,2
1,119879826,86442,0.243523746728897,0.446025967597961,1,10269,0.272992790128763,2
1,119887030,756584,0.463796615600586,0.565266251564026,1,10271,0.410246157733028,2
1,119927900,729613,0.688998699188232,0.59337729215622,1,10273,0.61758001359426,2
1,119941185,684074,0.408684939146042,0.310018867254257,1,10275,0.57149910860544,2
1,119952472,210073,0.624211370944977,0.514412045478821,1,10277,0.613058123089591,2
1,119959289,468863,0.528455555438995,0.617514908313751,1,10279,0.427888904643654,2
1,120003821,318761,0.640894055366516,0.470838874578476,1,10281,0.660683743210139,2
1,120009820,429711,0.683039486408234,0.587206900119782,1,10283,0.61607823182638,2
1,120011087,651764,0.505150735378265,0.595323801040649,1,10285,0.424265529528,2
1,120029707,654712,0.675954401493073,0.531310796737671,1,10287,0.654306525250213,2
1,120031388,3229,0.449571549892426,0.5250443816185,1,10289,0.428127188511739,2
1,120056649,304160,0.531937062740326,0.525786578655243,1,10291,0.506484932530633,2
1,120071514,3232,0.548550665378571,0.474698334932327,1,10293,0.570295161197261,2
1,120080010,609908,0.436009556055069,0.547673046588898,1,10295,0.398056430538888,2
1,120087069,887015,0.604775309562683,0.486785739660263,1,10297,0.614951569958631,2
1,120090930,364473,0.337136089801788,0.436798304319382,1,10299,0.385917351862335,2
1,120094890,722983,0.725720465183258,0.63533878326416,1,10301,0.623925547564564,2
1,120100226,250856,0.421095371246338,0.520216822624207,1,10303,0.404730636277912,2
1,120110498,729839,0.548646628856659,0.458243131637573,1,10305,0.583435487853019,2
1,120111815,699687,0.313060224056244,0.466372519731522,1,10307,0.335633223240152,2
1,120151596,665101,0.268758326768875,0.309349358081818,1,10309,0.434392895520076,2
1,120270600,731994,0.263676404953003,0.435186296701431,1,10311,0.302946585119503,2
1,120870371,832784,0.656625330448151,0.576104819774628,1,10313,0.594976912253063,2
1,120885582,143045,0.546367704868317,0.529320240020752,1,10315,0.518109409302321,2
1,120887054,251671,0.474497884511948,0.461059927940369,1,10317,0.512467023021896,2
1,120928505,4691,0.356553077697754,0.470533221960068,1,10319,0.378881937615888,2
1,120991757,684636,0.467656761407852,0.512645542621613,1,10321,0.456120967146527,2
1,142693888,753256,0.569798409938812,0.466106474399567,2,1,0.597109189910695,3
1,142734126,499018,0.667239367961884,0.658079385757446,2,3,0.513394896099975,3
1,142756696,364087,0.71414852142334,0.651455223560333,2,5,0.589935787452346,3
1,143576984,305593,0.633078336715698,0.692841351032257,2,7,0.456871068515528,3
1,143591338,755039,0.662182629108429,0.689216494560242,2,9,0.480387972672461,3
1,143607676,165409,0.904005825519562,0.509957253932953,2,11,0.90205530512301,1
1,143657094,902269,0.42719230055809,0.639854729175568,2,13,0.333819757109957,1
1,143702635,707747,0.691715061664581,0.68433141708374,2,15,0.511695247770032,1
1,144078052,457844,0.907573401927948,0.610024094581604,2,17,0.88149704021728,1
1,144106312,792548,0.339126199483871,0.498222678899765,2,19,0.34033597209261,1
1,144247278,629597,0.101931415498257,0.437419593334198,2,21,0.11651446008773,1
1,144265807,193277,0.931528687477112,0.440892726182938,2,23,0.938767285162085,1
1,144438084,557412,0.781035959720612,0.541120231151581,2,25,0.761414584882562,1
1,144964403,157354,0.888040781021118,0.459329277276993,2,27,0.896462658071242,1
1,144971502,767891,0.549511969089508,0.534561276435852,2,29,0.516060860320312,1
1,145032948,149183,0.080520324409008,0.46256959438324,2,31,0.0870359026908898,1
1,145095103,159936,0.0140821039676666,0.565489530563355,2,33,0.0124512508247833,1
1,145174448,677716,0.648556053638458,0.691609084606171,2,35,0.468874735796575,1
1,145198855,3261,0.206168368458748,0.361410945653915,2,37,0.285227067605436,1
1,145217896,173234,0.868454098701477,0.590201616287231,2,39,0.83949924337583,1
1,145220695,280337,0.870221972465515,0.618511497974396,2,41,0.829905715578061,1
1,145236038,704927,0.226536378264427,0.396540224552155,2,43,0.285641108061954,1
1,145282510,617593,0.792726457118988,0.544152915477753,2,45,0.772650138699202,1
1,145320510,437520,0.0875531509518623,0.415763080120087,2,47,0.10529211844228,1
1,145350008,756100,0.320360213518143,0.536250531673431,2,49,0.298703865633869,1
1,145360178,222160,0.915713965892792,0.487780869007111,2,51,0.917724632869698,1
1,145369703,91430,0.212166175246239,0.508859992027283,2,53,0.208472053777479,1
1,145380603,93379,0.806126117706299,0.473752707242966,2,55,0.815795838798536,1
1,145384213,641699,0.712195754051209,0.500426888465881,2,57,0.711949823455285,1
1,145388803,454097,0.919154226779938,0.48153492808342,2,59,0.922033539384626,1
1,145390181,177695,0.123781740665436,0.427015125751495,2,61,0.144938356044876,1
1,145391464,784679,0.0971459522843361,0.542782187461853,2,63,0.0894888912425516,1
1,145393825,343966,0.869403719902039,0.56344211101532,2,65,0.850425014192626,1
1,145394277,876591,0.907039821147919,0.570058286190033,2,67,0.891892114830745,1
1,145408410,392533,0.0680141001939774,0.502183198928833,2,69,0.0677184146533106,1
1,145409508,220839,0.363488763570786,0.496499687433243,2,71,0.366051351864807,1
1,145420376,350033,0.0639623403549194,0.470014750957489,2,73,0.0680429074030323,1
1,145421298,880304,0.182281732559204,0.495804607868195,2,75,0.183824161440289,1
1,145436035,128613,0.920776724815369,0.624351501464844,2,77,0.894551321922538,1
1,145445019,620596,0.875911056995392,0.517687976360321,2,79,0.871360305235402,1
1,145478407,497998,0.818577349185944,0.463280200958252,2,81,0.830989418372523,1
1,145548650,593569,0.152764678001404,0.466644614934921,2,83,0.16368417540049,1
1,145553128,912932,0.0562159866094589,0.50977498292923,2,85,0.0551380398136007,1
1,145569478,85418,0.88594001531601,0.52236133813858,2,87,0.880600133750183,1
1,145598089,380398,0.194601356983185,0.575225472450256,2,89,0.169152242297487,1
1,145620408,778807,0.668007135391235,0.676083743572235,2,91,0.494026917332515,1
1,145634517,887409,0.84642904996872,0.646059930324554,2,93,0.78305515087328,1
1,145672394,911918,0.0309904217720032,0.323941260576248,2,95,0.0478333968894166,1
1,145740679,643422,0.51069176197052,0.419906944036484,2,97,0.578250219512838,1
1,145836049,266526,0.120734632015228,0.612448930740356,2,99,0.0985671016432984,1
1,145849174,3275,0.104719057679176,0.56056547164917,2,101,0.0934048411607438,1
1,146273468,112302,0.296565443277359,0.317131996154785,2,103,0.467574144005028,1
1,146288629,318810,0.432137966156006,0.349102199077606,2,105,0.563785564308812,1
1,147425688,484721,0.68920361995697,0.475811243057251,3,107,0.7035453584929,1
1,147962942,224132,0.525039315223694,0.488619923591614,3,109,0.535608927011654,1
1,147991757,886028,0.396318852901459,0.444211602210999,3,111,0.446092415111221,1
1,148038493,668532,0.100794948637486,0.47755891084671,3,113,0.105531429053199,1
1,148045353,923559,0.0635774061083794,0.371588289737701,3,115,0.0855481831158588,1
1,148165575,236810,0.837553322315216,0.458258897066116,3,117,0.850069824123527,1
1,148174732,498008,0.279028475284576,0.518913805484772,3,119,0.268858211455664,1
1,148262603,419490,0.742689311504364,0.470090746879578,3,121,0.757212497252655,1
1,148407285,222130,0.586002171039581,0.685142397880554,3,123,0.427649911063994,1
1,148527617,611499,0.404243737459183,0.340072423219681,3,125,0.548619967173204,1
1,148802973,782599,0.122988201677799,0.397790342569351,3,127,0.154589225172501,1
1,148850727,737186,0.193858280777931,0.445534408092499,3,129,0.217557025065597,1
1,148862161,359524,0.968998908996582,0.487428098917007,3,131,0.969759275783634,1
1,148863885,3284,0.844772577285767,0.474326550960541,3,133,0.852353754029356,1
1,148885585,3286,0.834720075130463,0.507973313331604,3,135,0.832041706935981,1
1,148914611,793992,0.881455719470978,0.543388485908508,3,137,0.870191314858883,1
1,148994018,120319,0.841452598571777,0.504601240158081,3,139,0.839980017835718,1
1,149049421,929186,0.221149429678917,0.609605848789215,3,141,0.181387227598094,1
1,149154066,581182,0.759227871894836,0.663401484489441,3,143,0.64234523176676,1
1,149220885,722680,0.266917049884796,0.676182508468628,3,145,0.197370566778851,1
1,149614324,683957,0.687041401863098,0.390856176614761,3,147,0.743116004691901,1
1,149623957,573722,0.74390971660614,0.492749720811844,3,149,0.747570091234127,1
1,149640649,910698,0.318454504013062,0.602861225605011,3,151,0.264119245431211,1
1,149649100,748717,0.794982850551605,0.461626797914505,3,153,0.809595696206442,1
1,149678259,287855,0.760771751403809,0.59679514169693,3,155,0.703341559916951,1
1,149702565,714115,0.21436607837677,0.657966434955597,3,157,0.162900466489021,1
1,149782082,257989,0.050352293998003,0.303587645292282,3,159,0.082928760077713,1
1,149808339,792469,0.813096404075623,0.449659049510956,3,161,0.830192905181514,1
1,149817297,350749,0.165628924965858,0.518418550491333,3,163,0.159744404216326,1
1,149835228,659273,0.763654887676239,0.454279154539108,3,165,0.783456034078967,1
1,149898316,623037,0.0367836207151413,0.569038450717926,3,167,0.0323208569374647,1
1,149936179,640738,0.157647103071213,0.46856763958931,3,169,0.16822235441759,1
1,149953607,3295,0.192675322294235,0.542304992675781,3,171,0.17764479849573,1
1,149966097,864082,0.951881349086761,0.686560153961182,3,173,0.923241011758155,1
1,149996686,714405,0.104911372065544,0.426015883684158,3,175,0.123130822210521,1
1,150001314,302530,0.242915913462639,0.477179795503616,3,177,0.254532899078706,1
1,150009767,642055,0.866174817085266,0.482775956392288,3,179,0.870631320634977,1
1,150011552,860007,0.310325890779495,0.55815976858139,3,181,0.27799019944434,1
1,150015049,498017,0.0744357109069824,0.430594325065613,3,183,0.0864336877821603,1
1,150017057,856497,0.375218331813812,0.371662467718124,3,185,0.502829581166968,1
1,150028489,174633,0.806566894054413,0.489957273006439,3,187,0.810375586486866,1
1,150043029,798017,0.0788027048110962,0.403124511241913,3,189,0.0977399074151151,1
1,150070388,887251,0.438500583171845,0.322820603847504,3,191,0.585413097313352,1
1,150071639,785045,0.144454479217529,0.61315655708313,3,193,0.11779575505538,1
1,150214922,289377,0.604338943958283,0.689051568508148,3,195,0.438529546683077,1
1,150271428,360917,0.0149333896115422,0.551887810230255,3,197,0.0135293707658734,1
1,150424415,191808,0.343638062477112,0.330957323312759,3,199,0.509476778990498,1
1,150567845,618299,0.720655918121338,0.504265606403351,3,201,0.718252268264093,1
1,150579221,277420,-0.0309767592698336,0.448206067085266,3,203,-0.034556381031697,1
1,150620244,320396,0.645559310913086,0.674072682857513,3,205,0.478849927708423,1
1,150654762,3312,0.776705086231232,0.529483795166016,3,207,0.762712833825187,1
1,150657906,250524,0.143865928053856,0.560353219509125,3,209,0.128370751737524,1
1,150664037,3313,0.344074726104736,0.59030818939209,3,211,0.291436517642649,1
1,150680323,798523,0.772317051887512,0.686268448829651,3,213,0.637137311718991,1
1,150683533,498025,0.721866011619568,0.69536691904068,3,215,0.543493458582107,1
1,150691472,89509,0.856481850147247,0.573793232440949,3,217,0.831633187484678,1
1,150708913,277286,0.124187886714935,0.543368339538574,3,219,0.114275968692246,1
1,150709433,110181,0.901057004928589,0.488947242498398,3,221,0.903196887582491,1
1,150710232,325793,0.890251457691193,0.381092578172684,3,223,0.911336866841267,1
1,150725748,624736,0.617381393909454,0.591522514820099,3,225,0.531652759365632,3
1,150821629,583688,0.668706178665161,0.695384800434113,3,227,0.48081736777084,3
1,150893164,538805,0.44501993060112,0.457963228225708,3,229,0.485868627842966,3
1,150914536,498029,0.500881135463715,0.467595130205154,3,231,0.531260049585371,3
1,150974553,474229,0.701876163482666,0.674123108386993,3,233,0.542582115838748,3
1,151106412,852060,0.592353224754334,0.598921775817871,3,235,0.494516353112585,3
1,151367018,176141,0.65905886888504,0.69990611076355,3,237,0.470819484749213,3
1,151442990,755522,0.789810955524445,0.458547681570053,3,239,0.805902535346933,1
1,151449603,150827,0.89039158821106,0.498877853155136,3,241,0.890637030832652,1
1,151451413,3337,0.163113817572594,0.467049777507782,3,243,0.174621448748978,1
1,151452173,120365,0.91063129901886,0.605431973934174,3,245,0.886751212620773,1
1,151458136,117728,0.90935230255127,0.409044504165649,3,247,0.923304125194108,1
1,151458838,448466,0.848142623901367,0.549890756607056,3,249,0.831310533689639,1
1,151464168,318013,0.703078806400299,0.473184883594513,3,251,0.718192223084235,1
1,151464410,699020,0.660302340984345,0.361121028661728,3,253,0.734145531270121,1
1,151467463,201464,0.145372107625008,0.512323677539825,3,255,0.14187525776974,1
1,151473711,268813,0.165981218218803,0.500239372253418,3,257,0.165901793646421,1
1,151477432,116563,0.320128530263901,0.319630265235901,3,259,0.500366172246163,1
1,151484601,498042,0.128163725137711,0.426774740219116,3,261,0.150153831822273,1
1,151490746,220491,0.811191916465759,0.537596940994263,3,263,0.795840360636652,1
1,151492657,918357,0.677753865718842,0.446468651294708,3,265,0.708917900463189,1
1,151495399,699629,0.13897992670536,0.527120530605316,3,267,0.131829362200865,1
1,151535808,848869,0.197856053709984,0.484670966863632,3,269,0.204113787741749,1
1,151552658,236422,0.0973236337304115,0.457849442958832,3,271,0.106283446695339,1
1,151561277,172571,0.173672080039978,0.423984259366989,3,273,0.204809584557775,1
1,151658353,778886,0.546122133731842,0.525086104869843,3,275,0.522147202974798,1
1,151884397,652319,0.899246871471405,0.590411365032196,3,277,0.877006928504602,1
1,152026728,226454,0.916369378566742,0.483203589916229,3,279,0.919087459005663,1
1,152043290,444689,0.16761825978756,0.418885797262192,3,281,0.200076322571809,1
1,152059582,160043,0.845632255077362,0.529409348964691,3,283,0.835985112981924,1
1,152092028,91541,0.0786964371800423,0.504368782043457,3,285,0.0780147780570425,1
1,152096617,198212,0.931048512458801,0.517742395401001,3,287,0.928511767483135,1
1,152100215,762933,0.158055245876312,0.561977028846741,3,289,0.140624294022004,1
1,152115620,725631,0.135555043816566,0.49014276266098,3,291,0.138281184731403,1
1,152126865,875556,0.151621147990227,0.546933054924011,3,293,0.138610335053979,1
1,152153497,404498,0.872460544109345,0.47626206278801,3,295,0.878241151892123,1
1,152159647,498053,0.795922100543976,0.52620530128479,3,297,0.784634674037697,1
1,152233284,759370,0.713414967060089,0.478447437286377,3,299,0.725257765536788,1
1,152259358,352157,0.975404500961304,0.585750222206116,3,301,0.970313201892731,1
1,152263970,673873,0.261712789535522,0.37963330745697,3,303,0.344691554185069,1
1,152296074,554381,0.893067181110382,0.499969035387039,3,305,0.893073802966995,1
1,152358680,336419,0.73475992679596,0.465734481811523,3,307,0.751771297066499,1
1,152390147,329815,0.0708762109279633,0.505753755569458,3,309,0.0700698809919459,1
1,152453542,674070,0.344516962766647,0.406306147575378,3,311,0.423962281671768,1
1,152458415,290752,0.0662870183587074,0.423643857240677,3,313,0.0782343674123534,1
1,152486109,642088,0.977234303951263,0.476591944694519,3,315,0.978252440120118,1
1,152494911,277850,0.0856026113033295,0.393043458461761,3,317,0.10889713269666,1
1,152505007,3352,0.105596721172333,0.589296281337738,3,319,0.0895956113388514,1
1,152558785,259726,0.783967256546021,0.492750316858292,3,321,0.787054826613241,1
1,152575265,923379,0.784925937652588,0.562240421772003,3,323,0.754346822954727,1
1,152578320,672482,0.902393817901611,0.533981442451477,3,325,0.895276507214817,1
1,152583058,441085,0.214442402124405,0.496803283691406,3,327,0.215822247118648,1
1,152585188,704675,0.809619247913361,0.503282845020294,3,329,0.808361005676945,1
1,152597810,3354,0.780901730060577,0.462325125932694,3,331,0.796253944059142,1
1,152685503,934686,0.589408457279205,0.659165561199188,3,333,0.4470868109424,1
1,152875632,450097,0.395966291427612,0.390387713909149,3,335,0.504575512703522,1
1,152935137,747227,0.931102931499481,0.501978754997253,3,337,0.93082918731696,1
1,152946191,337653,0.113415785133839,0.456736296415329,3,339,0.124158935937407,1
1,152960137,576064,0.236930876970291,0.524128794670105,3,341,0.226023526449657,1
1,152977380,438315,0.136922568082809,0.448461830615997,3,343,0.152657995324525,1
1,152992866,816475,0.632091462612152,0.674776017665863,3,345,0.468371315861697,1
1,152993191,821974,0.122041366994381,0.414278954267502,3,347,0.147293708426688,1
1,153011431,417545,0.182198017835617,0.478815972805023,3,349,0.190258918022571,1
1,153011655,892761,0.767639935016632,0.574851751327515,3,351,0.726730539630698,1
1,153015671,3360,0.801037013530731,0.446436256170273,3,353,0.820289001323695,1
1,153017613,876045,0.739306271076202,0.52217572927475,3,355,0.727207527018132,1
1,153022467,715958,0.953979671001434,0.640929460525513,3,357,0.935917425771106,1
1,153027589,820696,0.964155673980713,0.419269204139709,3,359,0.969138604087469,1
1,153043154,304575,0.750714600086212,0.425156891345978,3,361,0.78317092423924,1
1,153045746,874662,0.062414288520813,0.405245929956436,3,363,0.0770079153262841,1
1,153053837,663732,0.838651418685913,0.596351504325867,3,365,0.800137269129892,1
1,153060422,3362,0.0428939498960972,0.342005759477615,3,367,0.0627093970019891,1
1,153070269,220691,0.102286234498024,0.523285210132599,3,369,0.0977346889587277,1
1,153074559,842192,0.902737736701965,0.482758760452271,3,371,0.905979786740245,1
1,153078044,627302,0.393588960170746,0.44116148352623,3,373,0.446082641921464,1
1,153095033,430684,0.251971155405045,0.512187004089356,3,375,0.245975740689709,1
1,153098946,271926,0.212583065032959,0.563276946544647,3,377,0.188702081930588,1
1,153116103,406523,0.952729165554047,0.506241917610169,3,379,0.952131584138169,1
1,153116395,919789,0.765711843967438,0.465410441160202,3,381,0.780870995178965,1
1,153121679,459684,0.264206200838089,0.308164238929749,3,383,0.428677580753164,1
1,153127811,107737,0.81352961063385,0.533977329730988,3,385,0.799934207858912,1
1,153147010,255551,0.714459598064423,0.519023001194,3,387,0.703166260918488,1
1,153153441,100244,0.161753609776497,0.442389398813248,3,389,0.182818135120797,1
1,153262127,904010,0.115794971585274,0.358495265245438,3,391,0.161501395989145,1
1,153275882,772766,0.816264748573303,0.526036322116852,3,393,0.806171590777474,1
1,153379728,888966,0.715451240539551,0.552002251148224,3,395,0.682421663736312,1
1,153479748,136903,0.874737858772278,0.491245418787003,3,397,0.876893353049455,1
1,153501445,599328,0.103669352829456,0.648995995521545,3,399,0.0798690234953959,1
1,153524116,640238,0.889012217521668,0.496373206377029,3,401,0.889811479568121,1
1,153541584,316687,0.0875010341405869,0.61234325170517,3,403,0.0714477002048491,1
1,153584932,3367,0.220672056078911,0.476914763450623,3,405,0.231353769049087,1
1,153673720,651212,0.891542911529541,0.527574241161346,3,407,0.885212558331837,1
1,153690689,279439,0.846414983272553,0.344121187925339,3,409,0.88291661973221,1
1,153789196,838426,0.972513318061829,0.441745638847351,3,411,0.975381578854647,1
1,153829776,790338,0.222370713949204,0.503488779067993,3,413,0.220829860757606,1
1,153918705,366188,0.0503456108272076,0.387823820114136,3,415,0.0649078372911584,1
1,153933726,554281,0.113437727093697,0.494320154190064,3,417,0.114741151187293,1
1,154001636,719066,0.793485999107361,0.461402148008347,3,419,0.808285532397705,1
1,154089595,163267,0.0892169550061226,0.417609333992004,3,421,0.106818679258533,1
1,154126715,308237,0.807917594909668,0.42751932144165,3,423,0.832236779087424,1
1,154139938,721276,1.00714814662933,0.610966920852661,3,425,1.00918706790307,1
1,154170366,432649,0.474009186029434,0.329915374517441,3,427,0.607519114774664,1
1,154188819,793616,0.122941009700298,0.467350006103516,3,429,0.13152991130278,1
1,154248113,3372,0.819643139839172,0.509808123111725,3,431,0.816034425839808,1
1,154294174,3374,0.935530543327332,0.556164503097534,3,433,0.927372351780556,1
1,154366673,877983,0.451260060071945,0.329676270484924,3,435,0.590690351716309,1
1,154463031,798967,0.611124753952026,0.62175464630127,3,437,0.491451698501588,1
1,154479881,340996,0.886794209480286,0.448264390230179,3,439,0.89740938547818,1
1,154498982,238141,0.281486958265305,0.672969162464142,3,441,0.209138080885172,1
1,154539685,137260,0.029271524399519,0.45143273472786,3,443,0.032420693214865,1
1,154547295,488931,0.869808554649353,0.49892857670784,3,445,0.870086938409641,1
1,154552388,3378,0.085827186703682,0.625290393829346,3,447,0.0686298618615161,1
1,154581251,106903,0.0960680246353149,0.506555378437042,3,449,0.0948247997402863,1
1,154619665,906498,0.738314032554627,0.647991359233856,3,451,0.628296102510699,1
1,154635890,238058,0.733549237251282,0.394805341959,3,453,0.779863586691914,1
1,154967275,924398,0.0230022482573986,0.505302488803864,3,455,0.0227608697434371,1
1,155027511,687008,0.32572677731514,0.341442704200745,3,457,0.476985996929715,1
1,155072321,596017,0.381271004676819,0.331027001142502,3,459,0.537553087807823,1
1,155103462,427932,0.774802505970001,0.450420051813126,3,461,0.795118531186454,1
1,155150170,241753,0.925636649131775,0.614766001701355,3,463,0.903482881577632,1
1,155241041,284007,0.552487373352051,0.692841470241547,3,465,0.398711247148237,1
1,155350545,833217,0.246694192290306,0.306345582008362,3,467,0.402640362353214,1
1,155371094,217107,0.874785304069519,0.614572286605835,3,469,0.837563969093178,1
1,155399745,673877,0.286893159151077,0.33922216296196,3,471,0.422869126011748,1
1,155412923,201140,0.716158747673035,0.696962833404541,3,473,0.5316725411674,1
1,155416412,151236,0.219859078526497,0.65808379650116,3,475,0.167044895874525,1
1,155420500,139310,0.81007844209671,0.679635226726532,3,477,0.703585453602338,1
1,155434695,178261,0.297605961561203,0.502638578414917,3,479,0.296043692567044,1
1,155435608,320782,0.101169385015965,0.567172169685364,3,481,0.0891875434156861,1
1,155438871,167535,0.0988648533821106,0.386479109525681,3,483,0.1279045243913,1
1,155442383,214230,0.0505564846098423,0.55841326713562,3,485,0.0452679830380568,1
1,155448171,879387,0.253291368484497,0.461398631334305,3,487,0.274482141128173,1
1,155461558,469679,0.895032346248627,0.583020806312561,3,489,0.874133223742987,1
1,155463324,276008,0.74341344833374,0.5028315782547,3,491,0.741952082590526,1
1,155539138,573842,0.413844853639603,0.359985113143921,3,493,0.54207694352256,1
1,155597511,290546,0.0845135003328323,0.562425792217255,3,495,0.0751330233270902,1
1,155599106,746065,0.233817890286446,0.430900424718857,3,497,0.271313135092639,1
1,155604214,429705,0.887569308280945,0.411778509616852,3,499,0.904431669399037,1
1,155604718,859182,0.914106249809265,0.601298809051514,3,501,0.892283052896834,1
1,155644202,680532,0.147532477974892,0.455494731664658,3,503,0.16194751302141,1
1,155650569,538817,0.209641560912132,0.386209845542908,3,505,0.271408876976495,1
1,155667976,657463,0.666138768196106,0.676111817359924,3,507,0.492624704296132,1
1,155674587,498081,0.555787563323975,0.679008901119232,3,509,0.409263827328222,1
1,155719112,885804,0.568307876586914,0.66424834728241,3,511,0.427782680161712,1
1,155737133,862216,0.263020575046539,0.420741200447083,3,513,0.312568123548457,1
1,155741099,786155,0.233818501234055,0.416049271821976,3,515,0.280998570445887,1
1,155748995,338818,0.754634320735931,0.492829233407974,3,517,0.758103487595684,1
1,155751199,279665,0.118029691278934,0.402275592088699,3,519,0.146702526327908,1
1,155752676,538819,0.261168211698532,0.469470113515854,3,521,0.278152116801054,1
1,155780193,3405,0.97334748506546,0.489770382642746,3,523,0.973881842578458,1
1,155789467,490343,0.782121598720551,0.496542096138001,3,525,0.783618054649539,1
1,155794642,91448,0.0667936429381371,0.417741268873215,3,527,0.0799461866890736,1
1,155796721,385828,0.113935582339764,0.506807565689087,3,529,0.112405171166742,1
1,155798156,799629,0.158126920461655,0.630614936351776,3,531,0.125375178533233,1
1,155801740,461287,0.16782221198082,0.481579333543778,3,533,0.174241501131157,1
1,155804154,498085,0.271923422813416,0.565473139286041,3,535,0.240438850160719,1
1,155805349,3407,0.0828693211078644,0.43642845749855,3,537,0.0949403271991488,1
1,155807561,643253,0.143028602004051,0.449295461177826,3,539,0.159169871902447,1
1,155815794,309068,0.914062082767487,0.4991395175457,3,541,0.91420972482057,1
1,155850718,241731,0.124818854033947,0.397885262966156,3,543,0.156852823730448,1
1,155853140,849235,0.147317737340927,0.456047564744949,3,545,0.161515759242478,1
1,155886767,3411,0.38658082485199,0.336653083562851,3,547,0.537633205229401,1
1,156171718,355313,0.347281247377396,0.311595380306244,3,549,0.525919253045561,1
1,156188725,847483,0.869092524051666,0.490627825260162,3,551,0.871501151377973,1
1,156194579,647315,0.141192361712456,0.510451674461365,3,553,0.138301399306255,1
1,156202557,464991,0.236232325434685,0.520229995250702,3,555,0.227046044625746,1
1,156243520,203005,0.861513078212738,0.426074057817459,3,557,0.879351226692576,1
1,156271898,85437,0.851260542869568,0.397002100944519,3,559,0.876666687095085,1
1,156275958,827735,0.70890611410141,0.526042520999908,3,561,0.692911391004198,1
1,156276506,148828,0.178163588047028,0.646990716457367,3,563,0.137686355858838,1
1,156276700,870400,0.816396057605743,0.486247450113297,3,565,0.821310918617585,1
1,156277168,409180,0.73204231262207,0.488333195447922,3,567,0.738152167588335,1
1,156282620,773281,0.0903137177228928,0.459947824478149,3,569,0.098178220350712,1
1,156291366,703269,0.392507821321487,0.310164928436279,3,571,0.559683028798864,1
1,156311106,728404,0.662264466285706,0.68703031539917,3,573,0.481976159888174,1
1,156327139,727526,0.351251631975174,0.349597841501236,3,575,0.501271359921187,1
1,156339330,328647,0.907731235027313,0.43379083275795,3,577,0.918520601298175,1
1,156360845,339871,0.227839797735214,0.638727247714996,3,579,0.178354531257509,1
1,156362398,3422,0.311068862676621,0.480279207229614,3,581,0.323841692492741,1
1,156363755,104928,0.150608703494072,0.557633817195892,3,583,0.135042655995488,1
1,156368017,346961,0.82709550857544,0.398987919092178,3,585,0.856155560830499,1
1,156388439,483233,0.904623746871948,0.567212104797363,3,587,0.889811782878775,1
1,156407508,498100,0.123426780104637,0.513256907463074,3,589,0.120238791051747,1
1,156523434,157581,0.275962591171265,0.314819812774658,3,591,0.438286568972699,1
1,156635834,680515,0.243625953793526,0.300824105739594,3,593,0.404930903383818,1
1,156653151,216930,0.92752480506897,0.505585372447968,3,595,0.92670605713076,1
1,156653820,498109,0.226353466510773,0.605613768100739,3,597,0.186879392802312,1
1,156655058,594778,0.868747472763062,0.559783816337585,3,599,0.850922646522247,1
1,156663343,698140,0.0587942898273468,0.539299070835114,3,601,0.0545099120385122,1
1,156681501,420529,0.879009544849396,0.496779233217239,3,603,0.879783920758943,1
1,156699432,684391,0.0460833013057709,0.362163603305817,3,605,0.0636222150502206,1
1,156706203,846206,0.782620191574097,0.62371164560318,3,607,0.711152622867698,1
1,156717006,357499,0.114538937807083,0.49041149020195,3,609,0.116778399461966,1
1,156719023,713654,0.14988999068737,0.457290142774582,3,611,0.163889374236148,1
1,156721997,850991,0.22624047100544,0.472029268741608,3,613,0.239646655395521,1
1,156722960,107753,0.164580762386322,0.688974380493164,3,615,0.119438956691333,1
1,156728187,153573,0.140429452061653,0.524621605873108,3,617,0.133838799707783,1
1,156738623,130556,0.743643760681152,0.470391303300858,3,619,0.757975802779843,1
1,156752106,219716,0.952325701713562,0.458099722862244,3,621,0.956011926642438,1
1,156765146,350261,0.1913942694664,0.430390477180481,3,623,0.222349563494339,1
1,156772707,498111,0.185782700777054,0.553332567214966,3,625,0.167876166870256,1
1,156774356,193310,0.127913683652878,0.457956850528717,3,627,0.139656916918264,1
1,156778434,716367,0.211063861846924,0.524493336677551,3,629,0.201207381569351,1
1,156779672,217545,0.948816239833832,0.508424401283264,3,631,0.947939075597137,1
1,156785563,826469,0.125069111585617,0.313872247934341,3,633,0.199235696065394,1
1,156792175,462050,0.860669612884522,0.472272157669067,3,635,0.867990301118028,1
1,156797289,214477,0.029624804854393,0.362015515565872,3,637,0.0409164850408221,1
1,156799764,3434,0.729126393795013,0.428846269845963,3,639,0.76287154236747,1
1,156801606,89510,0.0292507372796536,0.470456212759018,3,641,0.0310876299285229,1
1,156805287,155164,0.91117000579834,0.484511137008667,3,643,0.913839075313686,1
1,156832293,205164,0.939867794513702,0.565048575401306,3,645,0.930874803385483,1
1,156833596,722713,0.193678930401802,0.5751171708107,3,647,0.168382149092147,1
1,156842353,169355,0.909303545951843,0.425081610679626,3,649,0.92112232298277,1
1,156847383,490128,0.744856357574463,0.388007789850235,3,651,0.791546658442679,1
1,156854014,647156,0.949686825275421,0.591990828514099,3,653,0.938343083635416,1
1,156879172,401003,0.250538945198059,0.446983695030212,3,655,0.280255127853293,1
1,156901932,88218,0.575092852115631,0.602091491222382,3,657,0.477579288612818,1
1,156909661,241399,0.049837488681078,0.459830075502396,3,659,0.0541912016375039,1
1,156910729,498114,0.0879068821668625,0.517794609069824,3,661,0.0848858607516019,1
1,156916088,465409,0.861987292766571,0.40504652261734,3,663,0.8840138662265,1
1,156922082,498116,0.101607106626034,0.340451776981354,3,665,0.149223933455337,1
1,156946695,888396,0.798657655715942,0.453329831361771,3,667,0.815846596508451,1
1,156951660,310217,0.854907512664795,0.50492000579834,3,669,0.853465612593402,1
1,156967356,111393,0.89599084854126,0.442131191492081,3,671,0.90677991861839,1
1,156968813,200978,0.672492027282715,0.555014371871948,3,673,0.632001628799752,1
1,156971619,334724,0.109177984297276,0.433594256639481,3,675,0.125898789738875,1
1,156979251,249312,0.901298940181732,0.473723232746124,3,677,0.906227040637484,1
1,156985845,498119,0.325857639312744,0.574298560619354,3,679,0.283700553734038,1
1,157010714,156727,0.191171124577522,0.574271023273468,3,681,0.16644677933409,1
1,157014641,572378,0.322840571403503,0.625276267528534,3,683,0.258158343894582,1
1,157020030,733856,0.173551931977272,0.579031646251679,3,685,0.149863943620999,1
1,157030607,358312,0.150764003396034,0.501591861248016,3,687,0.150285535954388,1
1,157045388,498125,0.0922358110547066,0.393746197223663,3,689,0.117125970618978,1
1,157050641,240687,0.915947794914246,0.609801769256592,3,691,0.89229550717642,1
1,157051761,498126,0.236308991909027,0.478903770446777,3,693,0.246718658832619,1
1,157071297,805687,0.568224847316742,0.316123843193054,3,695,0.684317731810362,1
1,157084098,725526,0.866052269935608,0.3855841755867,3,697,0.89099586571334,1
1,157117197,558146,0.887500643730164,0.354625672101975,3,699,0.91284177925372,1
1,157121392,828585,0.831332325935364,0.699089169502258,3,701,0.719738113470957,1
1,157142033,264210,0.410324692726135,0.662011504173279,3,703,0.309907524370403,1
1,157155043,627201,0.856852769851685,0.566517055034638,3,705,0.834887125536446,1
1,157181765,498129,0.14707912504673,0.499618262052536,3,707,0.147191502210606,1
1,157208258,820507,0.92739725112915,0.579782664775848,3,709,0.913612858412752,1
1,157278862,889693,0.686559498310089,0.687114417552948,3,711,0.499596195896431,1
1,157406973,3464,0.774719953536987,0.490552186965942,3,713,0.778897817696636,1
1,157420936,341443,0.251314520835876,0.51612389087677,3,715,0.243463367302135,1
1,157427903,224522,0.176798239350319,0.453119516372681,3,717,0.195090073327261,1
1,157435233,276588,0.923696398735046,0.509967267513275,3,719,0.922144383215237,1
1,157513147,789394,0.335983604192734,0.302147775888443,3,721,0.52424283188849,1
1,157891381,190769,0.0567726418375969,0.436345785856247,3,723,0.0650546466561963,1
1,157901645,106941,0.930996060371399,0.486758083105087,3,725,0.932776399045823,1
1,157943420,498146,0.688546061515808,0.486570864915848,3,727,0.696692379530484,1
1,157946260,3479,0.179470956325531,0.584166705608368,3,729,0.153612791179724,1
1,157964099,849745,0.916836321353912,0.506438732147217,3,731,0.91575141318535,1
1,157966663,381663,0.810589134693146,0.568107128143311,3,733,0.780720084019233,1
1,157992747,690169,0.726796507835388,0.464270055294037,3,735,0.745017527147414,1
1,158031789,795680,0.813829183578491,0.605991363525391,3,737,0.763747797399479,1
1,158036359,736647,0.780152320861816,0.558295488357544,3,739,0.751137159182854,1
1,158049173,172547,0.97672027349472,0.346747100353241,3,741,0.982181689114685,1
1,158051994,245660,0.238307029008865,0.656265437602997,3,743,0.181562989115562,1
1,158061200,718572,0.387085199356079,0.674652218818665,3,745,0.286877585635067,1
1,158107790,409237,0.407392650842667,0.360012352466583,3,747,0.537016572553152,1
1,158162918,695465,0.809731364250183,0.461394637823105,3,749,0.823369159396406,1
1,158175017,498149,0.70997154712677,0.445973008871079,3,751,0.73825422089793,1
1,158189735,3486,0.929189562797546,0.446871966123581,3,753,0.9359909163289,1
1,158192055,197790,0.714073121547699,0.45908135175705,3,755,0.735702513325184,1
1,158195335,803046,0.0595633238554001,0.327626913785934,3,757,0.0909011460125612,1
1,158220993,3488,0.0744227543473244,0.626039683818817,3,759,0.0594393265083042,1
1,158399609,538826,0.518211781978607,0.508122205734253,3,761,0.510256181882957,1
1,158400984,577354,0.144569128751755,0.501042485237122,3,763,0.144268333535964,1
1,158413118,784782,0.402475982904434,0.414002895355225,3,765,0.486078705511347,1
1,158413427,848864,0.658471703529358,0.694118797779083,3,767,0.474322050948784,1
1,158418681,452805,0.0588979944586754,0.584590196609497,3,769,0.0503754551481291,1
1,158432859,139657,0.82308042049408,0.551596581935883,3,771,0.802722757701389,1
1,158484117,560619,0.756290435791016,0.523732364177704,3,773,0.744146414874265,1
1,158500521,901957,0.086282029747963,0.555320501327515,3,775,0.0776866958285373,1
1,158513109,887161,0.260086745023727,0.521536469459534,3,777,0.249346651916073,1
1,158579249,284541,0.757104814052582,0.468518108129501,3,779,0.771492510222152,1
1,158585564,189519,0.533011376857758,0.653881072998047,3,781,0.407575168381842,1
1,158594444,884286,0.731604039669037,0.46466076374054,3,783,0.749321605673528,1
1,158600986,82088,0.180893436074257,0.549607932567596,3,785,0.164565889023089,1
1,158616265,130757,0.7659592628479,0.508594989776611,3,787,0.761865739783863,1
1,158629481,461020,0.850582122802734,0.516028940677643,3,789,0.845633458531099,1
1,158638733,442222,0.972987532615662,0.484936356544495,3,791,0.973777544069006,1
1,158640581,865644,0.113678343594074,0.517344653606415,3,793,0.109867129003481,1
1,158660797,604838,0.627945482730866,0.440287977457047,3,795,0.667637550843763,1
1,158673649,420200,0.179811075329781,0.438214391469955,3,797,0.205163361621487,1
1,158674464,126752,0.825697541236877,0.485674351453781,3,799,0.830552433797729,1
1,158686660,835136,0.85781341791153,0.601148307323456,3,801,0.82175507250037,1
1,158738437,707862,0.1824691593647,0.476932525634766,3,803,0.191294522345531,1
1,158778848,366809,0.778107583522797,0.599498927593231,3,805,0.722981495225763,1
1,158784140,301959,0.0960012450814247,0.42477685213089,3,807,0.113001973388893,1
1,158814871,280960,0.267599016427994,0.505622863769531,3,809,0.264623136731776,1
1,158815351,339339,0.108021512627602,0.383769482374191,3,811,0.140737496842279,1
1,158818114,633354,0.878508746623993,0.515505731105804,3,813,0.874620546437735,1
1,158835316,62709,0.749334037303925,0.51770555973053,3,815,0.740131813922609,1
1,158849348,347934,0.0735548362135887,0.593575477600098,3,817,0.0619591265048385,1
1,158853211,883039,0.830993473529816,0.551905453205109,3,819,0.811416443606549,1
1,158855219,340951,0.905262649059296,0.548525452613831,3,821,0.895080075400496,1
1,158866943,761312,0.373643308877945,0.308119058609009,3,823,0.547352258422673,1
1,158870403,80270,0.0531774684786797,0.458109647035599,3,825,0.0580401098544726,1
1,158880518,3504,0.940932095050812,0.378905951976776,3,827,0.952448501851543,1
1,158892685,840541,0.0409851484000683,0.402053624391556,3,829,0.0509697536766306,1
1,158896767,791577,0.247868895530701,0.479388058185577,3,831,0.258526355943088,1
1,158921410,498168,0.793299496173859,0.587596893310547,3,833,0.749395069443802,1
1,158947063,3508,0.778074383735657,0.451574116945267,3,835,0.797670366113816,1
1,158954096,149725,0.566797494888306,0.581985771656036,3,837,0.486951333256385,1
1,158977369,625627,0.869813084602356,0.607284009456635,3,839,0.834248008061098,1
1,158989174,3510,0.7756068110466,0.450176864862442,3,841,0.795940571964783,1
1,158994610,692747,0.177878066897392,0.559402704238892,3,843,0.1589892804857,1
1,159004770,62711,0.88035660982132,0.470577865839005,3,845,0.887005678022618,1
1,159012023,215198,0.761733412742615,0.493101984262466,3,847,0.764975813812657,1
1,159039970,107926,0.979770600795746,0.38125666975975,3,849,0.983652834531243,1
1,159057035,855585,0.194921731948853,0.496263056993485,3,851,0.196389524871898,1
1,159060184,91957,0.862256586551666,0.568754494190216,3,853,0.840295827327311,1
1,159081044,835028,0.264139086008072,0.478587985038757,3,855,0.275956662374925,1
1,159093851,841161,0.955852329730988,0.650742709636688,3,857,0.936797782770564,1
1,159094909,444273,0.125745996832848,0.544106245040894,3,859,0.115552796883812,1
1,159099423,194372,0.930190801620483,0.576589703559876,3,861,0.917563178120081,1
1,159100150,157110,0.213152706623077,0.571809828281403,3,863,0.186384262809645,1
1,159108430,923644,0.77104377746582,0.428748309612274,3,865,0.799601273495768,1
1,159111369,759667,0.841496407985687,0.572005093097687,3,867,0.814830048841574,1
1,159112336,664409,0.139967441558838,0.553629338741303,3,869,0.12640898139273,1
1,159118518,887514,0.7428178191185,0.487876206636429,3,871,0.748906236915535,1
1,159123588,681639,0.846254050731659,0.548094391822815,3,873,0.82989152326689,1
1,159145537,317648,0.842500507831574,0.422115981578827,3,875,0.863727420080998,1
1,159152918,179524,0.72954934835434,0.428343772888184,3,877,0.763449920757393,1
1,159153516,538827,0.766733467578888,0.571585416793823,3,879,0.727756078381614,1
1,159166407,270962,0.0867665037512779,0.497293889522553,3,881,0.0872386586476879,1
1,159193669,880132,0.763347864151001,0.438799738883972,3,883,0.789155358393471,1
1,159200001,362856,0.877716898918152,0.501190841197968,3,885,0.877424964112999,1
1,159206656,634926,0.893064439296722,0.629548072814941,3,887,0.855668775276936,1
1,159208367,127577,0.141397252678871,0.489812821149826,3,889,0.144338047692324,1
1,159211509,202043,0.881471753120422,0.525594413280487,3,891,0.875077096267781,1
1,159223369,433091,0.941538274288177,0.50657844543457,3,893,0.940758844875239,1
1,159267088,97165,0.0437377281486988,0.481351256370544,3,895,0.0454322364072417,1
1,159280994,610000,0.111008442938328,0.415969222784042,3,897,0.133433481202478,1
1,159284180,484219,0.730179309844971,0.32891908288002,3,899,0.798965606626847,1
1,159308687,150723,0.388002514839172,0.563879370689392,3,901,0.344047446145091,1
1,159317758,856863,0.717606842517853,0.465203523635864,3,903,0.735980723543633,1
1,159320678,401893,0.73671305179596,0.528997838497162,3,905,0.720503460786715,1
1,159328888,878404,0.184750139713287,0.475707590579987,3,907,0.194184561453012,1
1,159341253,319020,0.908258318901062,0.553484618663788,3,909,0.897269293585813,1
1,159359385,284383,0.225071206688881,0.638499617576599,3,911,0.176250071646973,1
1,159393599,647057,0.888044357299805,0.583510458469391,3,913,0.865596093615273,1
1,159445308,3511,0.123761124908924,0.370422542095184,3,915,0.167053986791552,1
1,159450721,931423,0.0832599177956581,0.426470011472702,3,917,0.0976152080519588,1
1,159486179,657762,0.325388044118881,0.351561725139618,3,919,0.462775127169572,1
1,159509456,3515,0.111251674592495,0.476333856582642,3,921,0.116779096273617,1
1,159539065,927760,0.314773112535477,0.576539576053619,3,923,0.272984826722634,1
1,159628603,148266,0.854379236698151,0.560502171516419,3,925,0.834332784072801,1
1,159662179,298561,0.789921581745148,0.549033164978027,3,927,0.76707996914605,1
1,159724040,565318,0.154866129159927,0.473807215690613,3,929,0.163427364581391,1
1,159787194,674457,0.620544731616974,0.610245585441589,3,931,0.513212353459875,1
1,159925282,553626,0.825439751148224,0.481873661279678,3,933,0.831546636595518,1
1,159935347,451669,0.911350667476654,0.476181715726852,3,935,0.915381597793635,1
1,160007898,809754,0.758381485939026,0.550351798534393,3,937,0.731324941061223,1
1,160047603,253031,0.197199746966362,0.571618676185608,3,939,0.172492393252674,1
1,160062520,472278,0.890216290950775,0.532877206802368,3,941,0.882489453899569,1
1,160197100,498182,0.212724536657333,0.468884110450745,3,943,0.226841272625808,1
1,160197578,3535,0.960583329200745,0.527999699115753,3,945,0.958245078736802,1
1,160202745,102204,0.0859510451555252,0.453261882066727,3,947,0.0948138907728314,1
1,160204248,924567,0.966216027736664,0.671241641044617,3,949,0.948618839121409,1
1,160206878,139100,0.254698872566223,0.364618629217148,3,951,0.349267497814186,1
1,160209682,270756,0.787549674510956,0.473543107509613,3,953,0.798226285457053,1
1,160211377,3539,0.293258368968964,0.532458484172821,3,955,0.275381440700061,1
1,160214751,677728,0.32670184969902,0.631138980388641,3,957,0.258819261565689,1
1,160219732,930763,0.558579683303833,0.660961031913757,3,959,0.422551146235136,1
1,160246465,471142,0.889602303504944,0.416707962751389,3,961,0.905366703602022,1
1,160247126,469972,0.263242334127426,0.618161022663117,3,963,0.212923756494177,1
1,160254009,434728,0.806926548480988,0.501166701316834,3,965,0.806474976681897,1
1,160255978,337910,0.738337576389313,0.585049033164978,3,967,0.684706815354017,1
1,160270370,282159,0.851227521896362,0.556351184844971,3,969,0.832330806460454,1
1,160274703,813246,0.710163056850433,0.468915849924088,3,971,0.727127101130642,1
1,160382387,498189,0.372942090034485,0.367648333311081,3,973,0.504185769566421,1
1,160512246,93551,0.16076996922493,0.494445234537125,3,975,0.162576113586609,1
1,160515544,891827,0.217271909117699,0.453057736158371,3,977,0.239783908073197,1
1,160518972,354870,0.0776760503649712,0.540164113044739,3,979,0.0719004173816131,1
1,160521367,841719,0.201374515891075,0.470171749591827,3,981,0.214149952720357,1
1,160527339,273132,0.955851852893829,0.637986063957214,3,983,0.939024243667579,1
1,160560694,593748,0.0811890810728073,0.419477939605713,3,985,0.0967739580645418,1
1,160570900,3554,0.755956411361694,0.525068163871765,3,987,0.743075142500647,1
1,160579756,538832,0.822944760322571,0.586052298545837,3,989,0.786138153376079,1
1,160582605,796412,0.0928792878985405,0.520802617073059,3,991,0.0891693751660922,1
1,160591069,360856,0.124104596674442,0.485303848981857,3,993,0.127862778066574,1
1,160597551,889003,0.850292384624481,0.665366590023041,3,995,0.776311015409629,1
1,160599145,600461,0.254691004753113,0.463808983564377,3,997,0.274564544649189,1
1,160605120,343661,0.706858336925507,0.50385457277298,3,999,0.704580908149375,1
1,160608827,897111,0.235969603061676,0.524255156517029,3,1001,0.225052248059301,1
1,160617259,202557,0.857479214668274,0.541597962379456,3,1003,0.844546082221277,1
1,160618918,316566,0.824159801006317,0.4860620200634,3,1005,0.828928581017329,1
1,160619565,423145,0.817076683044434,0.633757531642914,3,1007,0.750270199717505,1
1,160623016,840162,0.0965281575918198,0.502380847930908,3,1009,0.0960706981460161,1
1,160626632,127817,0.0929611027240753,0.464464008808136,3,1011,0.100073526647009,1
1,160641477,915710,0.93066132068634,0.450200945138931,3,1013,0.93694179837106,1
1,160655370,490370,0.912563443183899,0.527880251407623,3,1015,0.907400021841076,1
1,160656828,748604,0.956343412399292,0.54743504524231,3,1017,0.951767600272891,1
1,160729196,803014,0.850727379322052,0.512066900730133,3,1019,0.847035770988567,1
1,160747192,425969,0.874776065349579,0.473308116197586,3,1021,0.881122209681326,1
1,160750539,803685,0.762501180171967,0.447644740343094,3,1023,0.785012620341884,1
1,160788440,378361,0.827577888965607,0.566862463951111,3,1025,0.800961476801064,1
1,160820763,482554,0.922512710094452,0.459475517272949,3,1027,0.928322127506038,1
1,160851528,771794,0.257760107517242,0.318351626396179,3,1029,0.404835543696057,1
1,160859326,731269,0.831300377845764,0.418681621551514,3,1031,0.854899115176362,1
1,160861893,551517,0.0880003198981285,0.454253524541855,3,1033,0.0968625614813696,1
1,160870505,178196,0.871555089950562,0.416188836097717,3,1035,0.889994472535526,1
1,160878139,834213,0.181536555290222,0.386234164237976,3,1037,0.235008412122716,1
1,160896903,498203,0.722608089447022,0.626612544059753,3,1039,0.628546826975664,1
1,160902499,96395,0.645839154720306,0.671926140785217,3,1041,0.480587906555901,1
1,160906176,232591,0.139779835939407,0.567441403865814,3,1043,0.123166757824797,1
1,160910791,703240,0.182871535420418,0.377865105867386,3,1045,0.241979918998657,1
1,160925397,765976,0.847340226173401,0.486577659845352,3,1047,0.851331192775312,1
1,160935630,668478,0.701049327850342,0.458949387073517,3,1049,0.723731324752904,1
1,160940329,311613,0.139790505170822,0.433776080608368,3,1051,0.161132104120134,1
1,160943322,426202,0.073253259062767,0.407020062208176,3,1053,0.0899872830166547,1
1,160951927,498205,0.711257994174957,0.677965044975281,3,1055,0.551691514663557,1
1,161060489,895875,0.45944556593895,0.367246210575104,3,1057,0.572855632715882,1
1,161080275,895701,0.676432371139526,0.526553511619568,3,1059,0.658284899348039,1
1,161083207,762726,0.684977650642395,0.567482948303223,3,1061,0.635826670738457,1
1,161094246,185356,0.854622602462769,0.561108767986298,3,1063,0.834381064221519,1
1,161099030,414161,0.124466203153133,0.360956400632858,3,1065,0.172411685919559,1
1,161104082,655480,0.258336991071701,0.566920161247253,3,1067,0.227842480062225,1
1,161104430,62722,0.944962739944458,0.587011098861694,3,1069,0.933367143882263,1
1,161128782,483124,0.815691411495209,0.496928602457047,3,1071,0.816816669159715,1
1,161131100,600394,0.849265575408936,0.455805420875549,3,1073,0.861506866869586,1
1,161133734,577465,0.237831383943558,0.537879288196564,3,1075,0.221082489289534,1
1,161138911,784172,0.929899156093597,0.628246605396271,3,1077,0.905715933029843,1
1,161141081,3581,0.10188602656126,0.594194293022156,3,1079,0.0857346054630158,1
1,161144568,185328,0.730750918388367,0.403273373842239,3,1081,0.774394949203716,1
1,161147931,391780,0.0586839392781258,0.355925709009171,3,1083,0.0824384665011846,1
1,161160940,185798,0.134181126952171,0.427470862865448,3,1085,0.156947687677144,1
1,161163321,146378,0.918622970581055,0.591686487197876,3,1087,0.900349820827039,1
1,161169599,716255,0.711102843284607,0.506386995315552,3,1089,0.707364722997851,1
1,161182340,171007,0.123819082975388,0.385022342205048,3,1091,0.160794672675705,1
1,161184857,811626,0.0899460986256599,0.533452570438385,3,1093,0.0843056192903366,1
1,161187435,826886,0.20649616420269,0.532616496086121,3,1095,0.193850702822863,1
1,161198787,306211,0.313535004854202,0.457249790430069,3,1097,0.342848713565626,1
1,161203260,343120,0.150648534297943,0.457143425941467,3,1099,0.164771629371776,1
1,161204114,77479,0.169209882616997,0.493473768234253,3,1101,0.17144769743533,1
1,161207439,762829,0.18999394774437,0.531800150871277,3,1103,0.178632844907144,1
1,161212067,823533,0.257276058197022,0.527072429656982,3,1105,0.244061388644874,1
1,161226460,498211,0.925862193107605,0.531285345554352,3,1107,0.920913709237363,1
1,161228342,387042,0.912477374076843,0.467790186405182,3,1109,0.917774321623286,1
1,161236777,826568,0.0584736168384552,0.43716835975647,3,1111,0.0668776862889033,1
1,161300161,498214,0.649927079677582,0.467876642942429,3,1113,0.671060370044475,1
1,161305308,784560,0.594057679176331,0.641697347164154,3,1115,0.462879955637687,1
1,161317925,435076,0.91406124830246,0.47138899564743,3,1117,0.918712672466216,1
1,161320204,298929,0.878547787666321,0.522163987159729,3,1119,0.872914337691121,1
1,161351314,538835,0.0827800109982491,0.377963691949844,3,1121,0.109507887611112,1
1,161354012,550433,0.13279390335083,0.531970918178558,3,1123,0.124813123060852,1
1,161357177,878744,0.22039107978344,0.452927440404892,3,1125,0.243296232600107,1
1,161374465,907588,0.852603018283844,0.379570573568344,3,1127,0.88121374048625,1
1,161390006,538837,0.0530207008123398,0.403700798749924,3,1129,0.0656683129888776,1
1,161411627,475885,0.276835739612579,0.442719787359238,3,1131,0.312653452044538,1
1,161412320,353612,0.095301441848278,0.469052851200104,3,1133,0.101589236270969,1
1,161418521,807529,0.883973121643066,0.491965711116791,3,1135,0.885808024285142,1
1,161420993,498215,0.189102157950401,0.424892514944077,3,1137,0.222529406025534,1
1,161427644,258537,0.279411762952805,0.310385823249817,3,1139,0.450103938426204,1
1,161430747,481634,0.119542606174946,0.502475559711456,3,1141,0.118953652435944,1
1,161433347,498216,0.882328748703003,0.432413071393967,3,1143,0.896340767055725,1
1,161449629,186519,0.930164456367493,0.521971821784973,3,1145,0.926954574212261,1
1,161494775,633665,0.291740834712982,0.484034210443497,3,1147,0.301363858605856,1
1,161496129,498220,0.962372362613678,0.576247811317444,3,1149,0.955601837121708,1
1,161499273,568159,0.959633767604828,0.663318812847138,3,1151,0.940052735443093,1
1,161527468,352571,0.119399361312389,0.531907260417938,3,1153,0.112237010281241,1
1,161548166,824147,0.928405404090881,0.394020557403564,3,1155,0.940926547274972,1
1,161553389,707906,0.111268572509289,0.501898467540741,3,1157,0.110847691022544,1
1,161556612,486138,0.0499125979840756,0.492087125778198,3,1159,0.0507152040455667,1
1,161558664,800617,0.91292816400528,0.617335259914398,3,1161,0.886229606658765,1
1,161558986,413742,0.818115174770355,0.578558683395386,3,1163,0.784210970705223,1
1,161561152,418273,0.890522718429565,0.490120202302933,3,1165,0.892644028980064,1
1,161569413,241844,0.131613478064537,0.594054460525513,3,1167,0.110775599553709,1
1,161579886,218851,0.315052956342697,0.45156517624855,3,1169,0.348845496634672,1
1,161588657,826507,0.136386603116989,0.514816403388977,3,1171,0.132461400043949,1
1,161625457,110549,0.0683424696326256,0.610153555870056,3,1173,0.0560043197119222,1
1,161628147,224534,0.80713415145874,0.46412593126297,3,1175,0.820045548205184,1
1,161635915,905494,0.109111055731773,0.472055464982987,3,1177,0.115570164764119,1
1,161645271,498224,0.787649810314179,0.468652456998825,3,1179,0.800177687388542,1
1,161651733,909461,0.876215636730194,0.468522369861603,3,1181,0.883546967689334,1
1,161662021,436462,0.190918326377869,0.473205655813217,3,1183,0.201728702977747,1
1,161681183,383295,0.91314560174942,0.561756551265717,3,1185,0.900906221757075,1
1,161683599,412239,0.680105030536652,0.449724495410919,3,1187,0.709331992069836,1
1,161690650,304635,0.868632078170776,0.460840672254562,3,1189,0.87817337559701,1
1,161702464,181745,0.123456217348576,0.418411761522293,3,1191,0.147529573379354,1
1,161704313,173906,0.915853679180145,0.560710191726685,3,1193,0.904224592472788,1
1,161720735,353234,0.21381251513958,0.461187154054642,3,1195,0.23180666813873,1
1,161732700,498228,0.747207581996918,0.529845297336578,3,1197,0.731160385537977,1
1,161746376,809558,0.40731680393219,0.624098896980286,3,1199,0.326323925505236,1
1,161747175,3597,0.852638423442841,0.540035247802734,3,1201,0.839812098804084,1
1,161761297,673715,0.966588199138641,0.441191971302032,3,1203,0.970104401560578,1
1,161778049,570547,0.199984192848206,0.579596996307373,3,1205,0.17252003902911,1
1,161799919,829747,0.94419139623642,0.419654667377472,3,1207,0.951917762902145,1
1,161835978,624375,0.279561132192612,0.318565994501114,3,1209,0.438780561984362,1
1,161848287,126220,0.813471436500549,0.565850019454956,3,1211,0.785179578650127,1
1,161863262,319566,0.926959931850433,0.438381791114807,3,1213,0.934973557664244,1
1,161871532,316796,0.0968691632151604,0.448997139930725,3,1215,0.107872806528463,1
1,161882823,3601,0.0772891342639923,0.512095510959625,3,1217,0.0754635928356009,1
1,161899290,794638,0.215201169252396,0.551874458789825,3,1219,0.19497293797968,1
1,161933911,377322,0.900032937526703,0.449862360954285,3,1221,0.909143589369105,1
1,161958756,703468,0.310379266738892,0.512562692165375,3,1223,0.302772003779344,1
1,161966263,342423,0.159921556711197,0.480081558227539,3,1225,0.166556654770939,1
1,161974518,125445,0.8417147397995,0.506913304328919,3,1227,0.839495506986781,1
1,161981447,498236,0.18981571495533,0.49455738067627,3,1229,0.191904642789651,1
1,161983959,266973,0.234120443463326,0.482430160045624,3,1231,0.242646980695801,1
1,161995141,195137,0.883037626743317,0.468205988407135,3,1233,0.89003037763969,1
1,162031552,377827,0.92360532283783,0.630841195583344,3,1235,0.896528707634525,1
1,162033296,832371,0.194904640316963,0.544406652450562,3,1237,0.179006482966024,1
1,162047690,407379,0.797736823558807,0.483282566070557,3,1239,0.80428067338172,1
1,162052120,3604,0.869630217552185,0.546113193035126,3,1241,0.856385137828093,1
1,162068168,333718,0.964176177978516,0.458288550376892,3,1243,0.966934590318879,1
1,162069600,768334,0.89983206987381,0.638566195964813,3,1245,0.861429770807439,1
1,162072982,3605,0.938064336776733,0.373249262571335,3,1247,0.950589876066707,1
1,162074256,185468,0.0336788855493069,0.450248152017593,3,1249,0.0374003595554912,1
1,162082051,498239,0.678598880767822,0.66631430387497,3,1251,0.518407407083236,1
1,162214324,498246,0.726409614086151,0.638804197311401,3,1253,0.621271366005155,1
1,162219735,498248,0.843766212463379,0.462245464324951,3,1255,0.854735035065303,1
1,162224762,189525,0.981768548488617,0.58411717414856,3,1257,0.978081023814752,1
1,162235205,411902,0.146347686648369,0.498367458581924,3,1259,0.146827089257385,1
1,162244749,805510,0.064865343272686,0.43239551782608,3,1261,0.0750069561298926,1
1,162258141,62728,0.160021379590034,0.546261668205261,3,1263,0.146469529992635,1
1,162294881,634671,0.0859395265579224,0.683374583721161,3,1265,0.062878784641037,1
1,162336141,812274,0.130478411912918,0.519663512706757,3,1267,0.125541248060018,1
1,162340345,176357,0.721372842788696,0.46267557144165,3,1269,0.740727256753555,1
1,162341800,811521,0.659905970096588,0.414946049451828,3,1271,0.709348146795046,1
1,162344746,3615,0.229720935225487,0.51794821023941,3,1273,0.221760526133784,1
1,162349924,81321,0.329018354415894,0.515190243721008,3,1275,0.319317338037623,1
1,162363043,929134,0.11139652132988,0.483507215976715,3,1277,0.115196337974865,1
1,162366346,642622,0.103281617164612,0.44760724902153,3,1279,0.115370804863399,1
1,162494061,363549,0.153684020042419,0.567668318748474,3,1281,0.135364274318887,1
1,162537941,841876,0.888081550598145,0.616482973098755,3,1283,0.854089334303957,1
1,162545626,778822,0.954914033412933,0.510912179946899,3,1285,0.953908107359767,1
1,162551530,202311,0.771974265575409,0.517180323600769,3,1287,0.763860354527015,1
1,162552595,193632,0.14685446023941,0.527456998825073,3,1289,0.139209888736459,1
1,162560339,498254,0.75059986114502,0.694519221782684,3,1291,0.591790782532379,1
1,162569203,3624,0.70259565114975,0.694867491722107,3,1293,0.512663612066867,1
1,162595011,3627,0.0536562688648701,0.494786143302918,3,1295,0.054221676972086,1
1,162605803,596940,0.710293889045715,0.394895941019058,3,1297,0.760614635900658,1
1,162615188,148766,0.0768867880105972,0.498151957988739,3,1299,0.0771720222891659,1
1,162733870,273660,0.0699172541499138,0.501933395862579,3,1301,0.0696479400715707,1
1,162738762,877127,0.935551106929779,0.516619682312012,3,1303,0.933335211724713,1
1,162747864,912586,0.872011303901672,0.535154700279236,3,1305,0.862331945514764,1
1,162773663,836988,0.257785558700562,0.407305240631104,3,1307,0.316452543430491,1
1,162779010,753393,0.149320766329765,0.531112968921661,3,1309,0.14057345147581,1
1,162783651,432736,0.185720458626747,0.468316525220871,3,1311,0.198285186006576,1
1,162821910,135517,0.814556002616882,0.4330675303936,3,1313,0.836449659064452,1
1,162829729,300804,0.449051320552826,0.615546762943268,3,1315,0.364758087919807,1
1,162845276,91788,0.88977712392807,0.506527006626129,3,1317,0.888319241830908,1
1,162850197,145296,0.850001454353333,0.520402908325195,3,1319,0.843620250987286,1
1,162894175,880022,0.68420684337616,0.453276216983795,3,1321,0.711194970445908,1
1,162914278,466750,0.856990039348602,0.563071727752686,3,1323,0.836346181129646,1
1,162923600,450003,0.925468862056732,0.494840055704117,3,1325,0.926230158601398,1
1,162927328,498261,0.91443532705307,0.610439598560333,3,1327,0.890177912551282,1
1,162934221,498262,0.0355713106691837,0.375872731208801,3,1329,0.0473182911603974,1
1,162942492,498263,0.121580943465233,0.3763487637043,3,1331,0.161526960084237,1
1,162943886,557406,0.149130463600159,0.433009028434753,3,1333,0.17220248748535,1
1,162955952,440065,0.0433841645717621,0.593416333198547,3,1335,0.0365545757208257,1
1,162956807,275807,0.788964509963989,0.512130737304688,3,1337,0.783717169564945,1
1,162999462,646294,0.791553378105164,0.475898414850235,3,1339,0.801139103752881,1
1,163004173,415185,0.600077390670776,0.651216804981232,3,1341,0.46073549245099,1
1,163007029,690855,0.865011870861054,0.5397869348526,3,1343,0.853341702613645,1
1,163014192,764583,0.328815937042236,0.428287357091904,3,1345,0.383873037106344,1
1,163017697,670287,0.195815980434418,0.458491325378418,3,1347,0.21354382252794,1
1,163041871,584736,0.713593184947968,0.481589466333389,3,1349,0.723764471926972,1
1,163052869,579443,0.806433498859406,0.471254616975784,3,1351,0.81695679304709,1
1,163065715,498269,0.29596683382988,0.686264991760254,3,1353,0.215635969620665,1
1,163076863,682485,0.0779355019330978,0.484493583440781,3,1355,0.0804298597513045,1
1,163077406,660793,0.246724277734756,0.552570581436157,3,1357,0.223251369167635,1
1,163081407,456140,0.0386844016611576,0.441216945648193,3,1359,0.0438383000049173,1
1,163095629,325753,0.102412052452564,0.401123911142349,3,1361,0.127656379497432,1
1,163102541,147373,0.729006171226502,0.471014082431793,3,1363,0.743855346831084,1
1,163121947,498272,0.284774243831635,0.408710032701492,3,1365,0.348381763409786,1
1,163128799,875215,0.861193060874939,0.377180606126785,3,1367,0.888565657644472,1
1,163131823,538841,0.110683150589466,0.314730733633041,3,1369,0.175837849249442,1
1,163155120,314990,0.366005748510361,0.304792821407318,3,1371,0.544024953271453,1
1,163169390,164001,0.872463166713715,0.648662924766541,3,1373,0.818497900909634,1
1,163169852,417813,0.264514029026032,0.510798454284668,3,1375,0.258922111849831,1
1,163180318,552343,0.40019479393959,0.678132176399231,3,1377,0.295071379789526,1
1,163207232,478226,0.85041606426239,0.61448085308075,3,1379,0.805996748886585,1
1,163215369,584940,0.242718741297722,0.391886055469513,3,1381,0.30968024749812,1
1,163217334,743690,0.590030550956726,0.643277764320374,3,1383,0.458612580507968,1
1,163283336,498275,0.696170032024384,0.489539742469788,3,1385,0.702396059738663,1
1,163284059,158963,0.0470098704099655,0.570765733718872,3,1387,0.0411814056387625,1
1,163298725,371331,0.153250426054001,0.649405062198639,3,1389,0.117992940750379,1
1,163332617,553974,0.766048192977905,0.565334022045136,3,1391,0.730883231161943,1
1,163354456,3651,0.888954222202301,0.541010558605194,3,1393,0.879032317758502,1
1,163357909,647272,0.841790020465851,0.484528064727783,3,1395,0.846538706854526,1
1,163381145,244460,0.215168029069901,0.447043001651764,3,1397,0.240656970666003,1
1,163383467,538842,0.122204035520554,0.475224494934082,3,1399,0.128575059601573,1
1,163392475,730257,0.334697157144547,0.579029023647308,3,1401,0.289015872672743,1
1,163393165,810876,0.375203162431717,0.421381533145905,3,1403,0.445205986639431,1
1,163446713,424375,0.0828873440623283,0.477047204971314,3,1405,0.0868754110689241,1
1,163463024,498283,0.168496116995811,0.607413470745087,3,1407,0.138699687372034,1
1,163484526,498286,0.203447341918945,0.478379130363464,3,1409,0.21264236774331,1
1,163491895,805550,0.27747106552124,0.512979745864868,3,1411,0.270450312861215,1
1,163508204,610302,0.739197075366974,0.644627213478088,3,1413,0.63305726475915,1
1,163522217,579743,0.161222979426384,0.566863656044006,3,1415,0.142206135203231,1
1,163523264,705781,0.18599346280098,0.427718549966812,3,1417,0.21742506002535,1
1,163531357,207655,0.880236685276032,0.517555713653565,3,1419,0.875878605972371,1
1,163531739,140492,0.890034198760986,0.589107155799866,3,1421,0.866186765246449,1
1,163543258,787987,0.112459450960159,0.496916264295578,3,1423,0.113157345654182,1
1,163550306,436589,0.0947614833712578,0.550523519515991,3,1425,0.0860648818914859,1
1,163550926,189670,0.842861175537109,0.49887090921402,3,1427,0.843215224028971,1
1,163552903,340374,0.126510173082352,0.503480732440949,3,1429,0.12563556550517,1
1,163559223,381374,0.924498856067657,0.506974458694458,3,1431,0.923430798602833,1
1,163561362,759755,0.362454771995544,0.661008775234222,3,1433,0.274167897292371,1
1,163562313,3668,0.8444983959198,0.494986265897751,3,1435,0.846042202835699,1
1,163562877,299542,0.862115621566773,0.509336113929749,3,1437,0.859492024634675,1
1,163565667,391262,0.926964581012726,0.35459777712822,3,1439,0.943418680321323,1
1,163566470,426010,0.0669988095760346,0.44458669424057,3,1441,0.0753495442440984,1
1,163575776,149779,0.19038949906826,0.575109839439392,3,1443,0.165524466816503,1
1,163576810,62735,0.908027589321136,0.325436353683472,3,1445,0.931828218744754,1
1,163584942,292722,0.816035807132721,0.483295261859894,3,1447,0.821983253405549,1
1,163615711,92982,0.867097496986389,0.392249256372452,3,1449,0.890660353436722,1
1,163619952,3673,0.727049827575684,0.699813663959503,3,1451,0.545365428645803,1
1,163634747,159862,0.199491545557976,0.508741855621338,3,1453,0.19606362574034,1
1,163642459,773418,0.260305166244507,0.584391951560974,3,1455,0.222714537348781,1
1,163644688,925596,0.66201776266098,0.396229773759842,3,1457,0.720106902717175,1
1,163647247,498289,0.0615892000496388,0.34190359711647,3,1459,0.0900680785008797,1
1,163660711,331458,0.76157146692276,0.57217139005661,3,1461,0.721350410496403,1
1,163666201,3678,0.861048698425293,0.480607062578201,3,1463,0.866236820369137,1
1,163671199,383535,0.233142346143723,0.540958940982819,3,1465,0.215489872225929,1
1,163688252,607267,0.666491329669952,0.421370029449463,3,1467,0.711811790518964,1
1,163702955,461162,0.148240253329277,0.495883524417877,3,1469,0.149470839450956,1
1,163705536,112103,0.179574534296989,0.571007490158081,3,1471,0.157243589087838,1
1,163706682,3679,0.0858631506562233,0.435839086771011,3,1473,0.0985032702004256,1
1,163709987,338169,0.836943089962006,0.521982610225678,3,1475,0.829444583475326,1
1,163712154,387079,0.80012184381485,0.394201874732971,3,1477,0.83502907334267,1
1,163713029,394255,0.715274512767792,0.680670976638794,3,1479,0.554181633358544,1
1,163726975,728993,0.0284725856035948,0.51615834236145,3,1481,0.0275812510104276,1
1,163728190,460299,0.947445809841156,0.50960248708725,3,1483,0.946416744809028,1
1,163728577,450387,0.831712067127228,0.526306807994843,3,1485,0.822366105621653,1
1,163731905,3682,0.897461473941803,0.560539543628693,3,1487,0.883335889985559,1
1,163733164,3683,0.948218584060669,0.482942938804627,3,1489,0.949926787751802,1
1,163741907,584199,0.958742678165436,0.690796971321106,3,1491,0.933284415080213,1
1,163746971,498292,0.0643694624304771,0.463990867137909,3,1493,0.069365010164462,1
1,163750224,763400,0.795575857162476,0.382318645715714,3,1495,0.834522977406051,1
1,163767344,562095,0.0833266004920006,0.355791062116623,3,1497,0.117100469017245,1
1,163771298,325692,0.294881075620651,0.515070140361786,3,1499,0.28625332019201,1
1,163782726,162654,0.194662004709244,0.442445188760757,3,1501,0.219984316310989,1
1,163798291,3687,0.186016947031021,0.482182919979096,3,1503,0.19289043568682,1
1,163800604,324017,0.945728480815887,0.463070690631867,3,1505,0.949461206310399,1
1,163800865,318116,0.165724501013756,0.646172881126404,3,1507,0.128235419540407,1
1,163809247,3688,0.941770970821381,0.522664725780487,3,1509,0.939006153197216,1
1,163825567,3690,0.8078293800354,0.427335619926453,3,1511,0.832213573384886,1
1,163830564,817048,0.696209371089935,0.501389563083649,3,1513,0.695362745725046,1
1,163839922,275804,0.153476625680923,0.524985134601593,3,1515,0.146172353810928,1
1,163847261,915951,0.857498705387116,0.536874175071716,3,1517,0.846152722497227,1
1,163869076,730381,0.655341446399689,0.38762703537941,3,1519,0.718587712462247,1
1,163875065,3692,0.87240207195282,0.403014749288559,3,1521,0.89313142335165,1
1,163886336,589358,0.677286744117737,0.563710689544678,3,1523,0.630161399616379,1
1,163922728,920951,0.246236398816109,0.30358162522316,3,1525,0.405552211262956,1
1,164068349,341097,0.968383193016052,0.429038614034653,3,1527,0.972312657422102,1
1,164079630,576545,0.868014395236969,0.56222528219223,3,1529,0.849253966259209,1
1,164101988,670619,0.881567597389221,0.537530481815338,3,1531,0.871956531237277,1
1,164106356,689112,0.411935448646545,0.623221874237061,3,1533,0.330488599385918,1
1,164124978,256036,0.0438157096505165,0.549218058586121,3,1535,0.0398891742228155,1
1,164134793,403362,0.293470591306686,0.537001490592957,3,1537,0.273249326535981,1
1,164143329,325431,0.865925848484039,0.517494201660156,3,1539,0.861064725048622,1
1,164149927,498299,0.824910163879395,0.54178512096405,3,1541,0.808943528319092,1
1,164170586,463426,0.0739533007144928,0.523823082447052,3,1543,0.0705899598477201,1
1,164184353,655578,0.0507912747561932,0.476337879896164,3,1545,0.0533143351598083,1
1,164201318,471307,0.793452560901642,0.480232536792755,3,1547,0.80130784079495,1
1,164226591,225605,0.873827636241913,0.498597115278244,3,1549,0.874180656311836,1
1,164269698,899226,0.661227941513062,0.434969753026962,3,1551,0.700217766834787,1
1,164289254,570613,0.836704611778259,0.565718591213226,3,1553,0.81199357730057,1
1,164305591,103892,0.916560351848602,0.505368053913117,3,1555,0.915654812824462,1
1,164318211,409409,0.0677176341414452,0.427308261394501,3,1557,0.0792374501729171,1
1,164350920,261861,0.106342315673828,0.476806491613388,3,1559,0.111515171819488,1
1,164365841,164954,0.81654280424118,0.423455595970154,3,1561,0.840899335353429,1
1,164377317,202122,0.0825302600860596,0.53642863035202,3,1563,0.0769256667302608,1
1,164382610,3703,0.970929205417633,0.626639902591705,3,1565,0.961068691078447,1
1,164388390,3704,0.306869596242905,0.435556143522263,3,1567,0.35227329565519,1
1,164408441,595945,0.177547425031662,0.494051694869995,3,1569,0.179685068258274,1
1,164413806,605773,0.250524759292603,0.562335133552551,3,1571,0.222753963201546,1
1,164433319,171025,0.852012574672699,0.470007807016373,3,1573,0.860387164861622,1
1,164441140,498301,0.102352641522884,0.307134419679642,3,1575,0.166625156551395,1
1,164441564,490196,0.803793907165527,0.590077221393585,3,1577,0.760679202188397,1
1,164451448,277166,0.782537460327148,0.445206731557846,3,1579,0.804014799707753,1
1,164463436,96593,0.143519371747971,0.468292415142059,3,1581,0.153236916835855,1
1,164470705,474739,0.117185413837433,0.554415702819824,3,1583,0.105683707407108,1
1,164488435,644766,0.812523603439331,0.506657719612122,3,1585,0.809993584562355,1
1,164497421,570049,0.857052803039551,0.401081025600433,3,1587,0.88066232406165,1
1,164501316,857932,0.430574327707291,0.690489530563355,3,1589,0.311789179016223,1
1,164509898,647954,0.145396843552589,0.456831842660904,3,1591,0.159136064931133,1
1,164526214,810566,0.59035187959671,0.359022915363312,3,1593,0.680450260842412,1
1,164538236,62739,0.866299211978912,0.416427612304688,3,1595,0.885446269528697,1
1,164542547,928001,0.0572234727442265,0.417846441268921,3,1597,0.0684742851589804,1
1,164558766,618704,0.191135078668594,0.352571845054626,3,1599,0.271058340802823,1
1,164565669,704099,0.0925238206982613,0.483315616846085,3,1601,0.0957178057912064,1
1,164574834,348530,0.880648732185364,0.495956063270569,3,1603,0.88160628556603,1
1,164575447,214264,0.156191065907478,0.670067548751831,3,1605,0.116548746613997,1
1,164576468,538845,0.0759839937090874,0.428328424692154,3,1607,0.0886982853912838,1
1,164588648,584846,0.66821300983429,0.461538225412369,3,1609,0.691912215663032,1
1,164593374,464091,0.896218359470367,0.419796705245972,3,1611,0.910564416414052,1
1,164633949,215098,0.0942301452159882,0.436218768358231,3,1613,0.108007898846989,1
1,164653002,698561,0.682074725627899,0.644632816314697,3,1615,0.55268059493411,1
1,164655015,3711,0.10578291118145,0.455199748277664,3,1617,0.116193947362339,1
1,164670591,318257,0.60578453540802,0.515083312988281,3,1619,0.593522480097233,1
1,164687375,616921,0.87517261505127,0.431226849555969,3,1621,0.890266106222419,1
1,164697369,614454,0.0850449502468109,0.425245225429535,3,1623,0.099995185320315,1
1,164706689,913790,0.888840615749359,0.461252003908157,3,1625,0.896835454556669,1
1,164711021,701329,0.230704069137573,0.476178228855133,3,1627,0.242245503004464,1
1,164711369,214336,0.0946457237005234,0.443354040384293,3,1629,0.106738311912626,1
1,164718067,115109,0.856278359889984,0.435742944478989,3,1631,0.872645243241744,1
1,164723011,85696,0.716929793357849,0.516187369823456,3,1633,0.707458849783585,1
1,164723328,234749,0.763864457607269,0.417147278785706,3,1635,0.797431208778802,1
1,164725450,724239,0.165850028395653,0.615271925926209,3,1637,0.134777828637304,1
1,164752515,3713,0.196401059627533,0.423055678606033,3,1639,0.232121999017569,1
1,164761328,584696,0.290853470563889,0.512543797492981,3,1641,0.283735235882814,1
1,164884225,3718,0.250367850065231,0.579420328140259,3,1643,0.216050281553658,1
1,164884940,498315,0.387797266244888,0.309727638959885,3,1645,0.556549871971816,1
1,164896738,318841,0.221202164888382,0.322409570217133,3,1647,0.343045283580462,1
1,164904985,3721,0.932829201221466,0.40468293428421,3,1649,0.943584013757635,1
1,164923566,717748,0.145146578550339,0.355696201324463,3,1651,0.204031668049692,1
1,164929329,329940,0.872199833393097,0.448181569576263,3,1653,0.884200889676006,1
1,164931534,893465,0.0806389525532723,0.574964702129364,3,1655,0.0701251331208928,1
1,164935861,767195,0.0960279777646065,0.399257123470306,3,1657,0.120258314904866,1
1,164982274,498319,0.738705098628998,0.504348576068878,3,1659,0.736412639250974,1
1,164984829,550717,0.246352225542069,0.451291173696518,3,1661,0.272941550711265,1
1,164987831,77999,0.872425138950348,0.385771721601486,3,1663,0.896150286842638,1
1,164993809,89015,0.81015807390213,0.531727015972138,3,1665,0.797295666659072,1
1,165006176,743786,0.256355136632919,0.489540874958038,3,1667,0.261832208245014,1
1,165010939,100676,0.20931550860405,0.361942201852798,3,1669,0.289155986138884,1
1,165044275,498322,0.169628411531448,0.643796324729919,3,1671,0.131740742386662,1
1,165051781,221004,0.804514586925507,0.456739127635956,3,1673,0.82008145347941,1
1,165053315,93855,0.0844727233052254,0.383936673402786,3,1675,0.110008666997806,1
1,165059120,309862,0.820797741413117,0.671488046646118,3,1677,0.727251540229585,1
1,165063350,834660,0.623401701450348,0.515754401683807,3,1679,0.611149487099985,1
1,165091470,306006,0.860704362392426,0.556982934474945,3,1681,0.842787503634331,1
1,165095088,892446,0.269939303398132,0.443723648786545,3,1683,0.304175024405774,1
1,165097600,377022,0.872691929340363,0.457906454801559,3,1685,0.882577396662199,1
1,165098496,173004,0.0548039525747299,0.379037022590637,3,1687,0.0722936669881963,1
1,165119058,199344,0.179060533642769,0.381903827190399,3,1689,0.234431446995552,1
1,165135533,191530,0.821004331111908,0.471296221017838,3,1691,0.830722158603929,1
1,165145088,478212,0.262073487043381,0.496071696281433,3,1693,0.264148800473692,1
1,165177773,498323,0.805788934230804,0.509669184684753,3,1695,0.801959147066525,1
1,165206719,810114,0.17913530766964,0.461105793714523,3,1697,0.194245344681729,1
1,165254902,217953,0.829531311988831,0.53912740945816,3,1699,0.815058769484694,1
1,165279248,319870,0.251298606395721,0.587394833564758,3,1701,0.213909445602926,1
1,165282613,269885,0.117317207157612,0.535650193691254,3,1703,0.109509161519349,1
1,165289544,249862,0.856854557991028,0.450185090303421,3,1705,0.869823972136397,1
1,165312764,583040,0.782993912696838,0.526455938816071,3,1707,0.770870226140505,1
1,165314744,3734,0.831931114196777,0.433972746133804,3,1709,0.851536401599707,1
1,165323807,405656,0.0366393253207207,0.512433350086212,3,1711,0.03575033252086,1
1,165326384,258421,0.132124558091164,0.564774334430695,3,1713,0.116971106897367,1
1,165341783,778769,0.434138238430023,0.419156610965729,3,1715,0.512896443126609,1
1,165344354,697593,0.672908306121826,0.427013337612152,3,1717,0.714573029924413,1
1,165369116,402598,0.199476704001427,0.436828762292862,3,1719,0.228323683351798,1
1,165372042,722664,0.546874225139618,0.57038027048111,3,1721,0.47939440881987,1
1,165377917,716732,0.120661966502666,0.47224885225296,3,1723,0.127752524889181,1
1,165387547,666220,0.662049829959869,0.459695518016815,3,1725,0.687259516338189,1
1,165388747,558440,0.165721237659454,0.468382805585861,3,1727,0.176907900635002,1
1,165390826,245635,0.189076781272888,0.481660306453705,3,1729,0.196276067115634,1
1,165391421,234761,0.859244763851166,0.442409604787827,3,1731,0.873782585427001,1
1,165392874,386973,0.88621324300766,0.537312805652618,3,1733,0.87703705831665,1
1,165406216,145133,0.192473322153091,0.398451328277588,3,1735,0.241526766876533,1
1,165421158,369791,0.948229312896729,0.596134424209595,3,1737,0.935906041258962,1
1,165667878,149299,0.188089966773987,0.475810140371323,3,1739,0.197652331061294,1
1,165677015,465118,0.121400989592075,0.542892217636108,3,1741,0.111809476769336,1
1,165692470,619005,0.136559337377548,0.478342860937119,3,1743,0.14274210877739,1
1,165701053,635441,0.730452120304108,0.67877471446991,3,1745,0.58043794832172,1
1,165716706,746652,0.782813727855682,0.408691734075546,3,1747,0.816351060301205,1
1,165718064,595876,0.344803839921951,0.536522150039673,3,1749,0.321332343777843,1
1,165733922,3748,0.698160767555237,0.589398801326752,3,1751,0.632442338916595,1
1,165752476,573579,0.641186833381653,0.664998531341553,3,1753,0.482096428159125,1
1,165760763,869921,0.29878842830658,0.449667811393738,3,1755,0.332232395488227,1
1,165777880,329884,0.0962337404489517,0.439928382635117,3,1757,0.109374325739707,1
1,165795961,3749,0.929863035678864,0.561396718025208,3,1759,0.920045098607849,1
1,165813084,640732,0.0924359112977982,0.406520336866379,3,1761,0.113691619969534,1
1,165822208,889885,0.776973605155945,0.471900910139084,3,1763,0.788840390822494,1
1,165827882,473739,0.715778231620789,0.414765000343323,3,1765,0.75717295740519,1
1,165828994,370273,0.893705487251282,0.603693246841431,3,1767,0.865893639331718,1
1,165829636,284045,0.810457050800324,0.443232446908951,3,1769,0.829782691046401,1
1,165830039,181726,0.803805291652679,0.504900574684143,3,1771,0.801863324500776,1
1,165835065,727381,0.112558774650097,0.394759654998779,3,1773,0.142566208609192,1
1,165839182,305895,0.784934222698212,0.359495997428894,3,1775,0.832112073899247,1
1,165846973,226387,0.83482164144516,0.474920332431793,3,1777,0.842711145796382,1
1,165868928,642025,0.914403975009918,0.598882436752319,3,1779,0.893303070180913,1
1,165874113,852302,0.303070992231369,0.567979156970978,3,1781,0.266797635539692,1
1,165877994,271417,0.843145728111267,0.581683695316315,3,1783,0.812517142969911,1
1,165879636,675027,0.26082119345665,0.465729653835297,3,1785,0.280013513535997,1
1,165883462,821722,0.656085073947907,0.432563126087189,3,1787,0.696957545532248,1
1,165885957,873777,0.762572884559631,0.464258313179016,3,1789,0.778412692832223,1
1,165888494,272888,0.794916749000549,0.41825857758522,3,1791,0.823733326270493,1
1,165907335,860800,0.237177461385727,0.465915054082871,3,1793,0.25452865206577,1
1,165909560,287988,0.15530900657177,0.499810814857483,3,1795,0.155367793127941,1
1,165909808,187134,0.811882197856903,0.397471129894257,3,1797,0.843893121577658,1
1,165934244,701625,0.682070255279541,0.671166360378265,3,1799,0.516579652425188,1
1,165979702,538848,0.146832004189491,0.501592695713043,3,1801,0.146365771914562,1
1,165982365,141986,0.0180548820644617,0.623972535133362,3,1803,0.0144676897201916,1
1,165992974,680829,0.626632869243622,0.518198311328888,3,1805,0.612530280055487,1
1,166012583,92495,0.172526970505714,0.504608988761902,3,1807,0.170951146677968,1
1,166024886,538849,0.785027384757996,0.350960671901703,3,1809,0.834391687887481,1
1,166025905,587990,0.391783714294434,0.564881205558777,3,1811,0.346784164917368,1
1,166029775,90569,0.876712143421173,0.475841969251633,3,1813,0.882394383614802,1
1,166033049,62748,0.803086638450623,0.399948120117188,3,1815,0.83591971948506,1
1,166053889,746064,0.814979374408722,0.346897333860397,3,1817,0.858352572127053,1
1,166058703,724747,0.164063036441803,0.430993258953095,3,1819,0.190331325413674,1
1,166081092,344090,0.847076892852783,0.498341649770737,3,1821,0.847582416322454,1
1,166111206,691026,0.169865921139717,0.361478924751282,3,1823,0.234959647034187,1
1,166114208,925207,0.117425292730331,0.499463140964508,3,1825,0.117551509910794,1
1,166115434,358679,0.0808107331395149,0.495194971561432,3,1827,0.0815948644275459,1
1,166149010,444331,0.763878405094147,0.421278834342957,3,1829,0.795997097637015,1
1,166186587,140752,0.114208556711674,0.527477443218231,3,1831,0.108259185468546,1
1,166240600,879279,0.0876300781965256,0.495924830436707,3,1833,0.0883501619785396,1
1,166272413,891417,0.110832639038563,0.490987062454224,3,1835,0.112867168520246,1
1,166317890,644212,0.944944322109222,0.55973744392395,3,1837,0.937474040057511,1
1,166340769,130320,0.850770115852356,0.442838132381439,3,1839,0.866080314518394,1
1,166355735,670330,0.171787157654762,0.489148676395416,3,1841,0.175598101297829,1
1,166357655,701508,0.19863648712635,0.549532353878021,3,1843,0.180732295127469,1
1,166465881,361781,0.619156777858734,0.688565850257874,3,1845,0.449598812972539,1
1,166532959,820486,0.895487487316132,0.57087904214859,3,1847,0.878224879522131,1
1,166605366,470138,0.643761217594147,0.580461502075195,3,1849,0.575439698421069,1
1,166617514,3767,0.284022003412247,0.347328096628189,3,1851,0.408867013883258,1
1,166648157,560012,0.193283751606941,0.522494196891785,3,1853,0.184962582126987,1
1,166657691,3768,0.0883839428424835,0.476366370916367,3,1855,0.0927688731180404,1
1,166677557,221619,0.923406541347504,0.457489281892777,3,1857,0.929408345221524,1
1,166679803,370030,0.265236526727676,0.464700520038605,3,1859,0.285384366156554,1
1,166681644,153443,0.774106919765472,0.44279071688652,3,1861,0.797299607992602,1
1,166724098,906544,0.602576792240143,0.684231996536255,3,1863,0.440330761562255,1
1,166749528,903072,0.752198874950409,0.376042157411575,3,1865,0.80142799069436,1
1,166816344,281519,0.286860376596451,0.487681835889816,3,1867,0.294106070275357,1
1,166826756,412735,0.164688870310783,0.455660134553909,3,1869,0.180714591668211,1
1,166830663,829397,0.85250461101532,0.469808876514435,3,1871,0.860903566231908,1
1,166841296,207212,0.276193559169769,0.456684410572052,3,1873,0.302389957677561,1
1,166854113,849992,0.595375180244446,0.406450748443604,3,1875,0.659148066740416,1
1,166865840,3774,0.199862629175186,0.43614336848259,3,1877,0.229124920402366,1
1,166873339,426042,0.868041038513184,0.421555787324905,3,1879,0.885936311060531,1
1,166885265,498358,0.675588965415955,0.49397137761116,3,1881,0.679453868584964,1
1,166893331,92166,0.0361417308449745,0.379004240036011,3,1883,0.0476798502855015,1
1,166900200,151134,0.855004489421845,0.590336322784424,3,1885,0.823031039066401,1
1,166901546,498360,0.968032121658325,0.567958295345306,3,1887,0.963003712376303,1
1,166926990,606087,0.594882845878601,0.687327682971954,3,1889,0.432750535600699,1
1,166929898,415271,0.0959620699286461,0.488921791315079,3,1891,0.0981364214412819,1
1,166943229,387320,0.0563089624047279,0.49110335111618,3,1893,0.0573290349951277,1
1,166954136,744218,0.734889328479767,0.449230760335922,3,1895,0.759326908232994,1
1,166960836,759506,0.32164454460144,0.630545854568481,3,1897,0.255052461506991,1
1,166962233,883300,0.117743343114853,0.534561336040497,3,1899,0.110130807427057,1
1,167003771,498365,0.88892674446106,0.492102473974228,3,1901,0.890653872240653,1
1,167008981,820252,0.0981760695576668,0.602135121822357,3,1903,0.081523287713676,1
1,167024745,424871,0.158532813191414,0.427754402160645,3,1905,0.185308219378507,1
1,167074326,812208,0.105451926589012,0.403874456882477,3,1907,0.130550378703075,1
1,167079865,129397,0.846097052097321,0.484054416418076,3,1909,0.850853507811602,1
1,167092420,772355,0.536501109600067,0.600171744823456,3,1911,0.44695632060943,1
1,167096615,780866,0.120089188218117,0.411899864673615,3,1913,0.145774736188945,1
1,167102293,3786,0.225639089941978,0.462887853384018,3,1915,0.243729759046826,1
1,167109525,187027,0.0810135751962662,0.375898808240891,3,1917,0.10775981915903,1
1,167118667,644801,0.773463606834412,0.506925404071808,3,1919,0.770281824457876,1
1,167132622,460407,0.864094257354736,0.459147602319717,3,1921,0.874359674443375,1
1,167139625,689011,0.318779587745667,0.402195036411285,3,1923,0.396299753709146,1
1,167145132,554635,0.754422664642334,0.501238286495209,3,1925,0.753812964479573,1
1,167152003,285420,0.728629350662231,0.532015085220337,3,1927,0.7100647469956,1
1,167158805,96031,0.912420630455017,0.442479610443115,3,1929,0.921456352820934,1
1,167178529,498366,0.18191222846508,0.510704815387726,3,1931,0.178099190553914,1
1,167194079,493565,0.795337200164795,0.451190769672394,3,1933,0.813539214971809,1
1,167195678,272951,0.77150422334671,0.588408350944519,3,1935,0.722424182830676,1
1,167195740,171713,0.0956427678465843,0.470985949039459,3,1937,0.101534629686555,1
1,167200040,498368,0.69062215089798,0.579908728599548,3,1939,0.631773057232715,1
1,167202400,3791,0.183476477861404,0.341829776763916,3,1941,0.268374042189019,1
1,167211849,583211,0.171549215912819,0.421483129262924,3,1943,0.203506622213822,1
1,167219103,407174,0.0539063736796379,0.46758833527565,3,1945,0.0576429838095291,1
1,167221337,191369,0.0204060655087233,0.395172536373138,3,1947,0.0258191848249482,1
1,167249543,498371,0.127241998910904,0.469540655612946,3,1949,0.135496252976007,1
1,167252998,313780,0.405957758426666,0.316284418106079,3,1951,0.565577955728454,1
1,167257863,86278,0.926339089870453,0.509945094585419,3,1953,0.924844227334863,1
1,167280507,565514,0.827868640422821,0.639219403266907,3,1955,0.761445929831251,1
1,167285526,850167,0.171528190374374,0.456267714500427,3,1957,0.187968800906922,1
1,167297502,165577,0.221524178981781,0.586702883243561,3,1959,0.188787361804918,1
1,167309205,599677,0.0845612287521362,0.396690309047699,3,1961,0.106583431487317,1
1,167328182,3798,0.21596571803093,0.500325083732605,3,1963,0.215825395380687,1
1,167334467,498374,0.237509146332741,0.565107107162476,3,1965,0.210145247973721,1
1,167354411,498376,0.855585634708405,0.387164503335953,3,1967,0.88217526067133,1
1,167354961,498377,0.838768005371094,0.46968349814415,3,1969,0.847985123916876,1
1,167357284,680857,0.0647107511758804,0.424238681793213,3,1971,0.0762669152449216,1
1,167359100,81863,0.898823261260986,0.461269974708557,3,1973,0.906096992937902,1
1,167360386,600599,0.126514911651611,0.443790018558502,3,1975,0.142539158567098,1
1,167361083,82169,0.114014439284801,0.398111909627914,3,1977,0.143193956934574,1
1,167369947,3804,0.88910710811615,0.695793807506561,3,1979,0.817733999799754,1
1,167378493,305121,0.868995249271393,0.441023766994476,3,1981,0.882817244282269,1
1,167384506,355966,0.155324831604958,0.438735216856003,3,1983,0.177014319386101,1
1,167391263,157232,0.929273545742035,0.503822982311249,3,1985,0.928728607194044,1
1,167393025,498379,0.216944321990013,0.466255217790604,3,1987,0.23264546294841,1
1,167398174,595907,0.874804794788361,0.454869389533997,3,1989,0.885169532944943,1
1,167403457,923496,0.148569107055664,0.538447082042694,3,1991,0.137960731899633,1
1,167411858,276764,0.00785069819539785,0.454792082309723,3,1993,0.00863108495153107,1
1,167415883,286936,0.920027732849121,0.482761561870575,3,1995,0.922693035498197,1
1,167416877,103239,0.931582629680634,0.447711974382401,3,1997,0.938060063639024,1
1,167429202,323445,0.118916399776936,0.599333345890045,3,1999,0.0992072279912423,1
1,167431890,163282,0.0961454287171364,0.408465415239334,3,2001,0.117691027355157,1
1,167450009,353864,0.92682272195816,0.513768672943115,3,2003,0.924750551877462,1
1,167457196,133987,0.0738966912031174,0.424588084220886,3,2005,0.0870216263119075,1
1,167458734,77993,0.165117919445038,0.495995432138443,3,2007,0.166451048483598,1
1,167466049,385214,0.837723791599274,0.502023816108704,3,2009,0.837064287761049,1
1,167505369,837369,0.439000278711319,0.670320808887482,3,2011,0.32745535636878,1
1,167524374,391608,0.260443985462189,0.462422519922257,3,2013,0.28160824164227,1
1,167537177,767623,0.78915011882782,0.524358749389648,3,2015,0.77835198177028,1
1,167543440,173459,0.742510318756104,0.429248005151749,3,2017,0.774429451348342,1
1,167547660,450182,0.047804232686758,0.523235321044922,3,2019,0.0456813891991189,1
1,167553784,887789,0.814794898033142,0.404062658548355,3,2021,0.844610255907344,1
1,167559464,381222,0.619554281234741,0.528644442558289,3,2023,0.596434461460333,1
1,167605892,322593,0.7502401471138,0.50585287809372,3,2025,0.747281890540315,1
1,167623457,153758,0.0491537004709244,0.507250428199768,3,2027,0.0484511177697482,1
1,167654005,465476,0.863472282886505,0.477611631155014,3,2029,0.869323548095681,1
1,167655818,102719,0.0464277788996697,0.438755124807358,3,2031,0.0529085317465574,1
1,167670327,669543,0.825392365455627,0.496200978755951,3,2033,0.826709037551117,1
1,167690419,354914,0.303956478834152,0.581150054931641,3,2035,0.261512905535134,1
1,167708301,574705,0.171516001224518,0.453624814748764,3,2037,0.189050505668997,1
1,167745278,3809,0.172221720218658,0.498750269412994,3,2039,0.172653260339443,1
1,167751176,3810,0.796812117099762,0.520047962665558,3,2041,0.788324804256793,1
1,167764444,914467,0.267052292823792,0.614665329456329,3,2043,0.217233899510811,1
1,167766972,618425,0.0976121351122856,0.381108105182648,3,2045,0.128063578004336,1
1,167779218,806773,0.161374121904373,0.486873537302017,3,2047,0.165724884945092,1
1,167780979,339448,0.908233225345612,0.576200425624847,3,2049,0.891733285964611,1
1,167783324,907927,0.104846946895123,0.442449808120728,3,2051,0.118484565899635,1
1,167821854,556362,0.631104290485382,0.693930447101593,3,2053,0.454731661596185,1
1,167845210,680723,0.738312721252441,0.583221673965454,3,2055,0.686059396085453,1
1,167849821,295506,0.650792181491852,0.496257036924362,3,2057,0.653386901549914,1
1,167850053,350103,0.110499307513237,0.549807012081146,3,2059,0.100489176279302,1
1,167852174,358330,0.896099328994751,0.53550261259079,3,2061,0.888157959741423,1
1,167889551,751228,0.0514591634273529,0.373978108167648,3,2063,0.0687997001742741,1
1,167890218,236465,0.122158229351044,0.491187185049057,3,2065,0.124349976006442,1
1,167913485,688654,0.248665228486061,0.477891564369202,3,2067,0.260169091720932,1
1,167932175,129581,0.205956786870956,0.453715324401856,3,2069,0.226966972233608,1
1,167933979,498383,0.807292997837067,0.582889020442963,3,2071,0.768997926681786,1
1,167937712,306261,0.123216152191162,0.47188475728035,3,2073,0.130557461636718,1
1,167937772,454775,0.900963366031647,0.644875228404999,3,2075,0.860560791741531,1
1,167943110,287587,0.754973828792572,0.467087626457214,3,2077,0.770106509651389,1
1,167952946,498384,0.192028984427452,0.372654974460602,3,2079,0.257649833744208,1
1,167954852,617272,0.228673473000526,0.559987366199493,3,2081,0.204177350064593,1
1,167958756,777768,0.228711321949959,0.499458074569702,3,2083,0.228959479879268,1
1,167961542,85034,0.888123691082001,0.450171768665314,3,2085,0.89826249131804,1
1,167962608,287996,0.8582883477211,0.422363728284836,3,2087,0.877334873848799,1
1,167964068,349283,0.806688547134399,0.608970105648041,3,2089,0.752817552241154,1
1,167975898,733964,0.149078443646431,0.374429374933243,3,2091,0.199074182778809,1
1,167984860,161115,0.806894838809967,0.505001187324524,3,2093,0.804943813757556,1
1,167994761,342437,0.127094820141792,0.503780007362366,3,2095,0.126141190881334,1
1,167998835,674363,0.823756575584412,0.48079589009285,3,2097,0.830275395501871,1
1,168009703,631861,0.861107528209686,0.432390838861465,3,2099,0.877651312470259,1
1,168014080,448662,0.797369837760925,0.45484384894371,3,2101,0.814154016380022,1
1,168018294,3825,0.876168668270111,0.455636709928513,3,2103,0.886260394493513,1
1,168020082,432810,0.126763641834259,0.508758366107941,3,2105,0.124581383107285,1
1,168031676,608037,0.28781059384346,0.46201166510582,3,2107,0.311475462180743,1
1,168039941,433140,0.206166341900826,0.421209782361984,3,2109,0.244731189224432,1
1,168060983,168581,0.863899230957031,0.542604088783264,3,2111,0.851222140704186,1
1,168068736,498388,0.421091705560684,0.438243508338928,3,2113,0.480431195839895,1
1,168093491,928156,0.843316614627838,0.392261862754822,3,2115,0.871093012129868,1
1,168166051,3831,0.0780070647597313,0.470915198326111,3,2117,0.0828249598197413,1
1,168191383,359124,0.877280950546265,0.477265983819962,3,2119,0.882618075679746,1
1,168211787,753118,0.0834437012672424,0.523020446300507,3,2121,0.0797709744021164,1
1,168253276,433624,0.863278448581696,0.48065909743309,3,2123,0.868370129579107,1
1,168289603,213846,0.899101257324219,0.496780216693878,3,2125,0.899746844199086,1
1,168303903,3836,0.910193026065826,0.514530420303345,3,2127,0.907505044919303,1
1,168335009,498393,0.717016458511353,0.450674921274185,3,2129,0.742426158527988,1
1,168352077,430696,0.895522177219391,0.375131338834763,3,2131,0.916400173929525,1
1,168370003,3838,0.151689946651459,0.449243396520615,3,2133,0.16882824302627,1
1,168379174,754003,0.380570739507675,0.615417242050171,3,2135,0.309197332723292,1
1,168395527,839962,-0.00231628282926977,0.529756367206574,3,2137,-0.00218617743235784,1
1,168411723,258305,0.920995831489563,0.603034555912018,3,2139,0.900489866703704,1
1,168433735,259191,0.829366803169251,0.582620739936829,3,2141,0.795589751147525,1
1,168438170,202293,0.854120314121246,0.467420220375061,3,2143,0.863044287954861,1
1,168440419,904491,0.834614932537079,0.614001393318176,3,2145,0.785769864709321,1
1,168445811,183986,0.681425869464874,0.434916287660599,3,2147,0.718117755317832,1
1,168453371,241083,0.947124004364014,0.518180251121521,3,2149,0.945128862236278,1
1,168456671,374347,0.827882349491119,0.513642489910126,3,2151,0.823054392151696,1
1,168461855,361468,0.133225992321968,0.445991694927216,3,2153,0.149359274889312,1
1,168526468,119973,0.180763617157936,0.462055176496506,3,2155,0.195608258875662,1
1,168546429,498399,0.791236400604248,0.480528026819229,3,2157,0.799061729820115,1
1,168546733,538856,0.0885812640190125,0.518571794033051,3,2159,0.0854088720580962,1
1,168547542,575873,0.925889134407043,0.5921511054039,3,2161,0.909144211771924,1
1,168550500,151812,0.851206481456757,0.561719059944153,3,2163,0.83025326343842,1
1,168581705,3850,0.963187634944916,0.490926474332809,3,2165,0.963843764015387,1
1,168631025,718282,0.717153310775757,0.515308916568756,3,2167,0.708219628034104,1
1,168638027,911233,0.11984408646822,0.669109702110291,3,2169,0.0895548862094258,1
1,168643824,636697,0.865586280822754,0.336627542972565,3,2171,0.898689101610012,1
1,168653758,794534,0.326999008655548,0.549521803855896,3,2173,0.297530513221727,1
1,168679364,217597,0.864077389240265,0.529577910900116,3,2175,0.855531219824507,1
1,168680043,738509,0.881527245044708,0.510487139225006,3,2177,0.878989129348179,1
1,168696416,297166,0.205732464790344,0.382010728120804,3,2179,0.269275768513607,1
1,168720165,236165,0.946913957595825,0.527293741703033,3,2181,0.943848805180378,1
1,168746916,794357,0.85407429933548,0.487205564975739,3,2183,0.857715206428073,1
1,168777144,269899,0.149363905191422,0.574872374534607,3,2185,0.12991049127412,1
1,168788000,710472,0.233276158571243,0.525349497795105,3,2187,0.222019969135123,1
1,168826956,558398,0.751617193222046,0.462927162647247,3,2189,0.768762456874341,1
1,168862882,764214,0.580152153968811,0.652463138103485,3,2191,0.444586153675394,1
1,168910611,657988,0.708987176418304,0.675861895084381,3,2193,0.551097481029802,1
1,168930099,891175,0.183936521410942,0.313511967658997,3,2195,0.293348484883052,1
1,168954629,3856,0.852231860160828,0.472231954336166,3,2197,0.860006549228167,1
1,168967382,498407,0.886210680007935,0.613056242465973,3,2199,0.852964006038967,1
1,168974299,202161,0.828495681285858,0.531333029270172,3,2201,0.817029650663169,1
1,168982155,311770,0.117421433329582,0.560425758361816,3,2203,0.104760917550272,1
1,169007637,498408,0.144761025905609,0.583849191665649,3,2205,0.123971248031212,1
1,169113721,871634,0.192422971129417,0.463010132312775,3,2207,0.207795637395934,1
1,169312089,591173,0.795741140842438,0.564037561416626,3,2209,0.765738007359894,1
1,169313506,789657,0.150342598557472,0.463872045278549,3,2211,0.162051798645458,1
1,169325774,457845,0.0725457146763802,0.505944848060608,3,2213,0.0716933030887289,1
1,169345193,3867,0.229032382369041,0.469487190246582,3,2215,0.243917605343769,1
1,169347239,195377,0.655588924884796,0.500320315361023,3,2217,0.655368143129489,1
1,169349866,78232,0.624862730503082,0.521983802318573,3,2219,0.607610295094093,1
1,169364185,426180,0.880351185798645,0.648747801780701,3,2221,0.829682469166137,1
1,169377493,219625,0.937698662281036,0.462760537862778,3,2223,0.942017161703722,1
1,169382754,385164,0.798984825611115,0.558208525180817,3,2225,0.772499939625185,1
1,169383384,135604,0.819463610649109,0.402096599340439,3,2227,0.849025453650425,1
1,169383965,420034,0.952047348022461,0.550200641155243,3,2229,0.946695508747836,1
1,169385645,373806,0.875189065933228,0.505056381225586,3,2231,0.87391398804592,1
1,169385824,96998,0.816840767860413,0.456540316343308,3,2233,0.831487746333645,1
1,169387892,557520,0.78616327047348,0.584669411182404,3,2235,0.742570454375524,1
1,169404396,3869,0.207674875855446,0.667695760726929,3,2237,0.155516095855804,1
1,169423621,311512,0.914542019367218,0.620280146598816,3,2239,0.88747233010425,1
1,169435317,319928,0.471775591373444,0.638531863689423,3,2241,0.369422121433013,1
1,169436833,277371,0.154633641242981,0.663481056690216,3,2243,0.116532069517081,1
1,169443829,123655,0.929649591445923,0.510506510734558,3,2245,0.928139587045735,1
1,169454681,582363,0.832436323165894,0.404244989156723,3,2247,0.859368638295695,1
1,169469551,353596,0.0896051675081253,0.464188754558563,3,2249,0.0965180291725707,1
1,169481504,572311,0.0425866767764092,0.683626055717468,3,2251,0.0311476401610485,1
1,169485579,187991,0.793933570384979,0.475079923868179,3,2253,0.803716376087631,1
1,169495519,845627,0.814265727996826,0.37376669049263,3,2255,0.851705211792964,1
1,169502847,871932,0.225106999278069,0.469583332538605,3,2257,0.239688020932432,1
1,169524755,409147,0.121996462345123,0.561764538288117,3,2259,0.108583271130719,1
1,169527817,882583,0.0905637070536613,0.314975827932358,3,2261,0.143762947855653,1
1,169549477,89610,0.808538794517517,0.498105525970459,3,2263,0.809261492814111,1
1,169566795,379975,0.152561098337173,0.515200197696686,3,2265,0.148060015329217,1
1,169589145,242286,0.833012580871582,0.482075810432434,3,2267,0.838791639305511,1
1,169615490,290512,0.859842419624329,0.41263273358345,3,2269,0.88068999722205,1
1,169660126,895911,0.809771955013275,0.446262270212173,3,2271,0.828232722141208,1
1,169660836,483398,0.803120613098145,0.558533072471619,3,2273,0.777016833396655,1
1,169673632,305785,0.186410769820213,0.478284269571304,3,2275,0.194874451952285,1
1,169679835,141440,0.42134964466095,0.370817393064499,3,2277,0.540157063338554,1
1,169710629,464040,0.871054947376251,0.468766421079636,3,2279,0.878636199084209,1
1,169718583,430588,0.843133747577667,0.343131840229034,3,2281,0.88059532945163,1
1,169726651,483026,0.21806013584137,0.478358328342438,3,2283,0.22792551411927,1
1,169757456,316465,0.813557744026184,0.492859780788422,3,2285,0.816182735157875,1
1,169766778,178542,0.893723070621491,0.576058864593506,3,2287,0.874656030634293,1
1,169820402,181157,0.0765531435608864,0.477011412382126,3,2289,0.0802424654565297,1
1,169839997,695777,0.249572545289993,0.493890166282654,3,2291,0.252659966049175,1
1,169845155,3874,0.911292672157288,0.553100943565369,3,2293,0.900752388525475,1
1,169855206,3875,0.961807131767273,0.384019285440445,3,2295,0.968998324679665,1
1,169873362,919866,0.185813426971436,0.401917934417725,3,2297,0.231158417004495,1
1,169877363,430611,0.848304271697998,0.505481600761414,3,2299,0.846622766174556,1
1,169916125,819608,0.104109637439251,0.502864062786102,3,2301,0.103516680892282,1
1,169919601,450940,0.910054922103882,0.473456025123596,3,2303,0.914589206041878,1
1,169920580,207440,0.123497501015663,0.49252662062645,3,2305,0.125371397041022,1
1,169922747,782682,0.901243329048157,0.464348942041397,3,2307,0.907816227108548,1
1,169933545,99177,0.187496900558472,0.435114651918411,3,2309,0.215456891340939,1
1,169946088,379421,0.132832542061806,0.469964534044266,3,2311,0.141321879034913,1
1,169951455,377764,0.141254439949989,0.532124519348145,3,2313,0.132726866376151,1
1,169980431,133705,0.944457948207855,0.544314563274384,3,2315,0.939056586719943,1
1,169982808,3880,0.92519748210907,0.510678112506867,3,2317,0.923565121648089,1
1,169983402,3882,0.268290400505066,0.486098200082779,3,2319,0.2759631700543,1
1,169987532,259511,0.0830195471644402,0.579415261745453,3,2321,0.0716408012056404,1
1,169987769,384967,0.774727463722229,0.505499303340912,3,2323,0.772222225570417,1
1,169992453,263931,0.834375977516174,0.44679918885231,3,2325,0.850303886810816,1
1,169999945,657325,0.174048036336899,0.539802968502045,3,2327,0.161214412010259,1
1,170004571,793311,0.228206470608711,0.416512131690979,3,2329,0.273949368151926,1
1,170021059,395961,0.873050332069397,0.532567322254181,3,2331,0.864205399007602,1
1,170022220,269913,0.119304768741131,0.377068132162094,3,2333,0.158200545955769,1
1,170034692,275440,0.703946530818939,0.511325895786285,3,2335,0.697084962525878,1
1,170041381,498421,0.631923735141754,0.502305269241333,3,2337,0.630218844895982,1
1,170044156,333866,0.939272999763489,0.48837947845459,3,2339,0.940652302166185,1
1,170044435,95858,0.869300663471222,0.561951696872711,3,2341,0.850816296290047,1
1,170044982,95104,0.190112560987473,0.53084009885788,3,2343,0.179067633922631,1
1,170046962,151582,0.0572109594941139,0.441188991069794,3,2345,0.06483724736126,1
1,170055985,179608,0.0944877117872238,0.635378897190094,3,2347,0.0743554060459729,1
1,170061531,301078,0.909376859664917,0.614155769348145,3,2349,0.882565121963879,1
1,170066613,268689,0.830926954746246,0.561672568321228,3,2351,0.807138416358962,1
1,170066959,321245,0.8343226313591,0.48586243391037,3,2353,0.838878366833813,1
1,170067754,667180,0.892431497573853,0.486992418766022,3,2355,0.895158954408233,1
1,170074682,654877,0.898204505443573,0.535328269004822,3,2357,0.890465152314717,1
1,170086641,644526,0.218589261174202,0.424816727638245,3,2359,0.257274781044337,1
1,170094146,626483,0.879044592380524,0.471353679895401,3,2361,0.885598931630183,1
1,170099717,119507,0.149335861206055,0.575816333293915,3,2363,0.129673172304604,1
1,170102116,3886,0.933062255382538,0.568647682666779,3,2365,0.922409429684653,1
1,170112408,3887,0.133282139897347,0.479557454586029,3,2367,0.138963682685738,1
1,170119066,157819,0.737408876419067,0.493537098169327,3,2369,0.740759764800379,1
1,170124699,3888,0.143764421343803,0.408569276332855,3,2371,0.175936407448661,1
1,170134200,635542,0.0609811246395111,0.500946998596191,3,2373,0.0608658449001582,1
1,170137757,498424,0.11779872328043,0.502026557922363,3,2375,0.117323198764563,1
1,170139395,580706,0.242605909705162,0.536532342433929,3,2377,0.226086938771112,1
1,170158708,112162,0.982773721218109,0.457616776227951,3,2379,0.984119827064258,1
1,170180047,642058,0.0771995112299919,0.463202714920044,3,2381,0.0833323173022828,1
1,170204343,3890,0.156542152166367,0.695187032222748,3,2383,0.112589954149352,1
1,170213641,498425,0.0984934568405151,0.458185970783234,3,2385,0.107481964880055,1
1,170226179,718425,0.793455183506012,0.475910991430283,3,2387,0.80294872329257,1
1,170234153,735793,0.213521137833595,0.494702935218811,3,2389,0.215807429704408,1
1,170256792,720297,0.0949543192982674,0.505138456821442,3,2391,0.093988408540267,1
1,170267649,165469,0.106926627457142,0.506259500980377,3,2393,0.105604563716905,1
1,170284069,498426,0.793384552001953,0.487569242715836,3,2395,0.798396715008785,1
1,170286206,240374,0.852684676647186,0.630910813808441,3,2397,0.800433975223056,1
1,170339258,395789,0.146313399076462,0.384852200746536,3,2399,0.190090375984135,1
1,170391473,597588,0.547032713890076,0.60171502828598,3,2401,0.454561285803622,1
1,170440341,557206,0.643096506595612,0.680193424224854,3,2403,0.472730611390784,1
1,170501250,717435,0.267544120550156,0.305520355701447,3,2405,0.43784991009175,1
1,170529117,490568,0.0323121435940266,0.606988608837128,3,2407,0.0266167627560016,1
1,170558828,92240,0.0910846665501595,0.482606798410416,3,2409,0.094367367855332,1
1,170563224,414646,0.871506571769714,0.521849691867828,3,2411,0.865634899690615,1
1,170566662,599134,0.288281917572022,0.667294323444367,3,2413,0.216008069785458,1
1,170567330,615266,0.167746961116791,0.401988714933395,3,2415,0.208646356085623,1
1,170643432,735586,0.749588310718536,0.467670053243637,3,2417,0.76479654131118,1
1,170649588,781431,0.141271024942398,0.458667427301407,3,2419,0.154001588660408,1
1,170655401,565050,0.847056925296783,0.559061408042908,3,2421,0.826571003884709,1
1,170677590,253055,0.219470009207726,0.500764012336731,3,2423,0.219135165268372,1
1,170682074,602153,0.868598639965057,0.431909680366516,3,2425,0.884348178895462,1
1,170691371,301649,0.756459414958954,0.442454606294632,3,2427,0.781595733916381,1
1,170696684,426816,0.756028056144714,0.414105355739594,3,2429,0.791795379727989,1
1,170715304,571493,0.105300098657608,0.474445074796677,3,2431,0.110971853488767,1
1,170717418,368677,0.972000896930695,0.543329238891602,3,2433,0.969344322591019,1
1,170729585,292719,0.912461638450623,0.642355501651764,3,2435,0.87761819075413,1
1,170730556,379849,0.807610392570496,0.521325826644898,3,2437,0.799039076956027,1
1,170751630,746651,0.866197466850281,0.614937841892242,3,2439,0.826258526925573,1
1,170776771,721735,0.812243044376373,0.472630947828293,3,2441,0.821987131354748,1
1,170787588,452963,0.196145832538605,0.57707154750824,3,2443,0.169949318577177,1
1,170789514,163298,0.191586643457413,0.538300633430481,3,2445,0.177955060387418,1
1,170806065,635055,0.846172332763672,0.642653524875641,3,2447,0.784763978457049,1
1,170879864,365847,0.0964474752545357,0.37166753411293,3,2449,0.129749663882709,1
1,170882018,490523,0.189886480569839,0.495634824037552,3,2451,0.19155885680407,1
1,170886474,857429,0.0816489234566689,0.503882527351379,3,2453,0.0810198002755228,1
1,171073877,563708,0.724838435649872,0.528311610221863,3,2455,0.708322729249757,1
1,171141614,287096,0.987139463424683,0.441793560981751,3,2457,0.988480483494658,1
1,171142986,268822,0.271818965673447,0.548392772674561,3,2459,0.24783237418298,1
1,171165000,468210,0.129175528883934,0.350028604269028,3,2461,0.184521389549997,1
1,171168347,558211,0.782479703426361,0.5335613489151,3,2463,0.766828610721149,1
1,171194364,498447,0.272647053003311,0.587130844593048,3,2465,0.232185939057833,1
1,171203469,110257,0.0900763720273972,0.484770834445953,3,2467,0.0929061379387085,1
1,171208336,498451,0.0995059013366699,0.485279351472855,3,2469,0.102524351216122,1
1,171214412,596229,0.970651566982269,0.610468447208405,3,2471,0.96232855489189,1
1,171229090,196847,0.934411585330963,0.484725087881088,3,2473,0.936355901358244,1
1,171249338,169505,0.113781176507473,0.514920055866242,3,2475,0.110484312284225,1
1,171252745,189988,0.0794797539710999,0.428865998983383,3,2477,0.0926626896973702,1
1,171331400,241723,0.885504305362701,0.500659108161926,3,2479,0.88535317604789,1
1,171351834,266292,0.031152930110693,0.577795684337616,3,2481,0.0269584309429437,1
1,171358814,733024,0.802380681037903,0.564253568649292,3,2483,0.773240461947645,1
1,171369896,842286,0.118480399250984,0.465580195188522,3,2485,0.127239517998622,1
1,171375018,498455,0.255606412887573,0.54600465297699,3,2487,0.234069811945673,1
1,171398531,350951,0.922575652599335,0.554248213768005,3,2489,0.913153071067707,1
1,171413499,568086,0.15751725435257,0.569416046142578,3,2491,0.138314730871782,1
1,171417587,693694,0.824321389198303,0.409778445959091,3,2493,0.851175707156977,1
1,171420065,784485,0.826380908489227,0.377816200256348,3,2495,0.860476042945585,1
1,171426686,498456,0.248584240674973,0.587603330612183,3,2497,0.211523852677954,1
1,171434853,149287,0.939846575260162,0.503590106964111,3,2499,0.939411537135211,1
1,171454398,715570,0.11481024324894,0.470731943845749,3,2501,0.121948642693517,1
1,171493121,835933,0.707418978214264,0.457615315914154,3,2503,0.730282739934976,1
1,171496178,217327,0.72941792011261,0.594062924385071,3,2505,0.666719183659805,1
1,171523173,674982,0.882217884063721,0.387967199087143,3,2507,0.903777938240724,1
1,171568720,821842,0.190969601273537,0.59245228767395,3,2509,0.161168760123545,1
1,171579329,429653,0.938174605369568,0.426796764135361,3,2511,0.946070267261164,1
1,171581641,303340,0.72319906949997,0.470897108316422,3,2513,0.738424288686777,1
1,171586344,3924,0.108599729835987,0.430216193199158,3,2515,0.126215297741842,1
1,171596062,3925,0.226379543542862,0.543629288673401,3,2517,0.208211319974396,1
1,171598471,3927,0.945238173007965,0.466121017932892,3,2519,0.948713258218179,1
1,171602102,488170,0.162368714809418,0.474768906831741,3,2521,0.17099762902856,1
1,171619320,404019,0.93029123544693,0.595144331455231,3,2523,0.913909116298613,1
1,171635294,93065,0.719535768032074,0.354323476552963,3,2525,0.782813667693362,1
1,171640075,187890,0.866551756858826,0.471054762601852,3,2527,0.873854386327781,1
1,171643761,754419,0.376772195100784,0.37568399310112,3,2529,0.50087151537654,1
1,171649836,892997,0.828771650791168,0.484620809555054,3,2531,0.833881196230484,1
1,171664803,882366,0.934982657432556,0.403175443410873,3,2533,0.945530607069002,1
1,171666357,843004,0.0461296029388905,0.432556360960007,3,2535,0.0533220721069867,1
1,171708256,538861,0.600545167922974,0.438843339681625,3,2537,0.644079042160532,1
1,171715659,423661,0.133056655526161,0.450183212757111,3,2539,0.147780561064535,1
1,171741396,832739,0.931398093700409,0.443872183561325,3,2541,0.938321817150864,1
1,171773716,717212,0.752555549144745,0.490317195653915,3,2543,0.757256426207352,1
1,171775408,283256,0.810642898082733,0.503643870353699,3,2545,0.80925278181595,1
1,171781578,3930,0.111401326954365,0.6009401679039,3,2547,0.0926892001103341,1
1,171785335,3931,0.0669202357530594,0.466047048568726,3,2549,0.0717955793933013,1
1,171791702,570717,0.270035743713379,0.57944393157959,3,2551,0.233012832645645,1
1,171808391,3933,0.89446896314621,0.436180353164673,3,2553,0.906414189851199,1
1,171831910,305107,0.915321290493011,0.502060949802399,3,2555,0.914970808703008,1
1,171880994,113511,0.831244647502899,0.533000648021698,3,2557,0.819319500356671,1
1,172034066,917984,0.889494597911835,0.475552916526794,3,2559,0.894645803580095,1
1,172098724,572317,0.749553203582764,0.507883727550507,3,2561,0.745541033249475,1
1,172111855,261497,0.200980454683304,0.529110074043274,3,2563,0.189923103473991,1
1,172122860,216157,0.212919875979424,0.467989891767502,3,2565,0.227483413343896,1
1,172126805,486136,0.0836531445384026,0.437934100627899,3,2567,0.0955088270340934,1
1,172135578,262050,0.869416475296021,0.541320204734802,3,2569,0.857652848401052,1
1,172143328,139307,0.839986503124237,0.553421437740326,3,2571,0.820845075874109,1
1,172148516,84816,0.219116538763046,0.450630784034729,3,2573,0.243122026419482,1
1,172158440,452555,0.810031712055206,0.401116609573364,3,2575,0.841397932400944,1
1,172254421,442954,0.433542430400848,0.348075807094574,3,2577,0.565549510385077,1
1,172350727,487700,0.12092337012291,0.455975532531738,3,2579,0.132598529411765,1
1,172360460,889663,0.24472239613533,0.391385823488235,3,2581,0.312635743873189,1
1,172406851,391221,0.168717071413994,0.515235602855682,3,2583,0.163728079425105,1
1,172436964,718478,0.196687653660774,0.546542108058929,3,2585,0.179938243330711,1
1,172466199,904508,0.90671694278717,0.350752413272858,3,2587,0.928160643859248,1
1,172525500,698134,0.872310340404511,0.49586209654808,3,2589,0.873358401817066,1
1,172543687,289316,-0.0481391586363316,0.439153403043747,3,2591,-0.0548090465685588,1
1,172575050,669416,0.0629359930753708,0.399273127317429,3,2593,0.0788132092663172,1
1,172592315,193709,0.847100615501404,0.601927518844605,3,2595,0.807950320938024,1
1,172636390,3943,0.0826401561498642,0.473375469446182,3,2597,0.0872881692058818,1
1,172643984,756734,0.197269439697266,0.469281047582626,3,2599,0.210182619470193,1
1,172695260,855923,0.964413404464722,0.626237034797669,3,2601,0.95239416575688,1
1,172710277,447869,0.144844070076942,0.344726294279099,3,2603,0.210085613544282,1
1,172711175,766812,0.193773552775383,0.433426737785339,3,2605,0.223536685537098,1
1,172733000,422206,0.0727824047207832,0.434829890727997,3,2607,0.0836906641801121,1
1,172785635,330202,0.951978445053101,0.480290979146957,3,2609,0.953799575319977,1
1,172805324,484478,0.215992629528046,0.567286252975464,3,2611,0.190373579824248,1
1,172859434,450423,0.807782351970673,0.475843697786331,3,2613,0.81664090728516,1
1,172861607,128101,0.978580832481384,0.476780831813812,3,2615,0.979531361978893,1
1,172918467,619936,0.074197955429554,0.329027891159058,3,2617,0.112753291473527,1
1,172920324,610917,0.240729719400406,0.359741926193237,3,2619,0.33458668822368,1
1,172979145,204520,0.862391293048859,0.481958955526352,3,2621,0.867183586687655,1
1,173031231,264979,0.957719624042511,0.560036957263947,3,2623,0.951950082335831,1
1,173038945,167504,0.169664576649666,0.425252944231033,3,2625,0.19948665723698,1
1,173042497,193145,0.12788026034832,0.493996828794479,3,2627,0.129434292787255,1
1,173151752,609835,0.614240944385529,0.662431836128235,3,2629,0.463625773163039,1
1,173162922,571207,0.611206591129303,0.679978013038635,3,2631,0.449431142926216,1
1,173286247,195311,0.891830623149872,0.544606447219849,3,2633,0.881235278596106,1
1,173292281,441622,0.7467320561409,0.431957066059113,3,2635,0.777069717158513,1
1,173304994,622711,0.834726631641388,0.520097553730011,3,2637,0.82780524495844,1
1,173324306,345049,0.132013395428658,0.532703340053558,3,2639,0.123908924069619,1
1,173329123,901953,0.896609127521515,0.581239819526672,3,2641,0.876551213200809,1
1,173355705,781629,0.605916976928711,0.340727388858795,3,2643,0.70112286146005,1
1,173356717,622221,0.134350374341011,0.505440175533295,3,2645,0.132904328587707,1
1,173357774,761867,0.760584235191345,0.334780603647232,3,2647,0.820047516562722,1
1,173372176,120697,0.0624697878956795,0.395498305559158,3,2649,0.0789760499825141,1
1,173377103,229007,0.646163463592529,0.540604293346405,3,2651,0.61488915625165,1
1,173387092,694467,0.880707681179047,0.523941099643707,3,2653,0.874708446022465,1
1,173390520,126116,0.589816689491272,0.41332146525383,3,2655,0.650419023182605,1
1,173394157,327467,0.128443211317062,0.495631694793701,3,2657,0.12957525988176,1
1,173397963,609678,0.803318500518799,0.445658057928085,3,2659,0.822599117481457,1
1,173398994,200139,0.97296530008316,0.399679660797119,3,2661,0.977483105142884,1
1,173409085,213936,0.220242813229561,0.307909846305847,3,2663,0.357641718626291,1
1,173412543,717854,0.910410761833191,0.471523463726044,3,2665,0.915238206412662,1
1,173418573,823095,0.313135892152786,0.465823829174042,3,2667,0.336109782863633,1
1,173423051,373422,0.88163149356842,0.551048934459686,3,2669,0.868172151135088,1
1,173440357,85989,0.132778763771057,0.516347289085388,3,2671,0.128575056534382,1
1,173443092,636567,0.10528788715601,0.416741997003555,3,2673,0.12632262636481,1
1,173443753,851089,0.820058465003967,0.434526801109314,3,2675,0.840892958897935,1
1,173450562,799452,0.142343387007713,0.545489311218262,3,2677,0.130473122094558,1
1,173465409,498465,0.197588697075844,0.575808763504028,3,2679,0.171574930427801,1
1,173506216,834000,0.778965651988983,0.466523498296738,3,2681,0.792835910011681,1
1,173530540,838603,0.00486871600151062,0.474544584751129,3,2683,0.00512988258422965,1
1,173538995,104459,0.802854299545288,0.480744034051895,3,2685,0.810165204269974,1
1,173539291,151588,0.872524857521057,0.434308916330338,3,2687,0.887327954992674,1
1,173549742,126779,0.39518940448761,0.561005771160126,3,2689,0.352215097244349,1
1,173550104,927647,0.700265228748322,0.391049295663834,3,2691,0.753892417631385,1
1,173555959,3949,0.90252810716629,0.64829432964325,3,2693,0.861429739340228,1
1,173557189,3951,0.777177631855011,0.575422763824463,3,2695,0.737595013156964,1
1,173562852,498467,0.194477558135986,0.514720380306244,3,2697,0.18891573520003,1
1,173565312,498469,0.681978762149811,0.448634564876556,3,2699,0.711605754014134,1
1,173579607,420871,0.936846375465393,0.45561808347702,3,2701,0.94199511168742,1
1,173589002,810532,0.529669106006622,0.659660458564758,3,2703,0.401471013708354,1
1,173592926,697955,0.179740205407143,0.443189799785614,3,2705,0.202780169460228,1
1,173596626,304768,0.886395454406738,0.321857869625092,3,2707,0.916238395680817,1
1,173600015,266875,0.0707102790474892,0.542070686817169,3,2709,0.0652223785265652,1
1,173609920,601648,0.198052108287811,0.46207782626152,3,2711,0.214306007594184,1
1,173619525,811531,0.0901441052556038,0.547613263130188,3,2713,0.082306356807663,1
1,173622241,283836,0.0987226143479347,0.481675088405609,3,2715,0.102478430714277,1
1,173629261,266758,0.887934982776642,0.5651074051857,3,2717,0.871157823150323,1
1,173629850,720060,0.69552218914032,0.514423727989197,3,2719,0.686477873394825,1
1,173641957,833940,0.3242247402668,0.533376455307007,3,2721,0.303936119640095,1
1,173642425,607304,0.138915106654167,0.406579464673996,3,2723,0.170833894384647,1
1,173648549,609836,0.391909807920456,0.512534379959106,3,2725,0.382325384642222,1
1,173652212,574269,0.0921864807605743,0.613621652126312,3,2727,0.0751167111208765,1
1,173658364,3959,0.214911699295044,0.502116024494171,3,2729,0.214006015354265,1
1,173668874,152381,0.868158221244812,0.543130874633789,3,2731,0.855711656320059,1
1,173676742,447961,0.115635916590691,0.50683605670929,3,2733,0.114076253119672,1
1,173678535,349982,0.808898031711578,0.380119413137436,3,2735,0.845855820993156,1
1,173684644,247729,0.908229053020477,0.47824227809906,3,2737,0.912055976243945,1
1,173686886,337362,0.828015983104706,0.465689897537231,3,2739,0.839059736936868,1
1,173707092,834571,0.11970230191946,0.545391857624054,3,2741,0.109739722225531,1
1,173709494,3961,0.101962268352509,0.450934231281281,3,2743,0.11305669572123,1
1,173717577,341130,0.102572984993458,0.570115268230438,3,2745,0.0899581108499608,1
1,173718751,756086,0.776755750179291,0.525438725948334,3,2747,0.764788803862234,1
1,173735308,85095,0.34388267993927,0.541358232498169,3,2749,0.317611019188143,1
1,173738283,95961,0.558236241340637,0.386769622564316,3,2751,0.639806037898298,1
1,173743618,861227,0.090538814663887,0.365494400262833,3,2753,0.123858005209901,1
1,173753470,770214,0.192331969738007,0.441858410835266,3,2755,0.217639819704272,1
1,173756173,337883,0.116804197430611,0.446272283792496,3,2757,0.130866515435363,1
1,173763324,498479,0.774328649044037,0.423444211483002,3,2759,0.804293569286305,1
1,173772826,827322,0.088305376470089,0.441447168588638,3,2761,0.100018057372995,1
1,173778407,185334,0.0711426436901093,0.399366527795792,3,2763,0.0890693620253607,1
1,173785168,490972,0.0286892913281918,0.507606983184815,3,2765,0.0282593544598127,1
1,173792415,498480,0.226621046662331,0.444616705179215,3,2767,0.254849901074888,1
1,173837353,416897,0.86432695388794,0.483345717191696,3,2769,0.86870035667313,1
1,173845910,445343,0.235986188054085,0.618824899196625,3,2771,0.190672828744002,1
1,173847769,340009,0.186079859733582,0.511242032051086,3,2773,0.181988029218798,1
1,173853498,819463,0.106094412505627,0.452931940555573,3,2775,0.117119596793604,1
1,173855818,643722,0.0284722503274679,0.615914225578308,3,2777,0.0231138112622209,1
1,173858589,217765,0.81807541847229,0.500092804431915,3,2779,0.818041645388826,1
1,173859693,779567,0.280100882053375,0.57748019695282,3,2781,0.242519902441139,1
1,173875555,3976,0.732200741767883,0.699666321277618,3,2783,0.554163789803172,1
1,173876093,293286,0.439956724643707,0.427022874355316,3,2785,0.511286532838321,1
1,173893738,792237,0.714569747447968,0.501652717590332,3,2787,0.713623147324205,1
1,173895830,3979,0.188641995191574,0.436690837144852,3,2789,0.215990329021949,1
1,173897146,231705,0.917394638061523,0.623929738998413,3,2791,0.890172966989634,1
1,173906328,613170,0.251498848199844,0.505823731422424,3,2793,0.248603251069899,1
1,173913664,485732,0.213986769318581,0.426450461149216,3,2795,0.250892880666515,1
1,173919152,441227,0.220817312598228,0.5462726354599,3,2797,0.202112734799836,1
1,173927353,178236,0.114155344665051,0.494072794914246,3,2799,0.115524823305505,1
1,173928442,294121,0.786567449569702,0.394787728786469,3,2801,0.823671329397918,1
1,173990701,245696,0.299168139696121,0.504260003566742,3,2803,0.29664075831916,1
1,173997967,834651,0.257615327835083,0.518401861190796,3,2805,0.248470681840655,1
1,174004791,3982,0.933422923088074,0.530482411384583,3,2807,0.929100550728825,1
1,174061090,825798,0.0330544747412205,0.566556692123413,3,2809,0.0291713743750292,1
1,174091417,727444,0.095871314406395,0.517050206661224,3,2811,0.0927098695361422,1
1,174103955,156710,0.786228001117706,0.449398368597031,3,2813,0.805874168645679,1
1,174110108,311174,0.78681343793869,0.576979577541351,3,2815,0.748018593496926,1
1,174112781,153949,0.824863255023956,0.638931155204773,3,2817,0.757474582062918,1
1,174120268,837123,0.190059021115303,0.360633254051209,3,2819,0.263507342958888,1
1,174131479,774307,0.781255304813385,0.626475930213928,3,2821,0.707187952690845,1
1,174141457,3983,0.875463724136353,0.589386820793152,3,2823,0.848353289458213,1
1,174152893,858919,0.255177408456802,0.565195083618164,3,2825,0.225742770817515,1
1,174155362,823483,0.983711183071136,0.462509781122208,3,2827,0.984847336419561,1
1,174158245,344468,0.805224716663361,0.470280051231384,3,2829,0.816152587995399,1
1,174159019,168560,0.276052266359329,0.513148963451386,3,2831,0.268978684573999,1
1,174184123,82005,0.775114119052887,0.513623952865601,3,2833,0.768814806699382,1
1,174197560,306790,0.117368772625923,0.47032168507576,3,2835,0.124774995870132,1
1,174250617,890668,0.0890538617968559,0.564053297042847,3,2837,0.0789409992493061,1
1,174279332,364220,0.846285045146942,0.580510675907135,3,2839,0.81678323377423,1
1,174325405,305684,0.868074417114258,0.428818762302399,3,2841,0.884515129193033,1
1,174333243,664112,0.790981888771057,0.44494241476059,3,2843,0.811714931218544,1
1,174353171,372321,0.074319139122963,0.410281628370285,3,2845,0.0905708834906554,1
1,174384428,78945,0.12190368771553,0.484080135822296,3,2847,0.125912714336497,1
1,174468337,604577,0.162077322602272,0.487686693668366,3,2849,0.166169514881707,1
1,174509713,188399,0.854721665382385,0.52612292766571,3,2851,0.846713057985711,1
1,174534667,112114,0.839546859264374,0.52011102437973,3,2853,0.832822643478905,1
1,174541739,328219,0.293915361166,0.486718475818634,3,2855,0.301935693597465,1
1,174556448,729299,0.311257660388947,0.579923212528229,3,2857,0.268361098215047,1
1,174559135,498486,0.0757459625601769,0.50246125459671,3,2859,0.0753749287803024,1
1,174565120,3989,0.27624648809433,0.587112963199616,3,2861,0.235258379059506,1
1,174678244,498487,0.830250024795532,0.49961069226265,3,2863,0.830382091923547,1
1,174742452,679973,0.347231537103653,0.372293829917908,3,2865,0.466340708869952,1
1,174791817,471060,0.176741614937782,0.478022038936615,3,2867,0.184867642641491,1
1,174803512,409315,0.0724596083164215,0.457434415817261,3,2869,0.0792021826636763,1
1,174809772,3992,0.828237652778626,0.502518773078919,3,2871,0.827368011166558,1
1,174813791,498490,0.822243511676788,0.445428788661957,3,2873,0.839735200196987,1
1,174821066,923779,0.0871482342481613,0.377509325742722,3,2875,0.115425273371331,1
1,174860147,579505,0.82105565071106,0.602853238582611,3,2877,0.774712566394473,1
1,174925668,166637,0.933058857917786,0.522310972213745,3,2879,0.929932300944363,1
1,174941402,885957,0.132956311106682,0.336897015571594,3,2881,0.197324857391661,1
1,174951474,288239,0.768165171146393,0.568217098712921,3,2883,0.731537737874123,1
1,174968561,3997,0.845970034599304,0.478672534227371,3,2885,0.85227138841379,1
1,174970445,654796,0.0555757582187653,0.461528450250626,3,2887,0.0602083773910208,1
1,174977084,498492,0.840457737445831,0.585651576519013,3,2889,0.807478134930699,1
1,174993725,498494,0.0862704068422318,0.534342169761658,3,2891,0.0807258080348707,1
1,175092536,586040,0.26199135184288,0.323256343603134,3,2893,0.405237757939455,1
1,175119599,4001,0.0586031787097454,0.567762732505798,3,2895,0.0516088634869557,1
1,175138260,4002,0.168394267559052,0.412232160568237,3,2897,0.204246882784364,1
1,175142790,318273,0.947379767894745,0.58888441324234,3,2899,0.936003117127893,1
1,175143539,320264,0.163028076291084,0.617507636547089,3,2901,0.132004907018387,1
1,175145302,4004,0.209910228848457,0.568862438201904,3,2903,0.184499990465142,1
1,175200403,474666,0.789231538772583,0.49347659945488,3,2905,0.79194597821089,1
1,175219513,162334,0.215595945715904,0.480823993682861,3,2907,0.224194246281838,1
1,175222194,163091,0.0290956329554319,0.496970236301422,3,2909,0.0292730135832369,1
1,175235939,434365,0.170445784926415,0.54908812046051,3,2911,0.155208042730432,1
1,175256231,802270,0.639837443828583,0.676325082778931,3,2913,0.473025073385993,1
1,175258449,824848,0.791718661785126,0.403195351362228,3,2915,0.825502919011871,1
1,175266826,294602,0.132760733366013,0.532030522823334,3,2917,0.12476796694059,1
1,175273109,141294,0.109939776360989,0.514326989650726,3,2919,0.106877315961629,1
1,175282229,273665,0.289138972759247,0.49796462059021,3,2921,0.290320798711108,1
1,175339778,4015,0.923183143138885,0.576761960983276,3,2923,0.909251000879343,1
1,175423438,254849,0.242152631282806,0.555689990520477,3,2925,0.217884643788525,1
1,175425254,558074,0.14246766269207,0.42458575963974,3,2927,0.167772540008117,1
1,175431924,759356,0.802696943283081,0.557993650436401,3,2929,0.776809703173133,1
1,175440507,554901,0.31558108329773,0.525771260261536,3,2931,0.300112527205033,1
1,175462691,360759,0.1316819190979,0.46170961856842,3,2933,0.142602529600958,1
1,175466049,886772,0.754917740821838,0.541616380214691,3,2935,0.732666866136109,1
1,175470476,84373,0.0587267763912678,0.592177927494049,3,2937,0.0495854148429552,1
1,175480733,154506,0.155398473143578,0.545710742473602,3,2939,0.142381724463757,1
1,175497405,312000,0.827026963233948,0.399403482675552,3,2941,0.855998967878954,1
1,175504017,4024,0.856341063976288,0.440527081489563,3,2943,0.871612252112046,1
1,175523116,723094,0.0848043039441109,0.43262192606926,3,2945,0.098012027169578,1
1,175542629,764819,0.825668513774872,0.436825543642044,3,2947,0.845224260211899,1
1,175572428,336802,0.865110278129578,0.46001061797142,3,2949,0.875099653474961,1
1,175583875,657133,0.103004179894924,0.497472196817398,3,2951,0.103527574559843,1
1,175588562,404733,0.143730506300926,0.535696387290955,3,2953,0.134152954650095,1
1,175599590,185985,0.745828926563263,0.51239824295044,3,2955,0.739366122289319,1
1,175606817,715102,0.0430806055665016,0.409689098596573,3,2957,0.0525771929422557,1
1,175613052,4026,0.147452190518379,0.392933458089829,3,2959,0.187629975868166,1
1,175622043,358668,0.996944665908813,0.54602974653244,3,2961,0.99663487412683,1
1,175626997,707324,0.0891970992088318,0.464538365602493,3,2963,0.0960061706562661,1
1,175631128,641128,0.283338755369186,0.347952038049698,3,2965,0.4071520272698,1
1,175647945,484050,0.181428760290146,0.644986689090729,3,2967,0.140645352345112,1
1,175650758,144239,0.888058245182037,0.613832890987396,3,2969,0.855060474849621,1
1,175654621,440769,0.92824798822403,0.484659135341644,3,2971,0.930383929650583,1
1,175674253,238867,0.902141690254211,0.522114932537079,3,2973,0.897613132938726,1
1,175693628,215528,0.164882555603981,0.526157855987549,3,2975,0.156685444993035,1
1,175704580,498505,0.775728344917297,0.425331354141235,3,2977,0.804868721567749,1
1,175710354,323548,0.0347052961587906,0.610961139202118,3,2979,0.0284022124583192,1
1,175711302,327625,0.922722339630127,0.43612402677536,3,2981,0.931476367109646,1
1,175763761,775910,0.868784487247467,0.405523657798767,3,2983,0.88963773371816,1
1,175764095,62773,0.0705727115273476,0.534104585647583,3,2985,0.0660663785930434,1
1,175806590,668691,0.131019562482834,0.355077862739563,3,2987,0.184494129642393,1
1,175811308,571963,0.770053505897522,0.560250222682953,3,2989,0.738548481473485,1
1,175813557,498511,0.787991762161255,0.550324261188507,3,2991,0.764265425571892,1
1,175824378,846606,0.875525951385498,0.318204641342163,3,2993,0.908715975377467,1
1,175836548,798317,0.796941637992859,0.586603403091431,3,2995,0.754402475098203,1
1,175838757,175084,0.790184080600739,0.381103932857513,3,2997,0.830491797784396,1
1,175856575,758673,0.272106766700745,0.514989852905273,3,2999,0.264186532186679,1
1,175877583,648212,0.0722317323088646,0.503481686115265,3,3001,0.0717322340621623,1
1,175880546,782598,0.158095866441727,0.535640120506287,3,3003,0.14757657276708,1
1,175891995,91023,0.111573480069637,0.517066478729248,3,3005,0.107890846399328,1
1,175915356,370322,0.021726218983531,0.438687741756439,3,3007,0.0247627377238107,1
1,175938101,847641,0.296615570783615,0.566632688045502,3,3009,0.26173531552401,1
1,175941838,588591,0.209890961647034,0.338157832622528,3,3011,0.310344669557494,1
1,175973685,584717,0.104140497744083,0.603727400302887,3,3013,0.0862479470799542,1
1,175976853,635108,0.0835586860775948,0.413947373628616,3,3015,0.100929117323693,1
1,176005854,4040,0.167063340544701,0.567817628383637,3,3017,0.147110033392471,1
1,176013680,841526,0.22178553044796,0.474177479743958,3,3019,0.233863416043839,1
1,176013933,372644,0.20022052526474,0.58659565448761,3,3021,0.170663150786236,1
1,176025772,277137,0.872049927711487,0.530125617980957,3,3023,0.86384651176479,1
1,176037491,353284,0.136689484119415,0.554442763328552,3,3025,0.123267443603025,1
1,176044231,99638,0.920130491256714,0.479276150465012,3,3027,0.923309150507884,1
1,176050760,356726,0.897074699401856,0.581936895847321,3,3029,0.87690219541527,1
1,176062266,683818,0.759804785251617,0.480351030826569,3,3031,0.768887047798398,1
1,176065460,138136,0.925956189632416,0.526326537132263,3,3033,0.921840871220329,1
1,176069786,815621,0.703509449958801,0.370020925998688,3,3035,0.764682223364945,1
1,176073461,189622,0.882657110691071,0.576119124889374,3,3037,0.861585062927993,1
1,176076183,234071,0.513544321060181,0.643875420093536,3,3039,0.398791680062564,1
1,176076484,342279,0.0474586188793182,0.40494567155838,3,3041,0.0585987481934058,1
1,176108308,692823,0.881145715713501,0.489572733640671,3,3043,0.883573731146615,1
1,176108599,753766,0.228959679603577,0.317752689123154,3,3045,0.360279688325214,1
1,176114425,750107,0.441250085830689,0.449962198734283,3,3047,0.490319061325483,1
1,176119843,4045,0.662552654743195,0.448599547147751,3,3049,0.694008824701468,1
1,176130759,910488,0.201729997992516,0.549059867858887,3,3051,0.183704919810641,1
1,176134231,582218,0.106886513531208,0.551293849945068,3,3053,0.0969415072758914,1
1,176142137,4046,0.783961594104767,0.461148232221603,3,3055,0.799538185811354,1
1,176156103,764526,0.079659678041935,0.449313879013062,3,3057,0.0886459129828252,1
1,176168336,595761,0.479863882064819,0.445211201906204,3,3059,0.531230515357987,1
1,176171118,4048,0.817607998847961,0.480675041675568,3,3061,0.82439511309016,1
1,176171797,403823,0.761979401111603,0.464230895042419,3,3063,0.777870171417179,1
1,176201898,156432,0.451630204916,0.553783476352692,3,3065,0.407767858920702,1
1,176234820,246997,0.880356907844544,0.478639334440231,3,3067,0.885258804452577,1
1,176235862,196169,0.867310285568237,0.390346378087997,3,3069,0.891176145221922,1
1,176235989,478957,0.163375169038773,0.607982635498047,3,3071,0.134358417082865,1
1,176237770,227596,0.827507317066193,0.449550867080689,3,3073,0.843316418704312,1
1,176246431,319452,0.894488096237183,0.575933337211609,3,3075,0.875595144559303,1
1,176246843,149170,0.152667850255966,0.492733478546143,3,3077,0.154919299076681,1
1,176255821,346943,0.0540113337337971,0.580877840518951,3,3079,0.046491129430539,1
1,176266337,4049,0.864862024784088,0.456510186195374,3,3081,0.87567570561268,1
1,176267683,498519,0.749212980270386,0.530142903327942,3,3083,0.733124154656907,1
1,176408831,820243,0.714141309261322,0.394807904958725,3,3085,0.763828135660643,1
1,176655345,4054,0.157296493649483,0.416618287563324,3,3087,0.188777711330752,1
1,176712506,147042,0.640963733196259,0.632507801055908,3,3089,0.51150491379769,1
1,176733392,100651,0.0877642333507538,0.476805686950684,3,3091,0.0920335429638356,1
1,176741116,186701,0.20066149532795,0.539889872074127,3,3093,0.185835580279601,1
1,176749854,568853,0.74684488773346,0.480370938777924,3,3095,0.75640785787542,1
1,176759070,916655,0.663981974124908,0.446129143238068,3,3097,0.696663922850593,1
1,176763809,4057,0.134200602769852,0.416459411382675,3,3099,0.161120866886278,1
1,176781935,255834,0.015062945894897,0.597576797008514,3,3101,0.0126033557279186,1
1,176785747,367813,0.0490302294492722,0.494252622127533,3,3103,0.0496003736289949,1
1,176787276,697408,0.154147088527679,0.565902233123779,3,3105,0.13619586520872,1
1,176796380,887311,0.132055625319481,0.549934923648834,3,3107,0.120064774613047,1
1,176798811,480125,0.143407642841339,0.487076669931412,3,3109,0.147212596798706,1
1,176800455,773881,0.358094811439514,0.629780173301697,3,3111,0.284301432960457,1
1,176818095,402954,0.0837831422686577,0.45138543844223,3,3113,0.0928066516254938,1
1,176826782,180570,0.809239566326141,0.461792290210724,3,3115,0.822781771605848,1
1,176855677,216419,0.158073961734772,0.441263437271118,3,3117,0.179115181978752,1
1,176868115,425964,0.0457571595907211,0.448566973209381,3,3119,0.0510037099514265,1
1,176885806,396112,0.109853401780128,0.470999151468277,3,3121,0.11661740943447,1
1,176928100,498530,0.327397137880325,0.324620872735977,3,3123,0.502055338277624,1
1,176940536,4061,0.903075814247131,0.607505857944489,3,3125,0.876527856893262,1
1,176944428,645227,0.0693222209811211,0.382906705141068,3,3127,0.0905210329962515,1
1,176957868,778310,0.173243045806885,0.526433289051056,3,3129,0.164544159165135,1
1,176963373,4063,0.0689390003681183,0.480929583311081,3,3131,0.0716726551665738,1
1,177051615,162836,0.103361763060093,0.638164460659027,3,3133,0.0809836409202042,1
1,177057206,498535,0.0305093601346016,0.528012871742249,3,3135,0.028890735214401,1
1,177122105,94998,0.319918394088745,0.309948951005936,3,3137,0.507223699679424,1
1,177141018,561743,0.0600846782326698,0.374714374542236,3,3139,0.0801739702487679,1
1,177190048,303793,0.194263115525246,0.575894415378571,3,3141,0.168662093551944,1
1,177195135,622287,0.626164674758911,0.694436430931091,3,3143,0.450843768319699,1
1,177238397,498536,0.241819143295288,0.488164216279984,3,3145,0.247682168449432,1
1,177243179,796526,0.673899114131928,0.663199961185455,3,3147,0.515883538766995,1
1,177272593,201478,0.0935329720377922,0.520616292953491,3,3149,0.0898290865112705,1
1,177289273,571300,0.777954936027527,0.513593137264252,3,3151,0.771749659612529,1
1,177308715,687480,0.0516824722290039,0.363446056842804,3,3153,0.0711006093696009,1
1,177312584,393238,0.80023854970932,0.460322201251984,3,3155,0.814925265821476,1
1,177317101,422930,0.889813661575317,0.638072609901428,3,3157,0.847778392242332,1
1,177328050,128698,0.114832676947117,0.528109848499298,3,3159,0.108720446393332,1
1,177336957,429247,0.307455480098724,0.539137363433838,3,3161,0.285136498554375,1
1,177362711,896343,0.918381929397583,0.442717850208282,3,3163,0.926771321642976,1
1,177377683,343320,0.803629994392395,0.472794055938721,3,3165,0.813763475336708,1
1,177387418,912242,0.645393073558807,0.444899439811707,3,3167,0.680592173856834,1
1,177410419,603113,0.724575221538544,0.465470641851425,3,3169,0.742367024128073,1
1,177470698,338303,0.832810580730438,0.571805119514465,3,3171,0.804774149704938,1
1,177489463,498538,0.620008587837219,0.484663188457489,3,3173,0.63131741838373,1
1,177490374,902897,0.740496635437012,0.505188286304474,3,3175,0.737775645381478,1
1,177511346,818779,0.0697096809744835,0.514474213123322,3,3177,0.0677484694046014,1
1,177515575,453848,0.0974922850728035,0.512360394001007,3,3179,0.0951403408755789,1
1,177541315,743639,0.0806286484003067,0.561053991317749,3,3181,0.0718546250878048,1
1,177546646,377549,0.864724934101105,0.518307864665985,3,3183,0.859583480841874,1
1,177571147,476784,0.136529952287674,0.534613907337189,3,3185,0.127690236275094,1
1,177575426,787484,0.254796922206879,0.524879157543182,3,3187,0.242719603688889,1
1,177605957,761510,0.0849586650729179,0.606028914451599,3,3189,0.0700945640108589,1
1,177610814,104256,0.134850442409515,0.568592488765717,3,3191,0.118582680103851,1
1,177621545,161321,0.92283833026886,0.347202986478806,3,3193,0.940899186015781,1
1,177666527,766654,0.21671162545681,0.515888750553131,3,3195,0.21003716908389,1
1,177668126,641206,0.123519897460938,0.342868477106094,3,3197,0.180127229110532,1
1,177679085,557679,0.188470795750618,0.494477599859238,3,3199,0.190575665919214,1
1,177693577,884327,0.876002132892609,0.532054543495178,3,3201,0.867508204873324,1
1,177702216,673401,0.104187868535519,0.345173120498657,3,3203,0.150921178892787,1
1,177726177,289862,0.223401978611946,0.533050894737244,3,3205,0.209550327011521,1
1,177763687,294441,0.871805965900421,0.549353063106537,3,3207,0.857766664316765,1
1,177778116,498542,0.65662693977356,0.44704869389534,3,3209,0.689508771897676,1
1,177784144,498543,0.0302910637110472,0.442793995141983,3,3211,0.0342044653308072,1
1,177784483,4072,0.794009029865265,0.502535879611969,3,3213,0.792958967599454,1
1,177786731,498545,0.0985397696495056,0.393374145030975,3,3215,0.12524942334701,1
1,177798771,369695,0.232265248894691,0.452261984348297,3,3217,0.256781751432615,1
1,177814890,146281,0.883821964263916,0.462669789791107,3,3219,0.891893258997183,1
1,177832919,479244,0.929491579532623,0.41176849603653,3,3221,0.940067456441643,1
1,177864802,920599,0.634929418563843,0.398469716310501,3,3223,0.696548460372611,1
1,177888704,392784,0.797829031944275,0.592188596725464,3,3225,0.752126882141615,1
1,177892124,666532,0.901891052722931,0.668124616146088,3,3227,0.852190080900584,1
1,177902531,382612,0.0254833344370127,0.312600404024124,3,3229,0.0407602391247166,1
1,177905461,193609,0.839738428592682,0.463591903448105,3,3231,0.850616002594385,1
1,177919484,354057,0.200938105583191,0.476931691169739,3,3233,0.210657112227501,1
1,177945266,248549,0.0241229813545942,0.344766855239868,3,3235,0.0349844844247149,1
1,177948602,911014,0.894277334213257,0.58637148141861,3,3237,0.87220094718162,1
1,177954269,4073,0.04924476146698,0.451267927885056,3,3239,0.0545626649092635,1
1,177954457,347336,0.0880220383405685,0.548133492469788,3,3241,0.0802925195685066,1
1,177957508,416194,0.021445095539093,0.377407282590866,3,3243,0.0284110780691279,1
1,177980870,906999,0.866387903690338,0.656826853752136,3,3245,0.805328450418498,1
1,177991215,157483,0.877965092658997,0.572962522506714,3,3247,0.857114522995324,1
1,177993055,792919,0.152391478419304,0.504294633865356,3,3249,0.151093694227164,1
1,178000367,80181,0.885875999927521,0.491125524044037,3,3251,0.887866256351247,1
1,178001427,77000,0.785478949546814,0.397835165262222,3,3253,0.821875142753394,1
1,178009442,4074,0.0802951753139496,0.577657401561737,3,3255,0.069500689419772,1
1,178018560,96878,0.0411546900868416,0.414091497659683,3,3257,0.0496927494520355,1
1,178024159,716392,0.780111134052277,0.53640341758728,3,3259,0.762844599928515,1
1,178027565,783995,0.359016001224518,0.523435771465302,3,3261,0.342941790374291,1
1,178029672,215724,0.779717803001404,0.557225465774536,3,3263,0.751247892582699,1
1,178036903,889506,0.825612545013428,0.551927268505096,3,3265,0.805402736287071,1
1,178038783,847421,0.274185419082642,0.556732594966888,3,3267,0.246245164699714,1
1,178044605,313033,0.178844511508942,0.492363512516022,3,3269,0.181618364239696,1
1,178052360,624580,0.712885439395905,0.481663376092911,3,3271,0.723042375011147,1
1,178056733,850339,0.135593220591545,0.475249022245407,3,3273,0.142654917995316,1
1,178066053,275463,0.951493382453918,0.404640823602676,3,3275,0.959262727888392,1
1,178069526,264877,0.959463834762573,0.570947349071503,3,3277,0.952760849805142,1
1,178081080,868159,0.163490921258926,0.464124590158463,3,3279,0.176128268923552,1
1,178087491,762535,0.287218660116196,0.504879236221314,3,3281,0.284442931606613,1
1,178108110,498549,0.19459930062294,0.437290638685226,3,3283,0.222505678612317,1
1,178121420,649024,0.969127416610718,0.523879051208496,3,3285,0.967579053738716,1
1,178147627,379887,0.0595710203051567,0.538891792297363,3,3287,0.0552717829039462,1
1,178158748,242571,0.950211763381958,0.504993140697479,3,3289,0.949709548784642,1
1,178162484,147786,0.0535373948514462,0.501251757144928,3,3291,0.0534036979305459,1
1,178166735,162128,0.855583012104034,0.471922278404236,3,3293,0.863261616623817,1
1,178167267,904469,0.167979255318642,0.386323899030685,3,3295,0.217407278892289,1
1,178177529,238174,0.0812874734401703,0.640536963939667,3,3297,0.0634526015018759,1
1,178205421,918472,0.293656140565872,0.497663617134094,3,3299,0.295034768923792,1
1,178278345,204793,0.0761239677667618,0.479898810386658,3,3301,0.0793125197637271,1
1,178288966,375125,0.834603905677795,0.504377007484436,3,3303,0.833143239095177,1
1,178305760,471979,0.0497122593224049,0.433069974184036,3,3305,0.0573951812476375,1
1,178318640,476925,0.17490316927433,0.523976862430573,3,3307,0.166899706661671,1
1,178340156,655846,0.784992814064026,0.441427528858185,3,3309,0.807538683837691,1
1,178362074,799869,0.162660956382751,0.425792455673218,3,3311,0.191009674097641,1
1,178366210,905856,0.0995955094695091,0.684445381164551,3,3313,0.0727563602665067,1
1,178376700,331284,0.907034516334534,0.418306052684784,3,3315,0.92009072460308,1
1,178380593,237117,0.335760444402695,0.477724581956863,3,3317,0.351416335985211,1
1,178386167,307048,0.197330668568611,0.554273068904877,3,3319,0.178008530126219,1
1,178403664,673756,0.32192525267601,0.440251529216766,3,3321,0.365615144198061,1
1,178418289,817038,0.309217780828476,0.499333471059799,3,3323,0.309630536254843,1
1,178434267,99914,0.916207611560822,0.549635410308838,3,3325,0.906972716819678,1
1,178437695,446745,0.265256464481354,0.417013883590698,3,3327,0.318042725816899,1
1,178448984,865675,0.0948587730526924,0.431464225053787,3,3329,0.109926579707584,1
1,178467807,110446,0.118878699839115,0.435776144266129,3,3331,0.136398815542454,1
1,178493251,4085,0.787157356739044,0.639815509319305,3,3333,0.704536635019022,1
1,178510147,4088,0.184155002236366,0.536406397819519,3,3335,0.171656232089096,1
1,178807567,417025,0.0882115587592125,0.454243272542954,3,3337,0.0970972649362365,1
1,178808118,235421,0.911265194416046,0.45443993806839,3,3339,0.918675493519651,1
1,178813173,443803,0.144415676593781,0.505046010017395,3,3341,0.142972792309365,1
1,178820893,828229,0.62070369720459,0.693781614303589,3,3343,0.447333630934892,1
1,178828989,498557,0.820441544055939,0.510777890682221,3,3345,0.816485751027835,1
1,178838258,765381,0.320729523897171,0.558377742767334,3,3347,0.28719762566791,1
1,178854183,378737,0.935905635356903,0.562997341156006,3,3349,0.926665932865665,1
1,178858423,627435,0.882463037967682,0.466613709926605,3,3351,0.889820038291437,1
1,178862819,4094,0.0990765020251274,0.522769272327423,3,3353,0.0947612142389591,1
1,178864200,143882,0.105338513851166,0.487709522247315,3,3355,0.107993087120564,1
1,178942886,691725,0.157507166266441,0.621565163135529,3,3357,0.126702054432946,1
1,178957043,4095,0.919423699378967,0.484614372253418,3,3359,0.921829115633922,1
1,178970085,88244,0.408949553966522,0.65542083978653,3,3361,0.311974787145704,1
1,178971830,114132,0.182608664035797,0.622937977313995,3,3363,0.146570501948826,1
1,178988976,189948,0.0579464584589005,0.591614902019501,3,3365,0.0489731227704863,1
1,179006647,810493,0.89541882276535,0.551680445671082,3,3367,0.883363132139981,1
1,179024251,4096,0.908843100070953,0.54256409406662,3,3369,0.900361013699783,1
1,179052423,276601,0.0974779203534126,0.461601585149765,3,3371,0.10558663952788,1
1,179091866,899759,0.697551190853119,0.426092028617859,3,3373,0.736500602685049,1
1,179153912,672030,0.839378893375397,0.574689507484436,3,3375,0.811171944436892,1
1,179159575,795325,0.2647745013237,0.378405690193176,3,3377,0.349855338048078,1
1,179166306,623123,0.0960396826267242,0.52968430519104,3,3379,0.0906574743536019,1
1,179171975,699194,0.553690910339356,0.49785652756691,3,3381,0.555596045590223,1
1,179173676,692199,0.842618107795715,0.567735612392426,3,3383,0.817956444347248,1
1,179182753,559102,0.20694375038147,0.480931699275971,3,3385,0.215148794197823,1
1,179200786,292515,0.814908921718597,0.480944991111755,3,3387,0.821703793324482,1
1,179218315,674465,0.229432672262192,0.464842110872269,3,3389,0.246785593318627,1
1,179222818,385114,0.0338369123637676,0.481641680002213,3,3391,0.0351266447326695,1
1,179224585,136678,0.20228573679924,0.522429347038269,3,3393,0.193601046673611,1
1,179242488,4099,0.167673528194428,0.503682434558868,3,3395,0.166447662941907,1
1,179243514,146303,0.766686737537384,0.386300653219223,3,3397,0.809912407690765,1
1,179249680,317808,0.0454981103539467,0.434542298316956,3,3399,0.0523517624523175,1
1,179287211,565456,0.437593102455139,0.429473161697388,3,3401,0.507116177726108,1
1,179297122,555825,0.471416175365448,0.32075172662735,3,3403,0.61090528650887,1
1,179298557,563337,0.159936174750328,0.520176708698273,3,3405,0.153732541342118,1
1,179306251,394716,0.084301233291626,0.594411492347717,3,3407,0.070911510272678,1
1,179308984,383892,0.197617501020432,0.417636096477509,3,3409,0.236590542205532,1
1,179313534,316398,0.76488071680069,0.604328572750092,3,3411,0.702885693776913,1
1,179321345,729422,0.635769724845886,0.62734842300415,3,3413,0.511299163027331,1
1,179382646,627251,0.210842683911324,0.40490460395813,3,3415,0.260360936687603,1
1,179403561,821153,0.653341352939606,0.417858839035034,3,3417,0.702255509225831,1
1,179414788,884138,0.097439132630825,0.582929193973541,3,3419,0.0835771596603616,1
1,179419017,583661,0.653851985931397,0.5966956615448,3,3421,0.570860041582401,1
1,179543142,470290,0.696405529975891,0.659312427043915,3,3423,0.554438591067655,1
1,179595809,411249,0.792877614498138,0.546846091747284,3,3425,0.771465740745247,1
1,179606442,845767,0.194160714745522,0.484377473592758,3,3427,0.200422940093992,1
1,179646135,478355,0.849715113639832,0.402674973011017,3,3429,0.874201749826447,1
1,179655301,617108,0.817200839519501,0.435126900672913,3,3431,0.838194489436423,1
1,179655715,153924,0.974719643592834,0.433476537466049,3,3433,0.977688164675395,1
1,179659861,4111,0.819043636322022,0.497483521699905,3,3435,0.81994982105849,1
1,179666241,62784,0.796255588531494,0.402341365814209,3,3437,0.829547839005059,1
1,179679110,304962,0.100754253566265,0.477774173021317,3,3439,0.105441293455779,1
1,179683514,62787,0.704499483108521,0.476605713367462,3,3441,0.717707544351795,1
1,179684435,250060,0.800616145133972,0.535679340362549,3,3443,0.785295085704662,1
1,179687659,498566,0.514764964580536,0.500159323215485,3,3445,0.514610296884009,1
1,179688503,371974,0.979362010955811,0.575036942958832,3,3447,0.975717902177329,1
1,179693293,207733,0.891469359397888,0.489984273910523,3,3449,0.893600692047022,1
1,179705800,916260,0.0503672994673252,0.463358461856842,3,3451,0.054350253220245,1
1,179731252,743247,0.0665107518434525,0.498659074306488,3,3453,0.0666896034489621,1
1,179749381,92086,0.581602394580841,0.699634730815888,3,3455,0.415647171991161,1
1,179761481,718105,0.145934343338013,0.33263510465622,3,3457,0.219361007445135,1
1,179774949,259745,0.917476832866669,0.598739922046661,3,3459,0.897169975699741,1
1,179779076,153051,0.76202517747879,0.598116636276245,3,3461,0.703925511725352,1
1,179791462,380902,0.865357220172882,0.537509918212891,3,3463,0.85443711646005,1
1,179792992,255045,0.0919959843158722,0.496493965387344,3,3465,0.0926456218295631,1
1,179798955,138661,0.73106849193573,0.538655757904053,3,3467,0.70853488184606,1
1,179804895,4115,0.0950665473937988,0.657846093177795,3,3469,0.0722559185041062,1
1,179818238,432047,0.227164104580879,0.517946302890778,3,3471,0.219293103660576,1
1,179973175,749307,0.256153136491776,0.559945583343506,3,3473,0.228730383908248,1
1,179993896,498579,0.750636875629425,0.522562205791473,3,3475,0.738852760092069,1
1,180026280,340432,0.777299702167511,0.504883348941803,3,3477,0.77510320309717,1
1,180041675,161942,0.869837820529938,0.476555854082108,3,3479,0.875667556428762,1
1,180044370,396412,0.183275207877159,0.471658557653427,3,3481,0.194288012910209,1
1,180046726,62794,0.100350521504879,0.412213623523712,3,3483,0.121721500428656,1
1,180054971,723983,0.766470670700073,0.516026496887207,3,3485,0.758737484802447,1
1,180074234,593041,0.788960039615631,0.310935437679291,3,3487,0.846864886162768,1
1,180076816,173226,0.221845760941505,0.522893011569977,3,3489,0.212133032984527,1
1,180078295,98935,0.865041673183441,0.518742322921753,3,3491,0.859785793303183,1
1,180091633,419527,0.837063014507294,0.531260550022125,3,3493,0.826196637065221,1
1,180093551,596079,0.198321238160133,0.507853746414185,3,3495,0.195254282911591,1
1,180094540,884655,0.825041055679321,0.338337272405624,3,3497,0.86778842375119,1
1,180148783,894654,0.143565073609352,0.472867906093597,3,3499,0.151802513724557,1
1,180173215,490080,0.205434665083885,0.515266418457031,3,3501,0.199348004959319,1
1,180178704,919861,0.749981820583344,0.416449815034866,3,3503,0.785778339328609,1
1,180217414,4136,0.613738358020783,0.564529180526733,3,3505,0.556501119355794,1
1,180230809,388988,0.798245251178742,0.548558473587036,3,3507,0.776543874436686,1
1,180249159,200923,0.925209045410156,0.544566869735718,3,3509,0.917890300880786,1
1,180252338,344750,0.108860567212105,0.467900633811951,3,3511,0.116328723820297,1
1,180261079,135068,0.113882422447205,0.373078435659409,3,3513,0.152625308195473,1
1,180272345,225095,0.131017133593559,0.498332619667053,3,3515,0.131455506245101,1
1,180297316,467745,0.940479516983032,0.481107592582703,3,3517,0.942646604415334,1
1,180320487,672540,0.859614670276642,0.46511110663414,3,3519,0.868771504265153,1
1,180322120,4137,0.874232113361359,0.521590769290924,3,3521,0.868556166388937,1
1,180330586,332092,0.0405861660838127,0.500791430473328,3,3523,0.040522025352403,1
1,180336740,595751,0.0491790696978569,0.495409637689591,3,3525,0.0496347526939626,1
1,180348407,430117,0.613847374916077,0.643664360046387,3,3527,0.476838095301594,1
1,180354600,498589,0.800395131111145,0.362715512514114,3,3529,0.843394219686482,1
1,180365932,714048,0.691353678703308,0.348962664604187,3,3531,0.762958048243851,1
1,180368397,419856,0.87326967716217,0.387926638126373,3,3533,0.896474564380736,1
1,180370872,730130,0.38659331202507,0.608328938484192,3,3535,0.317750223249585,1
1,180378729,402202,0.0885046645998955,0.548957765102387,3,3537,0.0806115426597422,1
1,180382410,585228,0.107008814811707,0.424095571041107,3,3539,0.126161202944199,1
1,180385227,440518,0.891077041625977,0.480301469564438,3,3541,0.895205631731598,1
1,180397917,365237,0.934036791324615,0.50210565328598,3,3543,0.933757825218618,1
1,180406808,828368,0.0651204958558083,0.588704526424408,3,3545,0.0553083023255555,1
1,180418532,617057,0.1023019105196,0.537026226520538,3,3547,0.0952485236916892,1
1,180429300,314158,0.923072457313538,0.483737289905548,3,3549,0.92549573968611,1
1,180438580,106277,0.112891383469105,0.594907522201538,3,3551,0.0948814557356196,1
1,180448483,680196,0.898084282875061,0.564161241054535,3,3553,0.883080938726595,1
1,180451983,116509,0.0470950454473496,0.466775923967362,3,3555,0.0504471664338054,1
1,180467282,4139,0.92058938741684,0.509805858135223,3,3557,0.91900085517029,1
1,180472038,188226,0.100982069969177,0.466254025697708,3,3559,0.108290829036882,1
1,180579099,304101,0.965238213539124,0.550889611244202,3,3561,0.961299284840438,1
1,180588067,890065,0.144605964422226,0.320131421089172,3,3563,0.225854063200416,1
1,180594442,182454,0.817812085151672,0.523809373378754,3,3565,0.808702749840941,1
1,180616092,795926,0.757432341575623,0.559131622314453,3,3567,0.724897871222019,1
1,180642883,899920,0.0999387055635452,0.408274561166763,3,3569,0.122391541219151,1
1,180659035,498592,0.909867823123932,0.648556113243103,3,3571,0.871768751324995,1
1,180662858,591819,0.842392504215241,0.546634256839752,3,3573,0.826180629919086,1
1,180664536,110048,0.137122124433517,0.504821360111237,3,3575,0.135812522278478,1
1,180696351,4147,0.72641396522522,0.47845008969307,3,3577,0.737718261121188,1
1,180702297,853982,0.0985020473599434,0.472085267305374,3,3579,0.104326542450885,1
1,180709637,691898,0.284929424524307,0.559969782829285,3,3581,0.25441499993507,1
1,180713641,360407,0.197865977883339,0.454038500785828,3,3583,0.217895594251239,1
1,180741349,174126,0.227628529071808,0.504542648792267,3,3585,0.225579076037166,1
1,180742308,77749,0.121440798044205,0.462694644927979,3,3587,0.131232119687821,1
1,180748541,722577,0.812715351581574,0.486027747392654,3,3589,0.817806654475661,1
1,180768656,796512,0.257427275180817,0.301882475614548,3,3591,0.42637002140778,1
1,180786189,498593,0.0838778465986252,0.505756616592407,3,3593,0.0829231332293404,1
1,180793462,498595,0.247685238718987,0.556986451148987,3,3595,0.222344042847044,1
1,180805205,769178,0.162151306867599,0.40081450343132,3,3597,0.202277244809561,1
1,180808704,444285,0.177668064832687,0.511738002300263,3,3599,0.173592799473627,1
1,180819366,609035,0.421943664550781,0.5134317278862,3,3601,0.410905327459918,1
1,180828256,92850,0.132183104753494,0.609984874725342,3,3603,0.10834949375836,1
1,180834063,561286,0.59186452627182,0.400891453027725,3,3605,0.659381028871328,1
1,180843197,498598,0.829478085041046,0.513449788093567,3,3607,0.824764319502808,1
1,180846225,307843,0.923966825008392,0.58933037519455,3,3609,0.907427807659712,1
1,180889009,836599,0.0911900550127029,0.565850496292114,3,3611,0.0805778696053551,1
1,180889972,4157,0.720390915870667,0.441689819097519,3,3613,0.749593421637629,1
1,180893478,302165,0.855610728263855,0.338356733322144,3,3615,0.890885860245257,1
1,180962740,498602,0.0553275011479855,0.386393547058105,3,3617,0.0715947530299534,1
1,180984057,746415,0.0989202260971069,0.402353078126907,3,3619,0.122927139712233,1
1,180997631,395112,0.253949254751205,0.431274712085724,3,3621,0.294417047458058,1
1,181012854,800234,0.761393308639526,0.475766450166702,3,3623,0.772423291645156,1
1,181038920,111346,0.0286133494228125,0.466880410909653,3,3625,0.0306431248283294,1
1,181044028,261359,0.969040334224701,0.563029646873474,3,3627,0.964574638126154,1
1,181099214,4160,0.761129498481751,0.493665277957916,3,3629,0.764117992387656,1
1,181122321,286444,0.829468846321106,0.451537817716599,3,3631,0.844536998914925,1
1,181132340,290229,0.840365529060364,0.670254230499268,3,3633,0.757943109958107,1
1,181205693,224086,0.7988361120224,0.564196825027466,3,3635,0.769203278532473,1
1,181209468,884716,0.732994675636292,0.515770316123962,3,3637,0.724298888260574,1
1,181213969,171152,0.0446678921580315,0.443956732749939,3,3639,0.0503065826723152,1
1,181227890,742593,0.947096109390259,0.513766169548035,3,3641,0.945598303432974,1
1,181232290,324293,0.932043552398682,0.481527507305145,3,3643,0.93446475120782,1
1,181237460,84286,0.908614158630371,0.555162012577057,3,3645,0.897281882445506,1
1,181240087,313444,0.0563920438289642,0.479512631893158,3,3647,0.0588014163530202,1
1,181248926,106712,0.889986515045166,0.632452011108398,3,3649,0.850341331907982,1
1,181249501,165015,0.107329979538918,0.503509223461151,3,3651,0.106581939851196,1
1,181251220,123523,0.668050229549408,0.405247032642365,3,3653,0.720934750502065,1
1,181255231,249760,0.7490513920784,0.437727957963944,3,3655,0.776844134902311,1
1,181260738,740530,0.124992303550243,0.509658098220825,3,3657,0.122623680450268,1
1,181283264,278640,0.80702668428421,0.487641960382462,3,3659,0.811681186988069,1
1,181295593,485059,0.0538603737950325,0.527105450630188,3,3661,0.0510907008556248,1
1,181299851,445618,0.847030818462372,0.501749694347382,3,3663,0.84649364004176,1
1,181322995,426730,0.9282346367836,0.593885660171509,3,3665,0.911643894122641,1
1,181329759,894153,0.283974528312683,0.471577256917954,3,3667,0.301090143923215,1
1,181342401,143320,0.848326861858368,0.363419592380524,3,3669,0.880868829509833,1
1,181343643,150236,0.217367082834244,0.510733425617218,3,3671,0.212798959233535,1
1,181344519,466570,0.156146660447121,0.575619876384735,3,3673,0.135633485615388,1
1,181352319,246942,0.902809679508209,0.426161915063858,3,3675,0.915315554123071,1
1,181359651,126809,0.89192408323288,0.456767857074738,3,3677,0.900525108671645,1
1,181374069,4163,0.966041266918182,0.526768922805786,3,3679,0.964120347628944,1
1,181383154,783281,0.263213694095612,0.310772716999054,3,3681,0.423482628458039,1
1,181424072,437064,0.968237936496735,0.459758073091507,3,3683,0.970603851791898,1
1,181427660,184247,0.922343850135803,0.5132155418396,3,3685,0.920235590349715,1
1,181428775,617419,0.0492189228534699,0.545128464698792,3,3687,0.0451443338962914,1
1,181433798,84648,0.187887504696846,0.452293008565903,3,3689,0.207705515162158,1
1,181521595,289941,0.35263791680336,0.331089973449707,3,3691,0.516106757634342,1
1,181662286,764003,0.445355951786041,0.371822386980057,3,3693,0.558529278409393,1
1,181672417,253001,0.931152522563934,0.433470100164413,3,3695,0.93923756058061,1
1,181760837,842934,0.764764368534088,0.327122181653976,3,3697,0.825201823382932,1
1,181782723,156794,0.275792866945267,0.515669643878937,3,3699,0.267412354226163,1
1,181783063,364339,0.0874779373407364,0.486936390399933,3,3701,0.0898248098369569,1
1,181801558,498612,0.197949916124344,0.486519902944565,3,3703,0.203434551111159,1
1,181809010,361175,0.208551868796349,0.521414577960968,3,3705,0.199986611049414,1
1,181912977,415998,0.589076519012451,0.665846645832062,3,3707,0.442351495423037,1
1,182052465,928032,0.615519404411316,0.668179154396057,3,3709,0.460594587815046,1
1,182060886,141306,0.93335622549057,0.532581567764282,3,3711,0.928710797528175,1
1,182079521,473885,0.191166907548904,0.305311769247055,3,3713,0.31306835635644,1
1,182109602,155788,0.163792282342911,0.463416308164597,3,3715,0.176722613616713,1
1,182109727,555970,0.645754218101502,0.41997617483139,3,3717,0.694628249283104,1
1,182152029,4197,0.203463464975357,0.64109194278717,3,3719,0.15868508976325,1
1,182155481,298457,0.145005315542221,0.451487690210342,3,3721,0.160586123039883,1
1,182161801,618313,0.118173621594906,0.502509951591492,3,3723,0.11758336448924,1
1,182174845,323127,0.577778220176697,0.403539001941681,3,3725,0.646060864668623,1
1,182175746,120229,0.0510876178741455,0.55789589881897,3,3727,0.045785977260538,1
1,182196394,396627,0.105195060372353,0.54133677482605,3,3729,0.0971623075174926,1
1,182197429,4199,0.705195963382721,0.537607371807098,3,3731,0.681218926684216,1
1,182203903,556014,0.887853920459747,0.676844656467438,3,3733,0.826482709036571,1
1,182206047,692831,0.866552710533142,0.420604586601257,3,3735,0.88483919066251,1
1,182206937,251864,0.224503621459007,0.403382509946823,3,3737,0.278276345556731,1
1,182210712,918927,0.131065100431442,0.474204331636429,3,3739,0.138194752438417,1
1,182215264,556436,0.123777821660042,0.497579783201218,3,3741,0.124379874181893,1
1,182217999,230576,0.0696084275841713,0.434422641992569,3,3743,0.0801160216522071,1
1,182226785,559841,0.864062249660492,0.545839071273804,3,3745,0.850341870313703,1
1,182244519,850327,0.0132520608603954,0.311387985944748,3,3747,0.0212790175898868,1
1,182250203,4201,0.0895669013261795,0.510936379432678,3,3749,0.0876497592769091,1
1,182251340,498628,0.855157375335693,0.551122844219208,3,3751,0.838661176227199,1
1,182286577,669615,0.509202420711517,0.483924120664597,3,3753,0.524490875333559,1
1,182435433,128984,0.118676692247391,0.348240435123444,3,3755,0.17039476217821,1
1,182443868,868344,0.176154240965843,0.584875106811523,3,3757,0.150591330451861,1
1,182448733,4204,0.883183598518372,0.457973539829254,3,3759,0.892241052729391,1
1,182459088,747273,0.141755327582359,0.407929837703705,3,3761,0.173749643296897,1
1,182464635,461962,0.84243381023407,0.635105311870575,3,3763,0.784093609893764,1
1,182475209,216522,0.201035842299461,0.472266435623169,3,3765,0.21284155207239,1
1,182484602,390992,0.863450527191162,0.532034456729889,3,3767,0.854103069368484,1
1,182486220,462289,0.81034928560257,0.500587344169617,3,3769,0.81012624311443,1
1,182490331,498633,0.0894239991903305,0.417484700679779,3,3771,0.107098534442967,1
1,182492358,919871,0.921859800815582,0.678419411182404,3,3773,0.878506038763522,1
1,182497679,498634,0.881722509860992,0.681501984596252,3,3775,0.814319894601114,1
1,182501978,241890,0.929458320140839,0.471581608057022,3,3777,0.933252058468497,1
1,182532800,152278,0.190000101923943,0.617632210254669,3,3779,0.15381330407428,1
1,182549602,634379,0.165776148438454,0.484227895736694,3,3781,0.171175752056008,1
1,182588165,443420,0.274846613407135,0.319260805845261,3,3783,0.430442146945447,1
1,182793633,927178,0.163272216916084,0.344014912843704,3,3785,0.237303981339704,1
1,182820193,538881,0.391587048768997,0.480170965194702,3,3787,0.407757941601295,1
1,182827164,4217,0.156880080699921,0.55198734998703,3,3789,0.142104778944306,1
1,182842718,572857,0.889009416103363,0.43862310051918,3,3791,0.901144325675598,1
1,182855333,209978,0.710673093795776,0.357715308666229,3,3793,0.77476739667934,1
1,182882005,567679,0.79697197675705,0.514087796211243,3,3795,0.791085692374158,1
1,182920164,447528,0.825234711170197,0.555705070495606,3,3797,0.80332288619099,1
1,182930521,626983,0.801773369312286,0.430089354515076,3,3799,0.826089728049345,1
1,182934231,902558,0.802528321743012,0.337918668985367,3,3801,0.850870528282103,1
1,182944895,871042,0.127648293972015,0.590755820274353,3,3803,0.108038117942481,1
1,182974897,589149,0.882778584957123,0.511988282203674,3,3805,0.879898974995719,1
1,183004696,912328,0.177448123693466,0.562249898910523,3,3807,0.157801828010382,1
1,183005840,634316,0.205917656421661,0.393116682767868,3,3809,0.261903991165969,1
1,183017246,438087,0.91215056180954,0.441938608884811,3,3811,0.92129052503085,1
1,183021804,83140,0.112139917910099,0.330148607492447,3,3813,0.169832486591155,1
1,183036597,498642,0.906467795372009,0.464507609605789,3,3815,0.912667101992677,1
1,183043724,432186,0.135539829730988,0.603077530860901,3,3817,0.112373470072333,1
1,183044436,498643,0.806681573390961,0.480901002883911,3,3819,0.813794259203889,1
1,183052544,174592,0.0452851727604866,0.623563647270203,3,3821,0.0363115882065393,1
1,183062402,278449,0.915015935897827,0.511257171630859,3,3823,0.913058505241139,1
1,183067253,775052,0.755935966968536,0.505959212779999,3,3825,0.752992020755182,1
1,183075976,351695,0.867192625999451,0.510914146900177,3,3827,0.864228976202422,1
1,183092569,274011,0.825026154518127,0.591619074344635,3,3829,0.785771280574532,1
1,183307412,203204,0.448226034641266,0.383340150117874,3,3831,0.552610758212809,1
1,183612394,498656,0.698387920856476,0.37786665558815,3,3833,0.757598526222171,1
1,183631827,683365,0.90474808216095,0.471128553152084,3,3835,0.909947948214303,1
1,183636204,816636,0.801618814468384,0.596771836280823,3,3837,0.754008768011334,1
1,183648230,712381,0.173023045063019,0.664071202278137,3,3839,0.130274467910559,1
1,183659468,4236,0.86816281080246,0.428505212068558,3,3841,0.884655825405921,1
1,183661352,725390,0.102186731994152,0.51278817653656,3,3843,0.0996383464653328,1
1,183669795,461473,0.152421742677689,0.489810526371002,3,3845,0.155592555152886,1
1,183784997,677214,0.223055958747864,0.476235270500183,3,3847,0.234186727196404,1
1,184002536,498668,0.71507078409195,0.669322371482849,3,3849,0.569173733969015,1
1,184217757,649717,0.17678527534008,0.457571029663086,3,3851,0.193177959135928,1
1,184249148,162049,0.877710938453674,0.499912023544312,3,3853,0.87773245178475,1
1,184262936,214205,0.790043652057648,0.550266921520233,3,3855,0.766576711844203,1
1,184269287,379952,0.640812575817108,0.502231776714325,3,3857,0.639202135270947,1
1,184278578,900882,0.913741767406464,0.491631239652634,3,3859,0.915161749381889,1
1,184288655,830005,0.0723056197166443,0.492302983999252,3,3861,0.0734360973493044,1
1,184301587,377053,0.206071197986603,0.368218809366226,3,3863,0.279821661393792,1
1,184304314,538883,0.873402893543243,0.545662999153137,3,3865,0.860679290679842,1
1,184311903,735026,0.830075919628143,0.56870299577713,3,3867,0.803008044679057,1
1,184319585,403189,0.0570465065538883,0.540021359920502,3,3869,0.0528187501345191,1
1,184341541,93734,0.0547496266663075,0.449329048395157,3,3871,0.0609237560556719,1
1,184349132,260310,0.182439863681793,0.513242900371552,3,3873,0.177732476717866,1
1,184352520,62801,0.114601455628872,0.517388641834259,3,3875,0.11074987578253,1
1,184380475,353931,0.809705436229706,0.476699024438858,3,3877,0.818178665187621,1
1,184408696,840899,0.617156267166138,0.466691762208939,3,3879,0.641067111189222,1
1,184444861,294718,0.0767938047647476,0.422144621610642,3,3881,0.0909567489830265,1
1,184465694,749240,0.208452045917511,0.549556195735931,3,3883,0.189654895654816,1
1,184487292,498674,0.116196751594543,0.672327816486359,3,3885,0.0864137618177078,1
1,184499279,223562,0.226416379213333,0.466765880584717,3,3887,0.24253741397047,1
1,184514547,202736,0.938078880310059,0.542290389537811,3,3889,0.932357636507332,1
1,184532571,553055,0.290777742862701,0.60617333650589,3,3891,0.239847025059536,1
1,184606501,462371,0.477869838476181,0.529658854007721,3,3893,0.451110969693348,1
1,184917374,203377,0.101541578769684,0.472975790500641,3,3895,0.107343315248972,1
1,185018661,4263,0.642987012863159,0.607816398143768,3,3897,0.54483947639948,1
1,185041516,565243,0.221726149320602,0.396608352661133,3,3899,0.279527836255693,1
1,185089907,758718,0.109061822295189,0.562021017074585,3,3901,0.0970264625181406,1
1,185114197,498691,0.779941856861115,0.449710249900818,3,3903,0.800052478626739,1
1,185135363,829161,0.221325844526291,0.520751357078552,3,3905,0.212506258042171,1
1,185137169,801397,0.190891295671463,0.354729741811752,3,3907,0.269065817115449,1
1,185141631,252806,0.123684525489807,0.468240588903427,3,3909,0.132073690770234,1
1,185146514,282511,0.742829918861389,0.458878189325333,3,3911,0.762373206858939,1
1,185200178,650053,0.2179114818573,0.451495081186295,3,3913,0.24132209955061,1
1,185200810,654704,0.109761998057365,0.331728965044022,3,3915,0.165439273659446,1
1,185247392,479230,0.834219753742218,0.464998960494995,3,3917,0.84506549145104,1
1,185298760,783898,0.741614937782288,0.404507249593735,3,3919,0.783049363706415,1
1,185301965,83978,0.168664157390594,0.514147281646729,3,3921,0.164023192780862,1
1,185303834,446404,0.0679670348763466,0.35732701420784,3,3923,0.0951048090039079,1
1,185313885,104744,0.0755325630307198,0.317206144332886,3,3925,0.119059110897066,1
1,185321946,459264,0.884672522544861,0.592363357543945,3,3927,0.858541326461381,1
1,185333028,498700,0.88873428106308,0.414706230163574,3,3929,0.904948826836124,1
1,185336978,98521,0.017328467220068,0.478286147117615,3,3931,0.0181151673788774,1
1,185340573,4275,0.225912973284721,0.600766181945801,3,3933,0.188020714276076,1
1,185346584,498702,0.853052616119385,0.468051552772522,3,3935,0.861878171985926,1
1,185353793,498703,0.57480251789093,0.422909289598465,3,3937,0.631602558795981,1
1,185382879,162805,0.325396746397018,0.587810814380646,3,3939,0.276786968218573,1
1,185397139,771570,0.244430810213089,0.475920170545578,3,3941,0.256798120084806,1
1,185420926,591015,0.866491734981537,0.606098532676697,3,3943,0.830530886409617,1
1,185489307,832774,0.990886270999908,0.620893239974976,3,3945,0.987979996717165,1
1,185499388,640094,0.79081255197525,0.403246819972992,3,3947,0.824728669216909,1
1,185524342,95133,0.575559735298157,0.437392801046371,3,3949,0.622791651536593,1
1,185531002,599756,0.900731444358826,0.419440150260925,3,3951,0.914506182535884,1
1,185535389,498708,0.275868982076645,0.469992130994797,3,3953,0.293482554157592,1
1,185549835,760157,0.195814549922943,0.542551994323731,3,3955,0.180456944192988,1
1,185588475,730445,0.00447641732171178,0.328525006771088,3,3957,0.00681290195487446,1
1,185608030,4284,0.746089816093445,0.509005427360535,3,3959,0.741432799815284,1
1,185613440,165410,0.0508705116808415,0.400595903396606,3,3961,0.0634935495464585,1
1,185618716,844375,0.148347496986389,0.544451415538788,3,3963,0.136235752862893,1
1,185680116,498713,0.273691415786743,0.501625835895538,3,3965,0.2728043455917,1
1,185693452,662070,0.852680802345276,0.478003799915314,3,3967,0.85888863019422,1
1,185696376,268816,0.658934891223908,0.490140646696091,3,3969,0.665530203019738,1
1,185701390,337239,0.156525149941444,0.566026747226715,3,3971,0.138266566649323,1
1,185702203,346572,0.0848555713891983,0.454821825027466,3,3973,0.0932844102018126,1
1,185703215,268161,0.827069282531738,0.505602240562439,3,3975,0.825109727777699,1
1,185758740,860117,0.146300226449966,0.402279198169708,3,3977,0.181839164336118,1
1,185907837,661861,0.620954632759094,0.575820326805115,3,3979,0.553201872704121,1
1,185957159,669166,0.691245913505554,0.608951508998871,3,3981,0.60522276188306,1
1,186119445,669046,0.126849383115768,0.385083198547363,3,3983,0.164703866066188,1
1,186155499,713369,0.765769243240356,0.533428251743317,3,3985,0.748987419796813,1
1,186156435,448354,0.0968736782670021,0.526792526245117,3,3987,0.0919467090369527,1
1,186162828,498723,0.0835018157958984,0.683204233646393,3,3989,0.061110434979474,1
1,186164012,615909,0.078620657324791,0.519508361816406,3,3991,0.0756683271178756,1
1,186167927,685185,0.969686686992645,0.574220955371857,3,3993,0.964402530620278,1
1,186170421,4308,0.911141932010651,0.51343959569931,3,3995,0.908687526559975,1
1,186217041,697907,0.0529498718678951,0.441111385822296,3,3997,0.0600187090718468,1
1,186230293,760031,0.160263612866402,0.561344563961029,3,3999,0.1427497682845,1
1,186234757,582725,0.0439603179693222,0.370550930500031,3,4001,0.0593175112392797,1
1,186251040,494518,0.907982170581818,0.554741680622101,3,4003,0.896669163254775,1
1,186278904,570171,0.114402338862419,0.479346424341202,3,4005,0.119331586774273,1
1,186280711,845087,0.146244034171104,0.495986133813858,3,4007,0.14742754303086,1
1,186291960,87965,0.624845385551453,0.502045571804047,3,4009,0.623304269220277,1
1,186314690,464506,0.880598068237305,0.542761266231537,3,4011,0.869431521277069,1
1,186315053,373420,0.888266682624817,0.598460793495178,3,4013,0.860868732660305,1
1,186342220,434907,0.858859658241272,0.36083135008812,3,4015,0.889590688014668,1
1,186353755,639861,0.719663977622986,0.691059052944183,3,4017,0.546295133344099,1
1,186365064,195777,0.0708711594343185,0.63041090965271,3,4019,0.0562102894708478,1
1,186376562,471037,0.109022073447704,0.432974576950073,3,4021,0.125898931775243,1
1,186386740,498729,0.978334546089172,0.657703340053558,3,4023,0.968352811397258,1
1,186390850,850548,0.0838205739855766,0.608480572700501,3,4025,0.0688769516613917,1
1,186391405,124042,0.127553135156631,0.594607949256897,3,4027,0.107258181896188,1
1,186401551,178359,0.118235744535923,0.499795287847519,3,4029,0.118284172951222,1
1,186410558,875017,0.053287610411644,0.542376220226288,3,4031,0.0491242134375024,1
1,186421928,4313,0.034674484282732,0.466780096292496,3,4033,0.0371422052462624,1
1,186434627,718460,0.77092456817627,0.469437152147293,3,4035,0.784120361281567,1
1,186468111,634371,0.803210437297821,0.411147356033325,3,4037,0.832904237827184,1
1,186476424,921764,0.322375625371933,0.556879341602325,3,4039,0.289448360972012,1
1,186503341,737716,0.719859778881073,0.469756305217743,3,4041,0.735838234498983,1
1,186516080,827463,0.274828404188156,0.44503065943718,3,4043,0.308774685923578,1
1,186518785,133881,0.0817498192191124,0.480973809957504,3,4045,0.0849836493449979,1
1,186523758,725927,0.875918805599213,0.487011641263962,3,4047,0.879060418927914,1
1,186563301,726461,0.92826122045517,0.46683406829834,3,4049,0.932723777646606,1
1,186581564,771824,0.771180629730225,0.592583417892456,3,4051,0.719182551326084,1
1,186591627,296169,0.933485507965088,0.609965205192566,3,4053,0.914732617550504,1
1,186595273,371969,0.137253269553185,0.486510932445526,3,4055,0.141058772167008,1
1,186598143,684877,0.85825926065445,0.53517359495163,3,4057,0.847533683751463,1
1,186600933,417819,0.871472537517548,0.506604313850403,3,4059,0.8697521420531,1
1,186605379,392029,0.969149768352509,0.59249472618103,3,4061,0.962147444917245,1
1,186622464,103728,0.229992091655731,0.629520118236542,3,4063,0.182672550878916,1
1,186632803,831745,0.108561553061008,0.642929613590241,3,4065,0.0844272458183877,1
1,186663570,608182,0.0691947937011719,0.483932554721832,3,4067,0.0714921873162114,1
1,186686615,651743,0.0719290748238564,0.38367760181427,3,4069,0.0937363485433216,1
1,186722685,498733,0.71114593744278,0.404479920864105,3,4071,0.757477478361141,1
1,186729667,182205,0.863973915576935,0.398295342922211,3,4073,0.886966069796033,1
1,186732566,80913,0.858893692493439,0.493079751729965,3,4075,0.86082001262712,1
1,186739833,906391,0.911842346191406,0.557579517364502,3,4077,0.9003689281253,1
1,186745306,703389,0.1338170170784,0.471327036619186,3,4079,0.141957713733403,1
1,186770248,459284,0.058955505490303,0.510413289070129,3,4081,0.0577527140777507,1
1,186780523,588215,0.065593533217907,0.50804603099823,3,4083,0.0645547147460497,1
1,186823646,658932,0.13591068983078,0.482856184244156,3,4085,0.140736200825023,1
1,186835563,118329,0.131973654031754,0.423366814851761,3,4087,0.155862067363456,1
1,186850100,498734,0.198097541928291,0.569601774215698,3,4089,0.173891261312395,1
1,186885105,690637,0.152814149856567,0.658515334129334,3,4091,0.116029302535994,1
1,186926043,881342,0.899448990821838,0.51212352514267,3,4093,0.896950340547199,1
1,186945540,152827,0.0571317002177239,0.525317490100861,3,4095,0.0543782581908272,1
1,186961114,880973,0.0807272866368294,0.3838270008564,3,4097,0.105161031476042,1
1,186984545,607242,0.185904249548912,0.538852751255035,3,4099,0.172500046734404,1
1,187001959,255390,0.0911228358745575,0.397086501121521,3,4101,0.114739276728361,1
1,187031166,831742,0.272593826055527,0.503921270370483,3,4103,0.270472633408702,1
1,187175683,498735,0.737656354904175,0.687095284461975,3,4105,0.580793078422072,1
1,187313823,848218,0.347989946603775,0.324161022901535,3,4107,0.517629142820782,1
1,187660653,610045,0.23950183391571,0.347034841775894,3,4109,0.345068859210359,1
1,187795103,551616,0.0761682838201523,0.436192214488983,3,4111,0.08731045774096,1
1,187871235,860557,0.38220003247261,0.53925347328186,3,4113,0.354378832413046,1
1,187883963,339565,0.0494695827364922,0.412556171417236,3,4115,0.0599549663341012,1
1,187884931,329616,0.0963258519768715,0.437148988246918,3,4117,0.110175082828355,1
1,187885135,492467,0.941473305225372,0.578910112380981,3,4119,0.930505699025976,1
1,187896265,260872,0.937153398990631,0.678303837776184,3,4121,0.902319939760978,1
1,187899624,489776,0.0922402814030647,0.689440071582794,3,4123,0.0668950683351654,1
1,187913521,498749,0.119075931608677,0.590119004249573,3,4125,0.10089145642759,1
1,187914039,341823,0.102280773222446,0.52128267288208,3,4127,0.0981049040599739,1
1,187926916,395108,0.867463171482086,0.60583633184433,3,4129,0.831875894170984,1
1,187935989,163766,0.951181590557098,0.680775225162506,3,4131,0.923535995181212,1
1,187947000,553070,0.0863019376993179,0.612929344177246,3,4133,0.0704012122434468,1
1,187954827,82635,0.100862257182598,0.574067950248718,3,4135,0.0878487094941452,1
1,187956641,599703,0.916985869407654,0.54852706193924,3,4137,0.908063004895795,1
1,187976043,919505,0.771772801876068,0.478104740381241,3,4139,0.781347699641255,1
1,188004012,498751,0.188730016350746,0.534200668334961,3,4141,0.176647117401589,1
1,188035804,905416,0.189282923936844,0.577185750007629,3,4143,0.163970544953979,1
1,188042398,811772,0.973600745201111,0.456738859415054,3,4145,0.975702978892928,1
1,188048192,218273,0.406716197729111,0.425412058830261,3,4147,0.478026174019893,1
1,188057815,199613,0.88402658700943,0.62003892660141,3,4149,0.847387770603397,1
1,188076795,257821,0.166292682290077,0.499734580516815,3,4151,0.166381003810163,1
1,188085806,119890,0.725712835788727,0.426882833242416,3,4153,0.760705855520734,1
1,188087867,685491,0.520438492298126,0.676258504390717,3,4155,0.38479256742732,1
1,188089235,121501,0.205163717269897,0.573792278766632,3,4157,0.17877873654112,1
1,188089857,931483,0.126234352588654,0.602994501590729,3,4159,0.104672888604822,1
1,188096282,316308,0.842955827713013,0.606366157531738,3,4161,0.80051998158714,1
1,188103312,904276,0.817404627799988,0.43338817358017,3,4163,0.838870842712769,1
1,188210334,692741,0.8758744597435,0.366029739379883,3,4165,0.902104603349148,1
1,188220324,4338,0.73834615945816,0.479972571134567,3,4167,0.748423038845565,1
1,188224723,447467,0.167356371879578,0.526808798313141,3,4169,0.158839765409631,1
1,188225729,79831,0.872320473194122,0.461985677480698,3,4171,0.881341888624817,1
1,188236991,841854,0.954507768154144,0.519785881042481,3,4173,0.952633387847266,1
1,188241761,746909,0.232349127531052,0.435144871473312,3,4175,0.266979048545792,1
1,188250343,318295,0.914922773838043,0.46121209859848,3,4177,0.921047571836107,1
1,188251536,421342,0.948992431163788,0.553396046161652,3,4179,0.942893957389062,1
1,188257690,92399,0.788378477096558,0.504518568515778,3,4181,0.786448583684028,1
1,188257912,427679,0.11315730959177,0.47093853354454,3,4183,0.120140211016591,1
1,188261835,447721,0.036053117364645,0.468504428863525,3,4185,0.0384768159525203,1
1,188262514,763868,0.119586534798145,0.405709952116013,3,4187,0.147379345976642,1
1,188264680,4341,0.114110745489597,0.512647092342377,3,4189,0.111295613682509,1
1,188271613,450658,0.20915187895298,0.512109756469727,3,4191,0.20420610651395,1
1,188276376,248719,0.167337819933891,0.508269786834717,3,4193,0.164615155443331,1
1,188276868,4342,0.783501744270325,0.579782485961914,3,4195,0.742397391235277,1
1,188292503,156249,0.13074491918087,0.44716003537178,3,4197,0.146194772384081,1
1,188295490,174230,0.687572062015533,0.411495745182037,3,4199,0.734557621778701,1
1,188301092,62816,0.761905312538147,0.468183159828186,3,4201,0.77614972912015,1
1,188310796,300097,0.966477930545807,0.550837576389313,3,4203,0.962683800233422,1
1,188314448,4343,0.087980642914772,0.510767698287964,3,4205,0.0861258877662715,1
1,188328117,387836,0.940093815326691,0.640600204467773,3,4207,0.916658015087911,1
1,188349479,363118,0.884854674339294,0.596312344074249,3,4209,0.85738314762604,1
1,188385534,760289,0.9497389793396,0.494785755872726,3,4211,0.950257716162355,1
1,188387648,550438,0.802690744400024,0.462991982698441,3,4213,0.816288352088815,1
1,188409684,145025,0.0633975341916084,0.414703369140625,3,4215,0.0764372065785056,1
1,188418840,450519,0.959848701953888,0.45752364397049,3,4217,0.962992582441761,1
1,188431398,498761,0.753108620643616,0.402325928211212,3,4219,0.79345650831275,1
1,188441805,4349,0.192594856023788,0.437506347894669,3,4221,0.220105213273564,1
1,188457877,367908,0.188067615032196,0.521576702594757,3,4223,0.18028759154367,1
1,188496936,581697,0.866451740264893,0.589481592178345,3,4225,0.837341934989276,1
1,188505096,474412,0.971014976501465,0.661019444465637,3,4227,0.957246775625753,1
1,188533848,839579,0.175308391451836,0.447177439928055,3,4229,0.196016587375294,1
1,188551758,795005,0.875481963157654,0.432022392749786,3,4231,0.890384730618885,1
1,188554920,4351,0.154337465763092,0.566443622112274,3,4233,0.136233739544605,1
1,188593251,372911,0.148269087076187,0.601656496524811,3,4235,0.123217390597953,1
1,188614288,4355,0.13555733859539,0.549607574939728,3,4237,0.12332193439133,1
1,188636592,231965,0.19293175637722,0.523850858211517,3,4239,0.184147599791962,1
1,188773226,600788,0.7088902592659,0.695259511470795,3,4241,0.522364517201,1
1,188810118,229354,0.0677737891674042,0.524156749248505,3,4243,0.0646503066731212,1
1,188929461,364668,0.813053667545319,0.528909504413605,3,4245,0.801581294670382,1
1,189201900,614288,0.636859118938446,0.604030787944794,3,4247,0.541453135741619,1
1,189716606,498780,0.277634620666504,0.317392528057098,3,4249,0.437367921617484,1
1,189845924,89121,0.254072815179825,0.308693468570709,3,4251,0.411529301796074,1
1,189888900,850440,0.868440628051758,0.538474977016449,3,4253,0.857473197121827,1
1,189955998,4379,0.0414397567510605,0.447407394647598,3,4255,0.0463109877561374,1
1,189961869,876908,0.0996758490800858,0.462692946195602,3,4257,0.10771273897695,1
1,189975829,377584,0.771461188793182,0.540590524673462,3,4259,0.751268940367003,1
1,189984059,4380,0.251695841550827,0.510492861270905,3,4261,0.246522391051869,1
1,189992620,484638,0.26031619310379,0.51458477973938,3,4263,0.252938100147105,1
1,189994805,4382,0.0553721524775028,0.545575141906738,3,4265,0.0507465866974638,1
1,190008304,140549,0.11055950075388,0.434158653020859,3,4267,0.127326151378777,1
1,190022535,168944,0.832499623298645,0.583180963993073,3,4269,0.799073024224149,1
1,190057695,844834,0.960909307003021,0.585038125514984,3,4271,0.952898452363254,1
1,190080158,664892,0.163479760289192,0.511062443256378,3,4273,0.159941082001188,1
1,190113388,138735,0.182054087519646,0.466992229223251,3,4275,0.194921966712869,1
1,190134334,835728,0.948222219944,0.630053877830505,3,4277,0.930019836736825,1
1,190163376,795322,0.870475649833679,0.520152807235718,3,4279,0.865035836283461,1
1,190197477,200233,0.163944080471993,0.527372896671295,3,4281,0.15543468531165,1
1,190199706,389932,0.899989366531372,0.505329251289368,3,4283,0.898911918958916,1
1,190246518,167143,0.917911767959595,0.356977075338364,3,4285,0.936170057946534,1
1,190252920,364380,0.0429925806820393,0.592826187610626,3,4287,0.0362606962888397,1
1,190278693,744497,0.0373808033764362,0.502583503723145,3,4289,0.037188649348336,1
1,190313070,209033,0.879035294055939,0.468627482652664,3,4291,0.88617711492878,1
1,190315709,324687,0.907162487506866,0.476252049207687,3,4293,0.911371956345899,1
1,190317026,454727,0.0686271786689758,0.556234002113342,3,4295,0.0616891258069763,1
1,190322690,247108,0.218429073691368,0.560120344161987,3,4297,0.194984056522859,1
1,190327509,244633,0.796994149684906,0.493129849433899,3,4299,0.79974570401476,1
1,190342368,4386,0.868438124656677,0.434472918510437,3,4301,0.883682073193739,1
1,190355305,326353,0.196556821465492,0.521800398826599,3,4303,0.18834483636607,1
1,190366400,173310,0.875975489616394,0.418623447418213,3,4305,0.893335472652934,1
1,190375101,317799,0.902074575424194,0.550248503684998,3,4307,0.89113385349671,1
1,190384225,609606,0.74505478143692,0.462641537189484,3,4309,0.762779190980213,1
1,190417797,866960,0.97137838602066,0.618109107017517,3,4311,0.9625264512649,1
1,190478465,797805,0.488779813051224,0.610712707042694,3,4313,0.40017164160386,1
1,190491006,4388,0.863747179508209,0.537150382995606,3,4315,0.852810917967663,1
1,190511653,400886,0.168512925505638,0.486479312181473,3,4317,0.173196394261856,1
1,190520146,623997,0.375297456979752,0.663568198680878,3,4319,0.282787404313388,1
1,190547775,819392,0.0606893450021744,0.470489025115967,3,4321,0.0644960262220948,1
1,190563045,111254,0.146464288234711,0.580579817295075,3,4323,0.12613622095674,1
1,190570091,367074,0.052322018891573,0.5335653424263,3,4325,0.049030563579755,1
1,190577203,113065,0.0605258792638779,0.597468376159668,3,4327,0.0506519522028249,1
1,190597730,822812,0.595360934734345,0.401959121227264,3,4329,0.661696148517446,1
1,190677903,195271,0.155100896954536,0.538674175739288,3,4331,0.143965409833943,1
1,190686383,176533,0.905007839202881,0.477865993976593,3,4333,0.909034692529813,1
1,190686683,837419,0.759763121604919,0.455089092254639,3,4335,0.779563158875741,1
1,190691257,420063,0.873290002346039,0.499490290880203,3,4337,0.873419041284139,1
1,190745497,368415,0.225112050771713,0.460720479488373,3,4339,0.244304367608858,1
1,190753736,498796,0.613443493843079,0.383031815290451,3,4341,0.686728979113484,1
1,190777580,4395,0.991216123104095,0.548958718776703,3,4343,0.990262668560978,1
1,190789015,86356,0.13635142147541,0.507966697216034,3,4345,0.134212953548627,1
1,190797238,900947,0.833436489105225,0.621351897716522,3,4347,0.780055003722062,1
1,190799869,573178,0.0796172171831131,0.308297336101532,3,4349,0.12912407578652,1
1,190821146,929485,0.688255131244659,0.654389083385468,3,4351,0.54899447070557,1
1,190828781,4400,0.851636171340942,0.495363831520081,3,4353,0.852999212178981,1
1,190845386,104658,0.923514008522034,0.414602309465408,3,4355,0.934671768684193,1
1,190850252,455260,0.104398764669895,0.409275770187378,3,4357,0.12754085664795,1
1,190853310,366720,0.175183847546577,0.52282327413559,3,4359,0.167536389649273,1
1,190854486,143698,0.736795663833618,0.441361993551254,3,4361,0.764423174642585,1
1,190864711,818349,0.0927506908774376,0.45800131559372,3,4363,0.101255921893153,1
1,190865258,288757,0.187219873070717,0.552630305290222,3,4365,0.169389799363605,1
1,190872130,915575,0.915051758289337,0.676143765449524,3,4367,0.86884883993576,1
1,190930625,825355,0.0708493366837502,0.409092158079147,3,4369,0.086593369347895,1
1,191025464,733817,0.862960398197174,0.50269216299057,3,4371,0.862218537891021,1
1,191030677,787759,0.772157073020935,0.429306656122208,3,4373,0.800380598947502,1
1,191043037,900222,0.902145862579346,0.545258522033691,3,4375,0.892406848548018,1
1,191085847,589605,0.66756010055542,0.624007523059845,3,4377,0.557916820370993,1
1,191191568,753469,0.058890026062727,0.358799934387207,3,4379,0.082065268717656,1
1,191294744,485193,0.10941419005394,0.492234110832214,3,4381,0.111140398081062,1
1,191304365,893560,0.0847155302762985,0.437608391046524,3,4383,0.0967937681378829,1
1,191453858,294791,0.602977216243744,0.578911185264587,3,4385,0.528575956113057,1
1,191670290,498811,0.305152118206024,0.348737448453903,3,4387,0.43750982230169,1
1,191725518,828535,0.254627555608749,0.59205025434494,3,4389,0.215038802652383,1
1,191735159,689503,-0.00468523660674691,0.448735386133194,3,4391,-0.00522048934798763,1
1,191736041,206486,0.211362987756729,0.511839866638184,3,4393,0.206473744557046,1
1,191824724,790487,0.61352550983429,0.698757290840149,3,4395,0.439011884295775,1
1,191854797,556403,0.132305502891541,0.58972030878067,3,4397,0.112176485124873,1
1,191861417,498817,0.81617397069931,0.397761017084122,3,4399,0.847381160539747,1
1,191867622,777925,0.0482126511633396,0.413169324398041,3,4401,0.0583449064540091,1
1,191891901,783487,0.927317261695862,0.472132235765457,3,4403,0.931154407193689,1
1,191898151,669505,0.883221745491028,0.586790323257446,3,4405,0.858693707962544,1
1,191907624,567467,0.756380617618561,0.533489286899567,3,4407,0.738891974460412,1
1,191914251,304320,0.0793854743242264,0.556830406188965,3,4409,0.0712833507670254,1
1,191928249,746466,0.107312992215157,0.456752300262451,3,4411,0.117473948301403,1
1,191930411,491796,0.861210882663727,0.498837262392044,3,4413,0.86153288450902,1
1,191944757,379221,0.914361298084259,0.529030919075012,3,4415,0.909082458504977,1
1,191945421,835926,0.735432624816895,0.36777850985527,3,4417,0.790763696499355,1
1,191951393,395831,0.525282919406891,0.66093385219574,3,4419,0.397379342623931,1
1,191974561,830138,0.0643059834837914,0.427052795886993,3,4421,0.0752904372751232,1
1,191982620,266037,0.73688817024231,0.685040712356567,3,4423,0.582308190169072,1
1,191986848,916957,0.162199333310127,0.506281435489655,3,4425,0.160186925630855,1
1,192015546,230820,0.77191299200058,0.396381467580795,3,4427,0.81106692741417,1
1,192025309,709791,0.22075942158699,0.577474534511566,3,4429,0.191142126962976,1
1,192031184,828541,0.767549574375153,0.470049381256104,3,4431,0.780686711739475,1
1,192054837,498820,0.778727531433106,0.544290721416473,3,4433,0.757221896759847,1
1,192075403,252789,0.0326089859008789,0.356105268001556,3,4435,0.0457855988537867,1
1,192099167,594857,0.369426399469376,0.340289533138275,3,4437,0.522083071130966,1
1,192136474,153082,0.900313794612885,0.464100956916809,3,4439,0.906991618408581,1
1,192146545,840936,0.943815171718597,0.45619598031044,3,4441,0.948340922237503,1
1,192151581,924385,0.122633449733257,0.420789957046509,3,4443,0.145718128106017,1
1,192160174,587668,0.923222780227661,0.628905951976776,3,4445,0.89655288170031,1
1,192165726,881073,0.238480642437935,0.548804402351379,3,4447,0.217272894874889,1
1,192184036,833885,0.73472136259079,0.438831925392151,3,4449,0.763637090728486,1
1,192188171,812619,0.16746224462986,0.569916009902954,3,4451,0.146918354389075,1
1,192199411,576984,0.629146873950958,0.588169515132904,3,4453,0.549750273867266,1
1,192292594,154933,0.324387520551682,0.330793470144272,3,4455,0.490317297391335,1
1,192320984,396679,0.759661257266998,0.510692834854126,3,4457,0.754409132082349,1
1,192350436,149962,0.872661888599396,0.631952583789825,3,4459,0.827008551354851,1
1,192379725,112071,0.172063186764717,0.420548647642136,3,4461,0.204569896645029,1
1,192430672,342605,0.814316928386688,0.541687488555908,3,4463,0.797427446363787,1
1,192463228,670889,0.377258062362671,0.335636287927628,3,4465,0.531324539313873,1
1,192545366,841234,0.223159238696098,0.567625224590302,3,4467,0.196572693591242,1
1,192605902,895022,0.968248903751373,0.638951241970062,3,4469,0.956029351240707,1
1,192615516,492101,0.0783180519938469,0.511406719684601,3,4471,0.0765711995749175,1
1,192630548,877202,0.2302435785532,0.450544655323029,3,4473,0.25551693470664,1
1,192797537,644071,0.64377099275589,0.658075332641602,3,4475,0.489131685100327,3
1,192932056,723999,0.359018743038178,0.380226582288742,3,4477,0.472111577361444,3
1,193171344,606217,0.536342144012451,0.522805035114288,3,4479,0.514184044147873,3
1,193487843,789374,0.268322318792343,0.344993323087692,3,4481,0.388880451932891,3
1,193711060,921132,0.48100358247757,0.459469348192215,3,4483,0.519919531124955,3
1,193835769,498848,0.764583349227905,0.610973954200745,3,4485,0.697428162825923,3
1,194001429,747689,0.32714918255806,0.35113337635994,3,4487,0.465847459374961,3
1,194086960,253059,0.719841122627258,0.680731773376465,3,4489,0.561248420590423,3
1,194103547,236976,0.611405730247498,0.681897521018982,3,4491,0.448312034727633,3
1,194200773,368809,0.260130077600479,0.652150690555573,3,4493,0.199440161122019,1
1,194201035,183988,0.897511839866638,0.410150945186615,3,4495,0.913123400557294,1
1,194206535,781946,0.960065364837646,0.450488805770874,3,4497,0.96366349258965,1
1,194207943,452529,0.174939319491386,0.625295877456665,3,4499,0.139885233373788,1
1,194231817,4471,0.138994544744492,0.511511385440826,3,4501,0.135866520961899,1
1,194254531,771757,0.098483182489872,0.425977140665054,3,4503,0.115596792748216,1
1,194263167,498856,0.24626886844635,0.550184369087219,3,4505,0.223805766106116,1
1,194264186,4476,0.975678861141205,0.336709260940552,3,4507,0.981666306020432,1
1,194271026,581575,0.939304709434509,0.650185763835907,3,4509,0.913246397243508,1
1,194286067,387501,0.897632598876953,0.537917137145996,3,4511,0.889232636230236,1
1,194294495,611692,0.248453438282013,0.581482589244843,3,4513,0.213637899807691,1
1,194309285,125765,0.149872452020645,0.448154598474503,3,4515,0.167210659592475,1
1,194326216,350750,0.189951032400131,0.598033845424652,3,4517,0.158812944997495,1
1,194364898,438647,0.901600956916809,0.495262235403061,3,4519,0.902524588028629,1
1,194366549,357448,0.145524904131889,0.49697670340538,3,4521,0.146410186971265,1
1,194371721,196784,0.811471700668335,0.561532258987427,3,4523,0.785014629700821,1
1,194382616,342321,0.139434441924095,0.534342110157013,3,4525,0.130473005284127,1
1,194407525,643595,0.213411703705788,0.303864389657974,3,4527,0.351162740632427,1
1,194437062,398096,0.0287897735834122,0.38333198428154,3,4529,0.037552010742557,1
1,194548425,62827,0.930620133876801,0.595529556274414,3,4531,0.914233700880415,1
1,194846662,840108,0.902076482772827,0.538154542446137,3,4533,0.8939867052652,1
1,194876019,483349,0.113360106945038,0.352873057126999,3,4535,0.160624486136724,1
1,194908856,726951,0.654169619083405,0.442381709814072,3,4537,0.689904019467076,1
1,194942484,489112,0.727580666542053,0.488218456506729,3,4539,0.73385193651329,1
1,195090236,284331,0.869908213615418,0.420783251523972,3,4541,0.887700254933179,1
1,195105786,388325,0.831174314022064,0.540445446968079,3,4543,0.816315946753106,1
1,195108894,861235,0.719242572784424,0.383405745029449,3,4545,0.772332109039043,1
1,195110043,341271,0.107504040002823,0.554430961608887,3,4547,0.0969498886668054,1
1,195110672,353952,0.10046773403883,0.455608516931534,3,4549,0.110256646117447,1
1,195110815,486528,0.908400595188141,0.440936237573624,3,4551,0.918077855364555,1
1,195111216,153960,0.835147202014923,0.489723920822144,3,4553,0.838467052726944,1
1,195149126,474561,0.135458037257195,0.443744361400604,3,4555,0.152630713807432,1
1,195153393,4485,0.0889562964439392,0.414716899394989,3,4557,0.107249423129023,1
1,195182982,252248,0.184189364314079,0.536427974700928,3,4559,0.171681356119402,1
1,195209244,696137,0.12959311902523,0.383205652236939,3,4561,0.169090824037614,1
1,195319764,415037,0.274161845445633,0.559759616851807,3,4563,0.244892483480294,1
1,195360653,261488,0.25813227891922,0.509197950363159,3,4565,0.253469479536515,1
1,195430551,498863,0.368975192308426,0.318697452545166,3,4567,0.536898247299298,1
1,195483304,291676,0.952440619468689,0.348235189914703,3,4569,0.963514921490555,1
1,195509556,287961,0.862817347049713,0.452126920223236,3,4571,0.874804349753612,1
1,195523713,290999,0.902456879615784,0.523189723491669,3,4573,0.897712858562402,1
1,195569313,904184,0.905457735061646,0.632735967636108,3,4575,0.871288423848867,1
1,195570984,828748,0.13690972328186,0.433676093816757,3,4577,0.157847902194615,1
1,195611084,798851,0.194675147533417,0.490192145109177,3,4579,0.19857024380721,1
1,195617004,688988,0.211950704455376,0.585778176784515,3,4581,0.180913793698177,1
1,195630571,4490,0.109950385987759,0.541247606277466,3,4583,0.101571244576917,1
1,195639060,739577,0.720094501972199,0.40205579996109,3,4585,0.765943462609398,1
1,195723559,280228,0.724580466747284,0.514656960964203,3,4587,0.716263023159994,1
1,195770993,498867,0.866041302680969,0.490116894245148,3,4589,0.868637835018369,1
1,195822483,315848,0.835720419883728,0.426445931196213,3,4591,0.856788061447375,1
1,195865653,201841,0.855937778949738,0.465295940637589,3,4593,0.865287892874757,1
1,195956771,643509,0.671840012073517,0.669402122497559,3,4595,0.503687091995835,1
1,196013188,633887,0.0445083454251289,0.580476045608521,3,4597,0.0383377968495412,1
1,196024469,306629,0.207642674446106,0.551291227340698,3,4599,0.188323942181818,1
1,196043770,642453,0.863038241863251,0.42830765247345,3,4601,0.880213755939432,1
1,196055185,412168,0.173788920044899,0.525509476661682,3,4603,0.165352793586996,1
1,196077470,168147,1.00846362113953,0.615770578384399,3,4605,1.01101375983122,1
1,196078189,133282,0.142464876174927,0.552204012870789,3,4607,0.12899659623468,1
1,196079292,205614,0.070976734161377,0.50678414106369,3,4609,0.0700265935832204,1
1,196083410,372676,0.559702634811401,0.602148473262787,3,4611,0.464754674024673,1
1,196109827,718859,0.787122249603272,0.343431264162064,3,4613,0.837886165775891,1
1,196134028,234456,0.257054775953293,0.580031514167786,3,4615,0.221586904913355,1
1,196162340,923355,0.477533638477325,0.465469419956207,3,4617,0.511284872158418,1
1,196164119,485619,0.0818483158946037,0.423551052808762,3,4619,0.0966215469797914,1
1,196176090,369095,0.101024858653545,0.478867143392563,3,4621,0.105483180509973,1
1,196190936,676870,0.104256629943848,0.56392639875412,3,4623,0.0924381534311759,1
1,196204297,419817,0.976094126701355,0.531418204307556,3,4625,0.974491248360046,1
1,196205429,448611,0.311174601316452,0.313162177801132,3,4627,0.496826601956475,1
1,196215705,498871,0.955040752887726,0.326152086257935,3,4629,0.966639915183084,1
1,196218578,368904,0.108379006385803,0.477272421121597,3,4631,0.113539984283097,1
1,196227512,292941,0.846177399158478,0.511187314987183,3,4633,0.842656905643223,1
1,196253748,835556,0.240096196532249,0.544499635696411,3,4635,0.220474157182096,1
1,196288761,256738,0.0250000152736902,0.475762099027634,3,4637,0.0262736516052723,1
1,196301192,758131,0.148103967308998,0.53925359249115,3,4639,0.137323116036013,1
1,196324595,680878,0.213046699762344,0.466425538063049,3,4641,0.228382327270367,1
1,196338347,550936,0.276731193065643,0.520990133285523,3,4643,0.265581990315721,1
1,196350168,842798,0.192241340875626,0.490665972232819,3,4645,0.195898382764159,1
1,196366461,705368,0.0609221309423447,0.518841028213501,3,4647,0.0587098240400482,1
1,196372184,62829,0.874028623104096,0.482635229825974,3,4649,0.878256711552343,1
1,196394857,785672,0.306043028831482,0.424047291278839,3,4651,0.360859549307012,1
1,196412501,621473,0.162040367722511,0.664843857288361,3,4653,0.121863476623978,1
1,196419054,719161,0.730607330799103,0.362636417150497,3,4655,0.788666409213007,1
1,196483613,4506,0.0663464590907097,0.43354469537735,3,4657,0.0765162851698172,1
1,196506434,414994,0.0940303131937981,0.461775422096252,3,4659,0.101813899889846,1
1,196556550,4508,0.749469697475433,0.448947846889496,3,4661,0.772680043884769,1
1,196571159,367740,0.148461937904358,0.534937500953674,3,4663,0.138765685374164,1
1,196578583,258085,0.863547325134277,0.400318145751953,3,4665,0.886229111403726,1
1,196583570,498878,0.322409301996231,0.532784879207611,3,4667,0.30256986879558,1
1,196587607,379424,0.744805693626404,0.540600419044495,3,4669,0.722252351816672,1
1,196592080,150577,0.123269006609917,0.385828644037247,3,4671,0.159745794557981,1
1,196593791,4514,0.00992350466549397,0.554604351520538,3,4673,0.00894647205551765,1
1,196601517,4515,0.392389476299286,0.304537564516068,3,4675,0.563160788635613,1
1,196635746,450306,0.204588428139687,0.464400082826614,3,4677,0.220271739503619,1
1,196645633,408467,0.153063371777534,0.371839821338654,3,4679,0.205818961544374,1
1,196682740,554560,0.764547646045685,0.492160111665726,3,4681,0.76818249278665,1
1,196699922,410666,0.842776536941528,0.365486234426498,3,4683,0.876107129908863,1
1,196709444,766794,0.718872368335724,0.652718544006348,3,4685,0.595245258834934,1
1,196751030,279511,0.0713224709033966,0.504790246486664,3,4687,0.0706456507428585,1
1,196755113,888627,0.925897181034088,0.472823143005371,3,4689,0.929717306457303,1
1,196785169,348280,0.159134596586227,0.531552672386169,3,4691,0.149688455023529,1
1,196806034,384293,0.132709726691246,0.45614555478096,3,4693,0.145468617747435,1
1,196811284,4528,0.0403221733868122,0.413669437170029,3,4695,0.048737191781271,1
1,196831120,753853,0.211873292922974,0.547980427742004,3,4697,0.193321952935449,1
1,196838888,152105,0.0507381297647953,0.332812607288361,3,4699,0.0762262736652191,1
1,196875928,851420,0.0991237089037895,0.577476143836975,3,4701,0.085824938364703,1
1,196926766,205450,0.0993076041340828,0.530069470405579,3,4703,0.093674140540577,1
1,196933593,4532,0.125768423080444,0.586409211158752,3,4705,0.107236056909751,1
1,197017145,812696,0.124112293124199,0.332383841276169,3,4707,0.186700250902205,1
1,197040094,626335,0.921443819999695,0.611499011516571,3,4709,0.898898352476578,1
1,197042097,289766,0.159284576773644,0.520791947841644,3,4711,0.152925345172653,1
1,197044377,487131,0.176364049315453,0.55178427696228,3,4713,0.159812499810962,1
1,197072462,405330,0.957062244415283,0.532213687896729,3,4715,0.954105374105904,1
1,197142881,168974,0.0224236510694027,0.472687512636185,3,4717,0.0237193182281733,1
1,197162467,111349,0.207893043756485,0.547259151935577,3,4719,0.189940216642515,1
1,197181484,483315,0.0191891342401505,0.478404611349106,3,4721,0.0200553399621681,1
1,197182418,98756,0.119958758354187,0.413908421993256,3,4723,0.144909781947058,1
1,197207247,4535,0.886487662792206,0.535062253475189,3,4725,0.877927380540465,1
1,197226826,841275,0.925735473632812,0.521114408969879,3,4727,0.922461097433065,1
1,197246441,122201,0.793688714504242,0.581758439540863,3,4729,0.753358698655779,1
1,197271617,483024,0.103723704814911,0.52607011795044,3,4731,0.0985835359923281,1
1,197279101,498889,0.860993802547455,0.32487878203392,3,4733,0.897050934148296,1
1,197304872,4537,0.224526509642601,0.477715104818344,3,4735,0.23500042952167,1
1,197320763,578315,0.688618123531342,0.398506939411163,3,4737,0.741159211243577,1
1,197341014,250374,0.910185217857361,0.539201140403748,3,4739,0.90254448305131,1
1,197341648,554416,0.755080282688141,0.482966482639313,3,4741,0.763149090834472,1
1,197349180,4538,0.65170431137085,0.419801026582718,3,4743,0.69984806541647,1
1,197357972,493090,0.158310279250145,0.52191835641861,3,4745,0.15166191924774,1
1,197374325,80194,0.852897524833679,0.639197289943695,3,4747,0.796145551202533,1
1,197383232,783825,0.924416303634644,0.535357356071472,3,4749,0.918664701407623,1
1,197438450,166983,0.698232889175415,0.695614814758301,3,4751,0.504300594352244,1
1,197529784,345405,0.90587592124939,0.371430575847626,3,4753,0.925128334966709,1
1,197558345,817735,0.848814487457275,0.406957805156708,3,4755,0.872533932781398,1
1,197579148,315611,0.18617394566536,0.487822413444519,3,4757,0.190821434741778,1
1,197583084,139996,0.0229418054223061,0.591576397418976,3,4759,0.019390399551436,1
1,197587408,4548,0.100140154361725,0.490455955266953,3,4761,0.102088835181152,1
1,197594576,420629,0.0940546691417694,0.510086953639984,3,4763,0.0921947409854287,1
1,197595897,823068,0.806323528289795,0.580911099910736,3,4765,0.768931518266228,1
1,197611680,131610,0.974521994590759,0.451667606830597,3,4767,0.976767736388894,1
1,197622726,900036,0.842607200145721,0.430143475532532,3,4769,0.861901379473226,1
1,197623986,922088,0.833906888961792,0.552995502948761,3,4771,0.814215391417898,1
1,197627397,498895,0.911012411117554,0.643427431583405,3,4773,0.875218122810727,1
1,197633261,404968,0.112605884671211,0.665632903575897,3,4775,0.0845855756726212,1
1,197640489,636653,0.861290991306305,0.568366587162018,3,4777,0.839320816498327,1
1,197644835,168769,0.0992529764771461,0.662813186645508,3,4779,0.0748725119512669,1
1,197653781,62831,0.0621448084712029,0.520808577537537,3,4781,0.0596618519274712,1
1,197662901,78327,0.879655718803406,0.576196491718292,3,4783,0.858018776573459,1
1,197672820,4553,0.761793911457062,0.435301870107651,3,4785,0.78908546360128,1
1,197685627,390461,0.166695892810822,0.389368861913681,3,4787,0.214059095521326,1
1,197692983,428433,0.943605601787567,0.595476686954498,3,4789,0.930295243322491,1
1,197706997,107047,0.0583161450922489,0.428335905075073,3,4791,0.0680729124050761,1
1,197738018,144678,0.0700284540653229,0.453368246555328,3,4793,0.077231317584983,1
1,197762985,498897,0.928152561187744,0.445174068212509,3,4795,0.935252270400571,1
1,197787205,498898,0.132373243570328,0.364380091428757,3,4797,0.181641706948484,1
1,197811481,204333,0.141985341906548,0.475173741579056,3,4799,0.149403607020365,1
1,197823929,432537,0.983681201934814,0.54254937171936,3,4801,0.982163323147548,1
1,197855081,628826,0.103188715875149,0.471622079610825,3,4803,0.10939767277255,1
1,197895096,176226,0.836900115013123,0.482570111751556,3,4805,0.842394217370214,1
1,197901221,720989,0.085066668689251,0.589131116867065,3,4807,0.0721967200965603,1
1,197921296,416823,0.105327472090721,0.414727240800858,3,4809,0.126984029174608,1
1,197928472,295739,0.814050018787384,0.472631484270096,3,4811,0.823700149263507,1
1,197946615,743045,0.630190849304199,0.68225371837616,3,4813,0.461844935637818,1
1,197957485,764805,0.902328312397003,0.680052518844605,3,4815,0.847362937113484,1
1,197975413,79989,0.829564929008484,0.360816568136215,3,4817,0.866677496243491,1
1,198021109,4567,0.862507462501526,0.433638006448746,3,4819,0.878617792980461,1
1,198044372,215481,0.162964820861816,0.543403267860413,3,4821,0.149948326133068,1
1,198052144,776867,0.231279864907265,0.624259889125824,3,4823,0.185243252799035,1
1,198088724,290965,0.950930774211884,0.620106339454651,3,4825,0.935417156319908,1
1,198113976,196654,0.104481749236584,0.508377611637116,3,4827,0.102759982781425,1
1,198172451,650282,0.123911656439304,0.577388644218445,3,4829,0.107303510105426,1
1,198197946,200763,0.0687344670295715,0.434131920337677,3,4831,0.0791631112682389,1
1,198217173,656595,0.290353059768677,0.419055342674255,3,4833,0.346437606445668,1
1,198226598,901803,0.0408040694892406,0.312482535839081,3,4835,0.0652901599439361,1
1,198236026,778986,0.34708496928215,0.533171355724335,3,4837,0.325491012932063,1
1,198246532,4569,0.839328289031982,0.575500130653381,3,4839,0.81075175451135,1
1,198264026,760333,0.0249992292374373,0.566311001777649,3,4841,0.0220719967994306,1
1,198266678,484027,0.344237208366394,0.333774089813232,3,4843,0.507852530495421,1
1,198281413,740846,0.0268688760697842,0.369686305522919,3,4845,0.0363401019572233,1
1,198283083,640498,0.923230111598969,0.544362604618073,3,4847,0.915755500778551,1
1,198292509,590375,0.891735017299652,0.576974391937256,3,4849,0.872034954105793,1
1,198327679,887579,0.819965779781342,0.436818093061447,3,4851,0.840163348644028,1
1,198334692,566581,0.109305553138256,0.540150761604309,3,4853,0.101180597074052,1
1,198338259,4570,0.0977865681052208,0.510171592235565,3,4855,0.0958369395645114,1
1,198347782,455951,0.129873678088188,0.519445836544037,3,4857,0.125011761526727,1
1,198349309,218450,0.794155716896057,0.491838663816452,3,4859,0.797461683478422,1
1,198350164,229888,0.877246618270874,0.428710132837296,3,4861,0.892564712954934,1
1,198351516,145091,0.850521206855774,0.498648107051849,3,4863,0.850924275696626,1
1,198352337,247596,0.084682822227478,0.483707904815674,3,4865,0.0875350820034128,1
1,198368543,707232,0.671712338924408,0.3656285405159,3,4867,0.741249660457163,1
1,198408424,794216,0.902570009231567,0.658974885940552,3,4869,0.857151296558985,1
1,198408940,85598,0.797687709331513,0.600794434547424,3,4871,0.746606375039977,1
1,198414217,458222,0.616890013217926,0.510668694972992,3,4873,0.608537219214977,1
1,198466594,107029,0.0772624090313911,0.457130283117294,3,4875,0.0845080843304867,1
1,198470428,154672,0.810130834579468,0.641578435897827,3,4877,0.735131498161746,1
1,198472449,447268,1.00202739238739,0.436869591474533,3,4879,1.00180010913697,1
1,198474806,698405,0.782177090644836,0.458518236875534,3,4881,0.798864039207638,1
1,198552503,464581,0.956359386444092,0.622472107410431,3,4883,0.942202133388655,1
1,198556233,784964,0.852528274059296,0.43298065662384,3,4885,0.869958822689694,1
1,198567087,403781,0.88598757982254,0.484966456890106,3,4887,0.889315539053024,1
1,198575004,180827,0.28159973025322,0.54996383190155,3,4889,0.256016590472471,1
1,198588985,373622,0.980368435382843,0.627550780773163,3,4891,0.973645313772023,1
1,198589767,277364,0.0480303950607777,0.501766800880432,3,4893,0.0478612723844029,1
1,198596098,379332,0.86292177438736,0.490503996610642,3,4895,0.865476642897349,1
1,198597102,881964,0.808998763561249,0.582228660583496,3,4897,0.77140457181012,1
1,198603043,230675,0.940384268760681,0.53231292963028,3,4899,0.936265363085416,1
1,198646592,622589,0.439575284719467,0.608916699886322,3,4901,0.360948619738571,1
1,198658184,486961,0.0946366116404533,0.499449580907822,3,4903,0.0947409060474509,1
1,198666329,102734,0.916584432125092,0.604257583618164,3,4905,0.894608760115287,1
1,198692056,687251,0.872427463531494,0.55892676115036,3,4907,0.855383953012852,1
1,198713508,751086,0.699460387229919,0.485082179307938,3,4909,0.708167400026913,1
1,198724509,670662,0.078519344329834,0.530619025230408,3,4911,0.0739884367091238,1
1,198736293,4585,0.770687460899353,0.403552234172821,3,4913,0.807768129718261,1
1,198738087,62835,0.0529777184128761,0.42086273431778,3,4915,0.0629394266740595,1
1,198773719,248467,0.990062415599823,0.485939383506775,3,4917,0.990334228998159,1
1,198819011,563132,0.902174592018127,0.459392875432968,3,4919,0.90952264265827,1
1,198824390,100418,0.0591285042464733,0.440386116504669,3,4921,0.0671325707492489,1
1,198832376,629691,0.337088346481323,0.530120551586151,3,4923,0.31793555774506,1
1,198842417,498919,0.854418218135834,0.337853640317917,3,4925,0.890068275891402,1
1,198860628,920726,0.110457837581635,0.523687839508057,3,4927,0.105461526169289,1
1,198864311,691339,0.92938905954361,0.559672594070435,3,4929,0.919819957257344,1
1,198888740,138494,0.101527996361256,0.473913490772247,3,4931,0.107116592308667,1
1,198896751,668005,0.804518818855286,0.518847465515137,3,4933,0.796861528170061,1
1,198907415,407279,0.168944284319878,0.520865380764008,3,4935,0.162176534051917,1
1,198912696,4592,0.129464209079742,0.562973201274872,3,4937,0.11498256825242,1
1,198939322,355283,0.0999130606651306,0.456215888261795,3,4939,0.109501952075589,1
1,198949247,262010,0.0729668810963631,0.566120684146881,3,4941,0.0644446344566273,1
1,199110391,909031,0.345816105604172,0.330673366785049,3,4943,0.511311920120665,1
1,199124397,4596,0.958787858486176,0.554231345653534,3,4945,0.953774069674947,1
1,199148218,267824,0.194597482681274,0.522457778453827,3,4947,0.186232735645329,1
1,199159673,802871,0.229278475046158,0.528558969497681,3,4949,0.216890156328303,1
1,199186985,445841,0.205179512500763,0.421984970569611,3,4951,0.243112346185937,1
1,199198928,307828,0.0682263821363449,0.452877193689346,3,4953,0.075325477951916,1
1,199202489,344100,0.205676048994064,0.616782903671265,3,4955,0.166732936151296,1
1,199230905,580050,0.690934479236603,0.437072396278381,3,4957,0.72548377560444,1
1,199265154,492767,0.108767159283161,0.457703471183777,3,4959,0.118818368366152,1
1,199268796,404607,0.235223010182381,0.543936967849731,3,4961,0.216222672925003,1
1,199272429,829563,0.263346910476685,0.642732203006744,3,4963,0.204865190544935,1
1,199287350,770114,0.912535607814789,0.613985121250153,3,4965,0.886708522132004,1
1,199299360,339213,0.0701266899704933,0.46716171503067,3,4967,0.0750561183785034,1
1,199306503,82887,0.369487017393112,0.458626449108124,3,4969,0.402819133209218,1
1,199307987,187503,0.0511482767760754,0.384209662675858,3,4971,0.0665629755637186,1
1,199313758,931936,0.751123070716858,0.488591760396957,3,4973,0.756674892961911,1
1,199315909,658989,0.659187436103821,0.668244242668152,3,4975,0.493223430905915,1
1,199316530,631130,0.182612463831902,0.563084423542023,3,4977,0.162153716385189,1
1,199318906,340264,0.668101668357849,0.685985565185547,3,4979,0.486964815489331,1
1,199327488,611159,0.326326459646225,0.539658427238464,3,4981,0.302345375496219,1
1,199333503,355954,0.871241271495819,0.549660742282867,3,4983,0.857042522611856,1
1,199334921,642744,0.222988978028297,0.450858414173126,3,4985,0.247293796698082,1
1,199352619,4600,0.141799971461296,0.545057833194733,3,4987,0.13007791359512,1
1,199379020,236324,0.794884979724884,0.539332449436188,3,4989,0.77737196811011,1
1,199380819,455977,0.784134984016419,0.464879900217056,3,4991,0.798302272638291,1
1,199383377,588074,0.167355209589005,0.546861827373505,3,4993,0.153014163004197,1
1,199404150,644694,1.00204288959503,0.645524859428406,3,4995,1.00288156962395,1
1,199405940,719549,0.128498911857605,0.377103060483933,3,4997,0.170376384233933,1
1,199421670,844503,0.182655498385429,0.431483507156372,3,4999,0.211659884278305,1
1,199422325,693842,0.795121192932129,0.584511637687683,3,5001,0.753448200176222,1
1,199463617,636369,0.1105582639575,0.452356249094009,3,5003,0.122202649105577,1
1,199479271,352378,0.627137660980225,0.617630779743195,3,5005,0.512431546177599,1
1,199502764,258955,0.690050363540649,0.457532316446304,3,5007,0.714315114193645,1
1,199503300,376464,0.202728807926178,0.480882585048676,3,5009,0.210788261240171,1
1,199504430,308244,0.164832562208176,0.543850600719452,3,5011,0.151542134908117,1
1,199507386,498930,0.101894333958626,0.566175818443298,3,5013,0.0899847102608378,1
1,199517939,330095,0.120095238089561,0.392696440219879,3,5015,0.152911034821601,1
1,199526604,283840,0.874472141265869,0.548050820827484,3,5017,0.861126134841131,1
1,199531525,364781,0.100924380123615,0.532658278942108,3,5019,0.094736516931697,1
1,199533806,787604,0.13811856508255,0.470573365688324,3,5021,0.146755612571187,1
1,199535936,538905,0.708906710147858,0.480347096920013,3,5023,0.719915651267577,1
1,199536536,4606,0.857493162155151,0.476721674203873,3,5025,0.863832657670241,1
1,199552941,168330,0.821682393550873,0.621368169784546,3,5027,0.76452375075326,1
1,199557413,120398,0.149556085467339,0.510194301605225,3,5029,0.146567773294204,1
1,199567676,183671,0.878012597560883,0.518439471721649,3,5031,0.873341568426258,1
1,199569963,426604,0.174883767962456,0.379425346851349,3,5033,0.230458731096544,1
1,199574363,916341,0.263694882392883,0.334660172462463,3,5035,0.393974102822857,1
1,199581247,682381,0.667304337024689,0.45499861240387,3,5037,0.694775398240038,1
1,199589501,874207,0.14414544403553,0.623267650604248,3,5039,0.11563687277511,1
1,199598287,403667,0.113559231162071,0.496474355459213,3,5041,0.114365656466823,1
1,199611975,252499,0.351189762353897,0.480983763933182,3,5043,0.365074446049996,1
1,199636870,792318,0.705068588256836,0.664405703544617,3,5045,0.560583396591821,1
1,199660932,498933,0.627052128314972,0.52525007724762,3,5047,0.60721650092869,1
1,199669671,669706,0.733966410160065,0.695608854293823,3,5049,0.563007016477522,1
1,199688824,164714,0.175264850258827,0.56013959646225,3,5051,0.156447474313342,1
1,199690705,4608,0.26111763715744,0.542020261287689,3,5053,0.240874424635988,1
1,199693665,871589,0.736356198787689,0.677469372749329,3,5055,0.591288735182029,1
1,199867466,242303,0.893227100372315,0.524366796016693,3,5057,0.887757100709654,1
1,199872339,684309,0.391024768352509,0.343234211206436,3,5059,0.536383257137876,1
1,199872739,62840,0.879177629947662,0.579054296016693,3,5061,0.85648698999773,1
1,199876870,62842,0.821991920471191,0.430829077959061,3,5063,0.84362511098555,1
1,199895200,538908,0.957674145698547,0.63837867975235,3,5065,0.941477656416294,1
1,199895872,885361,0.693324327468872,0.469742923974991,3,5067,0.71082359255809,1
1,199945703,904857,0.221853375434876,0.315477758646011,3,5069,0.351614922692238,1
1,199959494,226850,0.895558297634125,0.558486878871918,3,5071,0.881722991494542,1
1,199969449,633369,0.124007828533649,0.457468509674072,3,5073,0.135537010648012,1
1,199979371,426406,0.197165295481682,0.426384091377258,3,5075,0.231206205237185,1
1,200021343,118448,0.148616105318069,0.487177163362503,3,5077,0.152527783006411,1
1,200064319,212056,0.134427934885025,0.508553862571716,3,5079,0.132166860561469,1
1,200092963,561855,0.891363084316254,0.497432917356491,3,5081,0.891917995193483,1
1,200113312,342432,0.199827656149864,0.665918707847595,3,5083,0.15003907668832,1
1,200141335,818135,0.686619579792023,0.511367678642273,3,5085,0.679329010269716,1
1,200190428,868824,0.633373379707336,0.688057541847229,3,5087,0.460261926645639,1
1,200232608,871787,0.730354309082031,0.512048900127411,3,5089,0.723695990245358,1
1,200241065,231501,0.0728756189346314,0.39667621254921,3,5091,0.0918578132859312,1
1,200262017,313407,0.176934778690338,0.473494797945023,3,5093,0.186839200196326,1
1,200272911,859100,0.384798139333725,0.420908629894257,3,5095,0.457104121897425,1
1,200294378,627625,0.644452214241028,0.666602253913879,3,5097,0.483385865002106,1
1,200303630,803830,0.715606391429901,0.393603265285492,3,5099,0.765505326554907,1
1,200304618,584594,0.856476008892059,0.544959902763367,3,5101,0.842295226311337,1
1,200318636,361885,0.115371204912663,0.57214742898941,3,5103,0.100822968929917,1
1,200322578,882084,0.875831842422485,0.376596182584763,3,5105,0.90041113471815,1
1,200373420,93461,0.267892301082611,0.588750123977661,3,5107,0.227509337299754,1
1,200510680,498942,0.0717624947428703,0.4752616584301,3,5109,0.0754978793996539,1
1,200542253,207943,0.202167391777039,0.477192282676697,3,5111,0.21183011452221,1
1,200550124,555131,0.219209462404251,0.529301762580872,3,5113,0.207074185182558,1
1,200552732,198381,0.935111165046692,0.505799829959869,3,5115,0.934349643234604,1
1,200557609,915242,0.845841586589813,0.441817790269852,3,5117,0.861910312866551,1
1,200599182,748661,0.928114473819733,0.421356081962585,3,5119,0.937884488249629,1
1,200637620,489159,0.150365561246872,0.515989899635315,3,5121,0.145705915322321,1
1,200672294,4622,0.0330200269818306,0.345874726772308,3,5123,0.0477340846640811,1
1,200798269,377179,0.915330827236176,0.523614346981049,3,5125,0.911133792309593,1
1,200892426,123835,0.551832675933838,0.644506573677063,3,5127,0.428104769192269,1
1,200940820,4625,0.810328662395477,0.440384268760681,3,5129,0.830534305044929,1
1,200951491,780145,0.132533773779869,0.364575058221817,3,5131,0.181764729636595,1
1,200962042,498949,0.936587154865265,0.691805601119995,3,5133,0.897122002597742,1
1,201001202,762479,0.0707218497991562,0.476771712303162,3,5135,0.0741674138525513,1
1,201028446,98867,0.768682420253754,0.543057382106781,3,5137,0.746885527101018,1
1,201077185,609862,0.834587454795837,0.41886293888092,3,5139,0.85768198565272,1
1,201108341,222496,0.635423004627228,0.393316894769669,3,5141,0.699532595988182,1
1,201112011,618272,0.881031453609467,0.428315579891205,3,5143,0.895949109153707,1
1,201114552,354666,0.511617958545685,0.568687736988068,3,5145,0.44982327318623,1
1,201120216,229908,0.824341177940369,0.441450625658035,3,5147,0.842754436645303,1
1,201126690,350722,0.0361557640135288,0.344255566596985,3,5149,0.0525129693194705,1
1,201145115,184818,0.86515885591507,0.415439456701279,3,5151,0.884664517960782,1
1,201157668,662552,0.815755248069763,0.602584421634674,3,5153,0.768196364259192,1
1,201175159,839013,0.102076679468155,0.42928159236908,3,5155,0.118892448782655,1
1,201198581,498953,0.13968950510025,0.480891466140747,3,5157,0.145240158056128,1
1,201200615,700133,0.0233927350491285,0.44898596405983,3,5159,0.0260506306673891,1
1,201244655,155982,0.90682989358902,0.412737905979157,3,5161,0.920674169710949,1
1,201260522,570693,0.185839310288429,0.364631921052933,3,5163,0.25483137865685,1
1,201270264,692068,0.288412570953369,0.300844699144363,3,5165,0.479337963696298,1
1,201290284,133109,0.771322250366211,0.555817723274231,3,5167,0.742585688785855,1
1,201297938,498957,0.234240874648094,0.515896499156952,3,5169,0.227023128700114,1
1,201301988,278894,0.0874799489974976,0.557080149650574,3,5171,0.0785164837163638,1
1,201302316,878349,0.767078042030335,0.53481262922287,3,5173,0.749647160905774,1
1,201313157,565638,0.0839891135692596,0.59206086397171,3,5175,0.0709294590135862,1
1,201313402,188770,0.80853682756424,0.539211273193359,3,5177,0.792244079230585,1
1,201320904,773157,0.586966574192047,0.556765973567963,3,5179,0.534068459124398,1
1,201349774,273812,0.696642220020294,0.475156843662262,3,5181,0.711001490334291,1
1,201359824,193004,0.597094595432282,0.344069510698319,3,5183,0.692874922618203,1
1,201366921,463651,0.989832580089569,0.498485952615738,3,5185,0.98986327505335,1
1,201367652,427721,0.0656526908278465,0.513954043388367,3,5187,0.0638701958593567,1
1,201373013,905183,0.0880400761961937,0.388293027877808,3,5189,0.113368087855416,1
1,201377927,350924,0.960452497005463,0.441221356391907,3,5191,0.964612549667991,1
1,201400116,811815,0.329372316598892,0.323821425437927,3,5193,0.50410460444163,1
1,201429990,708731,0.698268830776215,0.623594582080841,3,5195,0.599193907872245,1
1,201475319,559030,0.120885752141476,0.638934254646301,3,5197,0.0945995235522277,1
1,201503095,99088,0.804202139377594,0.551653742790222,3,5199,0.781644368081795,1
1,201505330,62852,0.090570367872715,0.435492634773254,3,5201,0.10398610750314,1
1,201515064,834629,0.923435032367706,0.430714696645737,3,5203,0.932753430326439,1
1,201527123,4638,0.113819055259228,0.455659419298172,3,5205,0.124894878102747,1
1,201533738,838894,0.62528395652771,0.599257111549377,3,5207,0.532473246223981,2
1,201569948,667154,0.399745374917984,0.328725874423981,3,5209,0.552899030208457,2
1,201601462,650656,0.54281210899353,0.550419330596924,3,5211,0.493089612609405,2
1,201616853,854355,0.59124094247818,0.505844950675964,3,5213,0.586406070239523,2
1,201620314,209676,0.53903990983963,0.490204483270645,3,5215,0.547897073401404,2
1,201633486,673641,0.544162452220917,0.551360011100769,3,5217,0.493472904513439,2
1,201673488,691012,0.762744009494782,0.663698256015778,3,5219,0.6472572700718,2
1,201752430,930698,0.661592423915863,0.541705846786499,3,5221,0.630796537866275,2
1,201756861,566840,0.465399354696274,0.626190543174744,3,5223,0.371611612287157,2
1,201776671,842428,0.573459088802338,0.513924837112427,3,5225,0.561239759028462,2
1,201865815,492701,0.361416280269623,0.439062148332596,3,5227,0.411577588323379,2
1,201886675,81462,0.431791067123413,0.481705605983734,3,5229,0.44818978828533,2
1,201909344,829301,0.591536641120911,0.645235061645508,3,5231,0.45838848218535,2
1,202000202,875198,0.464803785085678,0.575634121894836,3,5233,0.403731960464458,2
1,202007733,694404,0.560577034950256,0.682996571063995,3,5235,0.410380563168107,2
1,202051411,352179,0.536782741546631,0.691893875598908,3,5237,0.387908290908045,2
1,202068621,165418,0.487571060657501,0.511790275573731,3,5239,0.476338730851149,2
1,202096179,452100,0.600324630737305,0.619353652000427,3,5241,0.484638000275237,2
1,202102354,83428,0.596717298030853,0.491834670305252,3,5243,0.603197347001815,2
1,202104200,321452,0.26873180270195,0.515139102935791,3,5245,0.260834210769907,2
1,202109044,442680,0.44134196639061,0.527869462966919,3,5247,0.418040820082699,2
1,202147705,93220,0.579702794551849,0.474343329668045,3,5249,0.600216996026389,2
1,202281856,914249,0.359405666589737,0.440145045518875,3,5251,0.4082809408499,2
1,202323744,751565,0.346567660570145,0.372371762990952,3,5253,0.465351692870662,2
1,202328367,720871,0.670964062213898,0.575520157814026,3,5255,0.612424542833833,2
1,202336581,222185,0.61852365732193,0.661368012428284,3,5257,0.467609292934318,2
1,202347819,498978,0.764798283576965,0.559717655181885,3,5259,0.732896720489441,2
1,202349561,4656,0.557998239994049,0.451563358306885,3,5261,0.597034801831058,2
1,202371798,390789,0.406690627336502,0.523009777069092,3,5263,0.388798302792317,2
1,202382209,825668,0.354374170303345,0.348039031028748,3,5265,0.504858526488628,2
1,202391271,226639,0.358334124088287,0.454820662736893,3,5267,0.393929029006735,2
1,202391712,498979,0.418677449226379,0.514638066291809,3,5269,0.406768830999165,2
1,202396750,793174,0.387988030910492,0.42773899435997,3,5271,0.453533622169569,2
1,202398254,859803,0.384478688240051,0.462408035993576,3,5273,0.415735301197699,2
1,202399261,158146,0.417333096265793,0.530504882335663,3,5275,0.393335773299949,2
1,202423791,139992,0.752037763595581,0.593923687934876,3,5277,0.694685174883272,2
1,202442202,227447,0.409351676702499,0.519307911396027,3,5279,0.394131947270033,2
1,202457131,102358,0.519072592258453,0.482251822948456,3,5281,0.535558569727549,2
1,202462579,80289,0.61686772108078,0.462543725967407,3,5283,0.643568884176812,2
1,202462950,120678,0.617821037769318,0.583078384399414,3,5285,0.541665689748247,2
1,202464248,710454,0.416234582662582,0.485256493091583,3,5287,0.42888100271543,2
1,202466883,190846,0.346870630979538,0.440676748752594,3,5289,0.393565841585029,2
1,202470274,284722,0.755963623523712,0.666063666343689,3,5291,0.634606432603031,2
1,202480337,296007,0.639026820659638,0.43029710650444,3,5293,0.683191727247936,2
1,202486855,141650,0.385174125432968,0.425389677286148,3,5295,0.452730926488693,2
1,202499595,645501,0.628238260746002,0.485323339700699,3,5297,0.638839520100051,2
1,202505026,284700,0.318834751844406,0.442966550588608,3,5299,0.359885810137067,2
1,202516700,468268,0.459335476160049,0.549721896648407,3,5301,0.417788957435175,2
1,202521078,131429,0.434237420558929,0.549956142902374,3,5303,0.394792772262945,2
1,202527683,374919,0.471628606319428,0.563262820243835,3,5305,0.41865767575007,2
1,202544773,236536,0.643258452415466,0.530965864658356,3,5307,0.619706199715418,2
1,202549507,749832,0.656437337398529,0.571862876415253,3,5309,0.598770296155521,2
1,202550443,4661,0.413255453109741,0.502210378646851,3,5311,0.411436591795665,2
1,202551515,538913,0.411189258098602,0.514384150505066,3,5313,0.39969083193452,2
1,202555150,689486,0.366491377353668,0.461888045072556,3,5315,0.396731828484647,2
1,202556526,149263,0.408142060041428,0.554296553134918,3,5317,0.368162184784581,2
1,202558356,4662,0.754961133003235,0.658194124698639,3,5319,0.641552581884789,2
1,202558443,432555,0.420618057250977,0.567040205001831,3,5321,0.370889095288771,2
1,202573278,353691,0.517350494861603,0.475258439779282,3,5323,0.540107415033618,2
1,202578986,807301,0.60044127702713,0.644840002059937,3,5325,0.465573843983798,2
1,202585606,414323,0.334202259778976,0.437837272882462,3,5327,0.381651221216031,2
1,202589862,498985,0.666776597499847,0.579775452613831,3,5329,0.603517447311409,2
1,202612015,635995,0.494737684726715,0.490437537431717,3,5331,0.504219450617815,2
1,202621867,782694,0.697930574417114,0.624125838279724,3,5333,0.598177453591922,2
1,202669934,498990,0.146658509969711,0.331992387771606,3,5335,0.220876314294599,2
1,202701550,175318,0.727815389633179,0.683501899242401,3,5337,0.570005934134683,2
1,202723959,723722,0.39125058054924,0.466872036457062,3,5339,0.419012652287243,2
1,202724789,498994,0.271799087524414,0.388052642345428,3,5341,0.350209041074471,2
1,202756180,172888,0.474398165941238,0.567190885543823,3,5343,0.418199743712723,2
1,202778818,177709,0.334095329046249,0.41612696647644,3,5345,0.401434364942995,2
1,202781922,214282,0.332848727703095,0.40512627363205,3,5347,0.410796274355437,2
1,202785810,815303,0.421151906251907,0.487284183502197,3,5349,0.43214198255422,2
1,202809203,364893,0.432579576969147,0.563115298748016,3,5351,0.384095031631096,2
1,202827300,450786,0.698235213756561,0.651229441165924,3,5353,0.567387816144481,2
1,202828240,615212,0.435142368078232,0.5130655169487,3,5355,0.424061210219416,2
1,202835999,185040,0.631753027439117,0.53249591588974,3,5357,0.606156411166205,2
1,202844931,210943,0.648867189884186,0.519865572452545,3,5359,0.634339062177426,2
1,202845996,325265,0.320841819047928,0.470499366521835,3,5361,0.340958821496137,2
1,202846762,358917,0.395523577928543,0.314939677715302,3,5363,0.558815185752177,2
1,202852361,231984,0.685165047645569,0.608508825302124,3,5365,0.597902874059169,2
1,202862522,290319,0.775826930999756,0.666943252086639,3,5367,0.663461151283205,2
1,202877521,327504,0.351356774568558,0.498736172914505,3,5369,0.35224713350478,2
1,202879427,395737,0.394843578338623,0.471430152654648,3,5371,0.418772087567202,2
1,202882023,106093,0.576829254627228,0.492688238620758,3,5373,0.582928311949356,2
1,202885196,674738,0.45213794708252,0.305221885442734,3,5375,0.60572876329978,2
1,202896359,234541,0.687810242176056,0.608662724494934,3,5377,0.601124429788822,2
1,202898956,243196,0.365870416164398,0.476994633674622,3,5379,0.383516281248118,2
1,202937206,606575,0.558055102825165,0.490822643041611,3,5381,0.566020669286211,2
1,202947200,219347,0.393756479024887,0.488476455211639,3,5383,0.403045504879336,2
1,202948860,483311,0.371131658554077,0.502461791038513,3,5385,0.369313314139771,2
1,202949034,399625,0.571723759174347,0.461286842823029,3,5387,0.602500667451713,2
1,202950500,272390,0.493347197771072,0.537494659423828,3,5389,0.458932185763408,2
1,202959659,711452,0.671059429645538,0.561815321445465,3,5391,0.624655326334598,2
1,202972140,734769,0.342559516429901,0.5097895860672,3,5393,0.335981281093437,2
1,202979426,566315,0.454262465238571,0.321925640106201,3,5395,0.597582826427102,2
1,202992269,595839,0.467718780040741,0.451400399208069,3,5397,0.514872760396759,2
1,203001430,797851,0.804788887500763,0.688735246658325,3,5399,0.686422715062514,2
1,203012925,239475,0.620361268520355,0.477283477783203,3,5401,0.636859831912689,2
1,203035583,165436,0.289942890405655,0.353661894798279,3,5403,0.409915366442054,2
1,203045470,219726,0.736778020858765,0.64182460308075,3,5405,0.632551563556195,2
1,203049170,4671,0.373563230037689,0.44753560423851,3,5407,0.417355877945525,2
1,203054937,891773,0.34308472275734,0.442865312099457,3,5409,0.387346573985333,2
1,203055508,788622,0.585789442062378,0.643398225307465,3,5411,0.455230850055922,2
1,203057540,609988,0.426206141710281,0.529738962650299,3,5413,0.402279397741446,2
1,203058349,81741,0.253913134336472,0.425704479217529,3,5415,0.298226993997314,2
1,203058789,205460,0.651631295681,0.659995198249817,3,5417,0.493663664075893,2
1,203059618,220907,0.435908704996109,0.356709808111191,3,5419,0.561557674812651,2
1,203063187,62855,0.446524858474731,0.57879364490509,3,5421,0.385737527014444,2
1,203074793,225776,0.595321893692017,0.472988069057465,3,5423,0.616063619675331,2
1,203076199,556689,0.608024001121521,0.461397051811218,3,5425,0.636117848782095,2
1,203085686,498999,0.530198454856873,0.424615144729614,3,5427,0.591750164398785,2
1,203087836,684254,0.331089854240418,0.475100308656693,3,5429,0.348442053401888,2
1,203096694,551459,0.320251911878586,0.48183286190033,3,5431,0.332326764321891,2
1,203119516,769616,0.354552358388901,0.451860427856445,3,5433,0.392325081520019,2
1,203127591,475993,0.590650141239166,0.518027484416962,3,5435,0.575339002198449,2
1,203128442,842808,0.350004732608795,0.453455984592438,3,5437,0.385930216494305,2
1,203129929,4673,0.240420490503311,0.42268830537796,3,5439,0.284394537824191,2
1,203137681,795054,0.395677268505096,0.413473874330521,3,5441,0.478479165274663,2
1,203168031,831995,0.49176836013794,0.542414128780365,3,5443,0.453314482463515,2
1,203173545,62856,0.340238034725189,0.435878753662109,3,5445,0.390289767356887,2
1,203173666,62857,0.596071422100067,0.471840173006058,3,5447,0.617607628169185,2
1,203175681,84577,0.538928091526032,0.464425712823868,3,5449,0.569553729973656,2
1,203179466,499000,0.419475495815277,0.536427140235901,3,5451,0.390990187065113,2
1,203193759,266834,0.70959997177124,0.582169055938721,3,5453,0.65249099862483,2
1,203195082,794572,0.305427253246307,0.341535180807114,3,5455,0.447138787466234,2
1,203203458,631497,0.401910871267319,0.530775666236877,3,5457,0.37860709979115,2
1,203214325,827729,0.421445518732071,0.504003167152405,3,5459,0.418098085685869,2
1,203222948,418640,0.560838878154755,0.452045142650604,3,5461,0.599272534995323,2
1,203229028,772628,0.362916737794876,0.50937831401825,3,5463,0.356234970951152,2
1,203233879,179678,0.416767060756683,0.494130700826645,3,5465,0.421717432310381,2
1,203235410,406124,0.47258734703064,0.481446385383606,3,5467,0.490799558765087,2
1,203236209,367159,0.397394448518753,0.517574608325958,3,5469,0.383900641691141,2
1,203237118,343964,0.511913239955902,0.620889604091644,3,5471,0.412241754880746,2
1,203238075,278876,0.478610664606094,0.43182972073555,3,5473,0.541168066667537,2
1,203242761,886569,0.621911764144898,0.549968183040619,3,5475,0.57993166082163,2
1,203249336,499003,0.539681255817413,0.412310361862183,3,5477,0.608365781604407,2
1,203251195,445615,0.544327855110169,0.476026266813278,3,5479,0.565176538412996,2
1,203256534,752923,0.36946177482605,0.356274634599686,3,5481,0.510242830976657,2
1,203260733,4678,0.598219096660614,0.522425770759583,3,5483,0.579352403522256,2
1,203287326,884811,0.668203115463257,0.643573820590973,3,5485,0.534550344917313,2
1,203310962,588411,0.504244208335877,0.631588280200958,3,5487,0.399187432812588,2
1,203320737,673638,0.616234838962555,0.537960290908814,3,5489,0.584705433876781,2
1,203322924,916217,0.332958608865738,0.505932927131653,3,5491,0.329054100860188,2
1,203331299,924375,0.184289440512657,0.315086185932159,3,5493,0.292442907275434,2
1,203337145,492254,0.62489926815033,0.471041619777679,3,5495,0.645434550359127,2
1,203358353,408513,0.372255951166153,0.397659420967102,3,5497,0.468058760258756,2
1,203378384,811451,0.617688715457916,0.411829590797424,3,5499,0.674999559175027,2
1,203411628,645613,0.638764798641205,0.699003040790558,3,5501,0.456911316092971,2
1,203480506,478031,0.318074375391006,0.564316689968109,3,5503,0.281822583883689,1
1,203485048,212940,0.805710732936859,0.515884339809418,3,5505,0.799335899414352,1
1,203506874,264702,0.22160117328167,0.504230499267578,3,5507,0.219741937073974,1
1,203522061,849292,0.291138350963593,0.567395210266113,3,5509,0.256556933946487,1
1,203529126,633753,0.204843536019325,0.386050194501877,3,5511,0.265306868040355,1
1,203529745,188773,0.345380902290344,0.554389178752899,3,5513,0.311496792801115,2
1,203585606,499012,0.367642402648926,0.324196696281433,3,5515,0.53214375109476,2
1,203611020,755695,0.400108098983765,0.42664760351181,3,5517,0.468897628499968,2
1,203643577,862743,0.282969623804092,0.562182784080505,3,5519,0.251670481395932,2
1,203705537,260953,0.351636201143265,0.509895384311676,3,5521,0.344812104563321,2
1,203737167,678367,0.674211442470551,0.690461218357086,3,5523,0.488232665749714,2
1,203776999,466595,0.217707484960556,0.378664135932922,3,5525,0.287467790452594,2
1,203784233,236803,0.424678564071655,0.548998117446899,3,5527,0.386775974794423,2
1,203802162,693476,0.57332855463028,0.338217407464981,3,5529,0.677634732174417,2
1,203810390,803615,0.285620242357254,0.437344402074814,3,5531,0.326539268597286,2
1,203820718,685703,0.694043695926666,0.531008303165436,3,5533,0.673814796574896,2
1,203825025,289310,0.224793940782547,0.332829296588898,3,5535,0.337701553148139,2
1,203831086,762038,0.318560689687729,0.323284447193146,3,5537,0.492694115744772,2
1,203834613,4686,0.298148483037949,0.473863363265991,3,5539,0.314593304895984,2
1,203869300,754328,0.348435342311859,0.487989008426666,3,5541,0.357011465724664,2
1,203877397,709834,0.310396790504456,0.573019146919251,3,5543,0.270843297447613,2
1,203878749,203242,0.261153638362885,0.452631592750549,3,5545,0.288483661487157,2
1,203954913,569618,0.306281954050064,0.316211432218552,3,5547,0.484299305532975,2
1,204078451,775120,0.7121302485466,0.629209637641907,3,5549,0.611816027764784,2
1,204087777,568996,0.574858725070953,0.424022138118744,3,5551,0.630939569846962,2
1,204145311,881550,0.564700841903687,0.548140108585358,3,5553,0.518325075574292,2
1,204182290,251475,0.404799461364746,0.576156675815582,3,5555,0.351292867336588,2
1,204187303,625113,0.676276445388794,0.687103807926178,3,5557,0.49212101402111,2
1,204723804,758026,0.350768238306046,0.313129812479019,3,5559,0.527398500117518,2
1,204734862,833072,0.785600006580353,0.501798152923584,3,5561,0.784826175697858,1
1,204736581,743288,0.396378219127655,0.562531530857086,3,5563,0.352316445732139,1
1,204743006,812479,0.325826227664948,0.487592697143555,3,5565,0.334117214607317,1
1,204786441,683500,0.754149317741394,0.485965430736542,3,5567,0.760861723161074,1
1,204794657,250503,0.301861137151718,0.459338694810867,3,5569,0.328582308176769,1
1,204800667,263022,0.282710134983063,0.462995827198029,3,5571,0.305305273153298,1
1,204812348,275787,0.772343635559082,0.547939479351044,3,5573,0.748201453077449,1
1,204815463,166168,0.604551732540131,0.472803384065628,3,5575,0.624951815406667,1
1,204822606,718095,0.354976981878281,0.366878092288971,3,5577,0.483780565450994,1
1,204834561,358817,0.808259665966034,0.583781898021698,3,5579,0.769663629329652,1
1,204842050,499022,0.371144562959671,0.545478284358978,3,5581,0.340201043379594,1
1,204880500,644975,0.797129571437836,0.697894990444183,3,5583,0.664238555890808,1
1,205078081,455240,0.749995350837708,0.681722939014435,3,5585,0.607253114019375,1
1,205116454,113333,0.25245463848114,0.442076683044434,3,5587,0.285532632871033,1
1,205131014,710423,0.699093043804169,0.562276959419251,3,5589,0.656281565854287,1
1,205135295,870621,0.166099950671196,0.343868672847748,3,5591,0.241516549465875,1
1,205153592,671036,0.183092668652534,0.338301986455917,3,5593,0.270605370324056,1
1,205175790,783082,0.332376956939697,0.487151324748993,3,5595,0.341143439475358,1
1,205195889,417925,0.353338986635208,0.583275973796845,3,5597,0.302891772084441,1
1,205202614,499036,0.689544320106506,0.465421110391617,3,5599,0.709625944899429,1
1,205215447,885028,0.716793596744537,0.523393273353577,3,5601,0.70289298553526,1
1,205223178,155361,0.848849952220917,0.646176815032959,3,5603,0.786404545828218,1
1,205229056,62863,0.288484513759613,0.501542687416077,3,5605,0.287597168693527,1
1,205230367,907122,0.169178053736687,0.406848073005676,3,5607,0.207913057676356,1
1,205241660,764167,0.636213541030884,0.44368776679039,3,5609,0.673037516297033,1
1,205254029,907983,0.737685441970825,0.610986351966858,3,5611,0.662846587317128,1
1,205307829,456577,0.54469233751297,0.42975264787674,3,5613,0.600780555322409,1
1,205456827,321108,0.279253751039505,0.55280613899231,3,5615,0.252578373630715,1
1,205480338,77426,0.730606496334076,0.483476936817169,3,5617,0.739224128729206,1
1,205489116,121182,0.634912669658661,0.464289784431458,3,5619,0.659249236124911,1
1,205491636,395163,0.588538646697998,0.472108095884323,3,5621,0.610278780471846,1
1,205508598,857009,0.282322496175766,0.54300719499588,3,5623,0.259962021477366,1
1,205529444,640721,0.662212073802948,0.452911555767059,3,5625,0.691285815156765,1
1,205545659,499040,0.803789615631104,0.636008560657501,3,5627,0.730473902458635,1
1,205550199,538920,0.183801844716072,0.37819641828537,3,5629,0.242997865433754,1
1,205568150,274308,0.705711364746094,0.495065003633499,3,5631,0.70858760298692,1
1,205619391,586091,0.248635932803154,0.537570953369141,3,5633,0.231258712217306,1
1,205636800,499042,0.780777633190155,0.620208323001862,3,5635,0.711391296746454,1
1,205653160,166964,0.665888011455536,0.497038334608078,3,5637,0.667855413708205,1
1,205663107,435225,0.685115575790405,0.520999610424042,3,5639,0.671310889237115,1
1,205677531,4704,0.388999074697495,0.587543785572052,3,5641,0.331038370458427,1
1,205706318,4705,0.296466946601868,0.482880294322968,3,5643,0.306977681722895,1
1,205712366,378345,0.281564921140671,0.458475530147553,3,5645,0.30706646552113,1
1,205713085,482512,0.330949157476425,0.573148429393768,3,5647,0.288711562750401,1
1,205722438,742435,0.319579660892487,0.499569714069367,3,5649,0.319854919035496,1
1,205726694,307028,0.247441828250885,0.551608562469482,3,5651,0.224291141478224,1
1,205732684,359192,0.72279679775238,0.468975901603699,3,5653,0.738991880891304,1
1,205737892,186872,0.707110047340393,0.570348799228668,3,5655,0.659153806466971,2
1,205748308,247168,0.634740293025971,0.38983952999115,3,5657,0.700685536897587,2
1,205815416,141074,0.609350025653839,0.459948927164078,3,5659,0.638321268121203,2
1,205824138,441837,0.593730330467224,0.392669051885605,3,5661,0.66552859623395,2
1,205838777,302905,0.63647848367691,0.467908054590225,3,5663,0.65840347757648,2
1,205848618,393644,0.760341227054596,0.622832953929901,3,5665,0.682290943174206,2
1,205856094,582299,0.662978887557983,0.552528321743012,3,5667,0.623416264293199,2
1,205890488,585211,0.258499205112457,0.331459045410156,3,5669,0.389941395010933,2
1,205906290,779598,0.18790628015995,0.474142670631409,3,5671,0.198153732830794,2
1,205920658,221754,0.699925839900971,0.556546211242676,3,5673,0.661662423789503,2
1,205921107,643723,0.272135704755783,0.460813403129578,3,5675,0.295277549337319,2
1,205921450,125122,0.326295763254166,0.490212619304657,3,5677,0.332810448369322,2
1,205943200,590027,0.27336260676384,0.408164113759995,3,5679,0.334868497190545,2
1,205959889,420823,0.633408725261688,0.635968267917633,3,5681,0.49798768052978,2
1,206084538,672123,0.696791112422943,0.56671816110611,3,5683,0.650102011717006,2
1,206094082,726625,0.2571881711483,0.432305335998535,3,5685,0.297461249875911,2
1,206103132,868519,0.677025675773621,0.688599526882172,3,5687,0.49159609420518,2
1,206105219,854621,0.666105508804321,0.418349772691727,3,5689,0.712976566053403,2
1,206106678,600616,0.335572808980942,0.46596571803093,3,5691,0.360083152038523,2
1,206111992,119751,0.277936667203903,0.477760791778565,3,5693,0.29087429524012,2
1,206128153,290260,0.711840569972992,0.554065883159638,3,5695,0.676903583797599,2
1,206131789,353221,0.375163227319717,0.515569567680359,3,5697,0.363833758660005,2
1,206134274,665083,0.694276869297028,0.584689378738403,3,5699,0.631934370262105,2
1,206143479,499051,0.706904530525208,0.445065915584564,3,5701,0.735918663399873,2
1,206148263,62866,0.762760639190674,0.615414917469025,3,5703,0.691564530730052,2
1,206164419,715014,0.768649160861969,0.560017764568329,3,5705,0.737090704456453,2
1,206180354,85145,0.591368436813355,0.378201007843018,3,5707,0.671411848249281,2
1,206191827,277403,0.774636268615723,0.526200830936432,3,5709,0.76217377942041,2
1,206194996,343049,0.274897009134293,0.442985028028488,3,5711,0.310277991061827,2
1,206195478,450852,0.651102542877197,0.394793272018433,3,5713,0.711753487699637,2
1,206196311,470578,0.623021721839905,0.380112737417221,3,5715,0.695929969112929,2
1,206197250,824314,0.623214304447174,0.477676451206207,3,5717,0.639317721340593,2
1,206197528,481653,0.326684504747391,0.521893799304962,3,5719,0.31297986791801,2
1,206208855,374995,0.717806816101074,0.542489945888519,3,5721,0.691598926228008,2
1,206231961,825605,0.781848132610321,0.674220263957977,3,5723,0.665185026484368,2
1,206264408,499055,0.461204051971436,0.645967364311218,3,5725,0.35698711533454,2
1,206281127,379439,0.731704235076904,0.530649662017822,3,5727,0.714183901436454,2
1,206293979,575350,0.302105188369751,0.527675628662109,3,5729,0.286260319749579,2
1,206298311,414606,0.332504838705063,0.545464992523193,3,5731,0.304790264510811,2
1,206303897,794425,0.301754385232925,0.301864057779312,3,5733,0.499818341164573,2
1,206310662,209398,0.620558679103851,0.377948224544525,3,5735,0.695008248615385,2
1,206311632,731120,0.514800786972046,0.338065594434738,3,5737,0.633499022751646,2
1,206319079,4718,0.662352919578552,0.486470609903336,3,5739,0.671248533255428,2
1,206329103,228244,0.597633838653565,0.485092043876648,3,5741,0.60928341020813,2
1,206330222,410814,0.731455624103546,0.530915856361389,3,5743,0.71375671130834,2
1,206332235,499056,0.668745696544647,0.51188999414444,3,5745,0.660676589824532,2
1,206345851,820702,0.608444154262543,0.489027112722397,3,5747,0.616852620279311,2
1,206348562,492226,0.657970786094666,0.532783806324005,3,5749,0.633971148116363,2
1,206352369,152664,0.367375642061234,0.610638797283173,3,5751,0.300812561939845,2
1,206363437,624983,0.350612729787827,0.577278256416321,3,5753,0.303677408503476,2
1,206365192,245462,0.393513888120651,0.548708915710449,3,5755,0.358581642154605,2
1,206383348,582446,0.207179665565491,0.367704480886459,3,5757,0.281720343828859,2
1,206395372,392388,0.203658133745193,0.385797709226608,3,5759,0.263944197794043,2
1,206404015,395671,0.672204077243805,0.459271311759949,3,5761,0.696894274443718,2
1,206409469,564119,0.371497839689255,0.592538475990295,3,5763,0.31347992977872,2
1,206415882,796378,0.271087795495987,0.357285499572754,3,5765,0.37937139321377,2
1,206436788,112727,0.68591445684433,0.403780221939087,3,5767,0.736602545979629,2
1,206440018,666523,0.384324193000793,0.587242126464844,3,5769,0.327228050986735,2
1,206457092,695025,0.605325698852539,0.643227636814117,3,5771,0.470537694750411,2
1,206476987,901785,0.27625584602356,0.51160055398941,3,5773,0.269991738544206,1
1,206492294,427362,0.213280767202377,0.374428898096085,3,5775,0.284808101467166,1
1,206497146,4720,0.185946241021156,0.440010786056519,3,5777,0.211297366920992,1
1,206504233,613517,0.181188225746155,0.332815706729889,3,5779,0.272205040330633,1
1,206512982,458416,0.596451878547669,0.354423761367798,3,5781,0.687451227830706,1
1,206514074,437204,0.673115015029907,0.443485110998154,3,5783,0.706310656345254,1
1,206514245,410323,0.171127468347549,0.42790150642395,3,5785,0.199961282886911,1
1,206524796,849795,0.850118339061737,0.699849784374237,3,5787,0.750322250101029,1
1,206530764,499058,0.618378162384033,0.453336119651794,3,5789,0.650953857265193,1
1,206535963,168332,0.777178347110748,0.520680367946625,3,5791,0.767564649986589,1
1,206545826,307118,0.82510769367218,0.5905721783638,3,5793,0.786418634633943,1
1,206556220,166087,0.676204681396484,0.47852548956871,3,5795,0.689538690648831,1
1,206568581,591677,0.199456930160522,0.563507795333862,3,5797,0.176977968904893,1
1,206580351,690889,0.199937134981155,0.386810302734375,3,5799,0.258443394045858,1
1,206600284,676711,0.583534955978394,0.403478145599365,3,5801,0.650922224433792,1
1,206602397,422399,0.416058510541916,0.607176542282105,3,5803,0.342617411550633,1
1,206609806,227865,0.730245471000671,0.423964351415634,3,5805,0.765852573827451,1
1,206615438,895694,0.766849756240845,0.55428558588028,3,5807,0.738453327542005,1
1,206636098,774110,0.318959206342697,0.313803195953369,3,5809,0.503756947248167,1
1,206695830,644090,0.709159910678864,0.460787117481232,3,5811,0.730310514872562,1
1,206767356,4729,0.663380324840546,0.379118651151657,3,5813,0.72891787151938,1
1,206782321,366419,0.218792960047722,0.362264603376389,3,5815,0.301979489589269,1
1,206786160,670024,0.305424839258194,0.307238876819611,3,5817,0.497047838508924,1
1,206799623,329403,0.685296595096588,0.464059233665466,3,5819,0.706400945149436,1
1,206825989,499068,0.701548337936401,0.500416398048401,3,5821,0.701299581393673,1
1,206844229,124412,0.728482186794281,0.563406467437744,3,5823,0.689049661807574,1
1,206854363,915748,0.605589687824249,0.362384051084518,3,5825,0.690714831673673,1
1,206873563,254024,0.634950816631317,0.546220064163208,3,5827,0.597768483642281,1
1,206876702,4732,0.263172268867493,0.502020657062531,3,5829,0.262112987946941,1
1,206876857,315174,0.302516877651215,0.538319110870361,3,5831,0.280982851567448,1
1,206895034,873267,0.710404992103577,0.496922910213471,3,5833,0.712176310772463,1
1,206897234,168555,0.722787141799927,0.48572587966919,3,5835,0.730481422998931,1
1,206904589,736904,0.26323664188385,0.499431371688843,3,5837,0.263536350343499,1
1,206907635,538924,0.668183207511902,0.337640434503555,3,5839,0.749519136000249,1
1,206920414,4735,0.0829335451126099,0.426175057888031,3,5841,0.0972998578607561,1
1,206926390,721088,0.321727603673935,0.325001031160355,3,5843,0.49496397369151,1
1,206940548,238851,0.193084523081779,0.445344060659409,3,5845,0.216781293541767,1
1,206972540,538925,0.757584571838379,0.450961202383041,3,5847,0.779236522797844,1
1,207013025,488423,0.623853504657745,0.504701435565949,3,5849,0.620283075348648,1
1,207061267,908714,0.758186876773834,0.69863760471344,3,5851,0.598800104113471,1
1,207065756,570919,0.375901430845261,0.569193601608276,3,5853,0.330205249833394,1
1,207074401,482771,0.314964950084686,0.625671327114105,3,5855,0.251701601492156,1
1,207079598,256435,0.748643755912781,0.494060784578323,3,5857,0.751594424364075,1
1,207140530,929030,0.202571645379066,0.430323868989944,3,5859,0.235371147148475,1
1,207162575,815183,0.696475148200989,0.530827164649963,3,5861,0.676531942037352,1
1,207174743,119918,0.321282178163528,0.427055656909943,3,5863,0.376159609368294,1
1,207174984,152427,0.58291095495224,0.432515144348145,3,5865,0.632510858312985,1
1,207180726,4747,0.731441974639893,0.574747681617737,3,5867,0.684236847453589,1
1,207278591,374462,0.284485369920731,0.564273238182068,3,5869,0.252081217636037,1
1,207308503,4751,0.266771167516708,0.539498925209045,3,5871,0.247239758089731,1
1,207321452,613426,0.576373100280762,0.393487721681595,3,5873,0.650768076044749,1
1,207325338,494773,0.731421589851379,0.549780607223511,3,5875,0.701724965141655,1
1,207335319,911381,0.220478639006615,0.35762158036232,3,5877,0.30825689935048,1
1,207383253,363516,0.284543037414551,0.487913697957993,3,5879,0.291591564866302,1
1,207385712,4755,0.776723265647888,0.646908640861511,3,5881,0.683825830661947,1
1,207398412,446210,0.219307512044907,0.580297410488129,3,5883,0.188961305083571,1
1,207409080,538930,0.31332066655159,0.55913257598877,3,5885,0.280184593070359,1
1,207426534,484908,0.867191135883331,0.556670606136322,3,5887,0.850214235786149,1
1,207492927,393387,0.906798422336578,0.54408472776413,3,5889,0.897786295679076,1
1,207516358,781776,0.23478090763092,0.562055706977844,3,5891,0.208859108373198,1
1,207527546,412167,0.924783408641815,0.473675191402435,3,5893,0.92854546267864,1
1,207549607,578911,0.173444658517838,0.541645646095276,3,5895,0.160108975091188,1
1,207569856,281941,0.871126115322113,0.495561271905899,3,5897,0.872260120505809,1
1,207594329,4761,0.929135978221893,0.593563735485077,3,5899,0.912822712974835,1
1,207624735,662777,0.839488744735718,0.513138890266419,3,5901,0.835157037545968,1
1,207627875,278470,0.0687445998191834,0.4882031083107,3,5903,0.0704057375392962,1
1,207635002,746368,0.0543746836483479,0.499913662672043,3,5905,0.054384074399682,1
1,207644127,163655,0.943499505519867,0.663269340991974,3,5907,0.916104321111452,1
1,207707486,366891,0.587749779224396,0.685286104679108,3,5909,0.42883532528331,1
1,207722550,293391,0.722403287887573,0.696982860565186,3,5911,0.541945527189983,1
1,207752919,499091,0.77658087015152,0.47041666507721,3,5913,0.789061404395351,1
1,207765734,862092,0.831349074840546,0.472772896289825,3,5915,0.840058559231275,1
1,207789204,383994,0.881413996219635,0.585567831993103,3,5917,0.856929537648256,1
1,207810346,317468,0.173047691583633,0.492211759090424,3,5919,0.175785816153006,1
1,207814119,346345,0.960591375827789,0.64299875497818,3,5921,0.944806040984812,1
1,207819588,299483,0.213773414492607,0.512858211994171,3,5923,0.208413757928709,1
1,207825250,499093,0.172266498208046,0.454207211732864,3,5925,0.189634261365892,1
1,207831499,311953,0.0712724626064301,0.517011165618897,3,5927,0.0689273920429864,1
1,207837970,813044,0.0449088998138905,0.427307397127152,3,5929,0.0525487039492171,1
1,207847748,699933,0.623710334300995,0.663301289081574,3,5931,0.470156130078235,1
1,207855709,428390,0.749092280864716,0.422134816646576,3,5933,0.782901162448276,1
1,207858185,499097,0.275747120380402,0.313436359167099,3,5935,0.439877366354609,1
1,207861652,838724,0.778255224227905,0.60821008682251,3,5937,0.717010611664677,1
1,207865447,732401,0.219185814261436,0.424905300140381,3,5939,0.257923135095069,1
1,207874438,697758,0.716600716114044,0.667887628078461,3,5941,0.573338261615698,1
1,207878509,878822,0.599246203899384,0.449211329221725,3,5943,0.63620003699936,1
1,207879382,447703,0.228659227490425,0.503691494464874,3,5945,0.226983411476259,1
1,207882994,402128,0.90605366230011,0.522764384746552,3,5947,0.901572373585323,1
1,207887577,861791,0.122916579246521,0.485601395368576,3,5949,0.126561188269678,1
1,207889482,701825,0.913782775402069,0.497979581356049,3,5951,0.914129763057428,1
1,207891522,195785,0.876029014587402,0.501252830028534,3,5953,0.875717605154842,1
1,207896970,476879,0.0946362391114235,0.474543511867523,3,5955,0.0997129206750621,1
1,207904306,403684,0.162854984402657,0.508944094181061,3,5957,0.159992999491138,1
1,207927291,4776,0.814381659030914,0.552668809890747,3,5959,0.792526940806708,1
1,207928148,4778,0.105663768947124,0.531866848468781,3,5961,0.0993329150437985,1
1,207947996,665070,0.311962634325027,0.600430190563202,3,5963,0.259782601897822,1
1,207960666,586480,0.771512031555176,0.468308627605438,3,5965,0.785131017439882,1
1,207965162,435783,0.16649603843689,0.484889984130859,3,5967,0.171684344785266,1
1,207975499,369122,0.879156291484833,0.518293559551239,3,5969,0.87456706162929,1
1,207979216,171662,0.2114487439394,0.315775722265244,3,5971,0.334808424191946,1
1,207982418,62873,0.887348592281342,0.548436641693115,3,5973,0.875265114356223,1
1,207983507,4779,0.106387466192245,0.558155000209808,3,5975,0.0953027977463741,1
1,207985126,465222,0.0931819230318069,0.477037072181702,3,5977,0.0976673810754841,1
1,207997317,219848,0.870165526866913,0.489760607481003,3,5979,0.872771021762836,1
1,207998920,499105,0.847175300121307,0.557582199573517,3,5981,0.827284639393609,1
1,208003835,116309,0.825051486492157,0.400866001844406,3,5983,0.853998843291806,1
1,208007183,839042,0.938335955142975,0.476204216480255,3,5985,0.941137322218726,1
1,208022471,381028,0.791836261749268,0.41148054599762,3,5987,0.823146255544264,1
1,208036978,625208,0.160683363676071,0.503838241100311,3,5989,0.159459277371604,1
1,208055893,426363,0.935987949371338,0.444151759147644,3,5991,0.942419489777908,1
1,208066771,556262,0.805565237998962,0.607877254486084,3,5993,0.752074109159096,1
1,208075296,775398,0.700090289115906,0.436928808689117,3,5995,0.733684021210643,1
1,208080716,499110,0.840815186500549,0.409142136573792,3,5997,0.865293479741147,1
1,208086636,186961,0.117842324078083,0.511564135551453,3,5999,0.11517844575935,1
1,208093649,622010,0.839263021945953,0.405009716749191,3,6001,0.864924703328062,1
1,208097761,902881,0.911956965923309,0.483585447072983,3,6003,0.914755467697738,1
1,208097954,607270,0.150423556566238,0.447045624256134,3,6005,0.1682418397636,1
1,208109758,832254,0.863953292369843,0.510032176971436,3,6007,0.861167712208903,1
1,208114241,101414,0.635957658290863,0.693759262561798,3,6009,0.458341742308784,1
1,208122253,472784,0.128722116351128,0.454222798347473,3,6011,0.141694909215738,1
1,208130811,900506,0.857848405838013,0.589778423309326,3,6013,0.826738033493084,1
1,208134740,499112,0.738099217414856,0.45949923992157,3,6015,0.757723946079983,1
1,208160194,310203,0.949311316013336,0.600893139839172,3,6017,0.9364973531572,1
1,208175078,282470,0.850808203220367,0.331468671560288,3,6019,0.888418245762819,1
1,208175909,4783,0.132897555828094,0.442196756601334,3,6021,0.150269708952105,1
1,208232551,236898,0.968345880508423,0.622776746749878,3,6023,0.958043255262172,1
1,208248992,153247,0.774550318717957,0.561356127262116,3,6025,0.74301512537397,1
1,208264892,4784,0.0759870335459709,0.606225728988648,3,6027,0.0626722274496155,1
1,208283569,4786,0.0480782315135002,0.367286592721939,3,6029,0.065450567031586,1
1,208300233,297538,0.0609768107533455,0.555531322956085,3,6031,0.0548815235375717,1
1,208305002,100379,0.130331575870514,0.54913854598999,3,6033,0.118669119862594,1
1,208314439,145857,0.186035260558128,0.480198949575424,3,6035,0.193706442634469,1
1,208321410,844860,0.0860749632120132,0.468251168727875,3,6037,0.0919111034424731,1
1,208359956,258097,0.0247297510504723,0.43791326880455,3,6039,0.0282359005905227,1
1,208368666,475528,0.957928001880646,0.463786959648132,3,6041,0.960769325852513,1
1,208421065,555904,0.284066587686539,0.344382733106613,3,6043,0.412428615575506,1
1,208453208,131201,0.167919680476189,0.591812372207642,3,6045,0.141869018258098,1
1,208456040,782360,0.0446681007742882,0.607586562633514,3,6047,0.0367586312151798,1
1,208495725,710227,0.139043688774109,0.490535289049149,3,6049,0.141726489284421,1
1,208529629,380168,0.104066498577595,0.582756042480469,3,6051,0.0892882192474929,1
1,208533248,770931,0.035281103104353,0.570263922214508,3,6053,0.0309340129455724,1
1,208533670,606742,0.177442297339439,0.487468749284744,3,6055,0.182003767010498,1
1,208535127,164692,0.839483857154846,0.461642622947693,3,6057,0.850920457592654,1
1,208580776,827584,0.102568618953228,0.448822110891342,3,6059,0.114264222354744,1
1,208592132,738907,0.876342415809631,0.449854999780655,3,6061,0.88761364354755,1
1,208598923,552879,0.35896247625351,0.43432953953743,3,6063,0.413237465538048,1
1,208612609,4793,0.730082452297211,0.543524622917175,3,6065,0.704345994051488,1
1,208643132,111710,0.180853769183159,0.526912808418274,3,6067,0.171616410052793,1
1,208646289,635585,0.926101624965668,0.487831860780716,3,6069,0.927857309567344,1
1,208655124,168657,0.0300749391317368,0.372119069099426,3,6071,0.0404103708048633,1
1,208674787,81209,0.957654416561127,0.602754950523377,3,6073,0.946700929949078,1
1,208677939,88645,0.0662797912955284,0.532467603683472,3,6075,0.062238332282586,1
1,208700141,608959,0.665641307830811,0.396496534347534,3,6077,0.722985275811379,1
1,208716046,591048,0.948235034942627,0.357795238494873,3,6079,0.959697460872096,1
1,208719997,4797,0.0892277508974075,0.470355570316315,3,6081,0.0948513810917576,1
1,208736974,892883,0.137250676751137,0.448056012392044,3,6083,0.153162409336273,1
1,208748315,90176,0.888501763343811,0.528160035610199,3,6085,0.881847400526594,1
1,208751078,551235,0.0977127999067307,0.482300311326981,3,6087,0.101298711209503,1
1,208755407,98891,0.0938519611954689,0.499188721179962,3,6089,0.0940044888971303,1
1,208765436,112354,0.837226569652557,0.448278158903122,3,6091,0.852485964644944,1
1,208767312,797647,0.867537438869476,0.469712316989899,3,6093,0.875103113484912,1
1,208773612,120196,0.973943710327148,0.465430974960327,3,6095,0.975628694843554,1
1,208774929,324127,0.905633330345154,0.569104492664337,3,6097,0.89049935767683,1
1,208775984,777266,0.218779012560844,0.499004930257797,3,6099,0.219215281548239,1
1,208795865,742953,0.0609376765787602,0.456217467784882,3,6101,0.0667857774874743,1
1,208797145,912401,0.879424870014191,0.653064668178558,3,6103,0.826228234880577,1
1,208816686,113338,0.167350396513939,0.48322394490242,3,6105,0.173160289633136,1
1,208830427,115021,0.910616874694824,0.3786680996418,3,6107,0.928071353447613,1
1,208860595,388707,0.146380037069321,0.481294989585877,3,6109,0.152068939254148,1
1,208869655,906651,0.854283809661865,0.479435056447983,3,6111,0.860040334887078,1
1,208880335,928719,0.302741169929504,0.30949279665947,3,6113,0.489092433163487,1
1,208903470,4799,0.0884859040379524,0.56898832321167,3,6115,0.0777572231522181,1
1,208911936,4800,0.0436751246452332,0.428165525197983,3,6117,0.0510026170661894,1
1,208914967,596120,0.230541124939919,0.505776166915894,3,6119,0.227908252721461,1
1,208929279,681409,0.742939174175263,0.486487627029419,3,6121,0.749703376826458,1
1,208950706,272350,0.219302117824554,0.599683284759522,3,6123,0.182848282916954,1
1,208956814,379032,0.858108043670654,0.528903484344482,3,6125,0.849402456169829,1
1,208960258,346657,0.915568828582764,0.569065511226654,3,6127,0.902037115133707,1
1,208964886,163661,0.769243955612183,0.509045004844666,3,6129,0.764992670748968,1
1,208967804,4805,0.844519138336182,0.540331542491913,3,6131,0.830877169050605,1
1,209024916,368759,0.585468828678131,0.581192433834076,3,6133,0.505105441245014,1
1,209067346,178243,0.117227129638195,0.623560965061188,3,6135,0.0939981302603603,1
1,209081326,335229,0.168020948767662,0.50659590959549,3,6137,0.165833305781944,1
1,209083041,559439,0.31293323636055,0.350205361843109,3,6139,0.446785330061199,1
1,209116381,91216,0.0824650824069977,0.392027854919434,3,6141,0.105177580332838,1
1,209139015,87732,0.959349095821381,0.401170670986176,3,6143,0.966058021702473,1
1,209157857,646401,0.642892599105835,0.498658061027527,3,6145,0.643848466352052,1
1,209229662,499132,0.718367695808411,0.694360852241516,3,6147,0.539273181696385,1
1,209291911,266729,0.100416623055935,0.409327328205109,3,6149,0.122660541010369,1
1,209306282,538934,0.85424941778183,0.570319652557373,3,6151,0.830396499298084,1
1,209315166,354353,0.839747250080109,0.47791799902916,3,6153,0.846525306731613,1
1,209354720,538935,0.910502791404724,0.466449111700058,3,6155,0.916130578584133,1
1,209374739,137616,0.882761120796204,0.544362485408783,3,6157,0.871346327453986,1
1,209384555,418440,0.0643264800310135,0.440052568912506,3,6159,0.0730895404042094,1
1,209406978,685691,0.73595917224884,0.304292678833008,3,6161,0.810235698462787,1
1,209417002,674834,0.0765126869082451,0.465850502252579,3,6163,0.0821215030769257,1
1,209633383,499134,0.683486640453339,0.671833634376526,3,6165,0.517754723362148,1
1,209711198,909554,0.810268104076386,0.607526183128357,3,6167,0.75828719297004,1
1,209734480,409346,0.735891044139862,0.499293178319931,3,6169,0.736263872964674,1
1,209738523,800263,0.205699235200882,0.540813624858856,3,6171,0.190175714650834,1
1,209741748,265581,0.806133389472961,0.489750862121582,3,6173,0.810027498201052,1
1,209742388,416759,0.741275787353516,0.508501648902893,3,6175,0.736800528354807,1
1,209753230,595572,0.564784705638886,0.39813295006752,3,6177,0.638445654725625,1
1,209753674,220407,0.134831428527832,0.537819087505341,3,6179,0.125350170401393,1
1,209761894,552049,0.318193137645721,0.373110204935074,3,6181,0.426406371947253,1
1,209881910,195130,0.673097372055054,0.604731798171997,3,6183,0.586479981904547,1
1,209898003,568048,0.251998782157898,0.51200133562088,3,6185,0.246091918737195,1
1,209900662,499138,0.156273305416107,0.540313303470612,3,6187,0.144613601416356,1
1,209906901,562049,0.0684224516153336,0.51619565486908,3,6189,0.0662756950488931,1
1,209923576,186000,0.132429331541061,0.460181295871735,3,6191,0.143888216154241,1
1,209966890,733503,0.689801514148712,0.379646062850952,3,6193,0.749982657257837,1
1,210113333,664120,0.682403564453125,0.672223389148712,3,6195,0.51552913625834,1
1,210174202,629701,0.588286519050598,0.54555356502533,3,6197,0.547016491644005,1
1,210250145,709789,0.217934221029282,0.478562772274017,3,6199,0.227696588259164,1
1,210300727,658663,0.858522891998291,0.447255671024323,3,6201,0.872023012643216,1
1,210315974,564649,0.0988880768418312,0.587520182132721,3,6203,0.0841571743823877,1
1,210381198,552939,0.222556561231613,0.532580196857452,3,6205,0.208941829366575,1
1,210397353,856707,0.34904408454895,0.342849403619766,3,6207,0.504713288676375,1
1,210417942,272594,0.904000997543335,0.483851820230484,3,6209,0.907004416348486,1
1,210443076,195563,0.0753957480192184,0.525542855262756,3,6211,0.0717313034172282,1
1,210474884,563585,0.856813132762909,0.509817004203796,3,6213,0.853945497431513,1
1,210497379,4833,0.0691448897123337,0.403270572423935,3,6215,0.0857301455158569,1
1,210498054,4835,0.167980268597603,0.644547343254089,3,6217,0.130308712273586,1
1,210510991,688978,0.828059196472168,0.467046469449997,3,6219,0.838690623411022,1
1,210540911,258075,0.106916949152946,0.463454484939575,3,6221,0.115347841726989,1
1,210592636,240832,0.70545881986618,0.63236129283905,3,6223,0.599414895117571,2
1,210621552,164019,0.681360602378845,0.626289784908295,3,6225,0.573681177616508,2
1,210645678,300409,0.503991544246674,0.397156417369843,3,6227,0.588609325831021,2
1,210653459,775051,0.397145479917526,0.458215594291687,3,6229,0.433360938458933,2
1,210668799,625702,0.36320886015892,0.436763674020767,3,6231,0.415795637049306,2
1,210685920,279101,0.199948072433472,0.303607314825058,3,6233,0.329287310730119,2
1,210701593,889681,0.576479017734528,0.515336751937866,3,6235,0.563077060248669,2
1,210705348,718517,0.679318606853485,0.597350120544434,3,6237,0.601786304294793,2
1,210779534,857761,0.810044527053833,0.668447375297546,3,6239,0.713536466320182,2
1,210830708,4842,0.518785655498505,0.652094781398773,3,6241,0.397783934404202,2
1,210833865,92813,0.606195569038391,0.596080243587494,3,6243,0.512521454187756,2
1,210834951,826379,0.467881083488464,0.487510353326798,3,6245,0.479867843108991,2
1,210836578,154083,0.449192315340042,0.53157514333725,3,6247,0.422510646867341,2
1,210839951,405629,0.559208154678345,0.571058571338654,3,6249,0.489624167068774,2
1,210844909,755232,0.395433723926544,0.482884168624878,3,6251,0.409449873923835,2
1,210866493,592520,0.307106137275696,0.470022052526474,3,6253,0.326693328137405,2
1,210871492,221142,0.633371531963348,0.541819989681244,3,6255,0.599907831223815,2
1,210878570,499155,0.61355847120285,0.555155515670776,3,6257,0.565644239267279,2
1,210884532,857782,0.3961401283741,0.495856165885925,3,6259,0.399450642774939,2
1,210895079,752179,0.353846281766892,0.336646854877472,3,6261,0.512964004931523,2
1,210908582,591070,0.695283830165863,0.571580171585083,3,6263,0.644372004253938,2
1,210912788,232041,0.413046211004257,0.508192896842957,3,6265,0.406387233637288,2
1,210925420,294058,0.347472071647644,0.38105708360672,3,6267,0.455931783709159,2
1,210956490,377112,0.679433524608612,0.649241864681244,3,6269,0.543037718711686,2
1,210998196,796562,0.551376402378082,0.382623046636581,3,6271,0.63666962689662,2
1,211096437,928870,0.640642762184143,0.572551369667053,3,6273,0.579648626390559,2
1,211104959,567201,0.541242063045502,0.560422778129578,3,6275,0.48288728096662,3
1,211123116,677196,0.357348084449768,0.337779670953751,3,6277,0.514774851086345,3
1,211127653,856428,0.374805927276611,0.392999082803726,3,6279,0.476853437675577,3
1,211135218,750076,0.447561055421829,0.471782237291336,3,6281,0.474330125262273,3
1,211159262,477897,0.511671781539917,0.628089964389801,3,6283,0.407323640361786,3
1,211159656,277599,0.562875747680664,0.487682044506073,3,6285,0.573385777687702,3
1,211161664,743801,0.589642941951752,0.466216087341309,3,6287,0.615615000455591,3
1,211172801,856275,0.509778439998627,0.521665632724762,3,6289,0.488606501961758,3
1,211175719,251131,0.575401484966278,0.574183762073517,3,6291,0.501429869018959,3
1,211206371,652351,0.535562336444855,0.535123944282532,3,6293,0.500471515102715,3
1,211211474,105498,0.365339547395706,0.389662772417069,3,6295,0.468789390797476,3
1,211230706,81219,0.387986272573471,0.489205628633499,3,6297,0.396547228674816,3
1,211234813,386725,0.26294219493866,0.322777777910233,3,6299,0.407311489410814,3
1,211264452,645974,0.761108636856079,0.61827564239502,3,6301,0.687089180472035,3
1,211278481,932252,0.389059960842133,0.379956424236298,3,6303,0.50734104582458,3
1,211340172,96942,0.418985635042191,0.458403885364533,3,6305,0.457004890686086,3
1,211407000,723818,0.541228592395783,0.622956037521362,3,6307,0.434403521113015,3
1,211437750,249277,0.59991866350174,0.573750019073486,3,6309,0.530696358474166,3
1,211449207,160001,0.45165690779686,0.380611211061478,3,6311,0.557351455179821,3
1,211468271,391561,0.506587982177734,0.48118582367897,3,6313,0.524480979566609,3
1,211510262,719145,0.401611804962158,0.349436163902283,3,6315,0.540100323876625,3
1,211596723,291634,0.628338813781738,0.588433861732483,3,6317,0.548479391692955,3
1,211620888,650658,0.520612895488739,0.542144358158112,3,6319,0.480142316022135,3
1,211630631,694703,0.497956573963165,0.4813152551651,3,6321,0.51604184330056,3
1,211647423,109662,0.538547992706299,0.590367615222931,3,6323,0.456112410995762,3
1,211660939,357727,0.43015244603157,0.451762169599533,3,6325,0.476082853963714,3
1,211675165,927697,0.602837920188904,0.565633058547974,3,6327,0.542826534538471,3
1,211685000,197281,0.462755739688873,0.456339091062546,3,6329,0.505901333460657,3
1,211685688,365231,0.519432723522186,0.478141605854034,3,6331,0.539561611091574,3
1,211695701,439789,0.50082665681839,0.488596469163895,3,6333,0.511957472834124,3
1,211703424,820391,0.53682816028595,0.574567377567291,3,6335,0.467158579868275,3
1,211726499,332604,0.495539754629135,0.518907725811005,3,6337,0.477483500418743,3
1,211726988,562374,0.456422537565231,0.452367633581162,3,6339,0.503702213595031,3
1,211729368,4852,0.472340017557144,0.497266858816147,3,6341,0.474936152674294,3
1,211733447,499161,0.421756327152252,0.426048129796982,3,6343,0.494963242008861,3
1,211740314,207514,0.423474192619324,0.474225103855133,3,6345,0.446490695217062,3
1,211775755,703388,0.362240195274353,0.397909611463547,3,6347,0.455178996483651,3
1,211796993,912811,0.785891532897949,0.635937869548798,3,6349,0.705945154420903,3
1,211883934,388803,0.535386741161346,0.577664792537689,3,6351,0.463406068776829,3
1,211898852,820261,0.536889731884003,0.466379523277283,3,6353,0.566067750098127,3
1,211907610,499167,0.492921471595764,0.468205332756043,3,6355,0.523238422987404,3
1,211910671,269271,0.540416598320007,0.520057141780853,3,6357,0.521210292215514,3
1,211923193,792500,0.518644213676453,0.525416135787964,3,6359,0.493555658410304,3
1,211931978,871289,0.378178924322128,0.410655945539475,3,6361,0.460457139887892,3
1,211935144,289394,0.430454224348068,0.440049171447754,3,6363,0.489097869372054,3
1,211959769,161149,0.434081971645355,0.471154421567917,3,6365,0.460657856293494,3
1,211964732,192248,0.498312622308731,0.470282703638077,3,6367,0.526457431976606,3
1,211967881,4863,0.404319643974304,0.470850020647049,3,6369,0.429350776515505,3
1,211981819,410191,0.497183442115784,0.554210722446442,3,6371,0.448550904898661,3
1,211984405,203650,0.438092797994614,0.448273062705994,3,6373,0.488645018451558,3
1,212007404,199936,0.438082128763199,0.38605260848999,3,6375,0.542372946764414,3
1,212020102,140656,0.460238456726074,0.407686591148376,3,6377,0.544361536301859,3
1,212033510,4865,0.471346408128738,0.484227538108826,3,6379,0.486699300466889,3
1,212038719,145353,0.530309319496155,0.435540914535522,3,6381,0.583946212755748,3
1,212066057,907148,0.168467417359352,0.302043169736862,3,6383,0.278879700385411,3
1,212098592,924843,0.457419544458389,0.388745903968811,3,6385,0.556174380618035,3
1,212109046,4871,0.505364775657654,0.460653334856033,3,6387,0.54144963127721,3
1,212110749,499171,0.702861249446869,0.691437184810638,3,6389,0.5185117325774,3
1,212123953,268785,0.494621485471726,0.514996111392975,3,6391,0.480218660422367,3
1,212131763,891058,0.508814454078674,0.48241525888443,3,6393,0.525502292762095,3
1,212133187,102790,0.368154168128967,0.448004007339478,3,6395,0.410882673031534,3
1,212150089,244770,0.577374517917633,0.564183712005615,3,6397,0.515133447596373,3
1,212159861,344545,0.462004840373993,0.41063129901886,3,6399,0.543583533762151,3
1,212162567,4873,0.570900678634644,0.583819508552551,3,6401,0.488935938480424,3
1,212175264,413646,0.395789802074432,0.44701275229454,3,6403,0.44270526964032,3
1,212177025,210012,0.52519291639328,0.591189563274384,3,6405,0.444183176614644,3
1,212181489,654427,0.486755192279816,0.46165457367897,3,6407,0.523312744358561,3
1,212192477,266747,0.546505033969879,0.488408356904984,3,6409,0.556780322596186,3
1,212198913,4876,0.541575312614441,0.562522113323212,3,6411,0.481381353539132,3
1,212207616,835749,0.564789354801178,0.509150862693787,3,6413,0.556675756234121,3
1,212215395,4877,0.440049171447754,0.486041247844696,3,6415,0.452687064522929,3
1,212217105,429655,0.494010835886002,0.492380082607269,3,6417,0.501606273929428,3
1,212247344,4878,0.465932816267014,0.478329062461853,3,6419,0.487042135668029,3
1,212327973,447263,0.486201286315918,0.442649632692337,3,6421,0.539070265472293,3
1,212355002,842919,0.534643530845642,0.511665523052216,3,6423,0.523526915339917,3
1,212355052,910750,0.508252501487732,0.406954228878021,3,6425,0.585405104919697,3
1,212358750,910255,0.525768578052521,0.455805391073227,3,6427,0.564281403960681,3
1,212367905,690128,0.480238884687424,0.464041620492935,3,6429,0.515110561578854,3
1,212373588,657680,0.732735335826874,0.586603045463562,3,6431,0.676745726788405,1
1,212391500,881548,0.569056391716003,0.529251396656036,3,6433,0.542278399529188,1
1,212404233,563373,0.0690397396683693,0.340858280658722,3,6435,0.101273378975783,1
1,212417080,152565,0.532066106796265,0.498230457305908,3,6437,0.533716324538838,3
1,212425680,4887,0.477650105953217,0.482035487890244,3,6439,0.495451183525698,3
1,212433540,687263,0.489837110042572,0.487887144088745,3,6441,0.501903843978255,3
1,212434809,705301,0.349362701177597,0.359380483627319,3,6443,0.486062428392591,3
1,212441393,710874,0.401601344347,0.374091565608978,3,6445,0.521975881156473,3
1,212452068,411535,0.501026213169098,0.497751295566559,3,6447,0.503260254903229,3
1,212460247,499182,0.479996681213379,0.407980471849442,3,6449,0.560822494816102,3
1,212465309,697837,0.451375007629395,0.447387039661407,3,6451,0.503608283060846,3
1,212476644,499183,0.429663360118866,0.401350945234299,3,6453,0.523646921897879,3
1,212484828,900327,0.60469400882721,0.56290328502655,3,6455,0.547804893481295,3
1,212510116,633760,0.482645690441132,0.468996673822403,3,6457,0.512852100868163,3
1,212543184,317727,0.54742568731308,0.494590550661087,3,6459,0.552269636748089,3
1,212548253,241320,0.514326930046082,0.523910701274872,3,6461,0.490853621423012,3
1,212559219,594708,0.517195343971252,0.524468660354614,3,6463,0.493066014298696,3
1,212561762,555197,0.449806988239288,0.448718756437302,3,6465,0.500987002382807,3
1,212566377,324559,0.593672931194305,0.609166085720062,3,6467,0.487283308371113,3
1,212568478,91609,0.556459486484528,0.495277136564255,3,6469,0.560609845870457,3
1,212570112,795742,0.588752448558807,0.585813701152802,3,6471,0.503547615425939,3
1,212576122,466447,0.371252954006195,0.398450314998627,3,6473,0.465871076055586,3
1,212585261,603793,0.697633683681488,0.679303050041199,3,6475,0.528579370091677,3
1,212647657,393633,0.510087966918945,0.52661544084549,3,6477,0.484307833910064,3
1,212653320,878583,0.435826122760773,0.3944431245327,3,6479,0.534169373600241,3
1,212660478,499186,0.424287915229797,0.418425023555756,3,6481,0.505040529520276,3
1,212667326,816786,0.490280658006668,0.45183390378952,3,6483,0.535068526203037,3
1,212668872,918463,0.451802879571915,0.4637251496315,3,6485,0.487145111636646,3
1,212677831,456401,0.438782095909119,0.384127914905548,3,6487,0.544371373801744,3
1,212684854,370037,0.596105039119721,0.535254120826721,3,6489,0.565466872348868,3
1,212687416,4900,0.438318371772766,0.508280515670776,3,6491,0.431177625601405,3
1,212694167,231123,0.502915441989899,0.555616855621338,3,6493,0.452573960726494,3
1,212705059,371099,0.490251243114471,0.510008692741394,3,6495,0.480630281495083,3
1,212747001,256085,0.54328978061676,0.548424899578095,3,6497,0.49531830250114,3
1,212797024,675484,0.256766617298126,0.425803035497665,3,6499,0.301508674072773,3
1,212813880,878869,0.41828528046608,0.313469976186752,3,6501,0.576337014146259,3
1,212822063,4905,0.534865021705627,0.537615180015564,3,6503,0.497442261293797,3
1,212823465,857799,0.470055997371674,0.41880214214325,3,6505,0.544093293304134,3
1,212877867,596944,0.328985840082169,0.370941609144211,3,6507,0.443446936084041,3
1,212918483,62889,0.438604593276978,0.466930449008942,3,6509,0.469668013949309,3
1,212921359,762277,0.553321123123169,0.310087412595749,3,6511,0.676278643822524,3
1,212931689,313140,0.571172773838043,0.574981689453125,3,6513,0.496687793989836,3
1,212983742,4910,0.462131589651108,0.488236367702484,3,6515,0.473266249937281,3
1,212988669,879015,0.485900402069092,0.479974865913391,3,6517,0.505697355538505,3
1,213004982,847543,0.520725786685944,0.450436651706696,3,6519,0.563949984289832,3
1,213006484,446691,0.685230731964111,0.620075643062592,3,6521,0.585747449080047,3
1,213107845,618103,0.468557834625244,0.529673635959625,3,6523,0.442308058033079,3
1,213113515,499195,0.535417318344116,0.505201756954193,3,6525,0.530533214107559,3
1,213124280,265398,0.382601648569107,0.441520631313324,3,6527,0.433277203186452,3
1,213124696,811796,0.511351048946381,0.487551331520081,3,6529,0.523221562363404,3
1,213139384,144593,0.539435386657715,0.515072047710419,3,6531,0.525120575986871,3
1,213145069,436099,0.653775095939636,0.589498996734619,3,6533,0.578289819870993,3
1,213150391,690274,0.370970159769058,0.305024206638336,3,6535,0.547444784236106,3
1,213160337,233459,0.51609605550766,0.580964028835297,3,6537,0.444172125890752,3
1,213168103,499197,0.485765248537064,0.49089115858078,3,6539,0.494778974978348,3
1,213169068,4913,0.549764931201935,0.380456447601318,3,6541,0.636639694614774,3
1,213178201,897661,0.455616742372513,0.475260674953461,3,6543,0.479333517776459,3
1,213181399,193812,0.378140926361084,0.419391006231308,3,6545,0.450821453897043,3
1,213198714,768301,0.517997980117798,0.501125276088715,3,6547,0.516910762582636,3
1,213206510,616600,0.590584933757782,0.538430333137512,3,6549,0.55649699748988,3
1,213227575,236857,0.552402019500732,0.550432443618774,3,6551,0.50219052270788,3
1,213233126,379521,0.45384082198143,0.542152881622315,3,6553,0.418554283639863,3
1,213235734,777287,0.610332846641541,0.514572203159332,3,6555,0.598635311065262,3
1,213245106,185222,0.414094835519791,0.410105258226395,3,6557,0.503381600996646,3
1,213253595,911550,0.543155550956726,0.544715344905853,3,6559,0.498568248568987,3
1,213257750,353976,0.489394873380661,0.508992493152618,3,6561,0.480748616103773,3
1,213265201,462888,0.533266484737396,0.592041075229645,3,6563,0.450362742593957,3
1,213267433,108908,0.428485065698624,0.416164338588715,3,6565,0.510551536951449,3
1,213274752,702395,0.64512026309967,0.612171411514282,3,6567,0.542478626593823,3
1,213286968,4916,0.658029437065125,0.687933206558228,3,6569,0.478265499318812,3
1,213289445,161475,0.421672523021698,0.352742254734039,3,6571,0.553247928504382,3
1,213302272,81469,0.562099874019623,0.580396413803101,3,6573,0.484237893835708,3
1,213312765,82379,0.42348313331604,0.4443499147892,3,6575,0.476519876814808,3
1,213317850,238796,0.450435191392899,0.475358158349991,3,6577,0.473785064462129,3
1,213344239,313872,0.406201988458633,0.385069191455841,3,6579,0.517183068980414,3
1,213375088,579541,0.519245684146881,0.475478947162628,3,6581,0.541720667595227,3
1,213387083,4919,0.429023206233978,0.423474192619324,3,6583,0.504812458994564,3
1,213405110,459345,0.605263769626617,0.609731554985046,3,6585,0.49633626854154,3
1,213405685,195118,0.484365493059158,0.560650110244751,3,6587,0.431967714095079,3
1,213412561,461782,0.433221250772476,0.416770935058594,3,6589,0.514102791426843,3
1,213428382,112963,0.484745621681213,0.530752539634705,3,6591,0.456658786800007,3
1,213444580,605009,0.530250489711762,0.422601580619812,3,6593,0.593218915638448,3
1,213489288,440675,0.306803077459335,0.335969179868698,3,6595,0.456594080414219,3
1,213537692,604365,0.3022141456604,0.344860255718231,3,6597,0.438168998383109,3
1,213585997,4925,0.546064257621765,0.514834403991699,3,6599,0.53218473639414,3
1,213698123,167642,0.430200845003128,0.452690035104752,3,6601,0.47516049795925,3
1,213891790,297303,0.461944550275803,0.440122425556183,3,6603,0.51948830040326,3
1,213920458,664794,0.482085198163986,0.494533658027649,3,6605,0.48741394072821,3
1,213927856,269831,0.534815788269043,0.565822005271912,3,6607,0.472600732461821,3
1,213928231,139185,0.534125208854675,0.618065178394318,3,6609,0.432094565044328,3
1,213928380,456480,0.690704584121704,0.629927217960358,3,6611,0.582115423115386,3
1,213932632,375409,0.490402072668076,0.460722476243973,3,6613,0.527517924553379,3
1,213947308,748716,0.681071758270264,0.699405431747437,3,6615,0.486893386407247,3
1,213954552,461322,0.540929794311523,0.503794431686401,3,6617,0.537419332829466,3
1,213955280,448879,0.465332239866257,0.482098907232285,3,6619,0.482610759831126,3
1,213956033,489316,0.566036581993103,0.577604830265045,3,6621,0.489986018411036,3
1,213967273,492033,0.373075842857361,0.350429981946945,3,6623,0.517431424081342,3
1,213977921,4927,0.427359312772751,0.406523376703262,3,6625,0.517554133770043,3
1,213992561,62892,0.262988269329071,0.37112632393837,3,6627,0.35431098842337,3
1,213996038,635151,0.448555439710617,0.442475467920303,3,6629,0.505452649561118,3
1,214020229,401936,0.3711778819561,0.415565192699432,3,6631,0.44659404646597,3
1,214028758,197463,0.501282095909119,0.497497975826263,3,6633,0.503765278447462,3
1,214048681,877290,0.493090569972992,0.510417819023132,3,6635,0.483026406598322,3
1,214070732,717733,0.370285749435425,0.35012012720108,3,6637,0.515514884425867,3
1,214088164,4928,0.558204293251038,0.557600736618042,3,6639,0.500682140187556,3
1,214099535,632150,0.469337165355682,0.506443560123444,3,6641,0.463365715659691,3
1,214117910,4930,0.517185628414154,0.550786316394806,3,6643,0.469497528369453,3
1,214120603,779299,0.471055954694748,0.541922926902771,3,6645,0.434615266590541,3
1,214122116,649297,0.553036987781525,0.589085876941681,3,6647,0.469402687646062,3
1,214123681,204797,0.6851527094841,0.641517281532288,3,6649,0.560861271274563,3
1,214148800,389924,0.597929656505585,0.528726756572723,3,6651,0.573421206166503,3
1,214173039,659024,0.396994382143021,0.458688467741013,3,6653,0.432749469479985,3
1,214184069,901530,0.435598522424698,0.561338841915131,3,6655,0.387999626872922,3
1,214202820,563052,0.440076321363449,0.464461535215378,3,6657,0.473748941512863,3
1,214214145,626285,0.396203070878983,0.451314061880112,3,6659,0.438943857885189,3
1,214219717,462154,0.455158561468124,0.467542499303818,3,6661,0.486756350648194,3
1,214220693,538942,0.514244675636292,0.532934844493866,3,6663,0.482464865029303,3
1,214227256,4932,0.54556155204773,0.524351179599762,3,6665,0.522296252548382,3
1,214242873,684822,0.477006494998932,0.459018111228943,3,6667,0.516625680215333,3
1,214246512,905293,0.603006780147553,0.605866849422455,3,6669,0.497639688260194,3
1,214261571,190976,0.555856049060822,0.571579933166504,3,6671,0.486245244808916,3
1,214271904,306663,0.555569469928742,0.551380574703217,3,6673,0.504668651187757,3
1,214301697,97999,0.48356631398201,0.501350343227387,3,6675,0.48226387047938,3
1,214306924,391641,0.427590310573578,0.499476790428162,3,6677,0.428038217959076,3
1,214351362,209292,0.521470546722412,0.451579213142395,3,6679,0.563720536543196,3
1,214359189,457713,0.502026081085205,0.535963892936707,3,6681,0.468339460643938,3
1,214372750,652229,0.503576815128326,0.460505574941635,3,6683,0.539918151315495,3
1,214404070,269649,0.374011218547821,0.399852782487869,3,6685,0.467686152164225,3
1,214408326,119039,0.697531640529633,0.639559686183929,3,6687,0.580418244191306,3
1,214466781,255201,0.591798305511475,0.591510236263275,3,6689,0.500352602774626,3
1,214506728,182331,0.412309110164642,0.40088278055191,3,6691,0.509535971627771,3
1,214671076,124375,0.592884182929993,0.558748066425324,3,6693,0.53868098234508,3
1,214722322,780025,0.70692902803421,0.61835378408432,3,6695,0.616043655427544,3
1,214763111,766321,0.781401038169861,0.692390859127045,3,6697,0.64468064698958,3
1,214783961,4943,0.305598080158234,0.321688383817673,3,6699,0.474990853775188,3
1,214820721,670507,0.525209426879883,0.547351241111755,3,6701,0.479773669475108,3
1,214836005,571061,0.405812859535217,0.405218780040741,3,6703,0.500499410097815,3
1,214838195,556264,0.512786507606506,0.461041957139969,3,6705,0.548004247410383,3
1,214855550,95772,0.592518270015717,0.505070984363556,3,6707,0.588343260234712,3
1,214863385,901668,0.351742178201675,0.339368969202042,3,6709,0.5093646895338,3
1,214871331,588702,0.454498201608658,0.493582099676132,3,6711,0.460407905702902,3
1,214883617,443367,0.430354535579681,0.483589112758637,3,6713,0.444958875443578,3
1,214886050,284032,0.518370985984802,0.508048415184021,3,6715,0.510491449889975,3
1,214893425,881160,0.615130186080933,0.564354002475739,3,6717,0.558276885239106,3
1,214913664,302827,0.572417318820953,0.589611887931824,3,6719,0.485418739459966,3
1,214926446,573255,0.561115086078644,0.533731877803803,3,6721,0.529364229475803,3
1,214961790,4955,0.658436119556427,0.68335622549057,3,6723,0.481766386984875,3
1,215017127,928956,0.735784471035004,0.657664299011231,3,6725,0.614098780521778,3
1,215049574,454490,0.754350006580353,0.684003829956055,3,6727,0.61130859056696,3
1,215054794,658153,0.347639173269272,0.315324425697327,3,6729,0.523598583610097,3
1,215128763,133646,0.535429894924164,0.584163248538971,3,6731,0.458287898342893,3
1,215137945,852288,0.729966938495636,0.692353904247284,3,6733,0.561130361749471,3
1,215182250,843152,0.356418073177338,0.327130287885666,3,6735,0.521763340483585,3
1,215190563,4964,0.464478492736816,0.452674865722656,3,6737,0.510783012029719,3
1,215217436,345423,0.417085081338882,0.458010047674179,3,6739,0.455323069282958,3
1,215233367,185144,0.510362386703491,0.511909186840057,3,6741,0.498489185019208,3
1,215234321,4971,0.469760984182358,0.453878402709961,3,6743,0.514541250109142,3
1,215235259,244252,0.489575117826462,0.428931176662445,3,6745,0.55309687614322,3
1,215239015,226471,0.380896747112274,0.464070469141007,3,6747,0.410386754211395,3
1,215251091,433258,0.366672903299332,0.346189141273499,3,6749,0.515664898917197,3
1,215265764,856336,0.26277157664299,0.308131039142609,3,6751,0.426395823955559,3
1,215268027,158383,0.518717110157013,0.601653277873993,3,6753,0.431076443221548,3
1,215271131,550430,0.445346593856812,0.491945564746857,3,6755,0.452638082107698,3
1,215303675,679193,0.437011033296585,0.435951501131058,3,6757,0.50093922080074,3
1,215330914,320177,0.51399177312851,0.532866060733795,3,6759,0.482289838858104,3
1,215339453,396962,0.493367820978165,0.445715069770813,3,6761,0.542985789986793,3
1,215342481,460379,0.576545357704163,0.576896190643311,3,6763,0.499695930615561,3
1,215351136,695289,0.574765861034393,0.52734500169754,3,6765,0.550164347681888,3
1,215360953,712749,0.524968087673187,0.412052541971207,3,6767,0.596025201027785,3
1,215417006,91292,0.53890734910965,0.438138633966446,3,6769,0.589674002552069,3
1,215419037,269345,0.514170289039612,0.459469646215439,3,6771,0.55059904817665,3
1,215422211,143796,0.428942412137985,0.547545731067658,3,6773,0.391695513086726,3
1,215423783,406464,0.561650156974793,0.530478358268738,3,6775,0.533195273588578,3
1,215426329,409609,0.407640308141708,0.471086531877518,3,6777,0.432659692601544,3
1,215427099,799293,0.324918061494827,0.393213510513306,3,6779,0.413157295982373,3
1,215429974,347655,0.48923996090889,0.511244475841522,3,6781,0.478479459463682,3
1,215434776,329292,0.435196220874786,0.467129319906235,3,6783,0.465819851515788,3
1,215443693,212518,0.292205840349197,0.358899921178818,3,6785,0.407085406134165,3
1,215463415,105960,0.359290271997452,0.428748548030853,3,6787,0.418998820692912,3
1,215473481,140887,0.592384278774262,0.526842296123505,3,6789,0.569260187579937,3
1,215484741,4978,0.565284550189972,0.472473472356796,3,6791,0.58796816176034,3
1,215485355,429098,0.484973400831223,0.436051934957504,3,6793,0.543374087887004,3
1,215489900,246961,0.424037098884583,0.544661223888397,3,6795,0.389266832561839,3
1,215490486,716503,0.289999574422836,0.30453959107399,3,6797,0.476127871256613,3
1,215495741,4983,0.623623311519623,0.486319273710251,3,6799,0.633647254785187,3
1,215496254,4984,0.590427398681641,0.511149287223816,3,6801,0.581086218538584,3
1,215540590,680281,0.392592966556549,0.388375461101532,3,6803,0.503447789605215,3
1,215554563,907109,0.698262572288513,0.563280522823334,3,6805,0.65454090843145,3
1,215556762,603279,0.298319607973099,0.367372810840607,3,6807,0.406017537458062,3
1,215559733,4986,0.46005442738533,0.563792049884796,3,6809,0.408000101703577,3
1,215573410,499245,0.472428530454636,0.484495490789414,3,6811,0.48754688065815,3
1,215573881,4988,0.369044125080109,0.439368456602097,3,6813,0.419971119381386,3
1,215593971,499247,0.662438690662384,0.63837069272995,3,6815,0.53327716732104,3
1,215657810,253954,0.614002466201782,0.596710622310638,3,6817,0.521438506501482,3
1,215723760,489323,0.626275777816773,0.54699832201004,3,6819,0.587502386479559,3
1,215746703,616033,0.53864461183548,0.481610924005508,3,6821,0.55501050318292,3
1,215763089,709218,0.335325598716736,0.469496458768845,3,6823,0.357111957346874,3
1,215771769,648621,0.452900052070618,0.404233664274216,3,6825,0.540843519411948,3
1,215805659,861172,0.444322943687439,0.38128599524498,3,6827,0.550941911737895,3
1,215821582,600664,0.446579873561859,0.4151751101017,3,6829,0.526849715190491,3
1,215827444,751789,0.384505242109299,0.423832774162293,3,6831,0.453604895078342,3
1,216182795,351498,0.431060552597046,0.508143723011017,3,6833,0.42415219658996,3
1,216189142,5008,0.482773870229721,0.437270879745483,3,6835,0.540430634248728,3
1,216189968,136407,0.559603154659271,0.51613450050354,3,6837,0.544918116915721,3
1,216205104,598158,0.396740585565567,0.461236655712128,3,6839,0.430083538084173,3
1,216205965,767965,0.418258368968964,0.398026525974274,3,6841,0.516804596770177,3
1,216208752,793599,0.482021540403366,0.320451527833939,3,6843,0.618880417797441,3
1,216219198,831869,0.488030672073364,0.35766276717186,3,6845,0.601479330668338,3
1,216246214,871251,0.472711354494095,0.513810992240906,3,6847,0.460005100739903,3
1,216267648,477124,0.554947078227997,0.609304666519165,3,6849,0.455393753504546,3
1,216279372,405224,0.620852053165436,0.524510800838471,3,6851,0.601307508663553,3
1,216281656,454615,0.39004510641098,0.411523878574371,3,6853,0.473903370762106,3
1,216285456,499260,0.393204391002655,0.45672732591629,3,6855,0.430458578555383,3
1,216310320,366207,0.526694238185883,0.452689409255981,3,6857,0.567607707745339,3
1,216316023,154479,0.238632261753082,0.335499674081802,3,6859,0.355637099210562,3
1,216319833,745220,0.549158811569214,0.45611646771431,3,6861,0.585535172818977,3
1,216319935,230240,0.400124192237854,0.383035451173782,3,6863,0.513849046186352,3
1,216321229,294528,0.442500919103622,0.387980371713638,3,6865,0.544541502322924,3
1,216333900,499262,0.50267505645752,0.403981238603592,3,6867,0.582794220791556,3
1,216353958,456615,0.43263104557991,0.563066244125366,3,6869,0.384174198057223,3
1,216413773,373618,0.780239403247833,0.669838547706604,3,6871,0.667192224855981,3
1,216421416,149577,0.535686552524567,0.388232082128525,3,6873,0.620515040171672,3
1,216432673,186818,0.397407948970795,0.400087028741837,3,6875,0.496651878743149,3
1,216439297,224913,0.587668359279633,0.497356295585632,3,6877,0.589837058438067,3
1,216498932,846938,0.569034099578857,0.554510116577148,3,6879,0.516301136728534,3
1,216505878,761228,0.43156424164772,0.400006055831909,3,6881,0.526298753614562,3
1,216590927,911730,0.646393775939941,0.529491364955902,3,6883,0.624229825211479,3
1,216693299,310303,0.38056093454361,0.432657718658447,3,6885,0.439794458912723,3
1,216707919,357451,0.585613131523132,0.487513214349747,3,6887,0.595709704055017,3
1,216736203,619923,0.207701995968819,0.309176802635193,3,6889,0.33589518068387,3
1,216755778,259709,0.669009447097778,0.606278479099274,3,6891,0.579664133998814,3
1,216771710,634097,0.397170394659042,0.394324898719788,3,6893,0.502349028326606,3
1,216772437,370072,0.466989398002625,0.535530030727387,3,6895,0.43600673277681,3
1,216774733,699488,0.415122836828232,0.306332916021347,3,6897,0.578416522363221,3
1,216786378,339775,0.621171891689301,0.573277294635773,3,6899,0.556119110199032,3
1,216794613,220815,0.483244776725769,0.585672438144684,3,6901,0.412555504794293,3
1,216811787,190337,0.418670892715454,0.430618494749069,3,6903,0.486127393296731,3
1,216815581,824779,0.379037946462631,0.45407247543335,3,6905,0.417376043439862,3
1,216832681,863374,0.58435982465744,0.49137219786644,3,6907,0.591410287051693,3
1,216852200,658305,0.468567788600922,0.523310422897339,3,6909,0.447695830332089,3
1,216861293,779543,0.544265747070313,0.559504628181458,3,6911,0.486381809601222,3
1,216879452,89893,0.590040981769562,0.570480704307556,3,6913,0.522769963606026,3
1,216916657,125936,0.610037624835968,0.585102617740631,3,6915,0.530049607639786,3
1,216924320,854655,0.60930460691452,0.572756826877594,3,6917,0.54277163725031,3
1,216939247,499269,0.709494948387146,0.687189817428589,3,6919,0.53565282110576,3
1,216975291,499270,0.289790630340576,0.349226951599121,3,6921,0.414903015093216,3
1,216987361,125345,0.435214400291443,0.516360402107239,3,6923,0.421425034254521,3
1,217004867,499271,0.470367789268494,0.524813055992127,3,6925,0.448128894563506,3
1,217024728,362334,0.500940382480621,0.61631590127945,3,6927,0.406399041011831,3
1,217037127,499272,0.380495339632034,0.438609838485718,3,6929,0.433751487364805,3
1,217046441,499274,0.430730134248734,0.405766904354095,3,6931,0.521004577225293,3
1,217054825,499277,0.764774322509766,0.699573636054993,3,6933,0.60851358981715,3
1,217055715,148411,0.283188283443451,0.452882349491119,3,6935,0.312651049176077,3
1,217068286,423050,0.48511928319931,0.531839549541473,3,6937,0.456076728044724,3
1,217077375,499279,0.527014255523682,0.514801442623138,3,6939,0.512585376352487,3
1,217079336,492737,0.511806130409241,0.578597962856293,3,6941,0.442281310396144,3
1,217090277,190724,0.360164493322372,0.427802443504334,3,6943,0.420947213826192,3
1,217094404,147828,0.576925337314606,0.565691471099854,3,6945,0.512933048129634,3
1,217121904,600608,0.507539987564087,0.464074075222015,3,6947,0.540552164331365,3
1,217152207,162403,0.578226804733276,0.503909885883331,3,6949,0.574902640402614,3
1,217157117,499284,0.60180526971817,0.513266086578369,3,6951,0.590952346547409,3
1,217161628,758115,0.57893180847168,0.521644353866577,3,6953,0.559879563529939,3
1,217170664,425417,0.529831767082214,0.500438511371613,3,6955,0.529419056892581,3
1,217223308,327200,0.43504723906517,0.385348975658417,3,6957,0.540428032687321,3
1,217574296,558705,0.510180830955505,0.482720285654068,3,6959,0.526543226556023,3
1,217609785,361947,0.336217105388641,0.353050142526627,3,6961,0.476160557509596,3
1,217620570,253389,0.593774616718292,0.646888017654419,3,6963,0.458946989674725,3
1,217630980,489661,0.613707840442658,0.532571017742157,3,6965,0.586790534798015,3
1,217638142,263758,0.549165427684784,0.488914728164673,3,6967,0.558943881618569,3
1,217651902,204259,0.538053870201111,0.525611758232117,3,6969,0.513113849452325,3
1,217655426,361429,0.412969321012497,0.422072142362595,3,6971,0.489216510121773,3
1,217844091,718711,0.431507766246796,0.507925033569336,3,6973,0.424775053135761,3
1,217859003,808373,0.448939919471741,0.512569606304169,3,6975,0.43793068682786,3
1,217864298,867437,0.549293637275696,0.610599875450134,3,6977,0.449798353521409,3
1,217931859,839878,0.584191799163818,0.582345306873322,3,6979,0.502210548954536,3
1,217948517,361146,0.577174365520477,0.603373944759369,3,6981,0.478289102913335,3
1,217962124,375175,0.52921187877655,0.371329039335251,3,6983,0.625568738911016,3
1,217994760,572822,0.75119161605835,0.676783382892609,3,6985,0.615105828765323,3
1,218000621,188204,0.54612922668457,0.510161459445953,3,6987,0.536713900868166,3
1,218002492,5060,0.509074568748474,0.555626511573792,3,6989,0.458108601861473,3
1,218014523,427282,0.51006942987442,0.480375200510025,3,6991,0.528572759992923,3
1,218023857,291118,0.631056070327759,0.663482010364533,3,6993,0.475563813690323,3
1,218036519,854491,0.614802658557892,0.623346745967865,3,6995,0.493146601417878,3
1,218065349,450120,0.433400720357895,0.470844388008118,3,6997,0.460237746690976,3
1,218065874,192665,0.362894386053085,0.423796117305756,3,6999,0.428147369966663,3
1,218074931,5064,0.666257798671722,0.616771638393402,3,7001,0.564564845971813,3
1,218098941,175978,0.489794045686722,0.515582501888275,3,7003,0.474990950907851,3
1,218140154,187165,0.503804445266724,0.592329561710358,3,7005,0.4252737646691,3
1,218142911,84754,0.445022821426392,0.507421672344208,3,7007,0.438513809796945,3
1,218143545,494124,0.534670293331146,0.571022748947144,3,7009,0.4681689952957,3
1,218150782,764579,0.502288341522217,0.489831149578095,3,7011,0.512208891167915,3
1,218159811,571279,0.611811578273773,0.47260594367981,3,7013,0.631974974808447,3
1,218184473,283830,0.53717452287674,0.494402468204498,3,7015,0.542298520050471,3
1,218229901,700675,0.356169611215591,0.379079014062881,3,7017,0.469782813084596,3
1,218230551,716575,0.558668255805969,0.60110080242157,3,7019,0.46470430047285,3
1,218555899,224001,0.494196593761444,0.586782217025757,3,7021,0.421107337119379,3
1,218558360,5075,0.725348293781281,0.687219500541687,3,7023,0.560951359348851,3
1,218570524,441090,0.583361983299255,0.579160571098328,3,7025,0.504991704569951,3
1,218572101,633081,0.470677256584168,0.512706935405731,3,7027,0.459011985289117,3
1,218585911,689329,0.466815143823624,0.410147666931152,3,7029,0.548035307919904,3
1,218603943,538950,0.696221172809601,0.631594002246857,3,7031,0.587711887098604,3
1,218615526,759141,0.470566928386688,0.554048180580139,3,7033,0.424662461569643,3
1,218631105,499304,0.386180639266968,0.361761212348938,3,7035,0.519130321903423,3
1,218640903,555998,0.266640901565552,0.323759377002716,3,7037,0.411788693248126,3
1,218795820,739955,0.506301701068878,0.44837674498558,3,7039,0.552504091838717,3
1,219037122,648112,0.497161746025085,0.44168621301651,3,7041,0.549681321061677,3
1,219038951,499316,0.523891806602478,0.551305115222931,3,7043,0.475137806757545,3
1,219044588,576096,0.455382466316223,0.517625510692596,3,7045,0.439876374820582,3
1,219046560,349780,0.475386321544647,0.557121634483337,3,7047,0.426645001845522,3
1,219055113,280017,0.489469975233078,0.494613796472549,3,7049,0.494800164010632,3
1,219065536,352726,0.657845735549927,0.636752307415009,3,7051,0.529034497073898,3
1,219068410,726681,0.434863120317459,0.404026061296463,3,7053,0.52587114722506,3
1,219074478,323258,0.506064474582672,0.49676713347435,3,7055,0.50923761316755,3
1,219082681,122908,0.486784249544144,0.484200388193131,3,7057,0.502504714323031,3
1,219089539,298305,0.48047810792923,0.511293232440949,3,7059,0.46986550715271,3
1,219121384,254699,0.524213194847107,0.572974622249603,3,7061,0.457448876870803,3
1,219150375,885465,0.445213288068771,0.439630419015884,3,7063,0.504981416945476,3
1,219174419,499322,0.211178496479988,0.302310675382614,3,7065,0.349273964957926,3
1,219185123,760627,0.483338862657547,0.479103475809097,3,7067,0.504065478124497,3
1,219233149,131073,0.494945019483566,0.511947631835938,3,7069,0.483394187906098,3
1,219240302,287990,0.50778591632843,0.464992880821228,3,7071,0.539992958946872,3
1,219244385,499323,0.443329036235809,0.457378804683685,3,7073,0.484640993084941,3
1,219252023,209571,0.397773146629334,0.583751499652863,3,7075,0.340704175377601,3
1,219270686,369864,0.491646200418472,0.413893342018127,3,7077,0.56632995662263,3
1,219294692,5092,0.567991137504578,0.532961964607239,3,7079,0.537501413421158,3
1,219306722,142850,0.521052181720734,0.537624597549439,3,7081,0.484587372021068,3
1,219308343,723948,0.479811936616898,0.50990617275238,3,7083,0.470490417900768,3
1,219311021,340712,0.624941647052765,0.584908246994019,3,7085,0.548222350563261,3
1,219316016,413720,0.484084099531174,0.464164555072784,3,7087,0.518587371036172,3
1,219334861,499324,0.386228978633881,0.360733091831207,3,7089,0.519941503679353,3
1,219344131,213904,0.502035975456238,0.500375926494598,3,7091,0.501661298013517,3
1,219354484,5095,0.48128217458725,0.499697953462601,3,7093,0.48157308955566,3
1,219367146,499325,0.446501821279526,0.579018294811249,3,7095,0.385567973655374,3
1,219374443,425930,0.544223427772522,0.531101703643799,3,7097,0.513992079125358,3
1,219380523,286825,0.536862671375275,0.47959366440773,3,7099,0.555023356799036,3
1,219380843,600548,0.603061676025391,0.585792541503906,3,7101,0.520845996574018,3
1,219385941,740913,0.566665768623352,0.505054414272308,3,7103,0.562240533229991,3
1,219411308,445567,0.4477499127388,0.449899017810822,3,7105,0.497611569500108,3
1,219460498,211561,0.631263732910156,0.633208870887756,3,7107,0.498464062912706,3
1,219468281,306357,0.539206743240356,0.537004113197327,3,7109,0.502378671286089,3
1,219490819,490189,0.38765287399292,0.390949010848999,3,7111,0.495784441494146,3
1,219518713,889580,0.56577730178833,0.577870666980743,3,7113,0.489536270065758,3
1,219546344,461827,0.581536591053009,0.529153823852539,3,7115,0.555626200077777,3
1,219553182,768415,0.555886566638947,0.465398460626602,3,7117,0.584631355643312,3
1,219574269,233904,0.595275223255158,0.617608904838562,3,7119,0.481919236098739,3
1,219593075,302071,0.619039595127106,0.609393239021301,3,7121,0.512347912362851,3
1,219622272,764494,0.539096593856812,0.491518050432205,3,7123,0.546784889281761,3
1,219629557,476824,0.234130516648293,0.322661072015762,3,7125,0.362811843377337,3
1,219634798,766371,0.572347581386566,0.568980395793915,3,7127,0.503906070118149,3
1,219644632,379571,0.333025634288788,0.419345051050186,3,7129,0.397078293227469,3
1,219648418,879539,0.589059591293335,0.565593481063843,3,7131,0.527009390060444,3
1,219682074,805516,0.346990764141083,0.356482982635498,3,7133,0.48668629505925,3
1,219696585,286747,0.550002455711365,0.519971251487732,3,7135,0.531280630917114,3
1,219713773,275087,0.524639487266541,0.523414254188538,3,7137,0.501285427741777,3
1,219721151,276532,0.475237995386124,0.474022179841995,3,7139,0.501155766933065,3
1,219724113,830574,0.503534853458405,0.491089642047882,3,7141,0.512227311957849,3
1,219724360,675700,0.4123694896698,0.401967436075211,3,7143,0.508696895639196,3
1,219737372,445879,0.418890178203583,0.463925242424011,3,7145,0.451463015910581,3
1,219744105,272380,0.520014941692352,0.544242799282074,3,7147,0.477741682920122,3
1,219757130,446160,0.403732478618622,0.386501163244247,3,7149,0.514043478440396,3
1,219759089,192333,0.634062051773071,0.629940390586853,3,7151,0.505568915225245,3
1,219770273,871550,0.344590544700623,0.421212553977966,3,7153,0.409045909774389,3
1,219784029,79402,0.438024669885635,0.455743968486786,3,7155,0.48056002950518,3
1,219790147,138860,0.445903897285461,0.472677856683731,3,7157,0.471678428532581,3
1,219844118,598345,0.460959494113922,0.300339013338089,3,7159,0.614784505523279,3
1,219876175,272308,0.615928888320923,0.595997929573059,3,7161,0.524666901739886,3
1,219877678,929511,0.30505183339119,0.366014003753662,3,7163,0.416721532868587,3
1,219880383,249651,0.480085104703903,0.42123007774353,3,7165,0.550844925329665,3
1,219887939,572202,0.643959522247315,0.626303315162659,3,7167,0.523623713831367,3
1,219895884,750059,0.521071970462799,0.485373258590698,3,7169,0.534684081684465,3
1,219926806,735620,0.348542839288712,0.42240783572197,3,7171,0.412566730317621,3
1,219935029,206777,0.495494067668915,0.40739968419075,3,7173,0.574328667339524,3
1,219938088,265234,0.560352146625519,0.696252226829529,3,7175,0.402405999602437,3
1,219944762,748243,0.467768967151642,0.448785424232483,3,7177,0.517219739602065,3
1,219951763,593262,0.485443532466888,0.460263222455978,3,7179,0.52332647232739,3
1,219965978,671717,0.431673496961594,0.517273783683777,3,7181,0.417258239812021,3
1,219999585,650287,0.696220993995667,0.625226020812988,3,7183,0.594717052310683,3
1,220019680,703596,0.396975785493851,0.415502965450287,3,7185,0.47770511705451,3
1,220029788,612607,0.539197027683258,0.584758996963501,3,7187,0.461042096387713,3
1,220035402,5111,0.442019820213318,0.491897702217102,3,7189,0.44930055397802,3
1,220039638,445205,0.401953220367432,0.422382771968842,3,7191,0.475816305780913,3
1,220045990,127519,0.471945136785507,0.45276203751564,3,7193,0.51752720076544,3
1,220048743,465327,0.397870302200317,0.40284189581871,3,7195,0.49382934884629,3
1,220049878,294892,0.526705861091614,0.590998530387878,3,7197,0.445606743510793,3
1,220074158,912597,0.366689652204514,0.428112626075745,3,7199,0.428263066620741,3
1,220080898,81504,0.451814591884613,0.480984419584274,3,7201,0.469676951568542,3
1,220087335,5116,0.412911415100098,0.53127384185791,3,7203,0.388605068203726,3
1,220092935,499340,0.390218108892441,0.440739035606384,3,7205,0.442686121908359,3
1,220099305,475056,0.433715641498566,0.557395815849304,3,7207,0.389055343766541,3
1,220104995,313962,0.472214162349701,0.46098729968071,3,7209,0.51041428398843,3
1,220105938,883151,0.458120107650757,0.439574599266052,3,7211,0.516545920617103,3
1,220121557,172490,0.571852385997772,0.485536605119705,3,7213,0.583889137436251,3
1,220124612,499343,0.51425701379776,0.564952075481415,3,7215,0.455133307864693,3
1,220125973,387434,0.478878647089005,0.439468115568161,3,7217,0.535154584971371,3
1,220139621,609744,0.438141107559204,0.384153068065643,3,7219,0.543832352402882,3
1,220153576,245993,0.815354704856873,0.667379856109619,3,7221,0.722438194837683,3
1,220164150,800998,0.491273164749146,0.498753368854523,3,7223,0.492501099167955,3
1,220167571,821041,0.629331707954407,0.527283012866974,3,7225,0.607938468327896,3
1,220172975,852548,0.41915163397789,0.505897223949432,3,7227,0.41426559994307,3
1,220179257,81742,0.532958626747131,0.522379994392395,3,7229,0.511074318737213,3
1,220186958,744708,0.457847416400909,0.497531056404114,3,7231,0.460119434262038,3
1,220191914,828758,0.671908557415009,0.59058278799057,3,7233,0.599318942925347,3
1,220228612,849739,0.506365656852722,0.426316797733307,3,7235,0.5697674768959,3
1,220228996,592963,0.49273356795311,0.430518746376038,3,7237,0.554624117283195,3
1,220250379,299416,0.496645212173462,0.519971787929535,3,7239,0.477569383284277,3
1,220267368,695760,0.332942873239517,0.519774258136749,3,7241,0.320276416182121,3
1,220278738,377971,0.381854325532913,0.406925439834595,3,7243,0.46919446187504,3
1,220282623,814416,0.352849543094635,0.423723071813583,3,7245,0.416368102855951,3
1,220294647,322174,0.608305752277374,0.578033566474915,3,7247,0.535870371903243,3
1,220307041,172955,0.506141304969788,0.489739179611206,3,7249,0.516072295484184,3
1,220311503,278299,0.282242655754089,0.322137415409088,3,7251,0.438078041005675,3
1,220332176,480778,0.493141919374466,0.512220501899719,3,7253,0.48137659225422,3
1,220332724,926566,0.349160969257355,0.477421194314957,3,7255,0.365673930499001,3
1,220337347,342654,0.464141517877579,0.498326003551483,3,7257,0.465700680447862,3
1,220338563,132973,0.600672960281372,0.539888679981232,3,7259,0.566053884848629,3
1,220349505,127028,0.377785682678223,0.487537056207657,3,7261,0.387443044449643,3
1,220365593,359458,0.627353847026825,0.592057943344116,3,7263,0.543260927755338,3
1,220399529,568736,0.385932624340057,0.378255277872086,3,7265,0.506174034289906,3
1,220401746,5122,0.348700374364853,0.458532184362412,3,7267,0.380235440670016,3
1,220420748,829458,0.597973108291626,0.532938539981842,3,7269,0.569620996246678,3
1,220432267,783606,0.421126157045364,0.460576683282852,3,7271,0.457172684083467,3
1,220456010,451840,0.438042640686035,0.382270663976669,3,7273,0.545142729555635,3
1,220462640,499345,0.480618745088577,0.580061674118042,3,7275,0.414282451792162,3
1,220470464,613628,0.363549590110779,0.327851086854935,3,7277,0.526555501733096,3
1,220510201,581379,0.522293448448181,0.505354106426239,3,7279,0.517122695489856,3
1,220523909,348518,0.627147495746613,0.570725440979004,3,7281,0.565717911278373,3
1,220551368,331888,0.49985882639885,0.483808100223541,3,7283,0.51554724723718,3
1,220557092,189819,0.593516409397125,0.543656706809998,3,7285,0.554629599394998,3
1,220562086,80046,0.397880882024765,0.416914880275726,3,7287,0.477172800550591,3
1,220573336,213401,0.469907313585281,0.453965306282044,3,7289,0.514597980207712,3
1,220578561,618101,0.72083967924118,0.683857917785645,3,7291,0.558489147026085,3
1,220613227,499348,0.427739679813385,0.512464642524719,3,7293,0.417335796774265,3
1,220613918,5128,0.315656989812851,0.374725192785263,3,7295,0.421184638623615,3
1,220617666,404273,0.50808972120285,0.533827066421509,3,7297,0.475893555387527,3
1,220627629,499351,0.505545079708099,0.503828704357147,3,7299,0.501729619756347,3
1,220792659,332660,0.626401603221893,0.598779439926148,3,7301,0.53442266678789,3
1,221018595,390140,0.433227270841599,0.557609677314758,3,7303,0.388468213937624,3
1,221023671,916872,0.413310766220093,0.411751240491867,3,7305,0.501325566525232,3
1,221029300,499365,0.487390518188477,0.538982272148132,3,7307,0.452139655953771,3
1,221037655,746324,0.56364107131958,0.574186384677887,3,7309,0.490817168745457,3
1,221044193,485643,0.503382682800293,0.609620809555054,3,7311,0.412865403305129,3
1,221070121,925650,0.604971408843994,0.546633899211884,3,7313,0.564338191067549,3
1,221129317,605367,0.491740971803665,0.464002192020416,3,7315,0.525875833231305,3
1,221161588,459446,0.352614402770996,0.352225095033646,3,7317,0.50030049615566,3
1,221183546,261909,0.460186064243317,0.543605327606201,3,7319,0.423272216876326,3
1,221237433,62911,0.516721487045288,0.461444526910782,3,7321,0.551319653124525,3
1,221244197,434832,0.532219171524048,0.581563293933868,3,7323,0.457576309470942,3
1,221258640,680233,0.475165039300919,0.442244589328766,3,7325,0.529511546945403,3
1,221261319,611307,0.41264471411705,0.415942519903183,3,7327,0.496035743367977,3
1,221271251,726664,0.533475041389465,0.426594257354736,3,7329,0.59319821557913,3
1,221355970,762547,0.476389825344086,0.499326914548874,3,7331,0.477031991931067,3
1,221361877,87247,0.575005531311035,0.583157002925873,3,7333,0.493010911663635,3
1,221372033,628803,0.330443531274796,0.422924518585205,3,7335,0.39066490207309,3
1,221375836,123361,0.375821113586426,0.375893890857697,3,7337,0.499903194394694,3
1,221378468,224539,0.509486198425293,0.570346832275391,3,7339,0.446645943830971,3
1,221378563,466030,0.507272958755493,0.47374302148819,3,7341,0.531857000131497,3
1,221415643,499369,0.550170421600342,0.593783140182495,3,7343,0.463275549918149,3
1,221441571,693473,0.468962371349335,0.484892278909683,3,7345,0.483573766532055,3
1,221483847,742212,0.16260002553463,0.317596316337585,3,7347,0.25598537698686,3
1,221495192,631716,0.45385679602623,0.512953341007233,3,7349,0.442395788996168,3
1,221501256,97204,0.513670802116394,0.523148477077484,3,7351,0.490941696883038,3
1,221504074,385159,0.561040163040161,0.388812333345413,3,7353,0.640896028414201,3
1,221510310,707376,0.471497744321823,0.453376471996307,3,7355,0.51657564246429,3
1,221529717,139426,0.480861783027649,0.460506141185761,3,7357,0.51886549912415,3
1,221534959,108936,0.43774750828743,0.429242789745331,3,7359,0.507450382044499,3
1,221551350,136425,0.63997083902359,0.599814534187317,3,7361,0.550172118013738,3
1,221552830,226852,0.478655993938446,0.462454319000244,3,7363,0.515070044752354,3
1,221561120,5136,0.408422738313675,0.41037654876709,3,7365,0.497619490612603,3
1,221562140,5138,0.592420518398285,0.560514152050018,3,7367,0.536299651623706,3
1,221565284,5140,0.344998151063919,0.303987085819244,3,7369,0.529461425505981,3
1,221590596,602914,0.43463534116745,0.418973565101624,3,7371,0.513477679435158,3
1,221595661,417640,0.304682791233063,0.319235950708389,3,7373,0.477206264765869,3
1,221711029,484361,0.668616414070129,0.652428507804871,3,7375,0.523287160524907,3
1,221711984,478137,0.224899917840958,0.583362698554993,3,7377,0.19276165445446,1
1,221719804,863041,0.122039988636971,0.57297146320343,3,7379,0.106497440513578,1
1,221720055,727768,0.771866083145142,0.497937858104706,3,7381,0.772803107605715,1
1,221730558,741386,0.397945702075958,0.372544497251511,3,7383,0.520241439204199,1
1,221767720,722098,0.743358790874481,0.679685354232788,3,7385,0.599392015761851,1
1,221893810,730398,0.803365886211395,0.486337631940842,3,7387,0.808595951333193,1
1,221898214,643645,0.848979115486145,0.547708451747894,3,7389,0.833049185754764,1
1,221905271,610145,0.494618445634842,0.372952997684479,3,7391,0.597014615731424,1
1,221905395,901534,0.762639880180359,0.51401299238205,3,7393,0.755795817481774,1
1,221906997,774539,0.272098273038864,0.522846817970276,3,7395,0.260208404915963,1
1,221907240,233486,0.300299108028412,0.607256293296814,3,7397,0.247258950910231,1
1,221913187,147947,0.894048869609833,0.49702376127243,3,7399,0.894675809479388,1
1,221921307,882538,0.178864493966103,0.699320733547211,3,7401,0.127884449427687,1
1,221936223,569026,0.311979591846466,0.554017007350922,3,7403,0.281561385036014,1
1,221973044,178377,0.117440573871136,0.459712386131287,3,7405,0.127732662218934,1
1,221995709,720514,0.224815875291824,0.556334853172302,3,7407,0.202050863800723,1
1,222020028,729545,0.0485215708613396,0.433228611946106,3,7409,0.0559999611329638,1
1,222020703,920074,0.151044651865959,0.48164027929306,3,7411,0.156802346439607,1
1,222027398,218306,0.101316124200821,0.314726024866104,3,7413,0.160959241047709,1
1,222031876,779370,0.921739518642426,0.577976703643799,3,7415,0.907279429792994,1
1,222043750,558424,0.686449408531189,0.422997236251831,3,7417,0.728293683177522,1
1,222055324,422372,0.0367194600403309,0.572807312011719,3,7419,0.0320521921336609,1
1,222066211,5148,0.0339715667068958,0.484848171472549,3,7421,0.0350332008097706,1
1,222083143,817933,0.880691528320313,0.496726274490356,3,7423,0.881467613316323,1
1,222102465,616305,0.177818387746811,0.441424459218979,3,7425,0.201414289617558,1
1,222157313,5145,0.524613618850708,0.539221227169037,3,7427,0.486454902382998,1
1,222335061,5153,0.937524259090424,0.542023837566376,3,7429,0.931791492620938,1
1,222336109,152196,0.925140559673309,0.594557523727417,3,7431,0.907681798642674,1
1,222354257,707582,0.884519815444946,0.6138876080513,3,7433,0.850457811037574,1
1,222361493,652806,0.117726847529411,0.498900264501572,3,7435,0.117986355095469,1
1,222372787,397020,0.256341278553009,0.510468125343323,3,7437,0.251084510301797,1
1,222398402,289676,0.834117472171783,0.572344958782196,3,7439,0.806055685259965,1
1,222417646,418853,0.843588352203369,0.499784827232361,3,7441,0.843655634303113,1
1,222440231,302784,0.934301137924194,0.467552155256271,3,7443,0.938304884953167,1
1,222462405,712251,0.920708060264587,0.565585494041443,3,7445,0.908737002738374,1
1,222462952,919396,0.184530466794968,0.41301217675209,3,7447,0.223395915643586,1
1,222478359,771325,0.797913312911987,0.699876248836517,3,7449,0.663327733468964,1
1,222626559,387341,0.0888533517718315,0.526674509048462,3,7451,0.0843531918151517,1
1,222632444,334606,0.195560365915298,0.479020595550537,3,7453,0.204125216881898,1
1,222637605,218543,0.0178707297891378,0.409445881843567,3,7455,0.021823066956582,1
1,222647503,735973,0.0522582195699215,0.504790723323822,3,7457,0.0517622622161362,1
1,222677530,228255,0.868978798389435,0.460279226303101,3,7459,0.87862130939197,1
1,222693409,217411,0.139556586742401,0.436053663492203,3,7461,0.160022261508756,1
1,222705706,432286,0.0228178706020117,0.495756834745407,3,7463,0.0230131679513099,1
1,222711508,246698,0.0878574699163437,0.484937608242035,3,7465,0.090586364537532,1
1,222751973,116973,0.285147070884705,0.42643740773201,3,7467,0.334336371193662,1
1,222774229,681694,0.121157415211201,0.487419247627258,3,7469,0.12428460283523,1
1,222796556,87475,0.881186902523041,0.487296611070633,3,7471,0.884130766401734,1
1,222819988,643821,0.820712864398956,0.460978150367737,3,7473,0.833692144647421,1
1,222851896,881591,0.796171367168427,0.613563299179077,3,7475,0.736271642420903,1
1,222871272,790083,0.247248992323875,0.31684547662735,3,7477,0.390172829600896,1
1,222885901,121550,0.11142235994339,0.45414924621582,3,7479,0.122671523592533,1
1,222894120,5161,0.0389352850615978,0.439056426286697,3,7481,0.0443397280286858,1
1,222894948,5163,0.866863787174225,0.553422510623932,3,7483,0.850937165449399,1
1,222898477,598222,0.27332404255867,0.326907128095627,3,7485,0.418045400464191,1
1,222907867,675437,0.345496118068695,0.58218514919281,3,7487,0.296723575436199,1
1,222909833,209093,0.879010558128357,0.443443119525909,3,7489,0.891305411794945,1
1,222917603,709198,0.317452937364578,0.370830088853836,3,7491,0.428030177305412,1
1,222940923,773201,0.127477511763573,0.456360667943955,3,7493,0.139667505021739,1
1,222941367,712108,0.0832898616790772,0.533390700817108,3,7495,0.0780758471712052,1
1,222944369,236385,0.0842800661921501,0.42978310585022,3,7497,0.0980495336425833,1
1,222948169,380664,0.0735084116458893,0.470052182674408,3,7499,0.0781917565276008,1
1,222952691,346252,0.30624920129776,0.565195620059967,3,7501,0.270923190509922,1
1,222955114,357264,0.292229384183884,0.484370529651642,3,7503,0.301658922554655,1
1,222957663,228413,0.0654431730508804,0.562188148498535,3,7505,0.0582039778192256,1
1,222965486,131261,0.184440299868584,0.524538636207581,3,7507,0.175811929891465,1
1,222970446,929437,0.84690672159195,0.428436279296875,3,7509,0.866075056146217,1
1,222977739,499387,0.353068768978119,0.527467787265778,3,7511,0.334682778268141,1
1,222993840,366180,0.515974760055542,0.413956642150879,3,7513,0.587039735659736,1
1,223013040,869903,0.855919063091278,0.523830473423004,3,7515,0.848708360292955,1
1,223093290,410052,0.863840878009796,0.452278524637222,3,7517,0.875704050220032,1
1,223106458,617805,0.566157996654511,0.385561287403107,3,7519,0.646960718415773,1
1,223166456,860955,0.689472794532776,0.558465421199799,3,7521,0.648354601907928,1
1,223377783,240360,0.863606154918671,0.533829748630524,3,7523,0.853708119854664,1
1,223408624,713372,0.249679818749428,0.518032491207123,3,7525,0.240988570203022,1
1,223422950,895462,0.594668447971344,0.665256798267365,3,7527,0.446946539682221,1
1,223449102,452090,0.967583000659943,0.563900053501129,3,7529,0.962833062007563,1
1,223458875,374382,0.861323118209839,0.463131725788117,3,7531,0.870846454846175,1
1,223485079,93111,0.929052591323853,0.375279188156128,3,7533,0.943216707902891,1
1,223502514,631311,0.79335218667984,0.445454210042954,3,7535,0.81367831379969,1
1,223508301,446006,0.126772820949554,0.499434947967529,3,7537,0.126916249519043,1
1,223509576,499393,0.172083362936974,0.491921424865723,3,7539,0.174909400402662,1
1,223521465,636703,0.957565128803253,0.521737337112427,3,7541,0.955636437370481,1
1,223525586,358070,0.833365797996521,0.41769352555275,3,7543,0.856918813961621,1
1,223530395,919557,0.144419133663178,0.54341071844101,3,7545,0.132882117303006,1
1,223551121,499395,0.157483801245689,0.561152398586273,3,7547,0.140321775013742,1
1,223560451,499397,0.760505199432373,0.441158026456833,3,7549,0.785722250738269,1
1,223563322,821757,0.864758729934692,0.603986620903015,3,7551,0.829246589630768,1
1,223593215,5183,0.0970317348837852,0.357762008905411,3,7553,0.13560933311597,1
1,223594349,5185,0.0610775575041771,0.472057610750198,3,7555,0.0646929062398889,1
1,223600842,499401,0.188127353787422,0.573558866977692,3,7557,0.164000039593791,1
1,223612379,576609,0.874520659446716,0.611478090286255,3,7559,0.83851703415422,1
1,223615701,733468,0.766721785068512,0.316710919141769,3,7561,0.829297568579258,1
1,223617885,569175,0.235400676727295,0.451343506574631,3,7563,0.260777737242544,1
1,223689001,790882,0.65619695186615,0.688598811626434,3,7565,0.476472614232551,1
1,223726637,696815,0.354907274246216,0.370187878608704,3,7567,0.479361014709723,1
1,223940682,249854,0.753337800502777,0.45964989066124,3,7569,0.771757055995538,1
1,223946618,146846,0.217424809932709,0.533381581306458,3,7571,0.203817320988242,1
1,223950022,92333,0.156456634402275,0.484385907649994,3,7573,0.161499985787496,1
1,224070785,899993,0.620021462440491,0.687589645385742,3,7575,0.450865910068101,1
1,224079200,827484,0.0741267129778862,0.453088402748108,3,7577,0.0818016004473817,1
1,224081739,499406,0.925031840801239,0.431191563606262,3,7579,0.934100696823291,1
1,224162228,499407,0.401379585266113,0.341616570949554,3,7581,0.54538617747621,1
1,224232650,841887,0.0586415678262711,0.30861034989357,3,7583,0.0950090751112118,1
1,224246532,499408,0.0766034498810768,0.408689260482788,3,7585,0.0937184522424011,1
1,224266458,876113,0.805371940135956,0.532352924346924,3,7587,0.791907113294525,1
1,224295250,168141,0.372702032327652,0.317911148071289,3,7589,0.540164037354835,1
1,224359008,173964,0.107954166829586,0.461202353239059,3,7591,0.117035576760847,1
1,224387674,405952,0.067118912935257,0.575563132762909,3,7593,0.0583071683318754,1
1,224434943,418886,0.187093287706375,0.49397537112236,3,7595,0.189375117307246,1
1,224463625,129604,0.880508482456207,0.54719865322113,3,7597,0.868053045343362,1
1,224512151,369960,0.797873079776764,0.409653902053833,3,7599,0.828806423108036,1
1,224558279,837153,0.0899126455187798,0.405944764614105,3,7601,0.110744925611064,1
1,224587815,255101,0.882394850254059,0.516359388828278,3,7603,0.878416796450346,1
1,224606373,257582,0.915045022964478,0.443730801343918,3,7605,0.923638611268816,1
1,224616814,910650,0.123289957642555,0.402561336755753,3,7607,0.153131891199675,1
1,224628026,460077,0.827372133731842,0.524932503700256,3,7609,0.81831227392661,1
1,224638242,355751,0.298124641180038,0.305677086114883,3,7611,0.487646367232108,1
1,224640025,150968,0.658673226833344,0.334199875593185,3,7613,0.74367174122207,1
1,224647697,407003,0.950158059597015,0.452845841646195,3,7615,0.954453475641178,1
1,224656332,339141,0.158583030104637,0.490806609392166,3,7617,0.161553478569729,1
1,224657036,5202,0.224011734127998,0.563993155956268,3,7619,0.198594372788247,1
1,224667865,874522,0.907724142074585,0.355457961559296,3,7621,0.9284175023334,1
1,224668507,499410,0.069774329662323,0.324537307024002,3,7623,0.107498164544088,1
1,224671142,62917,0.952149391174316,0.522679209709168,3,7625,0.949875838430872,1
1,224677261,445607,0.861099243164063,0.478035360574722,3,7627,0.866944284780596,1
1,224679856,703365,0.18345719575882,0.337750732898712,3,7629,0.271586673083307,1
1,224685005,370633,0.0578099079430103,0.459996402263641,3,7631,0.0628373479211228,1
1,224743280,875836,0.821229517459869,0.423215180635452,3,7633,0.845028443417526,1
1,224750782,805864,0.302347242832184,0.569366753101349,3,7635,0.26551185258473,1
1,224761362,499411,0.150690153241158,0.400702089071274,3,7637,0.188032652375758,1
1,224775634,698809,0.131603389978409,0.351516395807266,3,7639,0.187193814496445,1
1,224783102,727323,0.591777622699738,0.361784994602203,3,7641,0.680184284412258,1
1,224804468,318876,0.196907192468643,0.574759423732758,3,7643,0.171295314472476,1
1,224808499,877763,0.923718571662903,0.532150387763977,3,7645,0.918476550645708,1
1,224815850,181993,0.159324511885643,0.43522173166275,3,7647,0.183038323105959,1
1,224826294,463460,0.119776949286461,0.465372443199158,3,7649,0.128689344456094,1
1,224828991,395499,0.713489770889282,0.503582656383514,3,7651,0.71142201940061,1
1,224845444,900440,0.827663540840149,0.666844725608826,3,7653,0.74135715024355,1
1,224846170,672684,0.0447158813476563,0.327754527330399,3,7655,0.0682155052317243,1
1,224852365,704723,0.833725929260254,0.623227000236511,3,7657,0.779344498087547,1
1,224857244,312163,0.901266396045685,0.402171522378922,3,7659,0.917423134184572,1
1,224858192,5208,0.156517878174782,0.466089189052582,3,7661,0.167905501619696,1
1,224863957,172033,0.876940071582794,0.641352415084839,3,7663,0.828438927803855,1
1,224865089,340066,0.224393889307976,0.36931186914444,3,7665,0.303799996772124,1
1,224884179,166144,0.197666302323341,0.404951930046082,3,7667,0.244061439960106,1
1,224887929,724453,0.624516069889069,0.671202838420868,3,7669,0.465221565032682,1
1,224913335,322564,0.648748159408569,0.676185369491577,3,7671,0.479711768901745,1
1,224990128,679526,0.256078720092773,0.648030042648315,3,7673,0.197582444670506,1
1,225026303,348560,0.151009783148766,0.543179452419281,3,7675,0.139005426729766,1
1,225031957,861254,0.924845159053802,0.493046045303345,3,7677,0.925876067984155,1
1,225037652,62919,0.227287724614143,0.461477965116501,3,7679,0.246260647089362,1
1,225073712,898355,0.778382480144501,0.457151204347611,3,7681,0.795875461426453,1
1,225119424,434522,0.881999492645264,0.449016124010086,3,7683,0.892918366129378,1
1,225136300,499419,0.861013174057007,0.633089482784271,3,7685,0.810598470987308,1
1,225145215,793758,0.835009157657623,0.404191911220551,3,7687,0.861540279957955,1
1,225148969,231227,0.938223659992218,0.612621963024139,3,7689,0.920263497009213,1
1,225152085,298794,0.172517001628876,0.43506395816803,3,7691,0.198266253030142,1
1,225159485,365815,0.108415864408016,0.478634536266327,3,7693,0.113255371471659,1
1,225174607,924080,0.780496001243591,0.481507450342178,3,7695,0.788324828484739,1
1,225188854,399399,0.861967206001282,0.420970767736435,3,7697,0.880806713799997,1
1,225208116,140580,0.751092612743378,0.468842536211014,3,7699,0.7656934108757,1
1,225220553,239817,0.8641796708107,0.545468986034393,3,7701,0.850592891336148,1
1,225238913,317850,0.762760877609253,0.557052135467529,3,7703,0.732204237352909,1
1,225245585,222707,0.957595586776733,0.478514969348908,3,7705,0.959342636191951,1
1,225247604,178119,0.829453527927399,0.429500997066498,3,7707,0.850528685242522,1
1,225263125,382311,0.0564746595919132,0.457303553819656,3,7709,0.0617474532181142,1
1,225267653,176583,0.173206180334091,0.518847644329071,3,7711,0.166914297701078,1
1,225271954,206707,0.0864923819899559,0.45854178071022,3,7713,0.0943124330524371,1
1,225280591,715345,0.768849313259125,0.461575150489807,3,7715,0.785345450761463,1
1,225283963,491198,0.966933965682983,0.574012279510498,3,7717,0.961188981833772,1
1,225306669,795517,0.0348701514303684,0.49107238650322,3,7719,0.0355040849259194,1
1,225308870,499423,0.188097640872002,0.540828704833984,3,7721,0.173897612303827,1
1,225330114,142839,0.0438517890870571,0.495088249444962,3,7723,0.0442868409179767,1
1,225360074,186435,0.886110603809357,0.501830160617828,3,7725,0.885692200543605,1
1,225442931,208950,0.00755987269803882,0.600429654121399,3,7727,0.00629538585090462,1
1,225448576,561602,0.11281917989254,0.548203945159912,3,7729,0.102898912793879,1
1,225465325,333520,0.126360967755318,0.375639200210571,3,7731,0.168194596948992,1
1,225484753,763019,0.0828494876623154,0.409041047096252,3,7733,0.10127282854674,1
1,225499546,675745,0.265755087137222,0.55455082654953,3,7735,0.239612921317579,1
1,225525724,336272,0.340198278427124,0.450132638216019,3,7737,0.377886704433842,1
1,225550661,392982,0.038430105894804,0.535795331001282,3,7739,0.0358626733672601,1
1,225577952,486310,0.108691871166229,0.56192147731781,3,7741,0.0967144659473085,1
1,225625445,157173,0.91162782907486,0.550608098506928,3,7743,0.901675830570678,1
1,225649656,79995,0.902334094047546,0.521163523197174,3,7745,0.898017474979595,1
1,225655179,476316,0.0624725669622421,0.455364406108856,3,7747,0.068596234273203,1
1,225663992,856421,0.883670508861542,0.368157714605331,3,7749,0.907944202352811,1
1,225702990,384069,0.298778533935547,0.312283873558044,3,7751,0.478376501692798,1
1,225721845,499432,0.773002445697784,0.382417678833008,3,7753,0.816220812576631,1
1,225736305,354264,0.125877678394318,0.535023868083954,3,7755,0.117637441900597,1
1,225744129,600160,0.257039248943329,0.484105378389359,3,7757,0.265478613146698,1
1,225745087,687687,0.220583841204643,0.518287599086762,3,7759,0.212800616485247,1
1,225756256,293933,0.0798094421625137,0.417471587657928,3,7761,0.0955866752636454,1
1,225771481,353392,0.122699066996574,0.36865895986557,3,7763,0.166412701648857,1
1,225792670,213126,0.163574367761612,0.437893748283386,3,7765,0.186774038682728,1
1,225795623,218814,0.704003751277924,0.48383092880249,3,7767,0.713275876801988,1
1,225803569,5227,0.0354042090475559,0.426827669143677,3,7769,0.0414736574114158,1
1,225816475,786687,0.839178025722504,0.444204419851303,3,7771,0.855322730135358,1
1,225835861,616357,0.919042587280273,0.56818163394928,3,7773,0.906259877897114,1
1,225841323,753087,0.393254369497299,0.631841480731964,3,7775,0.311197018152187,1
1,225844645,615359,0.22368960082531,0.437374889850616,3,7777,0.255718384863966,1
1,225869784,666618,0.106465198099613,0.413145154714584,3,7779,0.128847206465683,1
1,225898121,610037,0.857114851474762,0.60867840051651,3,7781,0.817432581393624,1
1,225913856,163485,0.106047511100769,0.562557518482208,3,7783,0.0942548162780647,1
1,225940937,681865,0.84320855140686,0.480235725641251,3,7785,0.84917061798199,1
1,225987548,211913,0.137210890650749,0.404948890209198,3,7787,0.169417541285106,1
1,226001229,826028,0.112544663250446,0.595878958702087,3,7789,0.0944358427218048,1
1,226003150,555058,0.134348765015602,0.578679621219635,3,7791,0.11608216367845,1
1,226014057,84871,0.112198248505592,0.497322469949722,3,7793,0.112802311664035,1
1,226034656,680162,0.2630635201931,0.318335294723511,3,7795,0.413186229352267,1
1,226059551,84569,0.126280501484871,0.634381055831909,3,7797,0.0995304796099801,1
1,226077424,300616,0.863915741443634,0.537671685218811,3,7799,0.852827250456451,1
1,226088164,804472,0.864037275314331,0.366090416908264,3,7801,0.892758582365529,1
1,226090248,779667,0.940743267536163,0.402846395969391,3,7803,0.95038401169827,1
1,226099582,725166,0.211175337433815,0.427243679761887,3,7805,0.247136876959196,1
1,226112371,433746,0.890266716480255,0.380147486925125,3,7807,0.911484360226761,1
1,226167742,250705,0.881081581115723,0.482190281152725,3,7809,0.885171700572743,1
1,226170998,877025,0.327873468399048,0.356728047132492,3,7811,0.459556616075765,1
1,226185906,463591,0.837988436222076,0.454915344715118,3,7813,0.851388621742388,1
1,226188461,582907,0.912563681602478,0.549034774303436,3,7815,0.903056473741997,1
1,226243440,591088,0.895623862743378,0.531540870666504,3,7817,0.888596324929003,1
1,226250543,455918,0.984049439430237,0.60613477230072,3,7819,0.979751245542877,1
1,226255333,216482,0.249493196606636,0.477415978908539,3,7821,0.261295398173542,1
1,226343758,241689,0.214403718709946,0.427264779806137,3,7823,0.25090263560599,1
1,226378339,662341,0.181576624512672,0.434426546096802,3,7825,0.208984264594425,1
1,226438377,62923,0.0892098695039749,0.575591266155243,3,7827,0.0774941132271403,1
1,226440875,780574,0.815860271453857,0.510838568210602,3,7829,0.811780205286686,1
1,226455023,336794,0.756678462028503,0.412159144878387,3,7831,0.79303791506533,1
1,226477064,272616,0.0694619044661522,0.417799681425095,3,7833,0.0831282401044694,1
1,226478931,153200,0.150147542357445,0.500552713871002,3,7835,0.149981748372,1
1,226482124,303603,0.183929562568665,0.558594048023224,3,7837,0.164636163972354,1
1,226490418,203102,0.965104043483734,0.597598671913147,3,7839,0.956640356181014,1
1,226490877,299950,0.929916203022003,0.560795068740845,3,7841,0.920215152437982,1
1,226493816,596348,0.777558088302612,0.458674252033234,3,7843,0.794539690257774,1
1,226502277,580112,0.0296581871807575,0.470883518457413,3,7845,0.0314920633428794,1
1,226547201,213272,0.365215957164764,0.360293209552765,3,7847,0.50384765933824,1
1,226601075,677511,0.0587546266615391,0.610422432422638,3,7849,0.0481262020698964,1
1,226613110,676665,0.667568981647492,0.694776952266693,3,7851,0.480419636452795,1
1,226637205,581010,0.879114925861359,0.552690804004669,3,7853,0.864875263888043,1
1,226652460,422272,0.0932250991463661,0.3630490899086,3,7855,0.128391864540738,1
1,226679461,782723,0.868326902389526,0.535456717014313,3,7857,0.858276825396988,1
1,226686870,432271,0.0582121685147286,0.430468887090683,3,7859,0.0676148384476223,1
1,226688970,5233,0.90180766582489,0.631581962108612,3,7861,0.866737884582001,1
1,226697018,818276,0.303819835186005,0.614701151847839,3,7863,0.247128083518876,1
1,226717634,127516,0.914016962051392,0.513612866401672,3,7865,0.911610492949824,1
1,226748372,690191,0.841183423995972,0.465434610843658,3,7867,0.851452619992219,1
1,226769912,787288,0.874886929988861,0.559837460517883,3,7869,0.857878557591085,1
1,226783517,355990,0.899267792701721,0.501108527183533,3,7871,0.899043967689405,1
1,226806744,608571,0.722060859203339,0.538303971290588,3,7873,0.69900202350279,1
1,226858407,474749,0.0702548399567604,0.564399242401123,3,7875,0.062238602286101,1
1,226889551,768499,0.667782545089722,0.42025426030159,3,7877,0.713480037746287,1
1,226916224,209652,0.871144533157349,0.458529084920883,3,7879,0.881013491903047,1
1,226946644,86383,0.188727259635925,0.423110485076904,3,7881,0.223023614744057,1
1,226947089,201642,0.0840363651514053,0.572900533676148,3,7883,0.0733428930604819,1
1,226954145,333567,0.067698284983635,0.474142104387283,3,7885,0.071390290334075,1
1,226954290,433022,0.78138792514801,0.361149668693543,3,7887,0.828901963308898,1
1,226982910,317928,0.883209466934204,0.508372008800507,3,7889,0.881220622954314,1
1,227010426,345460,0.876263082027435,0.549595654010773,3,7891,0.862637961784316,1
1,227014334,334798,0.907835066318512,0.391935497522354,3,7893,0.924214509064459,1
1,227023943,600418,0.0543159618973732,0.386593043804169,3,7895,0.0702495334148942,1
1,227043323,724808,0.430895656347275,0.615784883499146,3,7897,0.349875149499243,1
1,227064762,440073,0.0921713411808014,0.453177839517593,3,7899,0.101694448782974,1
1,227070887,499438,0.587683796882629,0.594676852226257,3,7901,0.494120289601446,1
1,227072253,232711,0.160201504826546,0.508574903011322,3,7903,0.15750040345874,1
1,227088570,583565,0.773412168025971,0.432305335998535,3,7905,0.800431599641172,1
1,227096704,356082,0.152657881379128,0.553467035293579,3,7907,0.13791054538429,1
1,227107129,845132,0.29394394159317,0.320347845554352,3,7909,0.458788697461832,1
1,227116607,609563,0.68476814031601,0.403048038482666,3,7911,0.735965471256068,1
1,227127190,408534,0.836980283260346,0.387143582105637,3,7913,0.867000073769519,1
1,227129315,793168,0.664022445678711,0.446906238794327,3,7915,0.696274322830092,1
1,227140633,337382,0.268046677112579,0.544518411159515,3,7917,0.246131876920187,1
1,227144254,273819,0.219667658209801,0.508297979831696,3,7919,0.2160815770727,1
1,227147232,552686,0.841060519218445,0.474812269210815,3,7921,0.848683174164483,1
1,227160952,606946,0.104470744729042,0.386401176452637,3,7923,0.135184299499471,1
1,227176470,890729,0.162612542510033,0.468026131391525,3,7925,0.173721648860243,1
1,227178793,833414,0.180320724844933,0.518208801746368,3,7927,0.173984621871773,1
1,227181135,290950,0.174030408263206,0.625841915607452,3,7929,0.139037034691332,1
1,227207075,723237,0.201683089137077,0.480121999979019,3,7931,0.210033167763496,1
1,227208556,135160,0.0741648599505425,0.402181774377823,3,7933,0.0922031587150808,1
1,227213307,578486,0.305259704589844,0.547788441181183,3,7935,0.278629194814352,1
1,227222871,265233,0.880687832832336,0.350869089365006,3,7937,0.908098532042674,1
1,227230261,5239,0.368339955806732,0.377052187919617,3,7939,0.488446914787905,1
1,227232111,499443,0.94031834602356,0.59442925453186,3,7941,0.926422634468431,1
1,227245035,499444,0.118008494377136,0.515143036842346,3,7943,0.114539541386882,1
1,227262243,670488,0.0829194709658623,0.488579392433167,3,7945,0.084857724507082,1
1,227267590,772142,0.100691512227058,0.632668077945709,3,7947,0.0795768869467909,1
1,227271031,328443,0.129107058048248,0.516543805599213,3,7949,0.124972032041386,1
1,227274999,789474,0.258455157279968,0.498250305652618,3,7951,0.259362768419618,1
1,227278641,425451,0.898414313793182,0.443424612283707,3,7953,0.908740407455279,1
1,227281341,146024,0.07026007771492,0.526476860046387,3,7955,0.0667266531987081,1
1,227301174,807673,0.741481602191925,0.564265012741089,3,7957,0.703353637684292,1
1,227318752,770050,0.580563604831696,0.613267481327057,3,7959,0.473336368313062,1
1,227319829,774971,0.17796403169632,0.512551188468933,3,7961,0.173606105790062,1
1,227368532,5244,0.570121884346008,0.668003380298615,3,7963,0.426735777962044,1
1,227385685,707939,0.166167467832565,0.497895359992981,3,7965,0.166869869840631,1
1,227386175,804803,0.379699319601059,0.466216295957565,3,7967,0.407213693400819,1
1,227451879,499445,0.173460587859154,0.479789227247238,3,7969,0.180767489147655,1
1,227458331,5251,0.72254490852356,0.435774058103561,3,7971,0.754127672201781,1
1,227497878,795175,0.141936108469963,0.387460231781006,3,7973,0.183162163272263,1
1,227506813,5252,0.116431377828121,0.47173535823822,3,7975,0.123407516306341,1
1,227521909,630242,0.0974820181727409,0.504953920841217,3,7977,0.0965256572424895,1
1,227534653,693390,0.12326093763113,0.588723063468933,3,7979,0.104684991364904,1
1,227537928,692262,0.957757830619812,0.690099239349365,3,7981,0.93184565069879,1
1,227552358,614990,0.0994024202227592,0.403622955083847,3,7983,0.123137719213851,1
1,227574274,772933,0.866641938686371,0.54739648103714,3,7985,0.852676729492494,1
1,227575339,443586,0.79080468416214,0.446806460618973,3,7987,0.810920319069588,1
1,227583878,885565,0.822639882564545,0.596148073673248,3,7989,0.780414421879029,1
1,227632355,486580,0.0650735348463059,0.440485239028931,3,7991,0.073865738372713,1
1,227784602,331248,0.649657666683197,0.694040358066559,3,7993,0.468025856949442,1
1,227805771,583512,0.975408256053925,0.653792500495911,3,7995,0.964484096991976,1
1,227813593,81692,0.805125772953033,0.564803600311279,3,7997,0.776107721494993,1
1,227842676,474398,0.00418592570349574,0.428744524717331,3,7999,0.00488160834969904,1
1,227859399,612491,0.884588718414307,0.447910845279694,3,8001,0.895477677292754,1
1,227865497,375872,0.916895806789398,0.55529797077179,3,8003,0.906561936140891,1
1,227871496,618457,0.6868035197258,0.481687247753143,3,8005,0.697869212250218,1
1,227874295,751150,0.264099538326263,0.638068556785584,3,8007,0.206952321594348,1
1,227894006,840549,0.794913768768311,0.582300961017609,3,8009,0.754504784436031,1
1,227899844,853260,0.875957667827606,0.448779106140137,3,8011,0.887484007269934,1
1,227902477,325931,0.902761518955231,0.531723618507385,3,8013,0.896174049249692,1
1,227903061,891110,0.0943635106086731,0.460939049720764,3,8015,0.102360074141948,1
1,227912422,499449,0.334945946931839,0.534738302230835,3,8017,0.313186792057445,1
1,228001668,772939,0.702526807785034,0.687824249267578,3,8019,0.523548527524898,1
1,228117680,592477,0.649598717689514,0.574422061443329,3,8021,0.58832301845949,1
1,228252634,564640,0.194472014904022,0.571775615215302,3,8023,0.170059731238096,1
1,228253467,675965,0.785270869731903,0.468637436628342,3,8025,0.79794480730297,1
1,228254200,910410,0.88426947593689,0.463429301977158,3,8027,0.892157245550722,1
1,228267551,570445,0.847870886325836,0.438158959150314,3,8029,0.864615520571357,1
1,228273917,695484,0.187049388885498,0.476893275976181,3,8031,0.196112420019569,1
1,228274098,400168,0.815477430820465,0.571131408214569,3,8033,0.784872834343796,1
1,228295947,335931,0.139559119939804,0.60942006111145,3,8035,0.114501580145949,1
1,228309203,82344,0.239476457238197,0.579833328723908,3,8037,0.206504563790111,1
1,228336343,288746,0.342168986797333,0.461370229721069,3,8039,0.37081823311855,1
1,228339548,179290,0.130453869700432,0.451661109924316,3,8041,0.144415654606937,1
1,228346205,62928,0.211737930774689,0.401609748601913,3,8043,0.263611542687637,1
1,228353751,479271,0.0616392008960247,0.390242218971252,3,8045,0.0789755668396369,1
1,228358491,460120,0.103875227272511,0.457692503929138,3,8047,0.113477090383583,1
1,228359660,673844,0.0564762465655804,0.46926948428154,3,8049,0.0601746421377117,1
1,228361338,659439,0.134620800614357,0.497884064912796,3,8051,0.135192919498172,1
1,228361612,870095,0.253454595804215,0.545787870883942,3,8053,0.232191488053524,1
1,228362314,280571,0.0860641971230507,0.414677977561951,3,8055,0.103772326696796,1
1,228364282,478239,0.818684101104736,0.647959172725678,3,8057,0.742478876244124,1
1,228368434,890359,0.737351655960083,0.442465037107468,3,8059,0.764455718904804,1
1,228373805,730592,0.213163867592812,0.644142389297485,3,8061,0.165463313030285,1
1,228387474,850526,0.281319916248322,0.463016629219055,3,8063,0.303790294446669,1
1,228389331,460493,0.919304609298706,0.531073331832886,3,8065,0.913957345381201,1
1,228390690,569038,0.796585142612457,0.318057507276535,3,8067,0.850856296859309,1
1,228390987,493582,0.0775604397058487,0.490193337202072,3,8069,0.0791120909033041,1
1,228404510,111134,0.0668004676699638,0.581088721752167,3,8071,0.0574787163899338,1
1,228427586,868260,0.290024667978287,0.58527022600174,3,8073,0.247769880555503,1
1,228453245,869352,0.684911489486694,0.6744744181633,3,8075,0.516031107700516,1
1,228455612,100249,0.0472127199172974,0.465863019227982,3,8077,0.0506723199402448,1
1,228472264,926818,0.890469491481781,0.595590233802795,3,8079,0.864579792980558,1
1,228481916,797305,0.0787421390414238,0.554046988487244,3,8081,0.07106088533792,1
1,228488961,680297,0.344277828931808,0.367067635059357,3,8083,0.468956938788865,1
1,228498850,887784,0.80215722322464,0.549474656581879,3,8085,0.780431023841708,1
1,228510401,895859,0.89041006565094,0.567385315895081,3,8087,0.873340020143096,1
1,228526549,151627,0.630441069602966,0.477334558963776,3,8089,0.646467030932488,1
1,228534476,499462,0.311248451471329,0.304940551519394,3,8091,0.504537669379018,1
1,228584104,499463,0.327702254056931,0.334269553422928,3,8093,0.490176641427931,1
1,228680733,145250,0.930436611175537,0.503930747509003,3,8095,0.929885405641297,1
1,228684441,916344,0.725648701190949,0.502714812755585,3,8097,0.72415094411991,1
1,228688624,499465,0.801280498504639,0.414386779069901,3,8099,0.830332125033187,1
1,228694103,823149,0.0734347924590111,0.540443241596222,3,8101,0.0679394123258146,1
1,228698660,353180,0.204378113150597,0.546603858470917,3,8103,0.186952680614375,1
1,228704741,736527,0.0302586425095797,0.442301779985428,3,8105,0.0342058791969779,1
1,228755089,746926,0.0992412716150284,0.492177933454514,3,8107,0.100818489482524,1
1,228763430,486119,0.351131856441498,0.63369482755661,3,8109,0.2770512249527,1
1,228766015,683977,0.737514913082123,0.479816526174545,3,8111,0.747699513608584,1
1,228767442,386896,0.84718120098114,0.532107353210449,3,8113,0.836694592159732,1
1,228777450,553719,0.729764640331268,0.682636499404907,3,8115,0.574249466050744,1
1,228778747,569427,0.849977493286133,0.487799376249313,3,8117,0.853551030829191,1
1,228779136,104792,0.0944665819406509,0.55179238319397,3,8119,0.0855997516618886,1
1,228811901,499467,0.161356762051582,0.49605068564415,3,8121,0.162641406131766,1
1,228839812,417662,0.916177272796631,0.484677255153656,3,8123,0.918669680271572,1
1,228842306,229638,0.884847283363342,0.451491892337799,3,8125,0.89503098037379,1
1,228877379,590978,0.714215457439423,0.656285583972931,3,8127,0.584270357548706,1
1,228890416,560041,0.674702703952789,0.668732702732086,3,8129,0.509010852067107,1
1,228904060,892301,0.230150163173676,0.367583185434341,3,8131,0.313058611347697,1
1,228911313,205015,0.310979962348938,0.350247830152512,3,8133,0.44394273936476,1
1,228914179,390336,0.930550873279572,0.477974951267242,3,8135,0.933481039952949,1
1,228920764,552529,0.759031593799591,0.431980729103088,3,8137,0.787887120607796,1
1,228922741,199024,0.147669777274132,0.56925904750824,3,8139,0.129703496080134,1
1,228932842,755328,0.113068208098412,0.459303349256516,3,8141,0.123086635751119,1
1,228934493,5294,0.828052401542664,0.412796646356583,3,8143,0.853587690371271,1
1,228936260,5296,0.787262380123138,0.473647445440292,3,8145,0.797913377607889,1
1,228946778,767304,0.704413175582886,0.473018676042557,3,8147,0.719547153780174,1
1,228964854,213776,0.144883051514626,0.410723894834518,3,8149,0.176375240565197,1
1,228967649,626358,0.661595225334168,0.379937887191772,3,8151,0.727120261280587,1
1,228970882,924509,0.891908824443817,0.475492656230927,3,8153,0.896959330655461,1
1,228972717,731200,0.39902925491333,0.366295397281647,3,8155,0.525827378790739,1
1,228976962,357006,0.230609461665154,0.406023651361465,3,8157,0.283985256636998,1
1,228979241,234496,0.678340494632721,0.49044468998909,3,8159,0.684372335006781,1
1,228989936,563838,0.54223644733429,0.594345450401306,3,8161,0.456162697104998,1
1,228995933,665202,0.747493982315064,0.408491373062134,3,8163,0.786557620476209,1
1,229010982,159477,0.17529670894146,0.429913818836212,3,8165,0.203874243233205,1
1,229018727,592854,0.969351291656494,0.491233110427856,3,8167,0.969879419266768,1
1,229025521,258022,0.875189661979675,0.554494440555573,3,8169,0.859922805255258,1
1,229027992,538969,0.0615266487002373,0.445080399513245,3,8171,0.0691185780900765,1
1,229045349,142629,0.883967101573944,0.473408937454224,3,8173,0.8898263693794,1
1,229058757,255134,0.121541425585747,0.464769512414932,3,8175,0.130754516313065,1
1,229066380,77645,0.114995703101158,0.470493078231812,3,8177,0.122207646001223,1
1,229067856,737256,0.0906250178813934,0.438987880945206,3,8179,0.103220409736898,1
1,229079248,306732,0.868643820285797,0.459742277860642,3,8181,0.878431927641823,1
1,229084168,571449,0.090179018676281,0.525040328502655,3,8183,0.0858781828564098,1
1,229091276,499477,0.149824947118759,0.485691517591476,3,8185,0.154238793238283,1
1,229103645,5301,0.153389945626259,0.547159194946289,3,8187,0.140169394065758,1
1,229125090,292109,0.16875895857811,0.456726133823395,3,8189,0.184748524422477,1
1,229128629,481995,0.706658601760864,0.513070106506348,3,8191,0.698784771525883,1
1,229137296,492705,0.0934119522571564,0.480846226215363,3,8193,0.0971328744663152,1
1,229145115,340963,0.873803794384003,0.517183065414429,3,8195,0.869312573176085,1
1,229146702,204519,0.884965181350708,0.483498454093933,3,8197,0.888640392694766,1
1,229146944,231710,0.912780165672302,0.4490647315979,3,8199,0.920843845611241,1
1,229163304,678825,0.123864687979221,0.537631630897522,3,8201,0.115194754977903,1
1,229169385,126602,0.0911516100168228,0.442968904972076,3,8203,0.102887142860026,1
1,229170848,370157,0.906293988227844,0.520214378833771,3,8205,0.902345956570789,1
1,229173035,5302,0.74398535490036,0.662837684154511,3,8207,0.620339176313875,1
1,229192795,149856,0.749806761741638,0.480289459228516,3,8209,0.759295589919186,1
1,229216300,882144,0.716159641742706,0.658915102481842,3,8211,0.583915382471334,1
1,229219452,131003,0.0677013248205185,0.5261070728302,3,8213,0.0643417740578152,1
1,229235617,607906,0.832038402557373,0.430296927690506,3,8215,0.85258847493859,1
1,229238904,62933,0.176397144794464,0.458656668663025,3,8217,0.192297590819576,1
1,229253263,643123,0.0899974852800369,0.558866024017334,3,8219,0.0805179429526794,1
1,229264955,225658,0.247438058257103,0.321486502885819,3,8221,0.384834287032238,1
1,229280061,871156,0.123493164777756,0.372837364673615,3,8223,0.165612645725386,1
1,229298647,873103,0.138210088014603,0.380671143531799,3,8225,0.181534758232938,1
1,229309475,890640,0.892415285110474,0.495178550481796,3,8227,0.893442805379799,1
1,229350656,313331,0.70705384016037,0.51141631603241,3,8229,0.700208818414961,1
1,229388666,837690,0.627096652984619,0.412575006484985,3,8231,0.682594926048334,1
1,229394289,758823,0.70146769285202,0.472436219453812,3,8233,0.717065198411737,1
1,229408134,659838,0.151950433850288,0.418474316596985,3,8235,0.181552878902991,1
1,229421693,622803,0.890492856502533,0.435848504304886,3,8237,0.902945268839057,1
1,229445207,293998,0.0880225449800491,0.386210530996323,3,8239,0.113956686723397,1
1,229455720,403738,0.756586492061615,0.56475704908371,3,8241,0.720370533944385,1
1,229473765,803054,0.160598024725914,0.440916657447815,3,8243,0.182118345965328,1
1,229543412,627555,0.177136033773422,0.568067610263825,3,8245,0.15591104876685,1
1,229636314,741329,0.881873190402985,0.322174340486527,3,8247,0.912863427387948,1
1,229648208,466351,0.849840581417084,0.514699518680573,3,8249,0.845292324690607,1
1,229660420,411794,0.10873506963253,0.44500207901001,3,8251,0.122173664755041,1
1,229664587,478280,0.258198738098145,0.49942073225975,3,8253,0.258498217454712,1
1,229665241,191971,0.913553953170776,0.535097301006317,3,8255,0.907027807091309,1
1,229668825,608212,0.877039849758148,0.489311128854752,3,8257,0.879613442558375,1
1,229699774,207122,0.0309240482747555,0.46641132235527,3,8259,0.0331510480047913,1
1,229723041,281910,0.79427969455719,0.51496285200119,3,8261,0.787933453868862,1
1,229750870,338437,0.877005994319916,0.532749474048615,3,8263,0.868385374816164,1
1,229783285,914767,0.844315707683563,0.526541650295258,3,8265,0.835588185937027,1
1,229800418,305032,0.893095672130585,0.539913177490234,3,8267,0.88382157166961,1
1,229800624,300538,0.144616931676865,0.425371944904327,3,8269,0.169988798520071,1
1,229834513,681721,0.103193320333958,0.445346802473068,3,8271,0.115857259736583,1
1,229846130,786478,0.171256214380264,0.533450484275818,3,8273,0.16051744203846,1
1,229872909,85672,0.0802259743213654,0.618300378322601,3,8275,0.064876213191889,1
1,229874905,662789,0.190604120492935,0.457372695207596,3,8277,0.208368495201077,1
1,229893994,490403,0.0710734874010086,0.51528799533844,3,8279,0.0689648197163294,1
1,229895662,147274,0.0608290731906891,0.470659554004669,3,8281,0.0646210967918497,1
1,229901524,326001,0.212688893079758,0.607841014862061,3,8283,0.174954377772635,1
1,229910970,5306,0.892074942588806,0.446392893791199,3,8285,0.902525585202217,1
1,229925804,99313,0.925588309764862,0.509865939617157,3,8287,0.924090472128161,1
1,229978599,634802,0.29463666677475,0.546417355537415,3,8289,0.269607712665868,1
1,230015955,912594,0.059396106749773,0.545505106449127,3,8291,0.0544413847346012,1
1,230033485,775828,0.100840620696545,0.483755081892014,3,8293,0.104226936802552,1
1,230048639,217991,0.830874145030975,0.527848303318024,3,8295,0.820898816887085,1
1,230051029,806610,0.893794238567352,0.552949130535126,3,8297,0.881215127084109,1
1,230051264,266197,0.200533375144005,0.49085259437561,3,8299,0.204270464740126,1
1,230053772,475335,0.905290484428406,0.591566622257233,3,8301,0.884057571280031,1
1,230057754,786638,0.0918783023953438,0.382183015346527,3,8303,0.120201969614005,1
1,230081663,710223,0.12816096842289,0.467229694128037,3,8305,0.137149853737431,1
1,230120701,164287,0.0857874676585197,0.526650011539459,3,8307,0.0814463740423673,1
1,230135680,85662,0.077324353158474,0.460244506597519,3,8309,0.0840035590322577,1
1,230141523,457574,0.920227527618408,0.53612345457077,3,8311,0.914015406504572,1
1,230145237,219422,0.841385722160339,0.456282466650009,3,8313,0.854139081314525,1
1,230152776,866607,0.161149337887764,0.60696268081665,3,8315,0.132750614643179,1
1,230160882,324359,0.900838673114777,0.408894062042236,3,8317,0.916122203722213,1
1,230175717,499488,0.160084202885628,0.673622965812683,3,8319,0.11882329656954,1
1,230186886,712797,0.193808138370514,0.504681169986725,3,8321,0.19201047106197,1
1,230187845,727256,0.0700204968452454,0.535205125808716,3,8323,0.0654146358739013,1
1,230195957,144206,0.908761203289032,0.573585152626038,3,8325,0.89301639322264,1
1,230203999,353853,0.853376746177673,0.605416655540466,3,8327,0.814204963436611,1
1,230213833,5315,0.878919899463654,0.496537506580353,3,8329,0.879752611049595,1
1,230221774,322063,0.867599546909332,0.490246713161469,3,8331,0.870132810803625,1
1,230232917,228957,0.783218085765839,0.506432890892029,3,8333,0.780392665724876,1
1,230248348,155456,0.225634142756462,0.460221111774445,3,8335,0.245136671247544,1
1,230260243,120684,0.106801621615887,0.462446451187134,3,8337,0.115474582345393,1
1,230262443,565274,0.140436843037605,0.383515894412994,3,8339,0.183091294368069,1
1,230265892,627633,0.880771040916443,0.461303651332855,3,8341,0.889335653213024,1
1,230290059,256733,0.0946537926793098,0.521933257579804,3,8343,0.0906761461400429,1
1,230293293,419395,0.834567189216614,0.469496309757233,3,8345,0.844079491032681,1
1,230306393,589053,0.898621737957001,0.512119889259338,3,8347,0.8961033050834,1
1,230316226,375158,0.115355513989925,0.482422977685928,3,8349,0.11955847806344,1
1,230332526,884925,0.153235077857971,0.536120295524597,3,8351,0.142911095827877,1
1,230332901,438717,0.846802413463593,0.602333009243012,3,8353,0.807379553625026,1
1,230337855,296138,0.203126415610313,0.551834523677826,3,8355,0.184046491198604,1
1,230342829,697722,0.159148201346397,0.43291512131691,3,8357,0.183809935839473,1
1,230344234,140956,0.0177831444889307,0.628440976142883,3,8359,0.0141486194917432,1
1,230347439,432062,0.0453842841088772,0.393007725477219,3,8361,0.0577396844473837,1
1,230367464,929549,0.863417327404022,0.5093834400177,3,8363,0.860805072905707,1
1,230377037,204408,0.914071440696716,0.492451041936874,3,8365,0.915349487041409,1
1,230379556,678153,0.68935889005661,0.682636201381683,3,8367,0.510591454829119,1
1,230385414,686200,0.111496068537235,0.431935846805573,3,8369,0.129065542211669,1
1,230389444,723764,0.180712088942528,0.393997490406036,3,8371,0.229331522843323,1
1,230396036,151911,0.0798210129141808,0.513382494449616,3,8373,0.077740294787179,1
1,230411418,428024,0.34266409277916,0.365346759557724,3,8375,0.468957345063053,1
1,230422758,245320,0.864943027496338,0.33050337433815,3,8377,0.899135434498906,1
1,230460886,147114,0.770493447780609,0.500844955444336,3,8379,0.770104945624969,1
1,230465892,196076,0.879434287548065,0.464736372232437,3,8381,0.887377260290615,1
1,230467863,843444,0.15480338037014,0.314537554979324,3,8383,0.246080917714764,1
1,230486242,313667,0.845528602600098,0.556384682655335,3,8385,0.825894878557714,1
1,230507305,586911,0.17655710875988,0.592058539390564,3,8387,0.149104435637073,1
1,230508465,269539,0.836352527141571,0.593867242336273,3,8389,0.798529582051188,1
1,230511078,734288,0.159635812044144,0.386384159326553,3,8391,0.206576548482707,1
1,230513916,346065,0.826209604740143,0.56683623790741,3,8393,0.799394120112581,1
1,230523095,5320,0.916630506515503,0.501899778842926,3,8395,0.916312531150025,1
1,230535488,98123,0.773003578186035,0.495417982339859,3,8397,0.775064891465418,1
1,230542560,868084,0.776422321796417,0.328202188014984,3,8399,0.833597494502878,1
1,230550854,283628,0.940733075141907,0.4875648021698,3,8401,0.942171297845028,1
1,230551617,228148,0.0408409684896469,0.587503850460053,3,8403,0.0347580432516875,1
1,230557938,652338,0.807624042034149,0.506897985935211,3,8405,0.80493290183502,1
1,230558728,321998,0.887518286705017,0.497335404157639,3,8407,0.888114545737514,1
1,230562617,903421,0.83317106962204,0.450384736061096,3,8409,0.848231170671685,1
1,230567771,582604,0.931834638118744,0.479408353567123,3,8411,0.934530872375374,1
1,230574239,676759,0.86402440071106,0.445777833461761,3,8413,0.877327534426973,1
1,230622747,745592,0.678018689155579,0.691427707672119,3,8415,0.490303383587501,1
1,230707792,283050,0.782633125782013,0.441189885139465,3,8417,0.80550918063443,1
1,230750762,499503,0.0957170948386192,0.428479343652725,3,8419,0.111693943076281,1
1,230762269,499504,0.0461594052612782,0.402710497379303,3,8421,0.0573109039392655,1
1,230764398,136620,0.0649061873555183,0.436730235815048,3,8423,0.074309244051293,1
1,230767395,830946,0.298913180828095,0.400615960359573,3,8425,0.373066989842098,1
1,230770924,692157,0.20906925201416,0.454165250062943,3,8427,0.23016870179432,1
1,230779429,678968,0.46340212225914,0.556594491004944,3,8429,0.416283425139959,1
1,230792532,251972,0.553452551364899,0.349584758281708,3,8431,0.656721260517054,1
1,230792899,100517,0.812871515750885,0.519705295562744,3,8433,0.805194100080318,1
1,230803143,673770,0.647973239421845,0.513657987117767,3,8435,0.638087239788393,1
1,230830667,612381,0.690481007099152,0.544360458850861,3,8437,0.660346650204863,1
1,230834518,714709,0.757332503795624,0.493075013160706,3,8439,0.760647529215889,1
1,230840336,620948,0.199615463614464,0.468509644269943,3,8441,0.213032395443551,1
1,230841931,904382,0.775378465652466,0.420620918273926,3,8443,0.806153223828563,1
1,230844085,908109,0.90176123380661,0.40447598695755,3,8445,0.917519055452104,1
1,230847471,795953,0.738805294036865,0.533239543437958,3,8447,0.720204762109688,1
1,230862913,666095,0.831740975379944,0.570193886756897,3,8449,0.804261713089121,1
1,230874826,469958,0.219580665230751,0.562987506389618,3,8451,0.195013799363772,1
1,230893966,484215,0.204389438033104,0.495178788900375,3,8453,0.206379435685224,1
1,230911864,356306,0.863220036029816,0.569277465343475,3,8455,0.841220329835705,1
1,230920219,709749,0.119074001908302,0.537509262561798,3,8457,0.110764604632848,1
1,230935042,834670,0.503007113933563,0.326531141996384,3,8459,0.631020142832077,1
1,230943182,567814,0.920924484729767,0.664882957935333,3,8461,0.882018063326403,1
1,230950609,388345,0.93825751543045,0.498688876628876,3,8463,0.938418996017528,1
1,230950858,249075,0.753925859928131,0.471682816743851,3,8465,0.767115146099117,1
1,230955644,62940,0.108650535345078,0.450899422168732,3,8467,0.120482007741872,1
1,230965509,62941,0.169655248522758,0.551242172718048,3,8469,0.153884496614462,1
1,230966887,359050,0.85805356502533,0.456571131944656,3,8471,0.869397410297115,1
1,230973452,5337,0.942445814609528,0.469587415456772,3,8473,0.945745833462798,1
1,230984446,844283,0.3209188580513,0.565154135227203,3,8475,0.28392153400973,1
1,230987758,674890,0.095455564558506,0.497031897306442,3,8477,0.0960255921962021,1
1,230991832,149612,0.943803548812866,0.545653104782105,3,8479,0.938156888735662,1
1,230996680,328464,0.850516438484192,0.553503453731537,3,8481,0.832603899442115,1
1,231000310,889766,0.786266386508942,0.437643796205521,3,8483,0.809965985927693,1
1,231011192,5339,0.84879857301712,0.584758102893829,3,8485,0.817935728503548,1
1,231021449,5340,0.862444460391998,0.48566934466362,3,8487,0.866277133026381,1
1,231034917,915567,0.165010169148445,0.528359830379486,3,8489,0.156153211940742,1
1,231064461,651128,0.857392728328705,0.564433455467224,3,8491,0.836296803024361,1
1,231068273,202103,0.821853518486023,0.470337450504303,3,8493,0.831830208041333,1
1,231074727,677456,0.0833836942911148,0.506451189517975,3,8495,0.0823215504444534,1
1,231076910,341318,0.952911555767059,0.473275482654572,3,8497,0.955300690700467,1
1,231080451,97871,0.289125084877014,0.340149730443954,3,8499,0.424996786708688,1
1,231086747,342245,0.223425596952438,0.469533801078796,3,8501,0.237922803895159,1
1,231088493,5343,0.857939839363098,0.544399559497833,3,8503,0.844095672427004,1
1,231089023,499507,0.913251280784607,0.602018296718597,3,8505,0.891014186707403,1
1,231107413,815954,0.949233949184418,0.433628171682358,3,8507,0.955183107388676,1
1,231112084,259616,0.0809949785470963,0.406569331884384,3,8509,0.0996078309346372,1
1,231112305,570045,0.816464900970459,0.554879128932953,3,8511,0.793836785736906,1
1,231118964,499508,0.811799883842468,0.462785869836807,3,8513,0.824836963893372,1
1,231127134,156493,0.900985360145569,0.554793536663055,3,8515,0.888799188681708,1
1,231138256,292072,0.894916951656342,0.522682726383209,3,8517,0.889923271006505,1
1,231143423,499509,0.891936302185059,0.52970951795578,3,8519,0.885109626984987,1
1,231148216,5346,0.876078128814697,0.652356743812561,3,8521,0.821768624905401,1
1,231164585,281424,0.108886726200581,0.419341653585434,3,8523,0.129830563300334,1
1,231174782,757558,0.149038761854172,0.640122413635254,3,8525,0.116414265989985,1
1,231194039,676543,0.766361474990845,0.502638697624207,3,8527,0.765121930583349,1
1,231204338,758405,0.277097940444946,0.545046269893646,3,8529,0.254196712968071,1
1,231209425,820988,0.835228860378265,0.555187702178955,3,8531,0.814785764210116,1
1,231215136,289160,0.408247649669647,0.457674920558929,3,8533,0.446001770395328,1
1,231216893,367785,0.877674639225006,0.444612324237824,3,8535,0.889873896997154,1
1,231224476,598117,0.479221612215042,0.371830493211746,3,8537,0.585479411084734,1
1,231237886,271092,0.926917374134064,0.650349020957947,3,8539,0.89549203313235,1
1,231237920,190968,0.775193214416504,0.53226625919342,3,8541,0.75968508793504,1
1,231242713,650055,0.94666850566864,0.374644100666046,3,8543,0.957359085931578,1
1,231248037,538972,0.0893334373831749,0.462506979703903,3,8545,0.0965752316217651,1
1,231267490,138868,0.868600726127625,0.541281938552856,3,8547,0.856775561160768,1
1,231280979,258201,0.808671295642853,0.482868373394013,3,8549,0.815009666288575,1
1,231281298,488631,0.0557468347251415,0.406504034996033,3,8551,0.0685686117798137,1
1,231284033,231848,0.823619365692139,0.4580297768116,3,8553,0.837278297993737,1
1,231296471,109576,0.0521464496850967,0.384242385625839,3,8555,0.0678561913467232,1
1,231308213,390672,0.752975583076477,0.530514717102051,3,8557,0.736919956895414,1
1,231309810,637159,0.0579193346202374,0.460182666778565,3,8559,0.0629308085696626,1
1,231311513,166400,0.874454319477081,0.492093116044998,3,8561,0.876408762620708,1
1,231353177,863339,0.465257316827774,0.458311229944229,3,8563,0.506411510878128,1
1,231361400,499514,0.122262671589851,0.575264692306519,3,8565,0.106266448493163,1
1,231382792,613574,0.138401046395302,0.3867227435112,3,8567,0.178940919195374,1
1,231405943,199435,0.160798385739326,0.575666606426239,3,8569,0.139662770034178,1
1,231408843,927088,0.175540387630463,0.614436447620392,3,8571,0.142846659170611,1
1,231423039,631080,0.878390669822693,0.386660665273666,3,8573,0.900862929138918,1
1,231495615,349995,0.116539932787418,0.440074384212494,3,8575,0.13240935733622,1
1,231500532,113186,0.209581136703491,0.605194747447968,3,8577,0.173151814012985,1
1,231501472,95723,0.770491719245911,0.502800226211548,3,8579,0.769199129954009,1
1,231503026,857722,0.0641119256615639,0.571595132350922,3,8581,0.0560815882020173,1
1,231516172,388491,0.236683368682861,0.462746739387512,3,8583,0.255737478556989,1
1,231535071,765609,0.0579728074371815,0.553740441799164,3,8585,0.0523465536026423,1
1,231535521,286807,0.834766030311585,0.321697920560837,3,8587,0.878200307284157,1
1,231535620,266826,0.942087352275848,0.480082660913467,3,8589,0.944305908487394,1
1,231536184,259168,0.100188881158829,0.522222697734833,3,8591,0.0959254371682838,1
1,231537031,628576,0.916218280792236,0.528339862823486,3,8593,0.911184227154213,1
1,231545687,584091,0.934991419315338,0.325601428747177,3,8595,0.951802551595049,1
1,231548273,5356,0.4787737429142,0.642067432403565,3,8597,0.372837585860664,1
1,231549940,740657,0.462268680334091,0.647658050060272,3,8599,0.356877120797828,1
1,231555677,833701,0.762361466884613,0.526190936565399,3,8601,0.749225424907698,1
1,231557633,647920,0.0663407668471336,0.45287948846817,3,8603,0.0732432893699008,1
1,231570498,151370,0.207155913114548,0.504924476146698,3,8605,0.205135542938467,1
1,231571968,352064,0.159811303019524,0.623201429843903,3,8607,0.128218016973704,1
1,231585621,499521,0.243523731827736,0.648585557937622,3,8609,0.187734469914883,1
1,231588888,864093,0.596727252006531,0.459335088729858,3,8611,0.627058516664146,1
1,231591324,581760,0.783911883831024,0.499855697154999,3,8613,0.783974230097405,1
1,231591998,191846,0.144656673073769,0.467985391616821,3,8615,0.154552551922615,1
1,231593334,646132,0.210037723183632,0.467855900526047,3,8617,0.224468391814093,1
1,231602799,694938,0.0916125103831291,0.495016306638718,3,8619,0.0925348409279692,1
1,231637348,553592,0.017348961904645,0.482699483633041,3,8621,0.0179707690736148,1
1,231662028,239112,0.798416554927826,0.3912653028965,3,8623,0.834424219589129,1
1,231677022,159318,0.798693954944611,0.507998645305634,3,8625,0.79542124921542,1
1,231683204,129394,0.83302229642868,0.529951512813568,3,8627,0.822382468912093,1
1,231688030,5361,0.230222269892693,0.487606436014175,3,8629,0.236073862944253,1
1,231689043,572761,0.110371053218842,0.508455693721771,3,8631,0.108535566207306,1
1,231703248,784450,0.164988726377487,0.588650047779083,3,8633,0.140141606205565,1
1,231719467,691256,-0.0263837352395058,0.648989140987396,3,8635,-0.0203267925248831,1
1,231720403,279651,0.0443491786718369,0.550213694572449,3,8637,0.0403017764818622,1
1,231730121,923202,0.152043342590332,0.324439138174057,3,8639,0.234317202674794,1
1,231735374,289187,0.700653553009033,0.459509581327438,3,8641,0.723078858894337,1
1,231738194,407727,0.800003230571747,0.566357493400574,3,8643,0.769399025251694,1
1,231746754,670987,0.848012208938599,0.482302904129028,3,8645,0.853207800204386,1
1,231756582,682749,0.0922483950853348,0.504246532917023,3,8647,0.0914715214318736,1
1,231808316,826253,0.678108513355255,0.684081673622131,3,8649,0.495634176080724,1
1,231832314,499525,0.842136681079865,0.407209366559982,3,8651,0.866847323477397,1
1,231875494,474145,0.0828477591276169,0.463197618722916,3,8653,0.0894302515587589,1
1,231879695,309746,0.808719038963318,0.368845790624619,3,8655,0.84846733318472,1
1,231917643,822047,0.317922383546829,0.38295915722847,3,8657,0.415086540621824,1
1,231925374,275474,0.114208683371544,0.455738812685013,3,8659,0.125300589057443,1
1,231926152,783132,0.160400316119194,0.470017284154892,3,8661,0.170632359198875,1
1,231929766,749807,0.102267496287823,0.593382716178894,3,8663,0.0861733022377003,1
1,231941256,499530,0.798658967018127,0.318402379751205,3,8665,0.852302130318193,1
1,232008118,172440,0.671509861946106,0.589605331420898,3,8667,0.59978751771896,1
1,232134784,129399,0.979821264743805,0.58903044462204,3,8669,0.975449841731418,1
1,232136544,5379,0.165408164262772,0.502058625221252,3,8671,0.164729929886054,1
1,232140411,794736,0.829878330230713,0.67708021402359,3,8673,0.7365883461509,1
1,232142520,629332,0.272721141576767,0.473327547311783,3,8675,0.288089234532894,1
1,232166015,883376,0.101941771805286,0.499149024486542,3,8677,0.102115567500258,1
1,232168163,364685,0.832158267498016,0.439905017614365,3,8679,0.850166723698284,1
1,232175256,595103,0.259153962135315,0.564645826816559,3,8681,0.229483642513051,1
1,232201771,767234,0.833503782749176,0.542605578899384,3,8683,0.817994919078606,1
1,232209409,884374,0.285474836826324,0.535974383354187,3,8685,0.26631388149541,1
1,232225710,132635,0.0411765985190868,0.500847935676575,3,8687,0.0411068865278072,1
1,232230463,84812,0.844507932662964,0.588348627090454,3,8689,0.811136221606623,1
1,232243225,557345,0.560431480407715,0.466869920492172,3,8691,0.587747403037094,1
1,232245944,802804,0.867488265037537,0.511189043521881,3,8693,0.864455027852475,1
1,232272372,859270,0.15210123360157,0.493712872266769,3,8695,0.154038148634076,1
1,232285835,841821,0.11435841023922,0.397707462310791,3,8697,0.143772019733758,1
1,232316904,366256,0.921459138393402,0.40873384475708,3,8699,0.933582481501643,1
1,232321646,739543,0.0803611129522324,0.5082066655159,3,8701,0.0790634188855579,1
1,232324658,707614,0.835498988628388,0.505351781845093,3,8703,0.833719191403115,1
1,232329836,585583,0.16656468808651,0.528777956962585,3,8705,0.157499651690563,1
1,232331207,364711,0.100749790668488,0.579151570796967,3,8707,0.086980503678723,1
1,232336415,176077,0.924765050411224,0.458603024482727,3,8709,0.930517759619092,1
1,232344068,723192,0.396886110305786,0.333874106407166,3,8711,0.5472973686391,1
1,232380190,310389,0.909084677696228,0.488000392913818,3,8713,0.911215437428579,1
1,232391117,756985,0.143790110945702,0.485571652650833,3,8715,0.148062711404921,1
1,232399365,688907,0.849849820137024,0.523176372051239,3,8717,0.842551657403279,1
1,232410493,299230,0.185786977410316,0.448681265115738,3,8719,0.20703670049873,1
1,232410918,475859,0.0593081265687943,0.674574255943298,3,8721,0.0439596723757713,1
1,232493408,339636,0.812509894371033,0.531185269355774,3,8723,0.800038167133394,1
1,232500743,600598,0.71980345249176,0.516178071498871,3,8725,0.710434220730463,1
1,232502488,821604,0.153753131628037,0.36400979757309,3,8727,0.211193672056539,1
1,232534947,5388,0.0328721478581429,0.523816764354706,3,8729,0.0313775255920248,1
1,232538007,288705,0.0478566810488701,0.4628124833107,3,8731,0.0517020205532599,1
1,232542353,77787,0.938648641109467,0.339543372392654,3,8733,0.953553832056472,1
1,232547121,767843,0.90685361623764,0.458687245845795,3,8735,0.913962507766975,1
1,232559638,742288,0.124636106193066,0.557599306106567,3,8737,0.11176135338415,1
1,232608848,725423,0.207260981202126,0.531368851661682,3,8739,0.195025527516324,1
1,232625589,62949,0.572197318077087,0.630271792411804,3,8741,0.453929023134219,1
1,232639980,5391,0.637794017791748,0.434888958930969,3,8743,0.679526716091885,1
1,232649274,5392,0.828966736793518,0.517644345760346,3,8745,0.822710419476595,1
1,232652164,887331,0.101986020803452,0.648681223392487,3,8747,0.0786102766086576,1
1,232669698,499554,0.686926782131195,0.639477849006653,3,8749,0.565805849923238,1
1,232729513,715367,0.203004509210587,0.638573884963989,3,8751,0.158951465124536,1
1,232737890,360021,0.0917173773050308,0.541016042232513,3,8753,0.0847640089622456,1
1,232741425,164689,0.733372688293457,0.445363104343414,3,8755,0.759637959722364,1
1,232759944,326320,0.106635890901089,0.412416517734528,3,8757,0.129281789544776,1
1,232763375,420466,0.324455261230469,0.459677129983902,3,8759,0.352916471221693,1
1,232773083,738119,0.920212686061859,0.62705808877945,3,8761,0.893029837170867,1
1,232787029,836801,0.0365097634494305,0.464123368263245,3,8763,0.039331959933466,1
1,232792724,179737,0.7988001704216,0.490388005971909,3,8765,0.802595080241274,1
1,232807503,210236,0.852868914604187,0.471845000982285,3,8767,0.860712209796884,1
1,232823041,499558,0.782229661941528,0.56512987613678,3,8769,0.74961451004741,1
1,232829888,163813,0.188264638185501,0.500748038291931,3,8771,0.187983400621676,1
1,232845682,327398,0.245232030749321,0.489728540182114,3,8773,0.250375473990272,1
1,232846170,732619,-0.0249713137745857,0.652462363243103,3,8775,-0.0191362101336116,1
1,232861861,675729,0.294642895460129,0.493366450071335,3,8777,0.29860451132979,1
1,232863625,624303,0.786943137645721,0.440007627010345,3,8779,0.809768067717759,1
1,232868716,760512,0.12951996922493,0.448547691106796,3,8781,0.144377032579677,1
1,232869264,477602,0.964212000370026,0.45799332857132,3,8783,0.966985646564423,1
1,232881507,922057,0.691309034824371,0.49384668469429,3,8785,0.695061796652282,1
1,232897826,767573,0.860486745834351,0.472524225711823,3,8787,0.867753875186097,1
1,232905124,5400,0.137769192457199,0.572890996932983,3,8789,0.120240319008989,1
1,232939669,499566,0.75730174779892,0.461983442306519,3,8791,0.774450945114453,1
1,232964043,639287,0.0603158511221409,0.497707694768906,3,8793,0.0605936494011275,1
1,232966333,250218,0.400006890296936,0.348534166812897,3,8795,0.539505313142997,1
1,232973435,895543,0.0814677476882935,0.411437392234802,3,8797,0.0990038207827752,1
1,232974793,254918,0.789481461048126,0.442032098770142,3,8799,0.811352464462692,1
1,232981817,785435,0.564450263977051,0.588692307472229,3,8801,0.479410259665809,1
1,233074178,750969,0.717024087905884,0.696940064430237,3,8803,0.533135398511005,1
1,233094368,678126,0.596648514270783,0.614668667316437,3,8805,0.485341571806216,1
1,233107458,559906,0.0366602130234242,0.42907652258873,3,8807,0.0427199008725106,1
1,233123254,812763,0.14250385761261,0.481817990541458,3,8809,0.147881420380823,1
1,233127417,856876,0.328510791063309,0.594587802886963,3,8811,0.276250866119568,1
1,233142768,782800,0.833196520805359,0.561714351177216,3,8813,0.809709170671379,1
1,233163795,133030,0.920685172080994,0.410755425691605,3,8815,0.932697871667211,1
1,233334640,915985,0.807116270065308,0.563478410243988,3,8817,0.779067365210387,1
1,233339802,889752,0.180789336562157,0.347531795501709,3,8819,0.260104742792185,1
1,233775161,797073,0.174616932868958,0.329720050096512,3,8821,0.264795745387406,1
1,233794556,499574,0.783548891544342,0.402314692735672,3,8823,0.818925523327335,1
1,233795519,5417,0.208751395344734,0.390527069568634,3,8825,0.267268790836082,1
1,233805437,393203,0.686845421791077,0.42990243434906,3,8827,0.725350012807578,1
1,233841459,682378,0.326327174901962,0.545656681060791,3,8829,0.29902243134599,1
1,233841640,858219,0.400717258453369,0.589523732662201,3,8831,0.339865247361451,1
1,233894066,399086,0.663921773433685,0.477198094129562,3,8833,0.678579761480821,1
1,233926337,435097,0.267857432365418,0.525664687156677,3,8835,0.254779747346412,1
1,233979782,5420,0.364909023046494,0.49002480506897,3,8837,0.372337297287566,1
1,234000677,758003,0.378276616334915,0.54200804233551,3,8839,0.348958490269741,1
1,234037180,309743,0.592613995075226,0.409384578466415,3,8841,0.655117365656521,1
1,234038425,630251,0.285177856683731,0.304211854934692,3,8843,0.468715883450618,1
1,234043274,231989,0.826910853385925,0.529150903224945,3,8845,0.816194670649685,1
1,234084664,594532,0.694388687610626,0.553354024887085,3,8847,0.657881936233598,1
1,234118498,577915,0.198368653655052,0.478659778833389,3,8849,0.20721257814739,1
1,234122228,126293,0.367873638868332,0.448702335357666,3,8851,0.409930604188961,1
1,234133136,268197,0.367353022098541,0.59225332736969,3,8853,0.310131665895425,1
1,234144401,399679,0.66697096824646,0.51931369304657,3,8855,0.653590057657078,1
1,234241962,477628,0.590276479721069,0.366954803466797,3,8857,0.6763868342081,1
1,234245665,281123,0.293554544448853,0.393018037080765,3,8859,0.373461923820722,1
1,234247203,850857,0.152594089508057,0.407185167074204,3,8861,0.187376778241346,1
1,234250978,307505,0.366245955228806,0.611150681972504,3,8863,0.299636379400525,1
1,234251411,717374,0.577550649642944,0.545843958854675,3,8865,0.534907265252168,1
1,234251691,380282,0.237051591277123,0.459354072809219,3,8867,0.258027092072367,1
1,234271744,117002,0.711032927036285,0.47954934835434,3,8869,0.722387634591288,1
1,234276506,854497,0.712585866451263,0.525340557098389,3,8871,0.697241740528996,1
1,234302419,556408,0.6978480219841,0.534535050392151,3,8873,0.675429934874301,1
1,234348078,914034,0.808022379875183,0.629734635353088,3,8875,0.740756713353559,1
1,234357328,885657,0.703905344009399,0.565065443515778,3,8877,0.659610105041928,1
1,234359291,711984,0.644537091255188,0.441061496734619,3,8879,0.682019661672833,1
1,234362829,5427,0.717500388622284,0.497848749160767,3,8881,0.718710636580531,1
1,234381693,878776,0.651716709136963,0.674109220504761,3,8883,0.483391036135783,1
1,234406701,348397,0.183398440480232,0.399374514818192,3,8885,0.229607090181657,1
1,234451739,5432,0.838118851184845,0.644674003124237,3,8887,0.772207563985593,1
1,234451983,138192,0.244024723768234,0.42193865776062,3,8889,0.289170853724758,1
1,234453173,438587,0.221307620406151,0.331033736467361,3,8891,0.33426747190157,1
1,234453588,572539,0.190702453255653,0.460729777812958,3,8893,0.206956943569939,1
1,234461549,76919,0.803675532341003,0.619561851024628,3,8895,0.741975839978517,1
1,234462476,839087,0.275674223899841,0.473881334066391,3,8897,0.290868413759065,1
1,234484302,353796,0.694091737270355,0.460875123739243,3,8899,0.716291831262404,1
1,234526408,225620,0.692384362220764,0.477926403284073,3,8901,0.70539054290978,1
1,234556607,246706,0.330806612968445,0.537566602230072,3,8903,0.307688955746235,1
1,234563308,319878,0.299648612737656,0.580008745193481,3,8905,0.258313874765542,1
1,234582458,903387,0.760501027107239,0.505277514457703,3,8907,0.757946141633091,1
1,234585805,239594,0.781338214874268,0.587969362735748,3,8909,0.734653487690169,1
1,234586125,745557,0.5765660405159,0.435392409563065,3,8911,0.625019246414651,1
1,234591089,287084,0.79913592338562,0.590697944164276,3,8913,0.754626108334284,1
1,234595734,636351,0.745456218719482,0.60573935508728,3,8915,0.677188448092673,1
1,234606198,160471,0.679934561252594,0.505703151226044,3,8917,0.676241675886373,1
1,234652003,803919,0.305898249149323,0.300198346376419,3,8919,0.504072513078091,1
1,234684480,469380,0.736732482910156,0.54237824678421,3,8921,0.712352488447265,1
1,234735468,472837,0.645853817462921,0.421494901180267,3,8923,0.693912652403921,1
1,234748373,171020,0.311648547649384,0.492938756942749,3,8925,0.316112846940922,1
1,234761113,447118,0.281821340322495,0.518598735332489,3,8927,0.271714257210645,1
1,234767605,152367,0.231651827692986,0.411429584026337,3,8929,0.281520625505332,1
1,234768115,749923,0.693674147129059,0.481056928634644,3,8931,0.704856014297496,1
1,234778209,139753,0.281327486038208,0.52586817741394,3,8933,0.267488600871126,1
1,234786657,219701,0.744630694389343,0.510993123054504,3,8935,0.738889862647964,1
1,234787384,781154,0.341298043727875,0.632938921451569,3,8937,0.269613727455051,1
1,234790690,649563,0.386029303073883,0.66119772195816,3,8939,0.291916691674802,1
1,234790816,229219,0.746845722198486,0.518941879272461,3,8941,0.736877658962861,1
1,234798677,121740,0.325589388608933,0.53276652097702,3,8943,0.305564797889183,1
1,234799399,233214,0.313888370990753,0.615339517593384,3,8945,0.255052992710742,1
1,234803265,5441,0.710776746273041,0.682689547538757,3,8947,0.544258231199797,1
1,234812898,641895,0.698197245597839,0.516094624996185,3,8949,0.688159328257326,1
1,234824130,286723,0.349823236465454,0.517145812511444,3,8951,0.338224953197037,1
1,234828421,786078,0.233269572257996,0.476166129112244,3,8953,0.24494557465994,1
1,234833695,172269,0.303073227405548,0.5261549949646,3,8955,0.288007555098797,1
1,234852876,499587,0.331574767827988,0.351250022649765,3,8957,0.471992521632667,1
1,234854772,883113,0.287134230136871,0.314953744411469,3,8959,0.455835555588359,1
1,234858690,448100,0.407473474740982,0.661541223526001,3,8961,0.307972852068959,1
1,234863913,582057,0.704216837882996,0.480876743793488,3,8963,0.715112780461391,1
1,234865904,128036,0.308205991983414,0.485631883144379,3,8965,0.317324708983104,1
1,234868441,499589,0.224851176142693,0.436678916215897,3,8967,0.257455956531142,1
1,234870194,680607,0.384941667318344,0.523338973522186,3,8969,0.367774699376584,1
1,234875095,634047,0.218517124652863,0.458109200000763,3,8971,0.238498948124703,1
1,234921811,173899,0.289482355117798,0.585390686988831,3,8973,0.247255688851881,1
1,234965665,757649,0.3106849193573,0.329472720623016,3,8975,0.471488077631754,1
1,234978374,5462,0.337960332632065,0.486908614635468,3,8977,0.347046984252974,1
1,235038809,915558,0.82098925113678,0.619347810745239,3,8979,0.764863103488664,1
1,235171980,325094,0.172169953584671,0.365997105836868,3,8981,0.235206714532615,1
1,235196919,738330,0.194469437003136,0.447038173675537,3,8983,0.217508759267931,1
1,235199254,876059,0.403079956769943,0.694505393505096,3,8985,0.290192099686685,1
1,235205205,730760,0.340101182460785,0.52110493183136,3,8987,0.32632696572794,1
1,235213138,85037,0.669924676418304,0.451461464166641,3,8989,0.699132055435054,1
1,235218804,331103,0.372684299945831,0.594825506210327,3,8991,0.313271956275234,1
1,235223062,415540,0.527288854122162,0.458448350429535,3,8993,0.563558576312369,1
1,235228090,117992,0.389142036437988,0.584061563014984,3,8995,0.333134434004866,1
1,235234997,274712,0.894213378429413,0.490227669477463,3,8997,0.896241306916215,1
1,235238009,799412,0.735823750495911,0.443662106990814,3,8999,0.762575718080983,1
1,235262729,644962,0.727015614509583,0.392777472734451,3,9001,0.775218825691692,1
1,235280387,279924,0.723706305027008,0.441326975822449,3,9003,0.752723254018093,1
1,235282679,473330,0.301800519227982,0.605173587799072,3,9005,0.249350372614233,1
1,235298806,929583,0.211300447583199,0.443940371274948,3,9007,0.237982915336543,1
1,235300549,365226,0.227940812706947,0.483990132808685,3,9009,0.235480846876117,1
1,235314725,166838,0.326270490884781,0.601147711277008,3,9011,0.27137297935618,1
1,235329489,686412,0.816284537315369,0.692008852958679,3,9013,0.701752039872783,1
1,235333993,742707,0.709495306015015,0.572760760784149,3,9015,0.660021052235074,1
1,235365972,499603,0.35911351442337,0.484642386436462,3,9017,0.370493300290864,1
1,235371435,586537,0.723957598209381,0.535910248756409,3,9019,0.702598041595483,1
1,235381646,62960,0.632293283939362,0.485379725694656,3,9021,0.642739769088009,1
1,235388537,358237,0.161221072077751,0.370849221944809,3,9023,0.217367413139328,1
1,235392674,456620,0.689882218837738,0.467311859130859,3,9025,0.708912441098961,1
1,235393102,312417,0.246932715177536,0.467279523611069,3,9027,0.264223770463208,1
1,235400293,499605,0.737764716148377,0.476988554000855,3,9029,0.749302538350134,1
1,235402226,836628,0.218541607260704,0.343846917152405,3,9031,0.317789103753748,1
1,235415617,919541,0.696319043636322,0.536768734455109,3,9033,0.672214529813242,1
1,235416361,807142,0.44785088300705,0.627144753932953,3,9035,0.357055432735812,1
1,235417977,573591,0.724308133125305,0.686433792114258,3,9037,0.560392893204947,1
1,235440672,799325,0.347051352262497,0.612903892993927,3,9039,0.283120531807371,1
1,235468888,317569,0.737804710865021,0.570062756538391,3,9041,0.695077254736142,1
1,235471162,850554,0.158763483166695,0.416167080402374,3,9043,0.190744884258016,1
1,235472158,450873,0.706157922744751,0.465248346328735,3,9045,0.725253699321997,1
1,235480273,490881,0.294869959354401,0.314207673072815,3,9047,0.469227814315768,1
1,235568045,772138,0.659846007823944,0.652680933475494,3,9049,0.510314830136088,1
1,235639379,474624,0.221815183758736,0.521353363990784,3,9051,0.212730174080796,1
1,235643797,847117,0.817031979560852,0.594872772693634,3,9053,0.774184493034847,1
1,235644847,499617,0.472146689891815,0.663882613182068,3,9055,0.355595010711879,1
1,235686672,933116,0.760150492191315,0.696885883808136,3,9057,0.604357740210182,1
1,235714844,654933,0.205033168196678,0.32752925157547,3,9059,0.312999781256841,1
1,235725261,687919,0.76031231880188,0.639871597290039,3,9061,0.667219137126545,1
1,235743969,106288,0.688667058944702,0.462381720542908,3,9063,0.710451678308173,1
1,235750901,341569,0.782349944114685,0.571999490261078,3,9065,0.745736218844599,1
1,235769310,800047,0.239040657877922,0.443257063627243,3,9067,0.269641115159919,1
1,235773998,62966,0.196761161088943,0.464164763689041,3,9069,0.211951850378673,1
1,235778843,822897,0.132809355854988,0.33374810218811,3,9071,0.198966458512074,1
1,235793994,200863,0.679654538631439,0.53541100025177,3,9073,0.655237789161859,1
1,235801920,360390,0.253372758626938,0.559500753879547,3,9075,0.226427539972078,1
1,235805642,217850,0.26575231552124,0.530860483646393,3,9077,0.250303350605258,1
1,235808107,733569,0.728446125984192,0.429193407297134,3,9079,0.762131449174444,1
1,235809722,132454,0.756954193115234,0.577291607856751,3,9081,0.712513624756235,1
1,235832498,607223,0.648142099380493,0.501173973083496,3,9083,0.647314011666033,1
1,235833376,499623,0.28664031624794,0.312030971050262,3,9085,0.459313886828509,1
1,235840050,636841,0.727411925792694,0.40461453795433,3,9087,0.771082692151461,1
1,235855485,406906,0.82309877872467,0.604823350906372,3,9089,0.776174501098347,1
1,235879190,499624,0.33011332154274,0.492100387811661,3,9091,0.335412580155375,1
1,235922246,841280,0.283620655536652,0.575690388679504,3,9093,0.246330893405403,1
1,235929833,372082,0.241756230592728,0.442873239517212,3,9095,0.272940662271977,1
1,235942510,893937,0.702687680721283,0.510981202125549,3,9097,0.696011359306633,1
1,235964467,143370,0.280292302370071,0.488277554512024,3,9099,0.287021489908737,1
1,235972044,869589,0.653540790081024,0.415997862815857,3,9101,0.70337504962783,1
1,235978919,335701,0.254562705755234,0.454438865184784,3,9103,0.280084655228293,1
1,236006535,794981,0.645444810390472,0.51915431022644,3,9105,0.631321235533488,1
1,236018074,849857,0.670204281806946,0.33839076757431,3,9107,0.75076245763386,1
1,236024645,817035,0.38283896446228,0.588282644748688,3,9109,0.32538692742315,1
1,236059031,5501,0.734348952770233,0.542335271835327,3,9111,0.709775485326255,1
1,236061922,911894,0.176857098937035,0.305896103382111,3,9113,0.289080339667016,1
1,236070397,905242,0.192314699292183,0.436542361974716,3,9115,0.220270374703431,1
1,236089767,887745,0.69704681634903,0.66859245300293,3,9117,0.542929564525505,1
1,236105063,604765,0.7776198387146,0.690849721431732,3,9119,0.640336469507186,1
1,236112876,169434,0.26065468788147,0.475127816200256,3,9121,0.274299545294996,1
1,236119545,92755,0.37262549996376,0.496774792671204,3,9123,0.375044693753601,1
1,236163509,78849,0.642257869243622,0.507838845252991,3,9125,0.636559968918847,1
1,236164501,820289,0.381591230630875,0.479999393224716,3,9127,0.397491367715364,1
1,236167878,112217,0.231560260057449,0.370549857616425,3,9129,0.312454930555053,1
1,236182896,556041,0.804668724536896,0.586439549922943,3,9131,0.76384192996851,1
1,236190989,861949,0.24244886636734,0.457232892513275,3,9133,0.265126230349122,1
1,236192412,343687,0.68658834695816,0.51127153635025,3,9135,0.679360139266978,1
1,236200359,639459,0.715023815631867,0.566786170005798,3,9137,0.671090620107918,1
1,236223828,228649,0.701558113098145,0.477675914764404,3,9139,0.714313492965538,1
1,236252278,499636,0.200526848435402,0.440137833356857,3,9141,0.227800058570309,1
1,236254133,62968,0.31327098608017,0.435645461082459,3,9143,0.359548089060515,1
1,236341527,773927,0.327936053276062,0.325363755226135,3,9145,0.50190643333341,1
1,236357971,499640,0.753365814685822,0.565383672714233,3,9147,0.716262172138769,1
1,236363879,559708,0.320617198944092,0.549288213253021,3,9149,0.29184787804322,1
1,236364191,123395,0.794275343418121,0.515343308448792,3,9151,0.787762492328921,1
1,236365851,836078,0.583643138408661,0.360724002122879,3,9153,0.674352812420646,1
1,236366252,159097,0.259902983903885,0.435694068670273,3,9155,0.298263165134543,1
1,236375225,835041,0.651295602321625,0.472265034914017,3,9157,0.669621665468422,1
1,236388926,300310,0.592308282852173,0.466422736644745,3,9159,0.617963746633272,1
1,236407591,852811,0.784568667411804,0.546494781970978,3,9161,0.762481969309547,1
1,236417957,877701,0.675914704799652,0.662427306175232,3,9163,0.519977028461048,1
1,236425209,823754,0.701472401618958,0.455092668533325,3,9165,0.72607489279184,1
1,236435629,499642,0.165254756808281,0.422512531280518,3,9167,0.195561959200879,1
1,236447353,5516,0.29407998919487,0.480495065450668,3,9169,0.306017699598065,1
1,236457778,298844,0.736492455005646,0.545986115932465,3,9171,0.709802327372045,1
1,236482374,499644,0.622168123722076,0.413747191429138,3,9173,0.677756873183274,1
1,236486946,908834,0.429136008024216,0.68140435218811,3,9175,0.31489086226569,1
1,236499315,62969,0.32563054561615,0.432935476303101,3,9177,0.376072836992659,1
1,236508223,704040,0.282212197780609,0.493902385234833,3,9179,0.285696330102179,1
1,236538699,702247,0.329993277788162,0.498435527086258,3,9181,0.33102904975216,1
1,236540642,319689,0.678723752498627,0.469291925430298,3,9183,0.697313586417671,1
1,236546211,469493,0.336329817771912,0.524782359600067,3,9185,0.320446954455773,1
1,236552186,871689,0.248528435826302,0.551234483718872,3,9187,0.225428962779704,1
1,236571436,634301,0.671017169952393,0.535702228546143,3,9189,0.645719998808672,1
1,236573289,585947,0.316566646099091,0.416159510612488,3,9191,0.380342919032632,1
1,236589600,645648,0.222012713551521,0.499652802944183,3,9193,0.222166984997703,1
1,236603011,255727,0.652953147888184,0.448461651802063,3,9195,0.685382844868597,1
1,236610629,375413,0.21099466085434,0.48697966337204,3,9197,0.216636008363603,1
1,236614613,5524,0.720205247402191,0.427053928375244,3,9199,0.755828020773082,1
1,236620284,773747,0.268888771533966,0.515179514884949,3,9201,0.26096609411383,1
1,236643620,250973,0.710165977478027,0.478376597166061,3,9203,0.722180771656978,1
1,236645055,556290,0.172880172729492,0.317473500967026,3,9205,0.272274965001643,1
1,236648930,757302,0.718654334545136,0.590781927108765,3,9207,0.656239931600428,1
1,236672332,462316,0.350327253341675,0.531508326530457,3,9209,0.329559515679196,1
1,236690345,194162,0.388023257255554,0.583646178245544,3,9211,0.332413088373132,1
1,236698163,612286,0.275920480489731,0.355230331420898,3,9213,0.388368413510843,1
1,236702568,844741,0.796846091747284,0.631840527057648,3,9215,0.724095231573022,1
1,236705536,684930,0.407490313053131,0.597994089126587,3,9217,0.340714331849249,1
1,236705948,124313,0.286980152130127,0.475686728954315,3,9219,0.301648264143279,1
1,236714726,499649,0.596724390983582,0.416898787021637,3,9221,0.654197590366372,1
1,236721178,823047,0.689987421035767,0.468725770711899,3,9223,0.708236761851177,1
1,236731393,821440,0.656625092029572,0.451376467943192,3,9225,0.687057802020354,1
1,236731917,910079,0.279965698719025,0.482857197523117,3,9227,0.289905276503227,1
1,236738779,538992,0.666245460510254,0.448367983102798,3,9229,0.697484437753418,1
1,236759520,471187,0.702371656894684,0.529932498931885,3,9231,0.683419570137238,1
1,236786842,663416,0.296578854322433,0.358653336763382,3,9233,0.413461724626444,1
1,236818560,469546,0.797377169132233,0.54420268535614,3,9235,0.777727046257295,1
1,236824948,5533,0.72489869594574,0.597301542758942,3,9237,0.658427665778736,1
1,236825740,668502,0.812010109424591,0.65581202507019,3,9239,0.726908107969568,1
1,236831895,815627,0.299604594707489,0.565034985542297,3,9241,0.265120392872612,1
1,236835909,78096,0.676555514335632,0.500576615333557,3,9243,0.676182077576933,1
1,236841886,499657,0.526842772960663,0.389796048402786,3,9245,0.612295835022992,1
1,236842448,408466,0.807761073112488,0.513946175575256,3,9247,0.802245227557841,1
1,236852640,618661,0.773321092128754,0.572798073291779,3,9249,0.73469348603141,1
1,236880003,247676,0.59508216381073,0.500246703624725,3,9251,0.594882275788723,1
1,236883785,499658,0.681432068347931,0.444979727268219,3,9253,0.71301234630215,1
1,236890554,591138,0.844403326511383,0.651007473468781,3,9255,0.777077356017969,1
1,236893674,5537,0.641601800918579,0.504776358604431,3,9257,0.638145103420917,1
1,236904489,5538,0.665918529033661,0.4217748939991,3,9259,0.71111469607667,1
1,236916554,149105,0.201781913638115,0.471854120492935,3,9261,0.213818111228231,1
1,236920998,688554,0.820246875286102,0.654334187507629,3,9263,0.739990016053634,1
1,236921701,302012,0.294899553060532,0.520285189151764,3,9265,0.283401833464945,1
1,236922575,831941,0.342458695173264,0.509920060634613,3,9267,0.335796452827392,1
1,236944189,237971,0.689790964126587,0.497076779603958,3,9269,0.691594041304029,1
1,236959883,472912,0.656665742397308,0.44732990860939,3,9271,0.689385889564961,1
1,236969300,580680,0.318408280611038,0.523744523525238,3,9273,0.30397289738505,1
1,236969721,590973,0.536736965179443,0.396085202693939,3,9275,0.616450005127315,1
1,236975098,494792,0.2963045835495,0.484659940004349,3,9277,0.305682973867038,1
1,236976598,538993,0.335868537425995,0.47864431142807,3,9279,0.350853994716773,1
1,236985036,490436,0.758786857128143,0.513726115226746,3,9281,0.751978102850071,1
1,236986627,5541,0.73662930727005,0.50748074054718,3,9283,0.732629041732754,1
1,236988671,562867,0.676681339740753,0.402442783117294,3,9285,0.729466358095453,1
1,236990491,921819,0.33398699760437,0.598903000354767,3,9287,0.278832296220364,1
1,236997722,499664,0.186935037374496,0.356294691562653,3,9289,0.262332055179701,1
1,237008502,711700,0.465290725231171,0.476104319095612,3,9291,0.48864367174301,1
1,237009212,189663,0.776166021823883,0.535226881504059,3,9293,0.759200812968197,1
1,237010989,175063,0.713037312030792,0.492905676364899,3,9295,0.717051961938641,1
1,237019769,62971,0.710069835186005,0.504358649253845,3,9297,0.707520201474791,1
1,237123660,381136,0.253011405467987,0.555540263652802,3,9299,0.227716532915527,1
1,237141304,244246,0.240470677614212,0.478772938251495,3,9301,0.251132278374404,1
1,237164846,279533,0.725396037101746,0.47551617026329,3,9303,0.738215034164061,1
1,237179773,173042,0.264525711536407,0.445390075445175,3,9305,0.296959593533836,1
1,237183570,329287,0.67659068107605,0.453827619552612,3,9307,0.70393109345896,1
1,237192273,83282,0.266863584518433,0.57848596572876,3,9309,0.230656921972382,1
1,237226234,499668,0.327760279178619,0.47744083404541,3,9311,0.343247011783083,1
1,237232339,241878,0.328231364488602,0.51167905330658,3,9313,0.320739497119826,1
1,237232852,382858,0.654242217540741,0.438879936933517,3,9315,0.691903921088014,1
1,237232914,815635,0.733392119407654,0.493435561656952,3,9317,0.736847022400141,1
1,237243099,570241,0.311698138713837,0.482396572828293,3,9319,0.323072505352131,1
1,237249326,758816,0.735392212867737,0.482242226600647,3,9321,0.744467586266283,1
1,237270561,446794,0.203341111540794,0.432637959718704,3,9323,0.23500146828656,1
1,237273021,318169,0.255819857120514,0.529949009418488,3,9325,0.241362709028577,1
1,237279874,284166,0.602838575839996,0.472969740629196,3,9327,0.623208139287718,1
1,237282144,382523,0.702080309391022,0.533563196659088,3,9329,0.680643027656597,1
1,237282397,106281,0.780034899711609,0.534016311168671,3,9331,0.76397768252355,1
1,237294093,290058,0.325968086719513,0.540828764438629,3,9333,0.301359790892282,1
1,237296918,179132,0.321194052696228,0.536168932914734,3,9335,0.299526914912941,1
1,237315366,759404,0.305569618940353,0.565563797950745,3,9337,0.27014602070319,1
1,237321033,499671,0.559817314147949,0.503594756126404,3,9339,0.556629697928677,1
1,237326717,292659,0.201808765530586,0.49405175447464,3,9341,0.20423848686175,1
1,237328425,129612,0.10907157510519,0.342761904001236,3,9343,0.15910691041207,1
1,237329757,678950,0.717711985111237,0.491004794836044,3,9345,0.722700713066802,1
1,237349926,5554,0.218347042798996,0.5208700299263,3,9347,0.209598393316938,1
1,237373091,5558,0.76433938741684,0.49320125579834,3,9349,0.767500792691991,1
1,237375239,201714,0.341733336448669,0.503044009208679,3,9351,0.339665446951886,1
1,237383373,861143,0.627473592758179,0.389025777578354,3,9353,0.695137377674231,1
1,237532759,681533,0.149429768323898,0.375901401042938,3,9355,0.198761919893495,1
1,237540304,499677,0.663107573986054,0.667290985584259,3,9357,0.496865376808183,1
1,237585689,723803,0.370842546224594,0.530531704425812,3,9359,0.34950083390959,1
1,237602034,142360,0.234540611505508,0.43356791138649,3,9361,0.270477363921468,1
1,237622216,924396,0.311254531145096,0.503229677677155,3,9363,0.309256930733704,1
1,237842498,665242,0.292031615972519,0.332052409648895,3,9365,0.439737233470624,1
1,237864971,659864,0.736459910869598,0.545285522937775,3,9367,0.710213658873305,1
1,237874947,499690,0.376171976327896,0.571147203445435,3,9369,0.329312630840741,1
1,237893611,460219,0.222615942358971,0.485172212123871,3,9371,0.229419510017336,1
1,237899723,746729,0.310209840536118,0.524522960186005,3,9373,0.29570663639406,1
1,237902236,809237,0.692004978656769,0.494386494159699,3,9375,0.695424451892992,1
1,237911900,193924,0.279569327831268,0.525211453437805,3,9377,0.26614930615215,1
1,237926113,225875,0.24551485478878,0.422833204269409,3,9379,0.290321162469953,1
1,237937244,201704,0.762590348720551,0.502539575099945,3,9381,0.761378353537221,1
1,237944344,98057,0.724442064762116,0.461321353912354,3,9383,0.744227901700554,1
1,237948549,499691,0.725057542324066,0.427823126316071,3,9385,0.759739976988469,1
1,237952433,355696,0.178379938006401,0.462545931339264,3,9387,0.192824026675488,1
1,237967629,589462,0.336316019296646,0.470357567071915,3,9389,0.357511011665329,1
1,237969464,291169,0.673159956932068,0.474242299795151,3,9391,0.689172366909142,1
1,237991493,119692,0.344298362731934,0.49560546875,3,9393,0.347351254618227,1
1,237991732,142458,0.708215892314911,0.531348407268524,3,9395,0.688698265181963,1
1,238010150,679567,0.750411629676819,0.677155435085297,3,9397,0.61345427885843,1
1,238022299,351790,0.304662585258484,0.487184643745422,3,9399,0.31267671217659,1
1,238024765,491463,0.82082861661911,0.676154494285584,3,9401,0.72336904446824,1
1,238025723,662196,0.323529601097107,0.469281673431397,3,9403,0.344707261559409,1
1,238050917,476618,0.338498294353485,0.576133966445923,3,9405,0.293767000444034,1
1,238081931,137028,0.328210175037384,0.443973928689957,3,9407,0.369627757203943,1
1,238161825,877402,0.67712926864624,0.440985053777695,3,9409,0.711214580633625,1
1,238184344,811316,0.43761071562767,0.554360389709473,3,9411,0.394698758921982,1
1,238186372,295077,0.78004664182663,0.529220283031464,3,9413,0.7663946106369,1
1,238195979,593250,0.410476386547089,0.665827453136444,3,9415,0.308245315369245,1
1,238197512,499703,0.438270568847656,0.581206977367401,3,9417,0.377034848095612,1
1,238202556,780418,0.302866548299789,0.525649130344391,3,9419,0.288088128388379,1
1,238218700,933897,0.391515910625458,0.412304103374481,3,9421,0.474790218459041,1
1,238237682,402371,0.665292263031006,0.416359126567841,3,9423,0.713258827298445,1
1,238239018,273011,0.218194395303726,0.390297174453735,3,9425,0.279523411371238,1
1,238240325,206683,0.700246870517731,0.371369421482086,3,9427,0.761582446252472,1
1,238244806,835376,0.78483521938324,0.646992087364197,3,9429,0.695240853087131,1
1,238251069,567100,0.731007754802704,0.488555580377579,3,9431,0.73702690372897,1
1,238257848,5582,0.209314957261086,0.440984815359116,3,9433,0.237326717350381,1
1,238293670,696814,0.201696440577507,0.363659143447876,3,9435,0.277315233525012,1
1,238325148,643454,0.232312142848969,0.410932391881943,3,9437,0.282664676037159,1
1,238353396,128411,0.53878515958786,0.323716163635254,3,9439,0.65900793748722,1
1,238361987,124071,0.259285360574722,0.421369552612305,3,9441,0.307669786494145,1
1,238362705,334282,0.664225220680237,0.42710867524147,3,9443,0.706947229946892,1
1,238373671,708620,0.665306448936462,0.470227599143982,3,9445,0.684115715991686,1
1,238374770,155913,0.419952213764191,0.531922101974487,3,9447,0.394749731403653,1
1,238375005,174336,0.567821621894836,0.462081283330917,3,9449,0.598286539664104,1
1,238377321,673993,0.902286887168884,0.632569551467896,3,9451,0.867031824360934,1
1,238379058,479267,0.720338702201843,0.458183854818344,3,9453,0.741922328925438,1
1,238386530,342308,0.351084411144257,0.59607207775116,3,9455,0.294498286573677,1
1,238406435,401026,0.663557887077332,0.628088355064392,3,9457,0.547685428106292,1
1,238406541,302822,0.364140212535858,0.528364479541779,3,9459,0.344591874203634,1
1,238407239,142799,0.390640616416931,0.535677373409271,3,9461,0.364623032265423,1
1,238412357,303748,0.719891607761383,0.426928073167801,3,9463,0.755607996899283,1
1,238416539,340389,0.658593356609345,0.550420939922333,3,9465,0.620304109213099,1
1,238419413,843644,0.703360974788666,0.522195160388947,3,9467,0.689581393260053,1
1,238424796,499710,0.288512319326401,0.569355130195618,3,9469,0.253367629468162,1
1,238426275,608834,0.428891509771347,0.621015906333923,3,9471,0.345314431882466,1
1,238445281,840878,0.281575262546539,0.482953041791916,3,9473,0.291514120608705,1
1,238469491,651487,0.220959231257439,0.410604119300842,3,9475,0.269066018667418,1
1,238473930,499712,0.67546820640564,0.463298946619034,3,9477,0.697660558377926,1
1,238482401,577470,0.216062098741531,0.384876281023026,3,9479,0.280690327508914,1
1,238491480,109786,0.470559328794479,0.632841050624847,3,9481,0.371783189736083,1
1,238493690,370717,0.684902787208557,0.495674699544907,3,9483,0.68760519003597,1
1,238501136,499714,0.60185968875885,0.311338692903519,3,9485,0.710931696656677,1
1,238502410,119114,0.392646729946136,0.637328088283539,3,9487,0.308041287654227,1
1,238513256,578147,0.739824235439301,0.612727522850037,3,9489,0.664092105801839,1
1,238533063,663340,0.664965629577637,0.556322157382965,3,9491,0.622435088885483,1
1,238538244,808986,0.671291053295136,0.466353237628937,3,9493,0.692016358120148,1
1,238539648,832146,0.282269448041916,0.46514031291008,3,9495,0.303423977891682,1
1,238542181,258043,0.665933728218079,0.548300862312317,3,9497,0.630211523657032,1
1,238548385,698894,0.392060250043869,0.60518079996109,3,9499,0.323919934397354,1
1,238559037,77294,0.736854374408722,0.556869089603424,3,9501,0.703083649303793,1
1,238559913,479096,0.809313237667084,0.561315715312958,3,9503,0.782660595570511,1
1,238563382,839363,0.224871277809143,0.401565730571747,3,9505,0.279993112819877,1
1,238564870,263259,0.756361305713654,0.518691420555115,3,9507,0.746899697313368,1
1,238575190,5587,0.0860563889145851,0.310814887285233,3,9509,0.138436723006147,1
1,238593257,891455,0.62359756231308,0.391063779592514,3,9511,0.69093443198777,1
1,238599975,157626,0.644543409347534,0.408082783222199,3,9513,0.699741297788691,1
1,238615142,637921,0.779332637786865,0.594926059246063,3,9515,0.727620885951807,1
1,238616700,877451,0.689697444438934,0.454175531864166,3,9517,0.715748767528828,1
1,238621611,553742,0.390241920948029,0.639236748218536,3,9519,0.305240524762991,1
1,238650219,137055,0.448413878679276,0.534182369709015,3,9521,0.419719841113008,1
1,238663298,833001,0.544875621795654,0.425337076187134,3,9523,0.604007532637905,1
1,238672246,221953,0.785683810710907,0.670734286308289,3,9525,0.674554348695784,1
1,238672913,591333,0.733145475387573,0.53318977355957,3,9527,0.714172366523251,1
1,238679609,858720,0.295432299375534,0.458545953035355,3,9529,0.322140341027888,1
1,238680704,499723,0.211470931768417,0.439063251018524,3,9531,0.240820577989452,1
1,238704194,286106,0.257759809494019,0.439929515123367,3,9533,0.292955803865235,1
1,238707526,671769,0.682508826255798,0.515258371829987,3,9535,0.672515052046605,1
1,238715975,728593,0.662013649940491,0.438693434000015,3,9537,0.698928918230828,1
1,238727441,154932,0.663366734981537,0.499046385288239,3,9539,0.66400754966889,1
1,238727657,452328,0.677759528160095,0.521752536296845,3,9541,0.663102790608925,1
1,238732779,884584,0.598183453083038,0.323728621006012,3,9543,0.702917675212946,1
1,238746249,815839,0.434505701065064,0.524446487426758,3,9545,0.414251702968785,1
1,238753201,879529,0.683955729007721,0.61175012588501,3,9547,0.592988572484798,1
1,238765334,866802,0.890815019607544,0.613998055458069,3,9549,0.858569390729332,1
1,238778318,824996,0.637274503707886,0.627857029438019,3,9551,0.512653032590734,1
1,238782718,921137,0.191918134689331,0.463771462440491,3,9553,0.206910245920918,1
1,238785349,853136,0.255073994398117,0.508662581443787,3,9555,0.250730055348396,1
1,238807399,356854,0.31562864780426,0.485626488924027,3,9557,0.324970584392523,1
1,238809627,183855,0.654522120952606,0.489538818597794,3,9559,0.661602202445261,1
1,238829906,111753,0.228198498487473,0.418276488780975,3,9561,0.272784276200336,1
1,238837411,299037,0.710274457931519,0.481985062360764,3,9563,0.720350205161211,1
1,238839906,359857,0.662848114967346,0.553925514221191,3,9565,0.622090148863799,1
1,238908699,617638,0.276337087154388,0.579241752624512,3,9567,0.238533467159714,1
1,238912197,655014,0.758739054203033,0.554519057273865,3,9569,0.729212944194018,1
1,238919219,646509,0.624209105968475,0.511898934841156,3,9571,0.615048070106925,1
1,238925257,538998,0.276001006364822,0.481857061386108,3,9573,0.286393028640982,1
1,238952981,114007,0.241269588470459,0.392757594585419,3,9575,0.307148215332583,1
1,238970020,824234,0.619368433952332,0.467527598142624,3,9577,0.642580944364492,1
1,238979697,653867,0.661038875579834,0.44949221611023,3,9579,0.692137755051219,1
1,238981638,299530,0.71047568321228,0.559832215309143,3,9581,0.671120505796373,1
1,239000081,835438,0.544531285762787,0.459936499595642,3,9583,0.57831929588262,1
1,239006672,902685,0.298017591238022,0.500829100608826,3,9585,0.297524236187295,1
1,239027144,400837,0.343581646680832,0.300110638141632,3,9587,0.531055628866664,1
1,239029693,260933,0.187285512685776,0.405755311250687,3,9589,0.230786273762496,1
1,239039365,670217,0.235664933919907,0.354880392551422,3,9591,0.332034311934772,1
1,239040302,386538,0.672825574874878,0.476986199617386,3,9593,0.687221995972405,1
1,239052204,124347,0.232091456651688,0.538821816444397,3,9595,0.215369394453276,1
1,239067413,782044,0.237597867846489,0.43724051117897,3,9597,0.271701571299778,1
1,239112676,566147,0.767877757549286,0.567815601825714,3,9599,0.731454625119176,1
1,239114113,724931,0.549187302589417,0.345444768667221,3,9601,0.655634333184797,1
1,239116841,93849,0.277837932109833,0.59990394115448,3,9603,0.231568683792233,1
1,239119745,564472,0.300689965486527,0.543028891086578,3,9605,0.276863690332257,1
1,239137822,441884,0.289079248905182,0.515498280525208,3,9607,0.280388179579045,1
1,239237600,491895,0.643130838871002,0.407106101512909,3,9609,0.699044667149018,1
1,239254905,138994,0.674373388290405,0.360465675592423,3,9611,0.745418971834519,1
1,239258149,845737,0.782965004444122,0.502125263214111,3,9613,0.782038553555677,1
1,239262958,499736,0.697679340839386,0.463325083255768,3,9615,0.718339119522616,1
1,239266618,5598,0.686696231365204,0.411246299743652,3,9617,0.733926284880773,1
1,239276463,876608,0.722007155418396,0.451689302921295,3,9619,0.746500619026132,1
1,239277091,476763,0.712746202945709,0.588542699813843,3,9621,0.650931218228079,1
1,239288760,426702,0.764139592647553,0.552944600582123,3,9623,0.736206734490214,1
1,239310981,837611,0.23793064057827,0.322855532169342,3,9625,0.368478494048961,1
1,239324388,622257,0.31751760840416,0.486238420009613,3,9627,0.32650403108611,1
1,239325630,580526,0.263509958982468,0.44027516245842,3,9629,0.299255989721376,1
1,239327487,62973,0.292820781469345,0.498638927936554,3,9631,0.293620057584637,1
1,239346926,269522,0.224021077156067,0.448584198951721,3,9633,0.249697913657651,1
1,239347433,220729,0.484128266572952,0.380085110664368,3,9635,0.583917290662343,1
1,239355133,271159,0.694264590740204,0.533342063426971,3,9637,0.672420219074158,1
1,239364523,360475,0.425121933221817,0.599862575531006,3,9639,0.354349438157143,1
1,239386990,259100,0.644918084144592,0.471888780593872,3,9641,0.663818999855083,1
1,239390610,432793,0.244968235492706,0.532813131809235,3,9643,0.229881942531039,1
1,239394850,588053,0.222474947571754,0.466349571943283,3,9645,0.23852809239719,1
1,239442289,355881,0.756766319274902,0.598407030105591,3,9647,0.697163920985655,1
1,239448417,923088,0.363296300172806,0.593038022518158,3,9649,0.306301018128802,1
1,239451145,285942,0.251059621572495,0.428099900484085,3,9651,0.293225507981434,1
1,239494732,121208,0.62734055519104,0.684453725814819,3,9653,0.458278282030105,1
1,239500088,215491,0.300970435142517,0.538820683956146,3,9655,0.27928626730949,1
1,239502294,785579,0.606432914733887,0.359490156173706,3,9657,0.692770463202398,1
1,239511404,230694,0.245091199874878,0.497797518968582,3,9659,0.246175594027365,1
1,239512375,133976,0.231106504797936,0.536556959152222,3,9661,0.215360644248368,1
1,239534941,597725,0.269291937351227,0.556975841522217,3,9663,0.241744719676935,1
1,239557424,161926,0.601134300231934,0.531711578369141,3,9665,0.57412389315651,1
1,239640145,62978,0.391693949699402,0.521237790584564,3,9667,0.375734412176945,1
1,239715807,883307,0.232533797621727,0.323970586061478,3,9669,0.358881033689893,1
1,239775927,88735,0.302591741085053,0.422178864479065,3,9671,0.358369125676657,1
1,239778757,615949,0.79022878408432,0.520959258079529,3,9673,0.781050756690643,1
1,239785404,845344,0.86517995595932,0.612093150615692,3,9675,0.826221109198422,1
1,239816908,874666,0.30880743265152,0.506755352020264,3,9677,0.304690844823255,1
1,239835240,79691,0.294955044984818,0.500952780246735,3,9679,0.294394059295911,1
1,239866767,608728,0.258244574069977,0.321349889039993,3,9681,0.401812141341423,1
1,239896209,731891,0.334194898605347,0.559005200862885,3,9683,0.298919310669633,1
1,239903600,383126,0.812669694423676,0.594856798648834,3,9685,0.768809762879432,1
1,240063767,853630,0.315502464771271,0.322680354118347,3,9687,0.488877709387223,1
1,240077197,481171,0.297322273254395,0.582775950431824,3,9689,0.25509140608332,1
1,240078157,665313,0.350918054580689,0.57817268371582,3,9691,0.303471665528537,1
1,240079229,916789,0.748860418796539,0.69588041305542,3,9693,0.587103902569048,1
1,240084449,62981,0.227142080664635,0.470687568187714,3,9695,0.241287529155698,1
1,240091721,62982,0.786802768707275,0.511213064193726,3,9697,0.781911896907548,1
1,240096774,925895,0.183462619781494,0.40126246213913,3,9699,0.228606756290453,1
1,240107200,764900,0.679579794406891,0.523136794567108,3,9701,0.664033414674723,1
1,240165038,793341,0.303201735019684,0.504978656768799,3,9703,0.300212425768425,1
1,240264827,931445,0.782426774501801,0.646369934082031,3,9705,0.692371709213393,1
1,240290022,687769,0.747065186500549,0.568195164203644,3,9707,0.707119058737525,1
1,240319647,553548,0.264311879873276,0.46824511885643,3,9709,0.282236663266016,1
1,240347626,918427,0.761439681053162,0.470568150281906,3,9711,0.774701579557535,1
1,240359417,499747,0.630900979042053,0.583291947841644,3,9713,0.557125163473343,2
1,240376669,247434,0.621713817119598,0.444787621498108,3,9715,0.659331998413727,2
1,240389277,499750,0.688500344753265,0.570868790149689,3,9717,0.637057794799647,2
1,240391022,763047,0.473191857337952,0.575786709785461,3,9719,0.41090897835612,2
1,240397706,119403,0.31545028090477,0.399289906024933,3,9721,0.395014093951416,2
1,240407942,876124,0.718681216239929,0.587058544158936,3,9723,0.659372073473356,2
1,240412051,890222,0.444413274526596,0.564678490161896,3,9725,0.39351000814568,2
1,240423961,78032,0.611778259277344,0.455215841531754,3,9727,0.643692153407867,2
1,240438785,570804,0.709032118320465,0.39677020907402,3,9729,0.758825006609099,2
1,240445178,869636,0.666015982627869,0.617608726024628,3,9731,0.563295451410273,2
1,240448151,862837,0.580162703990936,0.439298421144485,3,9733,0.625614309071484,2
1,240448407,932945,0.246939271688461,0.370133399963379,3,9735,0.333581448895038,2
1,240451988,381000,0.45820164680481,0.529379844665527,3,9737,0.432772093065151,2
1,240454472,305126,0.677033245563507,0.542913615703583,3,9739,0.646711469065494,2
1,240454888,340359,0.333356469869614,0.491750031709671,3,9741,0.338949108666685,2
1,240465737,622578,0.243835374712944,0.413999766111374,3,9743,0.29448733389785,2
1,240482211,272457,0.254214823246002,0.424708038568497,3,9745,0.299281859725152,2
1,240492118,539004,0.469491332769394,0.496411681175232,3,9747,0.472885057476785,2
1,240543719,490257,0.719174563884735,0.548968136310577,3,9749,0.688685591059882,2
1,240569382,734292,0.65114963054657,0.559665322303772,3,9751,0.603880426499034,2
1,240618188,334462,0.629826068878174,0.475511014461517,3,9753,0.647109909522909,2
1,240622572,266676,0.34279003739357,0.522287130355835,3,9755,0.328162439269781,2
1,240627359,201621,0.757514595985413,0.58778190612793,3,9757,0.705877292118767,2
1,240628728,62987,0.666406631469727,0.465594798326492,3,9759,0.687883494129909,2
1,240632098,207686,0.412769258022308,0.62611448764801,3,9761,0.329627620958644,2
1,240642920,241134,0.651454925537109,0.566741347312927,3,9763,0.597763284932439,2
1,240643721,305000,0.344260394573212,0.514946818351746,3,9765,0.334267911077817,2
1,240649836,539007,0.387401878833771,0.506225883960724,3,9767,0.382637367140069,2
1,240663207,671582,0.457724452018738,0.516378819942474,3,9769,0.44320606727221,2
1,240665001,5624,0.703534722328186,0.602501571178436,3,9771,0.627086227044061,2
1,240666105,708619,0.238073959946632,0.405783176422119,3,9773,0.293351195638252,2
1,240667229,773221,0.659251034259796,0.506073713302612,3,9775,0.655060912005105,2
1,240669139,480825,0.299361228942871,0.436428159475327,3,9777,0.342967361802184,2
1,240669872,692246,0.444453954696655,0.582008481025696,3,9779,0.381827730339408,2
1,240694188,621971,0.489214777946472,0.616325259208679,3,9781,0.39688035711419,2
1,240696081,499754,0.35491931438446,0.481112569570541,3,9783,0.368852672776014,2
1,240702341,686224,0.682686269283295,0.52103728055954,3,9785,0.66874903010468,2
1,240708546,5625,0.274229198694229,0.428488105535507,3,9787,0.319996278953308,2
1,240718979,600047,0.391729831695557,0.544803380966187,3,9789,0.359514868465794,2
1,240721924,372365,0.374865025281906,0.487985640764237,3,9791,0.384094319552957,2
1,240723055,837748,0.754355370998383,0.577806234359741,3,9793,0.70908543778578,2
1,240723611,244591,0.346807509660721,0.438058704137802,3,9795,0.395845929306799,2
1,240734663,178905,0.372840225696564,0.569456517696381,3,9797,0.327364964760446,2
1,240735270,851066,0.539628386497498,0.539889991283417,3,9799,0.49975772398994,2
1,240740048,667218,0.311213761568069,0.502939224243164,3,9801,0.309394999004494,2
1,240741652,810058,0.585265815258026,0.509694516658783,3,9803,0.57706552462381,2
1,240748540,555679,0.278739273548126,0.421015739440918,3,9805,0.331031891964745,2
1,240758683,616790,0.293555825948715,0.45928943157196,3,9807,0.319576073135401,2
1,240763170,539008,0.65606027841568,0.510866940021515,3,9809,0.648419060450086,2
1,240767426,5626,0.389612942934036,0.532549381256104,3,9811,0.365799826877154,2
1,240776666,296724,0.367729753255844,0.531601309776306,3,9813,0.345869871361474,2
1,240779574,592341,0.70207953453064,0.540909469127655,3,9815,0.675531899009914,2
1,240787949,780901,0.753025233745575,0.495053380727768,3,9817,0.755444677884581,2
1,240807646,567785,0.683820188045502,0.321432709693909,3,9819,0.767023980914351,2
1,240827975,62991,0.545542001724243,0.455161541700363,3,9821,0.582942437934672,2
1,240833449,596608,0.359636127948761,0.525564193725586,3,9823,0.342142912552124,2
1,240851612,362839,0.345919698476791,0.429170399904251,3,9825,0.403009735240323,2
1,240867417,352221,0.683910965919495,0.517549395561218,3,9827,0.672413060350291,2
1,240872380,499757,0.230819746851921,0.307339936494827,3,9829,0.375512127523014,2
1,240872523,5629,0.656645834445953,0.475419342517853,3,9831,0.672734630359744,2
1,240873483,335941,0.263609141111374,0.391064167022705,3,9833,0.337040776604916,2
1,240878217,332260,0.390620738267899,0.503586709499359,3,9835,0.387838609418658,2
1,240880506,878629,0.474726885557175,0.55890154838562,3,9837,0.424696341357809,2
1,240884275,891334,0.560392618179321,0.427157044410706,3,9839,0.61629328114156,2
1,240887552,680692,0.688089430332184,0.547169625759125,3,9841,0.65559888712114,2
1,240907640,634035,0.708836078643799,0.610727190971375,3,9843,0.62601559291701,2
1,240936508,292902,0.634004771709442,0.454652279615402,3,9845,0.664438655732855,2
1,240937685,791949,0.350600332021713,0.482848137617111,3,9847,0.363054452018755,2
1,240941582,103858,0.38366711139679,0.459840923547745,3,9849,0.41717373525255,2
1,240991595,560726,0.636649012565613,0.47802409529686,3,9851,0.651946589717553,2
1,241033578,642079,0.63394558429718,0.597164034843445,3,9853,0.54565325918633,2
1,241116497,780196,0.349204450845718,0.4933140873909,3,9855,0.353937237726814,2
1,241121325,219008,0.492181062698364,0.577594697475433,3,9857,0.42606092546348,2
1,241153729,139494,0.645434439182282,0.505140662193298,3,9859,0.641751166716171,2
1,241185865,747260,0.437807261943817,0.587797224521637,3,9861,0.372413515817564,2
1,241494775,880207,0.382391273975372,0.325596183538437,3,9863,0.542107628286363,2
1,241669755,610823,0.581259369850159,0.5118048787117,3,9865,0.571133946356505,2
1,241675456,912295,0.289783656597137,0.349180489778519,3,9867,0.414948236055434,2
1,241680371,220029,0.389822125434876,0.545495808124542,3,9869,0.357309918453008,2
1,241691808,398476,0.488008052110672,0.503346621990204,3,9871,0.484763412319244,2
1,241724653,413554,0.777488648891449,0.659694671630859,3,9873,0.673071015116188,2
1,241728710,772546,0.34950989484787,0.512875020503998,3,9875,0.340735930660465,2
1,241734523,812526,0.624459028244019,0.467253744602203,3,9877,0.647542363788584,2
1,241753536,354489,0.684282541275024,0.538622438907623,3,9879,0.657853474736104,2
1,241788349,433401,0.254789978265762,0.392173111438751,3,9881,0.324843762657546,2
1,241847797,824106,0.273225098848343,0.47116693854332,3,9883,0.289945109150758,2
1,241920453,919708,0.560715675354004,0.490963011980057,3,9885,0.568514336890598,2
1,241953296,5634,0.633397519588471,0.484000086784363,3,9887,0.644764978615097,2
1,241968593,5635,0.596946060657501,0.442599654197693,3,9889,0.638452018932323,2
1,241983101,714110,0.709441900253296,0.55549681186676,3,9891,0.673165336600905,2
1,241989852,475693,0.637578248977661,0.533570230007172,3,9893,0.611493761399587,2
1,241997072,591390,0.593910455703735,0.555668771266937,3,9895,0.543032856981309,2
1,242021275,62997,0.647545754909515,0.53867369890213,3,9897,0.617998969220149,2
1,242031525,146041,0.329538226127625,0.40968269109726,3,9899,0.402187147869266,2
1,242090891,582482,0.654215276241303,0.550900518894196,3,9901,0.615024356176852,2
1,242168945,345487,0.417824238538742,0.547325670719147,3,9903,0.381696182813562,2
1,242179229,92632,0.582346737384796,0.463498026132584,3,9905,0.610762603905706,2
1,242222349,227949,0.405296146869659,0.549223959445953,3,9907,0.368971655277489,2
1,242236537,593363,0.65694397687912,0.518974423408508,3,9909,0.643411868500063,2
1,242251293,698934,0.581659138202667,0.465445578098297,3,9911,0.608701336424208,2
1,242255265,490131,0.409944623708725,0.510439276695252,3,9913,0.401560618887754,2
1,242264123,652309,0.747405171394348,0.590163171291351,3,9915,0.691834882919685,2
1,242304228,431124,0.766215145587921,0.597547173500061,3,9917,0.709549990684294,2
1,242310198,867899,0.292571425437927,0.476190239191055,3,9919,0.307200149602965,2
1,242316940,920605,0.38620662689209,0.546652734279633,3,9921,0.353246771372163,2
1,242323168,62998,0.640592813491821,0.576506197452545,3,9923,0.575664172242633,2
1,242373852,211480,0.421648144721985,0.497706264257431,3,9925,0.423591357998152,2
1,242376403,460851,0.324394345283508,0.431225627660751,3,9927,0.376130643073366,2
1,242379350,594398,0.642038822174072,0.593892455101013,3,9929,0.55927785346248,2
1,242379385,476550,0.411201179027557,0.509484708309174,3,9931,0.403546144095483,2
1,242382946,884867,0.370809137821198,0.448222398757935,3,9933,0.413644140552484,2
1,242436721,196123,0.37044021487236,0.384536117315292,3,9935,0.481671549422529,2
1,242438500,63000,0.538751304149628,0.493262588977814,3,9937,0.544883912439043,2
1,242444594,664309,0.459615975618362,0.552354454994202,3,9939,0.416051659819768,2
1,242447518,633281,0.514135837554932,0.590488374233246,3,9941,0.435347976344616,2
1,242464584,411279,0.270749092102051,0.429829061031342,3,9943,0.314949728448339,2
1,242466523,721931,0.365757822990418,0.455958008766174,3,9945,0.401087179036685,2
1,242469730,344429,0.410227388143539,0.518297433853149,3,9947,0.395745146849184,2
1,242475173,659927,0.647416889667511,0.575247645378113,3,9949,0.584954495842222,2
1,242477708,881406,0.380687236785889,0.472481489181519,3,9951,0.402859419366201,2
1,242501510,566574,0.595797657966614,0.629512369632721,3,9953,0.473221565379424,2
1,242559703,499768,0.695711314678192,0.62921130657196,3,9955,0.589673726956749,2
1,242563962,5641,0.334219574928284,0.416190922260284,3,9957,0.401521942277328,2
1,242566392,362826,0.345662802457809,0.463149279356003,3,9959,0.373165648598703,2
1,242584014,227249,0.721849501132965,0.696221113204956,3,9961,0.542182635202854,2
1,242620417,151142,0.710785984992981,0.520196199417114,3,9963,0.69861220914083,2
1,242631649,299033,0.590366840362549,0.682438492774963,3,9965,0.432542160658297,2
1,242644181,265588,0.508143246173859,0.38891014456749,3,9967,0.597557749115291,2
1,242664515,825607,0.395667999982834,0.428597539663315,3,9969,0.461584544201597,2
1,242698444,890435,0.215726733207703,0.395036220550537,3,9971,0.273046776453888,2
1,242702227,595229,0.492422044277191,0.414144665002823,3,9973,0.566806065079825,2
1,242718322,377780,0.581325054168701,0.452776998281479,3,9975,0.61745490913533,2
1,242921444,441519,0.409953415393829,0.530275344848633,3,9977,0.386547686382487,2
1,242957747,724058,0.291151195764542,0.410311341285706,3,9979,0.354793015045871,2
1,243053004,312207,0.429598361253738,0.306786924600601,3,9981,0.588581304227693,2
1,243055029,903816,0.426311612129211,0.53048574924469,3,9983,0.401812501783693,2
1,243118509,891984,0.647931277751923,0.604685187339783,3,9985,0.554698292382622,2
1,243192716,758596,0.475995272397995,0.652257382869721,3,9987,0.364883008532437,2
1,243462773,781685,0.319363594055176,0.351778328418732,3,9989,0.453927329023845,2
1,243526573,202473,0.717150390148163,0.619420766830444,3,9991,0.62839589604483,2
1,243587406,367797,0.65986979007721,0.547591328620911,3,9993,0.624089643456698,2
1,243625598,658585,0.772193789482117,0.690749764442444,3,9995,0.631679810838034,2
1,243651637,767880,0.677390098571777,0.588720321655273,3,9997,0.607797420569589,2
1,243660729,892549,0.549385845661163,0.479945003986359,3,9999,0.566762979114793,2
1,243666238,694844,0.421337306499481,0.445904314517975,3,10001,0.472452601131421,2
1,243683801,908575,0.398218870162964,0.591073453426361,3,10003,0.336860730129691,2
1,243692333,163538,0.386375159025192,0.487263381481171,3,10005,0.396474651810176,2
1,243692901,102962,0.409917533397675,0.5060253739357,3,10007,0.405036540173342,2
1,243716274,641991,0.671915292739868,0.591587603092194,3,10009,0.598341394942778,2
1,243764481,737559,0.675635993480682,0.50736403465271,3,10011,0.670787326407794,2
1,243780397,767797,0.443595379590988,0.504706501960754,3,10013,0.439458752629149,2
1,243787574,433854,0.752257227897644,0.662507891654968,3,10015,0.632965088699084,2
1,243788804,784640,0.454130947589874,0.320203542709351,3,10017,0.598505518412302,2
1,243796934,84759,0.700557053089142,0.542558550834656,3,10019,0.672698060640081,2
1,243834835,737394,0.353243291378021,0.531187176704407,3,10021,0.332503594655291,2
1,243852847,705212,0.543118000030518,0.514287114143372,3,10023,0.529678938655599,2
1,243869871,489534,0.55889356136322,0.431927621364594,3,10025,0.611751552067729,2
1,243887183,350029,0.615135967731476,0.632047593593597,3,10027,0.486621556641037,2
1,243965245,225151,0.423287123441696,0.570777177810669,3,10029,0.370798921100261,2
1,243968168,376244,0.632675766944885,0.467670500278473,3,10031,0.654984146804498,2
1,243972535,159426,0.341739505529404,0.469047635793686,3,10033,0.364290830451729,2
1,243986166,714809,0.3118976354599,0.442569255828857,3,10035,0.352371556939454,2
1,243989303,794317,0.347777217626572,0.441097795963287,3,10037,0.394217813837725,2
1,243993108,215844,0.547395467758179,0.40869751572609,3,10039,0.617281726122294,2
1,243996937,247778,0.361979067325592,0.473453432321549,3,10041,0.382275259417437,2
1,243998180,697821,0.43044924736023,0.556364715099335,3,10043,0.386840893822118,2
1,244011062,919807,0.536888778209686,0.469719171524048,3,10045,0.563333995006652,2
1,244024451,911207,0.436143606901169,0.480873435735703,3,10047,0.453491058654446,2
1,244061515,401848,0.701093852519989,0.596081972122192,3,10049,0.629991573970504,2
1,244069716,927747,0.645424664020538,0.445999413728714,3,10051,0.679986497518045,2
1,244070294,662363,0.397371292114258,0.504083216190338,3,10053,0.394152472599101,2
1,244080852,701917,0.258830517530441,0.35835599899292,3,10055,0.361136018732527,2
1,244081043,768156,0.385435700416565,0.509555399417877,3,10057,0.378207846346925,2
1,244081827,625880,0.33150127530098,0.358577936887741,3,10059,0.462244384272814,2
1,244083100,5655,0.691834390163422,0.454694837331772,3,10061,0.7174374726908,2
1,244083471,324906,0.257566601037979,0.358314245939255,3,10063,0.359414402241831,2
1,244094033,370874,0.691480696201325,0.583481252193451,3,10065,0.629645357593884,2
1,244103867,166110,0.330512315034866,0.441738605499268,3,10067,0.374103950753082,2
1,244238785,860738,0.731864809989929,0.654928088188171,3,10069,0.611479258624377,2
1,244265482,902182,0.24430525302887,0.323446422815323,3,10071,0.377659537710145,2
1,244271398,884874,0.382172822952271,0.460384368896484,3,10073,0.415058425928228,2
1,244274010,659319,0.479817986488342,0.357776194810867,3,10075,0.595015001539482,2
1,244278815,499779,0.393676578998566,0.498697519302368,3,10077,0.394704769686124,2
1,244297352,296696,0.769568026065826,0.618923246860504,3,10079,0.697656742328464,2
1,244306890,675393,0.76934814453125,0.678353607654572,3,10081,0.641451200825153,2
1,244311245,591240,0.491726219654083,0.422941118478775,3,10083,0.559599724896339,2
1,244312399,388776,0.472465127706528,0.554317057132721,3,10085,0.426168671545502,2
1,244334189,302696,0.63291323184967,0.419015169143677,3,10087,0.684082312778051,2
1,244335712,435811,0.693191111087799,0.525853514671326,3,10089,0.676461917987725,2
1,244339164,632110,0.764257311820984,0.481288224458695,3,10091,0.772761387638631,2
1,244348209,821276,0.480919152498245,0.364754289388657,3,10093,0.591433016523476,2
1,244359437,777850,0.501410603523254,0.574953079223633,3,10095,0.436044802299621,2
1,244366971,332711,0.372815132141113,0.45189443230629,3,10097,0.412502462398588,2
1,244372848,489001,0.353967189788818,0.504558742046356,3,10099,0.35076905847793,2
1,244376453,303547,0.383815973997116,0.516046106815338,3,10101,0.371881474279255,2
1,244396799,89719,0.423675060272217,0.407286286354065,3,10103,0.513825202235781,2
1,244431215,115339,0.397074520587921,0.542881727218628,3,10105,0.365709970219731,2
1,244461440,566593,0.239536851644516,0.41060009598732,3,10107,0.29169117833318,2
1,244485405,839346,0.207999914884567,0.341013580560684,3,10109,0.30497306667755,2
1,244499833,472374,0.693559467792511,0.568222343921661,3,10111,0.645140817393419,2
1,244519217,5660,0.654937207698822,0.656666576862335,3,10113,0.498683221269022,2
1,244520991,499781,0.173028990626335,0.30900365114212,3,10115,0.279978877250796,2
1,244526808,731334,0.528649806976318,0.362479865550995,3,10117,0.630325249702851,2
1,244543483,492673,0.669893205165863,0.528387606143951,3,10119,0.650023197932648,2
1,244550406,564785,0.387338578701019,0.494292110204697,3,10121,0.391811411414815,2
1,244573359,216263,0.614374577999115,0.532239139080048,3,10123,0.587796399593513,2
1,244592242,665442,0.17052236199379,0.408248901367188,3,10125,0.208846075791908,2
1,244604306,92702,0.41062393784523,0.490193456411362,3,10127,0.418838656936948,2
1,244690666,430094,0.580089151859283,0.506568789482117,3,10129,0.57449910018866,2
1,244698654,704870,0.505794227123261,0.386750817298889,3,10131,0.597059574788208,2
1,244712420,622712,0.580511093139648,0.541335701942444,3,10133,0.542705952221606,2
1,244730801,374213,0.564486026763916,0.490421652793884,3,10135,0.572672214563381,2
1,244731257,914368,0.369644552469254,0.544479131698608,3,10137,0.339447860302814,2
1,244732016,375168,0.634372413158417,0.516626358032227,3,10139,0.621796106472475,2
1,244739413,726816,0.47731938958168,0.586853265762329,3,10141,0.406676947568518,2
1,244752734,246015,0.356215834617615,0.471861332654953,3,10143,0.377458174643541,2
1,244754985,793863,0.348523825407028,0.509948432445526,3,10145,0.341724577655465,2
1,244758632,314745,0.299925744533539,0.475572824478149,3,10147,0.315331037746585,2
1,244761585,932022,0.537156343460083,0.542276620864868,3,10149,0.495278906366442,2
1,244771788,171194,0.650384187698364,0.539171874523163,3,10151,0.620665717896586,2
1,244772079,854897,0.349590092897415,0.57032036781311,3,10153,0.306485716298294,2
1,244775469,248018,0.638385117053986,0.498801022768021,3,10155,0.639250178698348,2
1,244793633,726312,0.564189434051514,0.436533391475678,3,10157,0.613277380278272,2
1,244891463,589901,0.507389426231384,0.409771710634232,3,10159,0.582694880401317,2
1,244897111,63013,0.55385434627533,0.50625616312027,3,10161,0.548201293464099,2
1,244916242,563683,0.588965475559235,0.486287027597427,3,10163,0.599937565798264,2
1,244941498,267390,0.663983285427094,0.518401443958283,3,10165,0.651144391571017,2
1,244997187,217469,0.602976143360138,0.407792925834656,3,10167,0.664793047938994,2
1,245035230,321507,0.470594942569733,0.57850706577301,3,10169,0.406732234066075,2
1,245040810,452905,0.56453150510788,0.494546145200729,3,10171,0.569230216806778,2
1,245041559,258670,0.610599040985107,0.50377082824707,3,10173,0.607639996617557,2
1,245060307,599351,0.656387984752655,0.508276462554932,3,10175,0.650604466655483,2
1,245094402,5664,0.559830605983734,0.400841772556305,3,10177,0.632676834052462,2
1,245132056,884489,0.743737399578095,0.626428365707398,3,10179,0.657010092713321,2
1,245135855,813780,0.549734473228455,0.414701163768768,3,10181,0.615354158509158,2
1,245147081,607105,0.647007763385773,0.549072086811066,3,10183,0.608593495445993,2
1,245178892,596596,0.547784328460693,0.397662818431854,3,10185,0.624615841942554,2
1,245178943,930124,0.495672911405563,0.674889087677002,3,10187,0.367225460046844,2
1,245228150,169688,0.45767617225647,0.493307560682297,3,10189,0.463885219621867,2
1,245233700,912701,0.254711121320725,0.359412044286728,3,10191,0.354344164823708,2
1,245246744,689539,0.619629263877869,0.524136662483215,3,10193,0.600336161525876,2
1,245263162,202918,0.640537440776825,0.480944007635117,3,10195,0.653734313339281,2
1,245271117,577646,0.696070373058319,0.604789853096008,3,10197,0.615483522725045,2
1,245272309,691110,0.54878556728363,0.494751662015915,3,10199,0.553472620497188,2
1,245281677,5665,0.431893706321716,0.546601533889771,3,10201,0.395071802349546,2
1,245291657,660571,0.418289750814438,0.549675107002258,3,10203,0.380488169725975,2
1,245307486,467175,0.595005989074707,0.446117162704468,3,10205,0.634404621649973,2
1,245373456,5666,0.68547385931015,0.600412547588348,3,10207,0.606436414867918,2
1,245406391,489294,0.658367097377777,0.518859088420868,3,10209,0.644976248744922,2
1,245407379,302559,0.304932594299316,0.331231832504272,3,10211,0.460300859361673,2
1,245409622,685163,0.588199436664581,0.474839001893997,3,10213,0.607929220924078,2
1,245413297,878809,0.602290093898773,0.496121466159821,3,10215,0.605351409723506,2
1,245432053,809258,0.607587814331055,0.521604955196381,3,10217,0.58986595917812,2
1,245439295,427862,0.699830889701843,0.553431808948517,3,10219,0.663915706141785,2
1,245460278,5668,0.327495515346527,0.383443266153336,3,10221,0.427045594817624,2
1,245523230,807875,0.237317502498627,0.347222477197647,3,10223,0.341736952650591,2
1,245575075,344917,0.582258701324463,0.423748999834061,3,10225,0.637535294033986,2
1,245591586,473971,0.366540491580963,0.528290331363678,3,10227,0.346911981745729,2
1,245609461,138363,0.635722219944,0.495572686195374,3,10229,0.638919453718271,2
1,245611390,642093,0.371099054813385,0.468420296907425,3,10231,0.396117607694876,2
1,245621474,795649,0.275057643651962,0.510786175727844,3,10233,0.269249303057213,2
1,245628331,904613,0.346202969551086,0.568897366523743,3,10235,0.30427541936656,2
1,245633498,304863,0.391675710678101,0.475568413734436,3,10237,0.411797440038583,2
1,245655583,695150,0.646695256233215,0.684732437133789,3,10239,0.472224785304613,2
1,245666924,905143,0.559737861156464,0.37577211856842,3,10241,0.647354634469501,2
1,245674265,872948,0.313582360744476,0.506261587142944,3,10243,0.309703885015412,2
1,245683425,810820,0.515167117118835,0.356318891048431,3,10245,0.62339046762545,2
1,245689423,469968,0.421716809272766,0.370692759752274,3,10247,0.540539855778878,2
1,245690276,605912,0.587568700313568,0.481608211994171,3,10249,0.602201164033684,2
1,245691226,633795,0.739940822124481,0.587208211421967,3,10251,0.684999574759761,2
1,245692413,204233,0.485568910837174,0.315556734800339,3,10253,0.624197420502954,2
1,245712309,228686,0.743304193019867,0.693995356559753,3,10255,0.58056877161366,2
1,245716274,804431,0.588261544704437,0.486135095357895,3,10257,0.599370912883875,2
1,245756155,417321,0.438970863819122,0.599094450473785,3,10259,0.366361984718744,2
1,245757423,560608,0.469439953565598,0.5506551861763,3,10261,0.426255817933312,2
1,245768230,749554,0.621135175228119,0.496513873338699,3,10263,0.623758426787054,2
1,245772977,786569,0.519016325473785,0.599310874938965,3,10265,0.433010935707318,2
1,245786000,818887,0.617856383323669,0.541474223136902,3,10267,0.583291020964316,2
1,245795307,550380,0.664990484714508,0.579473853111267,3,10269,0.601678138489053,2
1,245816195,724540,0.25564044713974,0.310178518295288,3,10271,0.412085995743219,2
1,245819957,90623,0.368397951126099,0.525269031524658,3,10273,0.350675491049585,2
1,245847728,354732,0.63277131319046,0.551168620586395,3,10275,0.590905734700054,2
1,245851766,441083,0.404541999101639,0.355288118124008,3,10277,0.538198366093635,2
1,245886332,931910,0.433308929204941,0.589113712310791,3,10279,0.367763404712897,2
1,245905099,930926,0.611668944358826,0.518769681453705,3,10281,0.596522662148295,2
1,246127003,556772,0.322263956069946,0.430391013622284,3,10283,0.374385089221181,2
1,246137743,887554,0.611234903335571,0.582687258720398,3,10285,0.534204137318738,2
1,246140260,799701,0.567915260791779,0.397216737270355,3,10287,0.641591956907058,2
1,246210423,447650,0.613505840301514,0.473075479269028,3,10289,0.633254721983402,2
1,246409460,823986,0.578957676887512,0.484518885612488,3,10291,0.591602571499865,2
1,246413807,816410,0.60288417339325,0.581294476985931,3,10293,0.525781480325246,2
1,246414817,875436,0.280916094779968,0.451830357313156,3,10295,0.310864564800888,2
1,246420244,317300,0.620559334754944,0.373253464698792,3,10297,0.697293368312997,2
1,246442693,63017,0.603552877902985,0.466045618057251,3,10299,0.628763115816584,2
1,246444411,246436,0.378745824098587,0.48581999540329,3,10301,0.389800571901309,2
1,246471277,783929,0.402923405170441,0.339771121740341,3,10303,0.547826053592632,2
1,246477680,588136,0.578457832336426,0.480614691972733,3,10305,0.594191286171842,2
1,246478512,401490,0.763698577880859,0.667960464954376,3,10307,0.644166737423796,2
1,246488966,63018,0.745023846626282,0.623475849628449,3,10309,0.661407969286818,2
1,246493107,339589,0.193638056516647,0.304079532623291,3,10311,0.318400345538113,2
1,246495261,137391,0.679844975471497,0.582542598247528,3,10313,0.616541684032307,2
1,246496342,583812,0.714546084403992,0.5555379986763,3,10315,0.678877030268204,2
1,246505075,63020,0.507480978965759,0.37476646900177,3,10317,0.606131951810151,2
1,246512265,118239,0.47669380903244,0.361452728509903,3,10319,0.590236921891165,2
1,246530365,180908,0.55672025680542,0.436444193124771,3,10321,0.60671175969914,2
1,246533461,207484,0.348296403884888,0.499988585710526,3,10323,0.348304355178358,2
1,246533924,684687,0.402035742998123,0.565582394599915,3,10325,0.355417483674079,2
1,246542711,899789,0.755853295326233,0.637131631374359,3,10327,0.663587783087198,2
1,246551181,234373,0.703682005405426,0.594423949718475,3,10329,0.634694905691683,2
1,246566601,551363,0.460763394832611,0.578737735748291,3,10331,0.398076163321938,2
1,246578297,562554,0.442070782184601,0.43706089258194,3,10333,0.504449761560926,2
1,246590177,122922,0.493370682001114,0.558593690395355,3,10335,0.441618559683266,2
1,246596144,831878,0.700247943401337,0.546862363815308,3,10337,0.669248333549932,2
1,246605717,745690,0.518140614032745,0.437072277069092,3,10339,0.572005990877095,2
1,246627364,127351,0.411607772111893,0.538092136383057,3,10341,0.382469603513103,2
1,246662304,808744,0.623116970062256,0.623950004577637,3,10343,0.499332450910114,2
1,246702344,929449,0.541154384613037,0.459098160266876,3,10345,0.575851308239816,2
1,246875180,810738,0.766327738761902,0.644096314907074,3,10347,0.671719806473644,2
1,246912081,932365,0.52258425951004,0.458395600318909,3,10349,0.55925788197892,2
1,246914451,762763,0.283102929592133,0.420050829648972,3,10351,0.336986514023453,2
1,246922235,802623,0.62553858757019,0.449094206094742,3,10353,0.660140248502989,2
1,246932180,840554,0.349569171667099,0.475303202867508,3,10355,0.367732817239759,2
1,246933526,114233,0.332106411457062,0.431087672710419,3,10357,0.385195903850576,2
1,247035813,582242,0.266360223293304,0.422804772853851,3,10359,0.31499197785236,2
1,247042000,137513,0.510281383991242,0.401927411556244,3,10361,0.590585971108411,2
1,247044430,743404,0.566423773765564,0.45988604426384,3,10363,0.598625233036717,2
1,247047666,777582,0.765321314334869,0.571289956569672,3,10365,0.726296725185925,2
1,247066766,608852,0.575650095939636,0.502330541610718,3,10367,0.573662903251305,2
1,247087855,585345,0.670573830604553,0.546467542648315,3,10369,0.636821837053221,2
1,247110269,149801,0.639819025993347,0.660841047763825,3,10371,0.48409449455235,2
1,247133846,621060,0.29600602388382,0.465963184833527,3,10373,0.317628123335079,2
1,247135233,822030,0.701475560665131,0.669271469116211,3,10375,0.548686594202899,2
