chromosome,position,marker_index,beta_tumor,beta_normal,sequence,within_sequence,beta_corrected,state
1,742429,448316,0.496168196201325,0.448667943477631,1,1,0.543077717105106,3
1,788822,915219,0.440013647079468,0.419535040855408,1,6,0.517639829847988,3
1,1145994,622,0.506039798259735,0.511430263519287,1,11,0.494730009500749,3
1,1495898,426550,0.492800712585449,0.501147329807282,1,16,0.49167249157544,3
1,1773061,617162,0.489682793617249,0.507160544395447,1,21,0.482769015678228,3
1,2059541,236432,0.72496235370636,0.69890683889389,1,26,0.543268194330205,3
1,2261924,814126,0.487288296222687,0.48107635974884,1,31,0.505985405165623,3
1,2359358,616593,0.242782682180405,0.353213161230087,1,36,0.343677287299967,3
1,2739781,756516,0.549806535243988,0.572177886962891,1,41,0.480450702282773,3
1,2823192,876115,0.610254943370819,0.600194811820984,1,46,0.512581291898257,3
1,2899231,153303,0.347610175609589,0.342884212732315,1,51,0.503595989450295,3
1,2921187,714263,0.45598378777504,0.499633520841599,1,56,0.456318250031509,3
1,2939927,275247,0.513607859611511,0.486515522003174,1,61,0.526380873005186,3
1,2946526,188752,0.463098168373108,0.441180646419525,1,66,0.519610560920226,3
1,2990784,342766,0.54185289144516,0.487530052661896,1,71,0.553000999439509,3
1,3034041,231759,0.38093575835228,0.366656064987183,1,76,0.511273253421783,3
1,3070800,883021,0.382560670375824,0.300600469112396,1,81,0.558593262966171,3
1,3136357,434353,0.516030728816986,0.565355062484741,1,86,0.456377560810215,3
1,3202806,712507,0.35294970870018,0.404181629419327,1,91,0.436622650573271,3
1,3215617,616986,0.652945876121521,0.63946145772934,1,96,0.518700384024489,3
1,3227034,144127,0.527838349342346,0.510822415351868,1,101,0.517392389312685,3
1,3245968,704792,0.597803950309753,0.565654337406158,1,106,0.537009248246665,3
1,3275010,882471,0.518032670021057,0.557575285434723,1,111,0.464540559412676,3
1,3304456,198489,0.486927479505539,0.509330153465271,1,116,0.478007708941525,3
1,3329199,496351,0.690280735492706,0.681562542915344,1,121,0.513689018649342,3
1,3395156,77688,0.619665086269379,0.518811881542206,1,126,0.604796025565227,3
1,3483939,706128,0.663177728652954,0.590174078941345,1,131,0.589066657281007,3
1,3529341,823620,0.508121848106384,0.5276158452034,1,136,0.481526334667318,3
1,3655727,198166,0.560218870639801,0.533218383789063,1,141,0.52892196898189,3
1,3686396,372867,0.558651864528656,0.506621956825256,1,146,0.552728235906692,3
1,3723021,575305,0.299947202205658,0.301736384630203,1,151,0.497035189463912,3
1,3752749,833527,0.520933032035828,0.485659301280975,1,156,0.53429023878793,3
1,3760789,165111,0.441457659006119,0.505872905254364,1,161,0.436332579211911,3
1,3922104,340710,0.410638898611069,0.411671131849289,1,166,0.498746289017664,3
1,3931187,86021,0.551931500434876,0.537517309188843,1,171,0.515583492671641,3
1,3940015,416335,0.49015149474144,0.513632357120514,1,176,0.477142345051322,3
1,3988267,394239,0.510495126247406,0.472703784704208,1,181,0.535835020664806,3
1,4020758,774256,0.509828746318817,0.510765790939331,1,186,0.499082706166763,3
1,4033101,285108,0.390893578529358,0.471846669912338,1,191,0.414216739732401,3
1,4071646,496354,0.661496698856354,0.58614194393158,1,196,0.591039371856901,3
1,4106148,281374,0.553885996341705,0.555044412612915,1,201,0.498956465244145,3
1,4173702,760300,0.416319042444229,0.480065047740936,1,206,0.433606908483882,3
1,4184519,342747,0.471657931804657,0.437080293893814,1,211,0.530712761994088,3
1,4259243,798185,0.292724221944809,0.327759027481079,1,216,0.446554018960938,3
1,4268679,435671,0.563681125640869,0.568207800388336,1,221,0.496016708372911,3
1,4277994,465788,0.569984138011932,0.453264713287354,1,226,0.60674217263932,3
1,4290090,467096,0.583258032798767,0.587179839611054,1,231,0.496660472186099,3
1,4307845,256699,0.51035749912262,0.516708254814148,1,236,0.493854602057971,3
1,4314014,388440,0.471171200275421,0.513345241546631,1,241,0.458922341284254,3
1,4323756,650985,0.49455589056015,0.472037583589554,1,246,0.521325672311768,3
1,4354372,599095,0.607377409934998,0.554307639598846,1,251,0.559536324886055,3
1,4364793,213986,0.560643494129181,0.522615551948547,1,256,0.539829473222109,3
1,4381492,117221,0.470091313123703,0.396577417850494,1,261,0.560914106836488,3
1,4396978,703866,0.396600633859634,0.438690453767777,1,266,0.452027882591648,3
1,4407623,492053,0.516712248325348,0.592220962047577,1,271,0.436249543193168,3
1,4428963,704266,0.385885268449783,0.419744491577148,1,276,0.459666864239073,3
1,4444653,312120,0.346259593963623,0.4042729139328,1,281,0.428249806047085,3
1,4451539,424194,0.48845648765564,0.639824450016022,1,286,0.381711333197261,3
1,4461905,646,0.440617293119431,0.497642040252686,1,291,0.442705054516395,3
1,4469407,736091,0.462177097797394,0.509250640869141,1,296,0.453781557357094,3
1,4503184,751514,0.415771663188934,0.442557245492935,1,301,0.469737720287275,3
1,4514372,317506,0.485859632492065,0.487147718667984,1,306,0.498677930608563,3
1,4546239,359681,0.601789891719818,0.544451117515564,1,311,0.562933722821956,3
1,4562392,415445,0.552273392677307,0.566805720329285,1,316,0.487180503715157,3
1,4573886,496367,0.584865272045136,0.564730763435364,1,321,0.523128798130421,3
1,4587734,641176,0.772340178489685,0.678852796554565,1,326,0.645552227969197,3
1,4597160,62366,0.532099068164825,0.489254623651505,1,331,0.541943056655384,3
1,4622291,704808,0.533378601074219,0.538877248764038,1,336,0.494898051734016,3
1,4630143,608597,0.473165988922119,0.480617374181747,1,341,0.492248110805072,3
1,4646496,884113,0.452624589204788,0.495496660470963,1,346,0.456738284345423,3
1,4674298,726042,0.512508094310761,0.546348869800568,1,351,0.469030067269875,3
1,4764845,906083,0.598242104053497,0.443272143602371,1,356,0.639179276436675,3
1,4782516,626662,0.587264537811279,0.686981558799744,1,361,0.427423800747516,3
1,4883658,242568,0.461172670125961,0.496059060096741,1,366,0.4648364551955,3
1,4896135,682479,0.494726270437241,0.5289306640625,1,371,0.467666467507717,3
1,4923290,796451,0.351251423358917,0.346401304006577,1,376,0.503710319024557,3
1,4939240,774905,0.427275598049164,0.39271491765976,1,381,0.528455071097927,3
1,4961379,293705,0.417925447225571,0.524413824081421,1,386,0.398469136428298,3
1,4994563,761355,0.311118543148041,0.324695318937302,1,391,0.479093052782996,3
1,5022470,713909,0.648349225521088,0.620663523674011,1,396,0.536492274767803,3
1,5041500,120876,0.442392736673355,0.421873778104782,1,401,0.517746088822358,3
1,5060591,303461,0.543187141418457,0.586320281028748,1,406,0.463217083728871,3
1,5092609,360923,0.551507711410523,0.516049563884735,1,411,0.536634069193547,3
1,5098649,307446,0.403317719697952,0.413558393716812,1,416,0.487618829439269,3
1,5114383,871294,0.369171321392059,0.44240790605545,1,421,0.417229570650788,3
1,5129269,818574,0.557713687419891,0.575513362884522,1,426,0.484535827825599,3
1,5150357,595327,0.424259871244431,0.423198699951172,1,431,0.50091987595483,3
1,5178495,609455,0.5116006731987,0.53033059835434,1,436,0.48234127427895,3
1,5203306,244603,0.56148773431778,0.565758764743805,1,441,0.496225396147456,3
1,5218042,749528,0.417227417230606,0.404508024454117,1,446,0.510679734823319,3
1,5226194,62373,0.537214636802673,0.548989057540894,1,451,0.489276270103669,3
1,5236958,685144,0.393789261579514,0.484657227993012,1,456,0.406255430472185,3
1,5257031,159146,0.446642696857452,0.418679356575012,1,461,0.524051563107829,3
1,5268629,342568,0.449611485004425,0.480304479598999,1,466,0.4680483985698,3
1,5273913,823726,0.470271587371826,0.458781540393829,1,471,0.510614980673754,3
1,5302730,723987,0.560620903968811,0.522967398166657,1,476,0.53946638621495,3
1,5389802,670441,0.446895062923431,0.501583456993103,1,481,0.445484252613196,3
1,5398250,877697,0.399693340063095,0.436917424201965,1,486,0.457401465269026,3
1,5478006,687489,0.640884459018707,0.697769641876221,1,491,0.459237849109804,3
1,5517324,671,0.558985948562622,0.533714354038239,1,496,0.527098833883529,3
1,5535543,496382,0.441039800643921,0.409129023551941,1,501,0.527003168512191,3
1,5564506,391823,0.503680646419525,0.482859909534454,1,506,0.520130654409647,3
1,5568589,314398,0.40854087471962,0.394640326499939,1,511,0.511481230769231,3
1,5581348,787669,0.434200763702393,0.445153772830963,1,516,0.48769749938441,3
1,5612723,600087,0.365407735109329,0.33922490477562,1,521,0.519812210329158,3
1,5629811,677,0.459513455629349,0.461846143007278,1,526,0.49747460554424,3
1,5672600,559309,0.437571913003922,0.523126602172852,1,531,0.418227548729532,3
1,5687940,605727,0.387899607419968,0.388418287038803,1,536,0.49933231822993,3
1,5705308,372566,0.381882876157761,0.415091842412949,1,541,0.459998049995222,3
1,5726207,712476,0.395722448825836,0.497482120990753,1,546,0.39772529718027,3
1,5819594,665166,0.605657517910004,0.613049685955048,1,551,0.493970987821707,3
1,5825014,806784,0.449041813611984,0.449958026409149,1,556,0.498981890817154,3
1,5828924,782727,0.457170754671097,0.44880884885788,1,561,0.507585304840154,3
1,5846375,264145,0.54673582315445,0.560233116149902,1,566,0.487953860092911,3
1,5866725,324779,0.432880014181137,0.478036761283875,1,571,0.452768541292244,3
1,5888706,210968,0.55764901638031,0.614603400230408,1,576,0.453665742958186,3
1,5956787,443005,0.51144403219223,0.520426034927368,1,581,0.491370529016298,3
1,5981909,571997,0.511085569858551,0.520424842834473,1,586,0.491027260607838,3
1,6023694,706491,0.7316535115242,0.699715077877045,1,591,0.553180215345741,3
1,6039758,538564,0.479466259479523,0.411610543727875,1,596,0.557662246517437,3
1,6076112,657610,0.414967060089111,0.556371331214905,1,601,0.372922755727708,3
1,6134551,157912,0.545615434646606,0.512980341911316,1,606,0.533504902926678,3
1,6201001,750886,0.35593792796135,0.365126669406891,1,611,0.487417049731717,3
1,6475086,743766,0.919687628746033,0.500022113323212,1,616,0.919684076642088,1
1,6508126,620260,0.45325031876564,0.56045126914978,1,621,0.404361934493639,2
1,6568454,894753,0.757095754146576,0.665016114711762,1,626,0.637438908972568,2
1,6664868,685,0.26972046494484,0.472185164690018,1,631,0.28560878773257,2
1,6707179,621931,0.631472289562225,0.520961821079254,1,636,0.615346201352831,2
1,6844165,305290,0.533350169658661,0.493424445390701,1,641,0.539407472295769,2
1,6914512,62377,0.354112714529038,0.443612277507782,1,646,0.399124114100771,2
1,6963762,445819,0.634941101074219,0.514910340309143,1,651,0.623720180761604,2
1,6995313,766564,0.57956600189209,0.472752094268799,1,656,0.601293818773124,2
1,7011442,145453,0.703301012516022,0.521665513515472,1,661,0.689862433226864,2
1,7030673,771629,0.45795950293541,0.424920856952667,1,666,0.528725303623142,2
1,7067480,268334,0.279041081666946,0.363964319229126,1,671,0.383335765244727,2
1,7078669,287625,0.693056285381317,0.694927632808685,1,676,0.498653566688804,2
1,7158215,693666,0.475337594747543,0.315429151058197,1,681,0.616794663354808,2
1,7238618,721136,0.292582750320435,0.491249650716782,1,686,0.297794359643338,2
1,7242634,491415,0.493696063756943,0.613735318183899,1,691,0.402206007320742,2
1,7271700,727892,0.475148797035217,0.585180938243866,1,696,0.405984513491796,2
1,7315181,359036,0.448537081480026,0.542738080024719,1,701,0.413216888576897,2
1,7325089,302611,0.431547820568085,0.568419575691223,1,706,0.379603235904836,2
1,7334675,239336,0.379459500312805,0.524981319904327,1,711,0.361402859421701,2
1,7342267,268358,0.693893671035767,0.540021538734436,1,716,0.667260149396967,2
1,7348004,491356,0.247353747487068,0.375147312879562,1,721,0.329675488794556,2
1,7370843,213045,0.629468202590942,0.519194185733795,1,726,0.614676251394178,2
1,7390948,739223,0.430566757917404,0.484406620264053,1,731,0.444426995736247,2
1,7414707,167577,0.619970798492432,0.491127640008926,1,736,0.626596734872538,2
1,7448958,538565,0.486286401748657,0.676464796066284,1,741,0.359432157132541,2
1,7459330,872063,0.715566515922546,0.659415602684021,1,746,0.582433184962421,2
1,7468787,863806,0.365505993366241,0.475963592529297,1,751,0.383964234978481,2
1,7477569,807634,0.507958590984345,0.561359763145447,1,756,0.452435874757142,2
1,7572302,584987,0.365431249141693,0.475319117307663,1,761,0.384406218722692,2
1,7605381,564759,0.618951320648193,0.523481070995331,1,766,0.600174666568101,2
1,7619766,811930,0.331887245178223,0.388207614421845,1,771,0.427461019372972,2
1,7660767,914594,0.386395573616028,0.35864731669426,1,776,0.521632603748334,2
1,7734985,203492,0.351684898138046,0.466506719589233,1,781,0.376934439923728,2
1,7756072,728371,0.612033367156982,0.487474620342255,1,786,0.621514711035291,2
1,7809011,838150,0.273174613714218,0.366676330566406,1,791,0.372501019212563,2
1,7846173,780784,0.310264945030212,0.495229482650757,1,796,0.313253709542386,2
1,7854175,695,0.57805734872818,0.511587262153626,1,801,0.56804704446044,2
1,7930303,193161,0.659191310405731,0.477026283740997,1,806,0.674162697857761,2
1,7989501,278686,0.325958609580994,0.433836400508881,1,811,0.375669963606847,2
1,8052094,609193,0.640559673309326,0.44560843706131,1,816,0.675824497774307,2
1,8088562,105531,0.322664767503738,0.458686202764511,1,821,0.351727134541034,2
1,8115213,550538,0.392986804246902,0.372990161180496,1,826,0.515946036113289,2
1,8195061,587800,0.651885151863098,0.689016938209534,1,831,0.473054518483301,2
1,8325598,556610,0.645311117172241,0.511983692646027,1,836,0.636601402982942,2
1,8689898,185664,0.34326758980751,0.450698256492615,1,841,0.380817525764197,2
1,8821394,759174,0.635786533355713,0.491921544075012,1,846,0.641577533551177,2
1,8905493,320712,0.719445884227753,0.556377708911896,1,851,0.68379168336637,2
1,8913703,768750,0.253377616405487,0.500464975833893,1,856,0.253142206388469,2
1,8962291,769397,0.39912685751915,0.554014384746552,1,861,0.360213442564078,2
1,9001741,761713,0.458352029323578,0.321004867553711,1,866,0.601140019424758,2
1,9041010,642364,0.221743911504745,0.381216824054718,1,871,0.290836995526878,2
1,9141308,119687,0.682393789291382,0.498920977115631,1,876,0.683077722072282,2
1,9173443,157666,0.436713993549347,0.481090039014816,1,881,0.453879687930825,2
1,9197033,320491,0.290970474481583,0.524113357067108,1,886,0.277583532797015,2
1,9214669,700372,0.5463827252388,0.57928329706192,1,891,0.471602347253935,2
1,9238434,254739,0.650508284568787,0.503307819366455,1,896,0.648180775681402,2
1,9267002,277726,0.582626640796661,0.551134169101715,1,901,0.53508005012536,2
1,9290796,700326,0.719074368476868,0.674949169158936,1,906,0.56787430631043,2
1,9309898,201912,0.623178482055664,0.468437790870667,1,911,0.645552758009691,2
1,9327604,798943,0.568194150924683,0.486529678106308,1,916,0.579522096347452,2
1,9345022,616235,0.637580692768097,0.465737342834473,1,921,0.660822909507957,2
1,9355498,756781,0.522661983966827,0.684416115283966,1,926,0.381830564984559,2
1,9428862,130558,0.472509235143662,0.354339808225632,1,931,0.591510541011738,2
1,9481650,271186,0.54465925693512,0.438168823719025,1,936,0.594770847286373,2
1,9599589,95431,0.696771562099457,0.583050906658173,1,941,0.636372350074944,2
1,9636087,207789,0.353166431188583,0.47827285528183,1,946,0.369210197995111,2
1,9824715,365070,0.335492253303528,0.462367236614227,1,951,0.362798471362541,2
1,10158626,94110,0.63172572851181,0.47672426700592,1,956,0.648106869602955,2
1,10430723,899320,0.533929705619812,0.383106768131256,1,961,0.62224395543429,2
1,10467575,693656,0.563689410686493,0.479045569896698,1,966,0.581239198573482,2
1,10486268,462290,0.452385157346726,0.490079164505005,1,971,0.461542940520282,2
1,10512423,651343,0.389715850353241,0.451849818229675,1,976,0.431244890039049,2
1,10530985,243374,0.580229222774506,0.490558415651321,1,981,0.588008919842918,2
1,10566416,77634,0.521822690963745,0.427639722824097,1,986,0.582275947419306,2
1,10746373,271729,0.424966931343079,0.46163871884346,1,991,0.460280858165174,2
1,10840027,891403,0.584924399852753,0.660159349441528,1,996,0.44301758382092,2
1,10922863,484597,0.238660365343094,0.378042727708817,1,1001,0.315652633750595,2
1,10982662,80786,0.463519990444183,0.458656549453735,1,1006,0.504492010557753,2
1,11127645,186654,0.659325838088989,0.554399847984314,1,1011,0.617735586074241,2
1,11171719,496419,0.607958614826202,0.470600843429565,1,1016,0.62972987366137,2
1,11211748,722,0.642481923103333,0.464918941259384,1,1021,0.665921572949962,2
1,11224652,352553,0.334485620260239,0.439229756593704,1,1026,0.380763843112802,2
1,11286722,134613,0.377985864877701,0.31233337521553,1,1031,0.547735695826991,2
1,11325336,743562,0.585049092769623,0.517830669879913,1,1036,0.56970416686703,2
1,11338839,858882,0.486972361803055,0.502565979957581,1,1041,0.484485999076338,2
1,11366771,171134,0.275799095630646,0.45878940820694,1,1046,0.300572649125157,2
1,11398450,773861,0.329051822423935,0.461132347583771,1,1051,0.356786749127547,2
1,11403407,672614,0.376182496547699,0.464569568634033,1,1056,0.404872081541827,2
1,11416455,216046,0.494471669197083,0.545776069164276,1,1061,0.452998672105802,2
1,11439108,496422,0.539584279060364,0.499509036540985,1,1066,0.540035930161864,2
1,11455112,229902,0.423151731491089,0.558970212936401,1,1071,0.378510090249867,2
1,11477182,622498,0.48990273475647,0.401156216859818,1,1076,0.574098220934422,2
1,11530519,608667,0.622728586196899,0.580665111541748,1,1081,0.550154990453816,2
1,11587785,242395,0.29847577214241,0.462745875120163,1,1086,0.32250505967763,2
1,11604155,707079,0.558051884174347,0.462927579879761,1,1091,0.58855817272584,2
1,11624742,397673,0.542698085308075,0.460675179958344,1,1096,0.576042212690486,2
1,11732432,886247,0.241137146949768,0.360012799501419,1,1101,0.334900796976827,2
1,11759886,443770,0.209667012095451,0.337790220975876,1,1106,0.310350920594627,2
1,11785365,299366,0.301191627979279,0.397219717502594,1,1111,0.379124719529201,2
1,11806318,336760,0.607728123664856,0.470287203788757,1,1116,0.62973154590482,2
1,11815237,242977,0.61587655544281,0.506700575351715,1,1121,0.610658937184993,2
1,11849643,769565,0.464798241853714,0.482281804084778,1,1126,0.481874122055836,2
1,11931611,883640,0.437496095895767,0.541175484657288,1,1131,0.40420908586872,2
1,11968650,468470,0.631691932678223,0.566914081573486,1,1136,0.574786374191162,2
1,12005468,128257,0.628823041915894,0.597309768199921,1,1141,0.539128430773084,2
1,12086724,593443,0.663650751113892,0.489484697580338,1,1146,0.670578680705621,2
1,12111069,617062,0.384417861700058,0.513741314411163,1,1151,0.374135631023434,2
1,12140439,308442,0.580470502376556,0.466679900884628,1,1156,0.606681336106285,2
1,12171618,626948,0.408173054456711,0.424674212932587,1,1161,0.480571979680698,2
1,12192534,753126,0.465048283338547,0.6174196600914,1,1166,0.376606312851864,2
1,12538475,78966,0.606227159500122,0.485924363136292,1,1171,0.617008848248264,2
1,12556772,195203,0.740498542785645,0.659048497676849,1,1176,0.619445206361927,2
1,12595123,736074,0.569173097610474,0.641487538814545,1,1181,0.443635350004065,2
1,12758455,880575,0.387273997068405,0.346020698547363,1,1186,0.531540217274009,2
1,13792754,475172,0.430552065372467,0.364789307117462,2,1191,0.551764523953917,2
1,13829992,323098,0.553454220294952,0.448433548212051,2,1196,0.595202193446019,2
1,14020997,757430,0.652347385883331,0.674053251743317,2,1201,0.483898997739535,2
1,14086935,386819,0.523782908916473,0.37440025806427,2,1206,0.61939155408695,2
1,14097586,899408,0.754560887813568,0.595792233943939,2,1211,0.696394858291279,2
1,14127127,496440,0.438726782798767,0.531423509120941,2,1216,0.41278450733624,2
1,14146819,816099,0.584150791168213,0.476338863372803,2,1221,0.602940547096741,2
1,14168049,604435,0.491119205951691,0.553190112113953,2,1226,0.443897310523985,2
1,14174021,873493,0.610059022903442,0.502563238143921,2,1231,0.608049698979247,2
1,14187140,574461,0.265753000974655,0.378123193979263,2,1236,0.351410605334659,2
1,14212815,291838,0.273482739925385,0.440302193164825,2,1241,0.310562545645789,2
1,14220838,496444,0.4729423224926,0.579408586025238,2,1246,0.408125055357739,2
1,14241174,92110,0.642925918102264,0.45026633143425,2,1251,0.675229931951104,2
1,14250553,564406,0.378675311803818,0.49823123216629,2,1256,0.380019644851801,2
1,14273937,735460,0.571881592273712,0.381017208099365,2,1261,0.654175840323673,2
1,14301837,697085,0.37085434794426,0.451568186283112,2,1266,0.410629401283544,2
1,14335654,618606,0.620015561580658,0.505637407302856,2,1271,0.615682452482678,2
1,14347302,560351,0.428901344537735,0.507208287715912,2,1276,0.422805930941297,2
1,14385573,763828,0.426060110330582,0.506954967975617,2,1281,0.420214947327505,2
1,14412369,602713,0.715458154678345,0.645044088363648,2,1286,0.599187059584509,2
1,14496521,143410,0.487443298101425,0.431492984294891,2,1291,0.549208112002927,2
1,14534868,753679,0.317302793264389,0.465669333934784,2,1296,0.340695392783613,2
1,14574277,840949,0.699047267436981,0.673972904682159,2,1301,0.538454415468716,2
1,14724957,326165,0.384316921234131,0.492002993822098,2,1306,0.390563600282781,2
1,14748619,191321,0.513316035270691,0.407719045877457,2,1311,0.589144339910166,2
1,14758687,876536,0.323400527238846,0.489031553268433,2,1316,0.330654049904761,2
1,14787734,113237,0.355072319507599,0.508665144443512,2,1321,0.349023639015067,2
1,14802525,644178,0.47286194562912,0.580303192138672,2,1326,0.407426628041125,2
1,14816778,229732,0.60276198387146,0.462311148643494,2,1331,0.630606051133133,2
1,14833670,807081,0.352331429719925,0.414812952280045,2,1336,0.424687112327754,2
1,14853587,303563,0.587338984012604,0.450608164072037,2,1341,0.624438343454466,2
1,14903902,305761,0.478658497333527,0.57389509677887,2,1346,0.417026125523739,2
1,14911998,784966,0.54651814699173,0.471306532621384,2,1351,0.571129698975914,2
1,14928683,496459,0.53094619512558,0.473199546337128,2,1356,0.554808844968656,2
1,14948354,132079,0.275101125240326,0.419789493083954,2,1361,0.327665567829384,2
1,14957733,671182,0.477385461330414,0.566648244857788,2,1366,0.421236159877477,2
1,14993113,725256,0.592633664608002,0.55574381351471,2,1371,0.541518668974702,2
1,15021758,496466,0.442764967679977,0.5199413895607,2,1376,0.425783536923336,2
1,15061675,219379,0.658622205257416,0.474333256483078,2,1381,0.675290667563798,2
1,15065503,249849,0.239073023200035,0.39814630150795,2,1386,0.30023263093813,2
1,15080539,408489,0.702989935874939,0.593393206596375,2,1391,0.634769919067451,2
1,15113504,612849,0.654181063175201,0.501603603363037,2,1396,0.65306838175568,2
1,15129490,891897,0.642126142978668,0.511362314224243,2,1401,0.633804485983132,2
1,15146539,328199,0.619377553462982,0.518437564373016,2,1406,0.604804674972773,2
1,15169836,164617,0.407401829957962,0.565792202949524,2,1411,0.36002778744046,2
1,15178638,129599,0.611367404460907,0.503766477108002,2,1416,0.608417632414088,2
1,15190986,438041,0.6167853474617,0.473358362913132,2,1421,0.636171330225558,2
1,15204190,344222,0.340663284063339,0.473767995834351,2,1426,0.359525429174884,2
1,15213454,428780,0.611428558826447,0.504279851913452,2,1431,0.608073786517032,2
1,15230092,346509,0.544977784156799,0.477205365896225,2,1436,0.56481743866476,2
1,15300945,851219,0.302875638008118,0.324600607156754,2,1441,0.466535846406867,2
1,15321347,583133,0.557035148143768,0.683994889259338,2,1446,0.407192478255906,2
1,15366497,394971,0.676121771335602,0.591540217399597,2,1451,0.603537187183433,2
1,15384765,410592,0.549271523952484,0.606024026870728,2,1456,0.45317635902054,2
1,15388886,328161,0.672616183757782,0.621299207210541,2,1461,0.567753986160482,2
1,15399910,858893,0.368662595748901,0.476978480815888,2,1466,0.386456214039564,2
1,15414684,864010,0.501191020011902,0.590737819671631,2,1471,0.424207663130909,2
1,15426351,579413,0.436799943447113,0.354337990283966,2,1476,0.563858452194992,2
1,15465724,689510,0.609091699123383,0.559084713459015,2,1481,0.556708155955168,2
1,15536018,270784,0.470910936594009,0.566161274909973,2,1486,0.41588056041884,2
1,15555069,80271,0.592322051525116,0.464179366827011,2,1491,0.61957610137116,2
1,15598703,789,0.644104361534119,0.461414784193039,2,1496,0.669601366672641,2
1,15656358,723160,0.604921579360962,0.546341180801392,2,1501,0.564564377545942,2
1,15686773,332176,0.567997992038727,0.462785243988037,2,1506,0.597924290866227,2
1,15704370,62397,0.337224721908569,0.390061438083649,2,1511,0.432271289832362,2
1,15715831,316865,0.329638510942459,0.465809792280197,2,1516,0.353833814150662,2
1,15733390,401711,0.232225194573402,0.395256280899048,2,1521,0.293765343899386,2
1,15782482,253423,0.597072780132294,0.574115335941315,2,1526,0.526952654237645,2
1,15987920,328238,0.523139417171478,0.675662934780121,2,1531,0.387130468642417,2
1,16038248,251053,0.669788360595703,0.567575037479401,2,1536,0.618186196421805,2
1,16147834,215526,0.548687279224396,0.460142433643341,2,1541,0.582007598947458,2
1,16193597,571416,0.400275349617004,0.550545632839203,2,1546,0.363526041931126,2
1,16240990,609881,0.411126613616943,0.542560756206513,2,1551,0.378876106421212,2
1,16379971,538585,0.561677932739258,0.495754450559616,2,1556,0.565368432356819,2
1,16604097,597388,0.395110368728638,0.346018582582474,2,1561,0.537533013048001,2
1,16650399,819579,0.645358145236969,0.674684345722199,2,1566,0.478266725268512,2
1,16681281,150808,0.446998596191406,0.524641454219818,2,1571,0.42600388569764,2
1,16921460,868232,0.644295394420624,0.572928011417389,2,1576,0.583554277629039,2
1,17180745,135537,0.602326571941376,0.46873152256012,2,1581,0.625732143967053,2
1,17232263,166135,0.328521102666855,0.341138929128647,2,1586,0.481506322813962,2
1,17258691,681199,0.396189838647842,0.476116001605988,2,1591,0.416064401649445,2
1,17269290,448675,0.643439471721649,0.507783830165863,2,1596,0.637800878830838,2
1,17344158,741594,0.379132032394409,0.366753071546555,2,1601,0.50977419730885,2
1,17432263,673193,0.362631022930145,0.468503504991531,2,1606,0.387009935962699,2
1,17454675,565986,0.665963590145111,0.438329219818115,2,1611,0.702640388603873,2
1,17465903,709147,0.566697597503662,0.447430819272995,2,1616,0.607920222834135,2
1,17483875,815,0.443597078323364,0.596588432788849,2,1621,0.371778142135356,2
1,17503940,893104,0.367913275957108,0.483805567026138,2,1626,0.380228444061321,2
1,17507998,838899,0.627525568008423,0.491229861974716,2,1631,0.633946251801175,2
1,17539095,287430,0.644390344619751,0.533488690853119,2,1636,0.618862770947011,2
1,17588981,62401,0.494960367679596,0.582531094551086,2,1641,0.424836006446167,2
1,17622091,700357,0.473085641860962,0.612085700035095,2,1646,0.386453761159456,2
1,17705732,336298,0.370434284210205,0.377806633710861,2,1651,0.490243223857342,2
1,17791187,778526,0.321630954742432,0.446208447217941,2,1656,0.360404376864405,2
1,17929104,404839,0.285698026418686,0.310814917087555,2,1661,0.459595100994149,2
1,17946092,395143,0.319299548864365,0.406471192836761,2,1666,0.392770206710067,2
1,17963516,82374,0.570308327674866,0.44561380147934,2,1671,0.612461787945177,2
1,18016261,821,0.695394217967987,0.528748869895935,2,1676,0.676811616383023,2
1,18030743,912370,0.591328382492065,0.546679854393005,2,1681,0.549246132707466,2
1,18077419,223935,0.423377215862274,0.372963130474091,2,1686,0.540200256028247,2
1,18146429,595545,0.314149856567383,0.338706403970718,2,1691,0.46374950825338,2
1,18170275,213084,0.313955307006836,0.527496933937073,2,1696,0.297589698449592,2
1,18197145,372547,0.633074939250946,0.345274239778519,2,1701,0.719787212416287,2
1,18212335,385534,0.409271240234375,0.493469685316086,2,1706,0.414687317592996,2
1,18234646,119669,0.446053862571716,0.540566980838776,2,1711,0.412579641730607,2
1,18268300,834,0.404050350189209,0.457475423812866,2,1716,0.441608804710883,2
1,18311517,633438,0.611002147197723,0.513719618320465,2,1721,0.600027198857231,2
1,18320440,781308,0.329043447971344,0.460290938615799,2,1726,0.357429856169723,2
1,18339871,671091,0.580603778362274,0.479423522949219,2,1731,0.597180971359166,2
1,18352310,629450,0.389268517494202,0.403999119997025,2,1736,0.4817690165972,2
1,18399587,666463,0.601452350616455,0.567318439483643,2,1741,0.539444610364349,2
1,18450835,266544,0.326221823692322,0.508158206939697,2,1746,0.320984507617166,2
1,18466954,538590,0.453431129455566,0.383374124765396,2,1751,0.55680673444292,2
1,18494992,598110,0.43090894818306,0.573946118354797,2,1756,0.375391464810538,2
1,18505388,649062,0.637759327888489,0.545792162418366,2,1761,0.601239078083493,2
1,18517818,755452,0.340515673160553,0.331916809082031,2,1766,0.506435474051298,2
1,18530037,595937,0.53539502620697,0.531045198440552,2,1771,0.504637789987387,2
1,18590892,786647,0.635760426521301,0.524142742156982,2,1776,0.617280636708436,2
1,18766295,287840,0.491107016801834,0.560245215892792,2,1781,0.438296484173648,2
1,18786421,139693,0.298982977867126,0.451859444379807,2,1786,0.330836260684439,2
1,18836608,753486,0.466825872659683,0.575640976428986,2,1791,0.405483532075547,2
1,18876180,775038,0.401115566492081,0.330680698156357,2,1796,0.55261679152365,2
1,18904481,496500,0.528331518173218,0.684067726135254,2,1801,0.386169013672161,2
1,18922202,102004,0.372094660997391,0.318348318338394,2,1806,0.53942361187167,2
1,18992497,442689,0.566670417785645,0.472151517868042,2,1811,0.58953222668733,2
1,19026556,242810,0.492674350738525,0.60370135307312,2,1816,0.408044762721323,2
1,19042665,575232,0.283454686403275,0.359568178653717,2,1821,0.394159860675903,2
1,19121703,710930,0.563242375850678,0.519647300243378,2,1826,0.545378193595443,2
1,19273992,597194,0.411912620067596,0.48973736166954,2,1831,0.420544410440082,2
1,19287891,243458,0.359035432338715,0.488061636686325,2,1836,0.367817715377479,2
1,19337360,897569,0.535567700862885,0.499560028314591,2,1841,0.535976015691778,2
1,19365294,336878,0.641497731208801,0.572089016437531,2,1846,0.581101814907186,2
1,19508628,135795,0.60981160402298,0.574417650699616,2,1851,0.541582966706148,2
1,19553119,883502,0.477892816066742,0.484445571899414,2,1856,0.493236850316352,2
1,19565715,165954,0.410904765129089,0.464955717325211,2,1861,0.441875161244317,2
1,19594135,778832,0.615751028060913,0.519113779067993,2,1866,0.600478288612249,2
1,19599732,445355,0.350647866725922,0.41114816069603,2,1871,0.426425191994429,2
1,19606548,795078,0.616516530513763,0.472274273633957,2,1876,0.63666403746608,2
1,19619186,229894,0.299335837364197,0.501729786396027,2,1881,0.298303833537924,2
1,19637591,317981,0.509495377540588,0.468045651912689,2,1886,0.538959852266398,2
1,19648079,707536,0.543296277523041,0.573296368122101,2,1891,0.473835443352512,2
1,19664543,852,0.371399730443954,0.442149996757507,2,1896,0.419992913228093,2
1,19678584,353540,0.581175863742828,0.477861553430557,2,1901,0.598933827791333,2
1,19681972,655030,0.362673878669739,0.406507432460785,2,1906,0.446085175459523,2
1,19716163,265249,0.374227583408356,0.501816034317017,2,1911,0.372873282056131,2
1,19748612,91332,0.323793679475784,0.394536286592484,2,1916,0.410347147371809,2
1,19802839,189718,0.541280746459961,0.579627573490143,2,1921,0.466921150076348,2
1,19868078,341507,0.591921865940094,0.54497641324997,2,1926,0.55158573539608,2
1,19887887,307271,0.316955387592316,0.405953377485275,2,1931,0.390383976548899,2
1,19890887,803064,0.353289902210236,0.507098376750946,2,1936,0.348344540633137,2
1,19938720,259450,0.360854715108871,0.522237360477448,2,1941,0.345489180225411,2
1,19964549,872224,0.379272490739822,0.467966616153717,2,1946,0.405234559098591,2
1,19982426,496510,0.572565376758575,0.518389105796814,2,1951,0.556244856183533,3
1,20012976,807255,0.499727785587311,0.504064440727234,2,1956,0.495698312765659,3
1,20031964,754981,0.675649166107178,0.683196663856506,2,1961,0.49447633591569,3
1,20056000,831321,0.657559931278229,0.693782150745392,2,1966,0.47389510566952,3
1,20156530,757460,0.555786490440369,0.542044818401337,2,1971,0.51500329354399,3
1,20167609,281739,0.531788349151611,0.530237317085266,2,1976,0.501650867685702,3
1,20242374,567494,0.609544396400452,0.555332660675049,2,1981,0.560957631617044,3
1,20272230,292040,0.489325225353241,0.5051309466362,2,1986,0.484354827804341,3
1,20283919,571772,0.620000779628754,0.642250776290894,2,1991,0.482678108393549,3
1,20367328,810671,0.385342389345169,0.337556689977646,2,1996,0.536067765078578,3
1,20445274,255884,0.545332729816437,0.501012742519379,2,2001,0.544409938964002,3
1,20465462,868,0.496705681085587,0.512856841087341,2,2006,0.484253734465634,3
1,20485650,870,0.641536831855774,0.666790366172791,2,2011,0.481063362941215,3
1,20500703,442670,0.421582520008087,0.392850250005722,2,2016,0.523661600785174,3
1,20524488,194453,0.342313826084137,0.395650625228882,2,2021,0.43259608889296,3
1,20559872,302569,0.516453504562378,0.513934016227722,2,2026,0.502591714313253,3
1,20618072,476169,0.433742254972458,0.429207295179367,2,2031,0.503972510295586,3
1,20662232,726671,0.361976802349091,0.317650437355042,2,2036,0.532480686894727,3
1,20904628,711360,0.382558047771454,0.364293992519379,2,2041,0.51436517433936,3
1,20914142,223424,0.567239344120026,0.526475846767426,2,2046,0.543042680161427,3
1,20932943,881,0.497547477483749,0.517465353012085,2,2051,0.480754387310767,3
1,20987420,62409,0.49322584271431,0.518772721290588,2,2056,0.475377581040958,3
1,21029254,884,0.584756016731262,0.607074499130249,2,2061,0.481618003695624,3
1,21072351,462237,0.339867532253265,0.372010558843613,2,2066,0.456798233509469,3
1,21111646,436651,0.415985107421875,0.416451454162598,2,2071,0.499440094714448,3
1,21228428,490679,0.34341162443161,0.341686934232712,2,2076,0.501309931618088,3
1,21282818,62410,0.563801884651184,0.495951741933823,2,2081,0.567305205038972,3
1,21397815,792865,0.602174282073975,0.675190985202789,2,2086,0.445928852184775,3
1,21463341,102395,0.42016476392746,0.418910443782806,2,2091,0.501079282987651,3
1,21512982,245441,0.459173917770386,0.472979992628098,2,2096,0.485405223188196,3
1,21519118,725598,0.456151127815247,0.549443244934082,2,2101,0.415103044783062,3
1,21558032,866114,0.517017722129822,0.605956017971039,2,2106,0.426613241552568,3
1,21692325,715838,0.54433536529541,0.568867921829224,2,2111,0.478437388018885,3
1,21699153,890,0.562636494636536,0.556183993816376,2,2116,0.507269342171371,3
1,21764321,254782,0.546279489994049,0.636581838130951,2,2121,0.429072475267252,3
1,21816407,693028,0.441750824451447,0.488815814256668,2,2126,0.451858155533703,3
1,21831174,618939,0.56246817111969,0.646443963050842,2,2131,0.435047895308021,3
1,21869869,299485,0.545206129550934,0.580875158309937,2,2136,0.469297164589736,3
1,21940846,894,0.500837922096252,0.560670256614685,2,2141,0.446642136075044,3
1,22197292,826885,0.707973837852478,0.653905034065247,2,2146,0.578112670089262,3
1,22386657,715903,0.394432038068771,0.384416073560715,2,2151,0.508135336286306,3
1,22408398,891559,0.604519188404083,0.6627436876297,2,2156,0.456073139350556,3
1,22469187,570284,0.664932072162628,0.597066223621368,2,2161,0.584214643348101,3
1,22501974,313482,0.35646989941597,0.42851784825325,2,2166,0.415933549639803,3
1,22537797,794772,0.536235868930817,0.587275445461273,2,2171,0.456545453309079,3
1,22674659,737268,0.56346982717514,0.544557571411133,2,2176,0.520762509789223,3
1,22709086,904,0.513395845890045,0.525942027568817,2,2181,0.488072657231095,3
1,22849809,623481,0.461679667234421,0.398580431938171,2,2186,0.552458581867894,3
1,22862332,836048,0.519921481609345,0.506387054920197,2,2191,0.513709554038296,3
1,22892131,233591,0.290156930685043,0.317918598651886,2,2196,0.456338402212761,3
1,23024463,760653,0.371111422777176,0.368700116872788,2,2201,0.501909794353552,3
1,23047178,168773,0.501818358898163,0.477356791496277,2,2206,0.52340178443332,3
1,23070500,913407,0.661074817180634,0.695011496543884,2,2211,0.475585526619337,3
1,23097909,437459,0.629087388515472,0.594472467899323,2,2216,0.542678878591597,3
1,23286796,377538,0.667911291122437,0.524413526058197,2,2221,0.650864009940072,2
1,23344352,415837,0.608164489269257,0.546393394470215,2,2226,0.568088839586999,2
1,23411597,396823,0.311409026384354,0.471434056758881,2,2231,0.330278457739453,2
1,23579240,219471,0.446681022644043,0.533706724643707,2,2236,0.41847048389941,2
1,23658790,160237,0.556892395019531,0.465013355016708,2,2241,0.585870405237585,2
1,23798843,872976,0.397286355495453,0.515883445739746,2,2246,0.385054374952629,2
1,23815389,303556,0.613684117794037,0.568716824054718,2,2251,0.552131982242015,2
1,23876013,454444,0.685002744197846,0.665123164653778,2,2256,0.529681926974009,2
1,24111665,931598,0.213623553514481,0.333352416753769,2,2261,0.320416986315527,2
1,24266150,798006,0.734659850597382,0.676640033721924,2,2266,0.589713976568087,2
1,24322792,596598,0.551033437252045,0.422352641820908,2,2271,0.611383522844089,2
1,24343787,486855,0.325895249843597,0.455139011144638,2,2276,0.358017267102634,2
1,24380442,877375,0.598100781440735,0.667474269866943,2,2281,0.448032836951125,2
1,24425422,426433,0.357920706272125,0.491973429918289,2,2286,0.363760199744498,2
1,24444667,369318,0.494228184223175,0.462786853313446,2,2291,0.529263366974221,2
1,24475382,703976,0.801638007164002,0.648400485515595,2,2296,0.717914865259582,2
1,24484929,617589,0.293655008077621,0.372192770242691,2,2301,0.394493165310736,2
1,24503033,446838,0.332763224840164,0.300774067640305,2,2306,0.522874693085184,2
1,24513043,496543,0.543935239315033,0.3342305123806,2,2311,0.657490490953766,2
1,24540010,700346,0.590299904346466,0.499891042709351,2,2316,0.590389164520175,2
1,24562667,730298,0.457357823848724,0.550065279006958,2,2321,0.415730497182444,2
1,24840877,766618,0.315549910068512,0.331009298563004,2,2326,0.476648105413345,2
1,24916468,275546,0.585035920143127,0.42755651473999,2,2331,0.637550176967783,2
1,25059282,395887,0.626023173332214,0.591390490531921,2,2336,0.542378703869836,2
1,25085966,716206,0.498555600643158,0.580590009689331,2,2341,0.429352548547925,2
1,25153630,925,0.613384008407593,0.642085134983063,2,2346,0.477650061485829,2
1,25158738,129911,0.681180238723755,0.481738328933716,2,2351,0.692414296603975,2
1,25169771,394057,0.583374559879303,0.486413896083832,2,2356,0.594395723575981,2
1,25189511,602262,0.641472935676575,0.697534203529358,2,2361,0.459814681796874,2
1,25214337,580973,0.519072890281677,0.532236158847809,2,2366,0.487633996349828,2
1,25239211,330124,0.434106409549713,0.463446766138077,2,2371,0.46834549431334,2
1,25249135,596205,0.573667705059052,0.488864272832871,2,2376,0.58295588404296,2
1,25251982,496548,0.408241003751755,0.525214612483978,2,2381,0.388642084633744,2
1,25268346,252144,0.626944482326508,0.463968634605408,2,2386,0.652020812813003,2
1,25304312,611926,0.672142684459686,0.628344237804413,2,2391,0.558923405891154,2
1,25321997,325311,0.519915878772736,0.372765570878983,2,2396,0.61730088549186,2
1,25336438,424672,0.579936683177948,0.507830321788788,2,2401,0.573253559271703,2
1,25352323,718490,0.704224109649658,0.681999623775482,2,2406,0.534944118837276,2
1,25370379,360266,0.405549973249435,0.467233836650848,2,2411,0.433990372097657,2
1,25589952,931602,0.586700975894928,0.416393041610718,2,2416,0.645909787260119,2
1,26040430,475278,0.385502099990845,0.557357430458069,2,2421,0.345830232920746,2
1,26069650,723261,0.590509831905365,0.483923554420471,2,2426,0.603265977742118,2
1,26111704,764964,0.600990414619446,0.547741532325745,2,2431,0.558869967175556,2
1,26320326,157053,0.327996462583542,0.484257698059082,2,2436,0.338659007278728,2
1,26562246,915311,0.330027282238007,0.306849747896194,2,2441,0.516718982840636,2
1,26602161,373179,0.675648272037506,0.558170437812805,2,2446,0.632944741908111,2
1,26721211,215377,0.40338122844696,0.380569308996201,2,2451,0.518413617360316,2
1,26760179,613792,0.603223562240601,0.432245254516602,2,2456,0.650574089502699,2
1,27233806,952,0.49109548330307,0.623839974403381,2,2461,0.39360693723798,2
1,27562884,739059,0.634585440158844,0.468516439199448,2,2466,0.656231549955424,2
1,28076240,427627,0.598160803318024,0.46825698018074,2,2471,0.62214906288891,2
1,28387879,894287,0.747647047042847,0.662958323955536,2,2476,0.625635387411464,2
1,28436866,281809,0.672692358493805,0.565779149532318,2,2481,0.623109252867907,2
1,28917710,695064,0.592359006404877,0.639971971511841,2,2486,0.462800741886801,2
1,29067488,611942,0.348315507173538,0.450650572776794,2,2491,0.386458520431147,2
1,29452413,450855,0.460133999586105,0.569052278995514,2,2496,0.404298529827813,2
1,29516468,130762,0.635096251964569,0.645217478275299,2,2501,0.49215673268974,2
1,29633881,685000,0.301574558019638,0.317207008600235,2,2506,0.475359228899797,2
1,29648862,771131,0.645711004734039,0.567442953586578,2,2511,0.590471363021856,2
1,29665792,960,0.553253889083862,0.472398310899735,2,2516,0.576625586929046,2
1,29704106,296760,0.423542112112045,0.500679910182953,2,2521,0.422966953035203,2
1,29727327,243321,0.634616613388062,0.541370630264282,2,2526,0.601657230518743,2
1,29743041,321537,0.266056180000305,0.390930116176605,2,2531,0.340286113797527,2
1,29869881,685271,0.330325305461884,0.553455770015717,2,2536,0.298420689924782,2
1,29888407,556844,0.466185182332993,0.546270370483398,2,2541,0.426698213487638,2
1,29907258,488911,0.44730406999588,0.536195397377014,2,2546,0.417109203271814,2
1,29957013,252873,0.637804388999939,0.52747255563736,2,2551,0.616746481795781,2
1,29963772,772067,0.516011655330658,0.400217443704605,2,2556,0.59653015948085,2
1,30050780,496558,0.695261657238007,0.651816725730896,2,2561,0.562388021938028,2
1,30149279,299663,0.371312260627747,0.54272997379303,2,2566,0.342078269634456,2
1,30166677,685493,0.391834586858749,0.496510744094849,2,2571,0.39458822545026,2
1,30177754,663527,0.285854995250702,0.312760531902313,2,2576,0.456987001384153,2
1,30218218,739760,0.620779752731323,0.48797082901001,2,2581,0.629688825603952,2
1,30293478,609894,0.54964005947113,0.353469431400299,2,2586,0.651710249753319,2
1,30314790,327918,0.325595319271088,0.394373506307602,2,2591,0.412800700431853,2
1,30383123,897552,0.578440129756928,0.470399290323257,2,2596,0.602002166405343,2
1,30400206,431223,0.562671422958374,0.461253076791763,2,2601,0.594124292685204,2
1,30411905,368386,0.309084624052048,0.495602071285248,2,2606,0.311827413524016,2
1,30445358,262080,0.406000792980194,0.534925043582916,2,2611,0.379493162500684,2
1,30523266,755614,0.284956812858582,0.392625153064728,2,2616,0.362886598877179,2
1,30562362,116082,0.425741374492645,0.452852159738541,2,2621,0.4700666269743,2
1,30651629,241031,0.504887819290161,0.404507011175156,2,2626,0.58428378671015,2
1,30695758,756972,0.582017123699188,0.606183886528015,2,2631,0.480066475399697,2
1,30716613,882882,0.258185923099518,0.465443104505539,2,2636,0.277354977010348,2
1,30750066,670747,0.480855703353882,0.540185451507568,2,2641,0.445083907768983,2
1,30760307,287087,0.454682439565659,0.462132483720779,2,2646,0.491939493091745,2
1,30788314,975,0.394613772630692,0.454574882984161,2,2651,0.434047048574438,2
1,30807250,255494,0.579684913158417,0.468409776687622,2,2656,0.604662512204825,2
1,30836790,285884,0.424120873212814,0.60564512014389,2,2661,0.35013975932973,2
1,30849581,678060,0.348024129867554,0.495564848184586,2,2666,0.351138837976986,2
1,30863048,311027,0.267327725887299,0.42783784866333,2,2671,0.312417106998008,2
1,30892137,295883,0.379066348075867,0.48536604642868,2,2676,0.390495329107829,2
1,30922236,256202,0.565959572792053,0.466431349515915,2,2681,0.593266558282463,2
1,30983669,791051,0.51500791311264,0.357614576816559,2,2686,0.622506933233396,2
1,31003713,787201,0.385143488645554,0.487020522356033,2,2691,0.395407863699835,2
1,31023851,860764,0.559237957000732,0.641631424427033,2,2696,0.435793771712571,2
1,31086339,892854,0.6031254529953,0.394674628973007,2,2701,0.672180808867003,2
1,31106186,811658,0.430637210607529,0.50248521566391,2,2706,0.428507344279322,2
1,31192474,388960,0.607697188854218,0.437493890523911,2,2711,0.651290177531434,2
1,31267062,913628,0.3475361764431,0.549733400344849,2,2716,0.316095198349864,2
1,31332956,388895,0.390025228261948,0.495373278856278,2,2721,0.393668012495993,2
1,31355931,213592,0.345520913600922,0.39983806014061,2,2726,0.432076067845334,2
1,31482142,335774,0.75203537940979,0.699114143848419,2,2731,0.587942378279672,2
1,31834653,454838,0.664735496044159,0.553140461444855,2,2736,0.624865897413906,2
1,31871628,244561,0.533836781978607,0.459408223628998,2,2741,0.56883989139573,2
1,31912222,273842,0.367438226938248,0.515191197395325,2,2746,0.356603750991789,2
1,31938082,719371,0.3145971596241,0.441347658634186,2,2751,0.356405153023431,2
1,32088138,654810,0.348918437957764,0.425081014633179,2,2756,0.410414045730625,2
1,32706829,804329,0.648034512996674,0.617896497249603,2,2761,0.539436979156348,2
1,32860024,559221,0.282243430614471,0.330325067043304,2,2766,0.427220727056524,2
1,33675097,671196,0.626283526420593,0.635080814361572,2,2771,0.493073883085397,2
1,33732649,102825,0.369072735309601,0.534817337989807,2,2776,0.345045596966637,2
1,33779938,440933,0.61701250076294,0.518048048019409,2,2781,0.602670455360575,2
1,33824859,272591,0.608674645423889,0.684460878372192,2,2786,0.444638009751163,2
1,33845740,431277,0.425208926200867,0.474312365055084,2,2791,0.448237235130361,2
1,33923138,846407,0.558778584003449,0.476291656494141,2,2796,0.578752733780329,2
1,33947938,82056,0.637133598327637,0.555447936058044,2,2801,0.591874123297578,2
1,33998371,118803,0.380773395299912,0.505861401557922,2,2806,0.376361384884504,2
1,34119149,1011,0.680434942245483,0.563117444515228,2,2811,0.634266630994316,2
1,34194865,326182,0.620155155658722,0.552529275417328,2,2816,0.575564586157524,2
1,34211544,690277,0.32103830575943,0.384207934141159,2,2821,0.417792394731598,2
1,34244904,569047,0.380413383245468,0.456640988588333,2,2826,0.416534425021157,2
1,34263082,404321,0.387352049350739,0.453211814165115,2,2831,0.427341076781394,2
1,34274748,663307,0.371071398258209,0.458005160093308,2,2836,0.405095215720509,2
1,34294153,697471,0.74267852306366,0.508927702903748,2,2841,0.738000414136674,2
1,34306003,355379,0.632172703742981,0.499035894870758,2,2846,0.632880587160906,2
1,34392298,351774,0.598719894886017,0.657981693744659,2,2851,0.454966985083296,2
1,34451653,911569,0.460609555244446,0.445079684257507,2,2856,0.513992883794639,2
1,34457938,731612,0.530735552310944,0.466759949922562,2,2861,0.559987619439961,2
1,34488049,84920,0.69083559513092,0.566026210784912,2,2866,0.643798297786309,2
1,34495750,90548,0.355076193809509,0.507978439331055,2,2871,0.349499276265643,2
1,34506764,419820,0.398810774087906,0.613375961780548,2,2876,0.325094883837811,2
1,34514192,441632,0.674030959606171,0.538142561912537,2,2881,0.647110760255744,2
1,34519557,1024,0.298805385828018,0.428273320198059,2,2886,0.348848937974741,2
1,34567175,773160,0.191664487123489,0.347667217254639,2,2891,0.275643600562877,2
1,34590544,833676,0.36763146519661,0.48993045091629,2,2896,0.375187401098511,2
1,34596209,581540,0.299613684415817,0.390954703092575,2,2901,0.383182095068532,2
1,34617423,1033,0.677483916282654,0.686302185058594,2,2906,0.493575520399089,2
1,34686140,496610,0.687988638877869,0.537853837013245,2,2911,0.662432163121656,2
1,34703048,630425,0.605658411979675,0.582306802272797,2,2916,0.527953064395042,2
1,34716350,692650,0.685224056243897,0.503876566886902,2,2921,0.68276448687282,2
1,34736941,192876,0.404471963644028,0.537546694278717,2,2926,0.37622030602081,2
1,34767578,62435,0.29864239692688,0.393966048955917,2,2931,0.379020473614842,2
1,34814874,646721,0.437770783901215,0.451204717159271,2,2936,0.48511326151172,2
1,34837325,102683,0.521242260932922,0.430141717195511,2,2941,0.579932631047382,2
1,34928653,496617,0.675481379032135,0.554091393947601,2,2946,0.636115319862507,2
1,34934043,711900,0.524874091148377,0.575707972049713,2,2951,0.455850984032451,2
1,35040955,838231,0.311880737543106,0.342600047588348,2,2956,0.45516738794772,2
1,35076728,135449,0.404477536678314,0.386154621839523,2,2961,0.514924698866105,2
1,35151521,630970,0.344042479991913,0.455997109413147,2,2966,0.37724195273374,2
1,36350532,757239,0.600349187850952,0.677593469619751,3,2971,0.44300101371096,2
1,36508425,415356,0.594299614429474,0.475560963153839,3,2976,0.613205389886399,2
1,36707715,183028,0.432342052459717,0.546741366386414,3,2981,0.39538077694505,2
1,36773819,752773,0.356262534856796,0.380972623825073,3,2986,0.467569731493853,2
1,37006017,774716,0.55728805065155,0.659548878669739,3,2991,0.42247668722867,2
1,37174588,318599,0.297453165054321,0.575185775756836,3,2996,0.258571384752108,2
1,37194545,388572,0.449521243572235,0.528827250003815,3,3001,0.42501709543995,2
1,37249967,659419,0.627328634262085,0.471785634756088,3,3006,0.647234730575883,2
1,37261967,238887,0.719488859176636,0.606021761894226,3,3011,0.644001731958538,2
1,37298263,332323,0.601834058761597,0.538892686367035,3,3016,0.568250242984285,2
1,37322226,364301,0.345200270414352,0.5502570271492,3,3021,0.313671841868866,2
1,37348184,905367,0.394377619028091,0.5311598777771,3,3026,0.371241913713964,2
1,37368827,439038,0.402414441108704,0.475495100021362,3,3031,0.423153089370032,2
1,37398350,703080,0.546233177185059,0.451093316078186,3,3036,0.58666305575578,2
1,37435730,162516,0.402162075042725,0.482490658760071,3,3041,0.416756332730069,2
1,37491996,420213,0.610458374023438,0.354443848133087,3,3046,0.698289897129762,2
1,37498839,704272,0.570229947566986,0.325499087572098,3,3051,0.681416255697836,2
1,37527134,357691,0.572755694389343,0.465508818626404,3,3056,0.600326141478447,2
1,37545179,860672,0.659904360771179,0.539059519767761,3,3061,0.631085081681839,2
1,37553509,159540,0.487963020801544,0.385053366422653,3,3066,0.583673646427034,2
1,37580444,156984,0.534011125564575,0.440516263246536,3,3071,0.583554584500137,2
1,37637718,396526,0.553046882152557,0.445388078689575,3,3076,0.597057779797276,2
1,37719442,496634,0.543446063995361,0.442085832357407,3,3081,0.590838553236819,2
1,37815824,826279,0.327171564102173,0.476497679948807,3,3086,0.343308664312199,2
1,37899741,255372,0.537765622138977,0.434799730777741,3,3091,0.591087970908898,2
1,37935926,322084,0.626527667045593,0.486658841371536,3,3096,0.636233792404019,2
1,37964924,538627,0.657983779907227,0.465985745191574,3,3101,0.679768641929353,2
1,37979629,763519,0.500047922134399,0.610075652599335,3,3106,0.409824519306628,2
1,37999673,882786,0.316310226917267,0.334204345941544,3,3111,0.473228775685331,2
1,38168534,350886,0.622861862182617,0.491965353488922,3,3116,0.628826360163254,2
1,38242087,855305,0.628026068210602,0.685607194900513,3,3121,0.458007203601279,2
1,38356416,723581,0.364661544561386,0.55786120891571,3,3126,0.326838950919497,2
1,38496131,815130,0.324896663427353,0.377551823854446,3,3131,0.430267638638937,2
1,38512081,238280,0.670823693275452,0.663387537002564,3,3136,0.511045574793446,2
1,38536976,249956,0.412851452827454,0.52425217628479,3,3141,0.393752731512916,2
1,38653302,101315,0.472060441970825,0.358512789011002,3,3146,0.588503442480766,2
1,38673230,405622,0.430282235145569,0.595420479774475,3,3151,0.361326364948469,2
1,38677713,478356,0.456987470388413,0.45834556221962,3,3156,0.498518484803659,2
1,38697984,234252,0.385691195726395,0.494903445243835,3,3161,0.389663074113747,2
1,38808562,762631,0.457977205514908,0.347898870706558,3,3166,0.584402809520987,2
1,38827144,841456,0.370329797267914,0.330956935882568,3,3171,0.529424758656817,2
1,38908316,725124,0.60884165763855,0.514755785465241,3,3176,0.596946928325067,2
1,38939246,364531,0.387970924377441,0.462194800376892,3,3181,0.419704985929174,2
1,38986191,692913,0.238401681184769,0.362938910722733,3,3186,0.328432243197666,2
1,38997239,235519,0.48097425699234,0.589551270008087,3,3191,0.407915546501785,2
1,39019921,140757,0.479800343513489,0.353833794593811,3,3196,0.597472250843336,2
1,39064295,784977,0.310051500797272,0.430092811584473,3,3201,0.360447201680765,2
1,39113194,664703,0.377134770154953,0.44298842549324,3,3206,0.425671133207416,2
1,39159377,888290,0.356248557567596,0.45069608092308,3,3211,0.395220385362522,2
1,39203632,823833,0.701549112796783,0.60153466463089,3,3216,0.625499559545434,2
1,39323208,821493,0.568027436733246,0.432116031646729,3,3221,0.619664766625327,2
1,39658564,280879,0.713701963424683,0.672603607177734,3,3226,0.562765438392077,2
1,39907604,77830,0.517135679721832,0.337340205907822,3,3231,0.635661975735471,2
1,39925263,273503,0.269356429576874,0.43552827835083,3,3236,0.309229552897022,2
1,39956509,366373,0.597313463687897,0.473233640193939,3,3241,0.617775007063511,2
1,40006828,496654,0.422509402036667,0.378378063440323,3,3246,0.535496928278131,2
1,40055638,297722,0.611572444438934,0.560916543006897,3,3251,0.557683682481384,2
1,40075050,1114,0.39231863617897,0.501559257507324,3,3256,0.391098988112328,2
1,40118716,137284,0.721354186534882,0.576963722705841,3,3261,0.670659671024665,2
1,40253371,680410,0.458629220724106,0.600987732410431,3,3266,0.381562880563838,2
1,40287864,228435,0.591595768928528,0.441778868436813,3,3271,0.634191355379348,2
1,40297277,1117,0.689157903194428,0.564069509506226,3,3276,0.643472865991222,2
1,40328310,161354,0.387726664543152,0.522527456283569,3,3281,0.371010805155411,2
1,40367059,106416,0.606101930141449,0.413408577442169,3,3286,0.664248355234245,2
1,40472612,821868,0.35987600684166,0.352014541625977,3,3291,0.506066081510077,2
1,40539129,310025,0.382770180702209,0.535032987594605,3,3296,0.357707084962241,2
1,40550429,218399,0.429859966039658,0.544642508029938,3,3301,0.394625795546635,2
1,40582256,557282,0.509314775466919,0.414277017116547,3,3306,0.581128589049478,2
1,40653391,248720,0.54910010099411,0.513988673686981,3,3311,0.536122025769946,2
1,40703477,1127,0.38179948925972,0.519816100597382,3,3316,0.367244770622677,2
1,41047906,587102,0.627256751060486,0.519891679286957,3,3321,0.611813383711069,2
1,41086945,264514,0.5525261759758,0.517493963241577,3,3326,0.536302356929642,2
1,41124200,706854,0.804145276546478,0.497209370136261,3,3331,0.805232325524244,2
1,41167659,238991,0.5921431183815,0.482535749673843,3,3336,0.60590815562483,2
1,41518357,596102,0.593857526779175,0.693581759929657,3,3341,0.428109244712119,2
1,41554781,875720,0.556302487850189,0.50246399641037,3,3346,0.554105121088107,2
1,41566990,320415,0.523273289203644,0.391784220933914,3,3351,0.608094094888192,2
1,41591263,309171,0.614704608917236,0.504832744598389,3,3356,0.610944194229619,2
1,41677434,180851,0.620900392532349,0.559478104114533,3,3361,0.569715363744128,2
1,41711015,810484,0.722061991691589,0.60618382692337,3,3366,0.647122150752391,2
1,41757199,697643,0.472539961338043,0.588389813899994,3,3371,0.401553485610102,2
1,41771436,267338,0.46069946885109,0.510538041591644,3,3376,0.451190147765308,2
1,41776012,863151,0.440007150173187,0.547757089138031,3,3381,0.401644414009865,2
1,41798739,384350,0.548928499221802,0.54824298620224,3,3386,0.500758718734435,2
1,41814393,284043,0.642188429832459,0.555041193962097,3,3391,0.597927307750527,2
1,41832409,1153,0.326795488595963,0.445812731981277,3,3396,0.36651654960999,2
1,41855956,140929,0.695476591587067,0.561837196350098,3,3401,0.652499703447841,2
1,41862312,1157,0.5970458984375,0.487046450376511,3,3406,0.607221646230667,2
1,41886785,469306,0.351011604070663,0.45263546705246,3,3411,0.387742045885659,2
1,41973510,630110,0.399010092020035,0.420842528343201,3,3416,0.474061038449325,2
1,42003272,1159,0.53820675611496,0.658074796199799,3,3421,0.408925215813579,2
1,42024945,382829,0.313652455806732,0.483358472585678,3,3426,0.324451182296319,2
1,42033664,1160,0.440400838851929,0.535391390323639,3,3431,0.411288682271964,2
1,42058586,394382,0.555986106395721,0.438147485256195,3,3436,0.604866150855673,2
1,42073888,1162,0.60246217250824,0.490553677082062,3,3441,0.609833450936699,2
1,42091264,609681,0.332395106554031,0.346909046173096,3,3446,0.479081059172175,2
1,42097709,1164,0.442660838365555,0.577070593833923,3,3451,0.383541323276082,2
1,42123424,178621,0.30184531211853,0.426972448825836,3,3456,0.353471650159861,2
1,42146487,893950,0.538198232650757,0.48199537396431,3,3461,0.554249379119034,2
1,42194581,496678,0.528062403202057,0.429335504770279,3,3466,0.586501700436117,2
1,42222958,275199,0.564532995223999,0.521545708179474,3,3471,0.544923086467631,2
1,42259646,221554,0.298173755407333,0.469057470560074,3,3476,0.317843520380671,2
1,42273008,285872,0.560242831707001,0.434969633817673,3,3481,0.610855279102738,2
1,42594676,785708,0.423185169696808,0.504483163356781,3,3486,0.419424472841646,2
1,42638713,577219,0.311305105686188,0.405896753072739,3,3491,0.383478191596177,2
1,42658110,115415,0.64323753118515,0.541548848152161,3,3496,0.610904599784646,2
1,42673760,1175,0.601595222949982,0.498972147703171,3,3501,0.602412545306975,2
1,42681929,496687,0.609695017337799,0.58112382888794,3,3506,0.534104576030199,2
1,42750829,303039,0.258760631084442,0.364304929971695,3,3511,0.355142917094955,2
1,42806729,795708,0.656149923801422,0.514014899730682,3,3516,0.646233931855085,2
1,42902456,253316,0.440288871526718,0.68325811624527,3,3521,0.322198054482142,2
1,42931097,496691,0.32319849729538,0.416254192590714,3,3526,0.388222512887898,2
1,43046340,420297,0.295213997364044,0.436394095420837,3,3531,0.338242428646238,2
1,43125721,254917,0.424702912569046,0.477240562438965,3,3536,0.444956847756798,2
1,43180866,496694,0.531482040882111,0.478154599666596,3,3541,0.551095057253973,2
1,43202671,194019,0.620036005973816,0.450739502906799,3,3546,0.654113124795037,2
1,43275519,333004,0.327375710010529,0.449063956737518,3,3551,0.364509002669616,2
1,43280485,238654,0.417966574430466,0.508800864219666,3,3556,0.410736895142159,2
1,43302741,222924,0.567108988761902,0.455023646354675,3,3561,0.602835051151754,2
1,43314777,631833,0.433825045824051,0.536108732223511,3,3566,0.404605465037626,2
1,43321006,258793,0.700961112976074,0.550690114498138,3,3571,0.66722422911983,2
1,43369601,190832,0.517227590084076,0.398755609989166,3,3576,0.598522316435065,2
1,43389233,1185,0.631198823451996,0.505373001098633,3,3581,0.627192634685166,2
1,43437323,774579,0.719716906547546,0.613225340843201,3,3586,0.637666161915191,2
1,43448054,245291,0.654250502586365,0.538465321063995,3,3591,0.625434974668961,2
1,43565801,612307,0.304270297288895,0.414394527673721,3,3596,0.367126345751923,2
1,43693273,62457,0.471497893333435,0.513758957386017,3,3601,0.458870727755673,2
1,43748744,418670,0.497775822877884,0.379793524742126,3,3606,0.595115338877026,2
1,43760103,368692,0.364415913820267,0.54655122756958,3,3611,0.333377637299217,2
1,43843808,692932,0.711200654506683,0.686131715774536,3,3616,0.539935444248549,2
1,44275627,171677,0.373989313840866,0.49409881234169,3,3621,0.37845599351718,2
1,44308808,929391,0.585016071796417,0.499304085969925,3,3626,0.585592855288753,2
1,44563781,818340,0.405782699584961,0.363442480564117,3,3631,0.533257182366148,2
1,44693918,372440,0.459585160017014,0.543381810188294,3,3636,0.422893397791286,2
1,44705332,434276,0.439195334911346,0.565280139446259,3,3641,0.388475823103901,2
1,44764568,742537,0.370081782341003,0.457530081272125,3,3646,0.404434372175072,2
1,44842729,122111,0.372701317071915,0.538083553314209,3,3651,0.346322903549404,2
1,44887046,149867,0.385188341140747,0.305411219596863,3,3656,0.557427591543864,2
1,44948512,458383,0.589133560657501,0.467222094535828,3,3661,0.614411150379313,2
1,45006976,143464,0.357089549303055,0.481168985366821,3,3666,0.371064594937292,2
1,45085454,378609,0.410462558269501,0.529568195343018,3,3671,0.387544571104418,2
1,45133245,467283,0.36013451218605,0.509843587875366,3,3676,0.353181368512265,2
1,45166956,286643,0.404640823602676,0.507750928401947,3,3681,0.398463893385886,2
1,45202044,551299,0.673806428909302,0.554341733455658,3,3686,0.634031728368891,2
1,45220386,402859,0.616810500621796,0.486598640680313,3,3691,0.626812928693866,2
1,45246595,181862,0.358857542276382,0.437811613082886,3,3696,0.409830999855689,2
1,45296480,712362,0.543527543544769,0.475612491369247,3,3701,0.56475655031606,2
1,45389899,342232,0.5636927485466,0.543647706508637,3,3706,0.521962245313382,2
1,45450405,325954,0.694082856178284,0.661851108074188,3,3711,0.547659106496742,2
1,45537390,357258,0.344999343156815,0.422720164060593,3,3716,0.408070601414891,2
1,45702176,801642,0.690260350704193,0.549547612667084,3,3721,0.656190467621068,2
1,45746515,339011,0.471581488847733,0.573219060897827,3,3726,0.411344912457289,2
1,45764887,347830,0.623433828353882,0.510733187198639,3,3731,0.615172987628121,2
1,45856970,566344,0.585877597332001,0.439436733722687,3,3736,0.630619389834286,2
1,46018010,457780,0.559247851371765,0.656165719032288,3,3741,0.426148330483146,2
1,46094430,312774,0.63133716583252,0.443505823612213,3,3746,0.668763079821898,2
1,46132641,398380,0.435569912195206,0.574442207813263,3,3751,0.379124223699801,2
1,46238978,375621,0.731867074966431,0.587654650211334,3,3756,0.674868498976656,2
1,46277896,187562,0.400697618722916,0.487924724817276,3,3761,0.410614177087433,2
1,46406461,77067,0.376432806253433,0.442042648792267,3,3766,0.425787881872835,2
1,46494976,660121,0.52659672498703,0.658895015716553,3,3771,0.399605940571847,2
1,46583614,470249,0.385926872491837,0.460813581943512,3,3776,0.418745114742673,2
1,46603017,109255,0.246703952550888,0.41422364115715,3,3781,0.297790768124329,2
1,46631321,323242,0.675874173641205,0.536116302013397,3,3786,0.650638912548985,2
1,46675048,689914,0.262877464294434,0.354339092969894,3,3791,0.3709405333901,2
1,46750663,721545,0.698099076747894,0.699599325656891,3,3796,0.498927779906314,2
1,46762631,814925,0.669208228588104,0.694875419139862,3,3801,0.481531084677359,2
1,46772345,482881,0.356162905693054,0.43756702542305,3,3806,0.406980970913779,2
1,46806436,109129,0.431738615036011,0.507737815380096,3,3811,0.425159011164855,2
1,46841264,700184,0.658980071544647,0.534241557121277,3,3816,0.633909021221812,2
1,46863736,606223,0.55042439699173,0.512218117713928,3,3821,0.539163282468325,2
1,46906908,150891,0.551982343196869,0.546388030052185,3,3826,0.506166408202728,2
1,46920315,1220,0.440937280654907,0.598310887813568,3,3831,0.368485088301036,2
1,46943819,732255,0.336780101060867,0.47535902261734,3,3836,0.354237623603468,2
1,46965645,740099,0.501207649707794,0.401992052793503,3,3841,0.58295508226752,2
1,46986540,678030,0.683814704418182,0.522835791110992,3,3846,0.668682929595664,2
1,47380438,750431,0.380367785692215,0.337605178356171,3,3851,0.532278790487766,2
1,47471290,258456,0.348608791828156,0.481715977191925,3,3856,0.361840595219933,2
1,47630322,168312,0.58556193113327,0.511520862579346,3,3861,0.575787339603579,2
1,47720328,605639,0.684290945529938,0.566703855991364,3,3866,0.635689056046885,2
1,47728014,193323,0.457823425531387,0.570275008678436,3,3871,0.40140582926153,2
1,47793137,496724,0.581413626670837,0.574320256710053,3,3876,0.508331815258535,2
1,47808911,1230,0.591480553150177,0.492094397544861,3,3881,0.59783919996639,2
1,47857855,608591,0.70425021648407,0.609700977802277,3,3886,0.621124103961879,2
1,47883338,1232,0.718476891517639,0.680965483188629,3,3891,0.558788949709772,2
1,47962218,465561,0.354486435651779,0.424935042858124,3,3896,0.417106616187141,2
1,47986794,469590,0.373712658882141,0.46871429681778,3,3901,0.398657200579726,2
1,48004718,336875,0.461524933576584,0.614922523498535,3,3906,0.375270799116926,2
1,48033811,567988,0.566731870174408,0.49274280667305,3,3911,0.572930521710383,2
1,48050352,1237,0.477040499448776,0.588852643966675,3,3916,0.405059316907621,2
1,48065768,79486,0.484521359205246,0.454395681619644,3,3921,0.527607623850037,3
1,48096390,253791,0.404655545949936,0.526514291763306,3,3926,0.384277836594651,3
1,48115318,824402,0.451041281223297,0.47748589515686,3,3931,0.472308486803704,3
1,48158585,890661,0.594110608100891,0.548799872398377,3,3936,0.550211350718545,3
1,48179047,921032,0.414649367332459,0.377074539661407,3,3941,0.530159971026571,3
1,48194281,312971,0.438186973333359,0.435421049594879,3,3946,0.50244954557418,3
1,48224576,496729,0.484395086765289,0.410977184772491,3,3951,0.562321781172806,3
1,48245779,601568,0.398867756128311,0.344902366399765,3,3956,0.541188814430582,3
1,48279624,414003,0.532175004482269,0.557468950748444,3,3961,0.477313582906981,3
1,48285332,334244,0.500463366508484,0.510371148586273,3,3966,0.49029355195211,3
1,48293364,429364,0.389743149280548,0.426539570093155,3,3971,0.456866345595356,3
1,48342720,663191,0.387626767158508,0.396499305963516,3,3976,0.488811406890805,3
1,48505849,691645,0.682340741157532,0.620891988277435,3,3981,0.58104385950707,3
1,48738008,844017,0.534514307975769,0.595886051654816,3,3986,0.448503792370527,3
1,48770834,248306,0.459441304206848,0.454267472028732,3,3991,0.504740263694148,3
1,48775843,1258,0.609061896800995,0.569191157817841,3,3996,0.546274281165167,3
1,48808370,228552,0.675607144832611,0.615280032157898,3,4001,0.578403927164333,3
1,48819484,418999,0.443927526473999,0.453397274017334,3,4006,0.489556898457474,3
1,48888477,617817,0.672577321529388,0.667195618152618,3,4011,0.508085385395013,3
1,49128227,409497,0.357297331094742,0.384104520082474,3,4016,0.465104304185257,3
1,50373468,97841,0.435445725917816,0.409537434577942,4,4021,0.521938978740638,3
1,50441545,603276,0.434985041618347,0.373474836349487,4,4026,0.549088375724978,3
1,50527143,287647,0.547184228897095,0.544015109539032,4,4031,0.503475026721674,3
1,50710436,749383,0.419701218605042,0.42959663271904,4,4036,0.488482900748817,3
1,51523497,726728,0.497844457626343,0.52767151594162,4,4041,0.471737096456636,3
1,51737293,194594,0.492358714342117,0.40936079621315,4,4046,0.57026109814319,3
1,51805377,713343,0.695025384426117,0.595962703227997,4,4051,0.622591010767529,2
1,52083344,171602,0.413213163614273,0.472177803516388,4,4056,0.437560978657833,2
1,52126970,576059,0.345394045114517,0.469510287046433,4,4061,0.367823724680562,2
1,52174694,682576,0.373958051204681,0.496632426977158,4,4066,0.376493791878275,2
1,52239152,249212,0.552580535411835,0.480503618717194,4,4071,0.569371914118689,2
1,52271449,724136,0.237046256661415,0.34090593457222,4,4076,0.347671062046586,2
1,52392478,241985,0.368463516235352,0.539392232894898,4,4081,0.341554340018786,2
1,52831694,827781,0.581680834293366,0.48414820432663,4,4086,0.594535514642748,2
1,52852596,687370,0.512969851493835,0.465603172779083,4,4091,0.54431788916214,2
1,52884392,593599,0.707114458084106,0.510278761386871,4,4096,0.700967082063529,2
1,52909700,141632,0.604536831378937,0.44664865732193,4,4101,0.642665393466718,2
1,52931938,780793,0.380815804004669,0.322503834962845,4,4106,0.543034907096947,2
1,52952393,169383,0.638106346130371,0.521052718162537,4,4111,0.622198864474982,2
1,52962404,496767,0.484013348817825,0.490304827690125,4,4116,0.493584114904662,2
1,52983476,117624,0.679194569587708,0.495426952838898,4,4121,0.682102093822439,2
1,53024448,457628,0.541145324707031,0.482778906822205,4,4126,0.556423083527225,2
1,53109325,253560,0.131144523620605,0.580056250095367,4,4131,0.113044660409265,2
1,53249558,255768,0.664957106113434,0.689063787460327,4,4136,0.482507656195558,2
1,53365605,665840,0.404838860034943,0.575582683086395,4,4141,0.351677414845172,2
1,53387468,605393,0.416318297386169,0.333111017942429,4,4146,0.562384655979035,2
1,53408765,258606,0.655436098575592,0.538138329982758,4,4151,0.62698365788663,2
1,53449036,758374,0.55021744966507,0.474374771118164,4,4156,0.5721452038254,2
1,53543790,1304,0.397460877895355,0.533627867698669,4,4161,0.372413906726283,2
1,53560221,786040,0.483635574579239,0.64255166053772,4,4166,0.376339837153723,2
1,53581618,326734,0.47325399518013,0.337975233793259,4,4171,0.602170468759039,2
1,53600069,834228,0.590965092182159,0.479040116071701,4,4176,0.607421876005584,2
1,53607887,737280,0.771323561668396,0.660263240337372,4,4181,0.663450551305239,2
1,53791719,538649,0.39508730173111,0.501154363155365,4,4186,0.39417725433294,2
1,53802444,744025,0.509152710437775,0.4708231985569,4,4191,0.5362161679956,2
1,53896461,883182,0.666943430900574,0.697391092777252,4,4196,0.478170310610489,2
1,54100946,912466,0.581700086593628,0.519158780574799,4,4201,0.565033220418989,2
1,54138267,132384,0.476946741342545,0.473021954298019,4,4206,0.503723862005766,2
1,54365844,735492,0.671294331550598,0.649704933166504,4,4211,0.530816018306013,2
1,54462049,782645,0.296145528554916,0.302024632692337,4,4216,0.490267177738099,2
1,54494404,807399,0.403748333454132,0.37904891371727,4,4221,0.519888377911313,2
1,54576823,649294,0.380330324172974,0.430856883525848,4,4226,0.441365031771805,2
1,54735036,158773,0.399445563554764,0.548834800720215,4,4231,0.363903275658346,2
1,54803118,649723,0.607719719409943,0.512084424495697,4,4236,0.598003937274802,2
1,54881566,196187,0.588923931121826,0.531724035739899,4,4241,0.561074985422652,2
1,54896976,606211,0.4314945936203,0.554468989372253,4,4246,0.389106155520817,2
1,54968687,680838,0.391088485717773,0.563818752765656,4,4251,0.346821105008833,2
1,54989895,400372,0.216211572289467,0.406529456377029,4,4256,0.265923623611846,2
1,55038614,914751,0.407128542661667,0.397359639406204,4,4261,0.508105085465764,2
1,55067310,62472,0.37177973985672,0.466291040182114,4,4266,0.398656319571912,2
1,55085066,490794,0.362816721200943,0.479821115732193,4,4271,0.378074983889877,2
1,55111674,902705,0.496811449527741,0.668523490428925,4,4276,0.371573666924543,2
1,55162157,102873,0.547254920005798,0.508647441864014,4,4281,0.539286941222253,2
1,55189415,342373,0.319630414247513,0.478470712900162,4,4286,0.334012516994125,2
1,55192443,335260,0.497088700532913,0.382569789886475,4,4291,0.592738344164746,2
1,55211513,80698,0.381824195384979,0.525746464729309,4,4296,0.363125784955653,2
1,55222206,134859,0.483826458454132,0.583203732967377,4,4301,0.414800550051689,2
1,55243887,378118,0.685806035995483,0.532578408718109,4,4306,0.663907305669333,2
1,55285649,818092,0.455980926752091,0.457317650318146,4,4311,0.498538517412213,2
1,55565513,1342,0.629174470901489,0.464459776878357,4,4316,0.65378368132931,2
1,55592687,215497,0.531465947628021,0.384776890277863,4,4321,0.619216146981548,2
1,55607841,496808,0.377672463655472,0.505512714385986,4,4326,0.373553872046726,2
1,55680539,538655,0.703681826591492,0.509900331497192,4,4331,0.697696007106348,2
1,55702518,324802,0.709584712982178,0.544696867465973,4,4336,0.681074798012599,2
1,55725423,573942,0.575532376766205,0.561035335063934,4,4341,0.516512766129344,2
1,55740354,279043,0.50557404756546,0.445039212703705,4,4346,0.554539740687512,2
1,55749294,151727,0.251825213432312,0.370708763599396,4,4351,0.339653709541711,2
1,55757101,1359,0.59454071521759,0.45117923617363,4,4356,0.630608650850276,2
1,55767931,415116,0.381181448698044,0.439631104469299,4,4361,0.433524203386595,2
1,55782058,496816,0.370845288038254,0.498257696628571,4,4366,0.372142056758536,2
1,55811974,593249,0.385743886232376,0.515056729316711,4,4371,0.374467378325602,2
1,55825630,496820,0.60419636964798,0.44033682346344,4,4376,0.646391216229889,2
1,55833569,374432,0.719371557235718,0.580899357795715,4,4381,0.665201607317636,2
1,55874598,407958,0.427562594413757,0.369391798973084,4,4386,0.546122771116793,2
1,55893768,320673,0.542394578456879,0.486378729343414,4,4391,0.554530305025974,2
1,55938330,1369,0.673614501953125,0.517944276332855,4,4396,0.661464969688607,2
1,55955751,724698,0.433742821216583,0.53132963180542,4,4401,0.408167355303295,2
1,55988215,919066,0.480742454528809,0.643068969249725,4,4406,0.373787632055777,2
1,56042031,1372,0.704258680343628,0.597773790359497,4,4411,0.63236940735327,2
1,56064466,901544,0.559571981430054,0.4079350233078,4,4416,0.62805769982328,2
1,56093033,679065,0.602654337882996,0.638047218322754,4,4421,0.472264685572334,2
1,56098928,1378,0.508769392967224,0.504167139530182,4,4426,0.504640932261611,2
1,56147868,361122,0.593478560447693,0.640526175498962,4,4431,0.463274244792088,2
1,56164598,639026,0.543379902839661,0.455966502428055,4,4436,0.58033825196586,2
1,56218693,254862,0.483609110116959,0.422681748867035,4,4441,0.552767568953828,2
1,56275116,382171,0.280398309230804,0.371749490499496,4,4446,0.377133414297422,2
1,56304011,162547,0.296702951192856,0.382150322198868,4,4451,0.388201885432997,2
1,56364218,846918,0.305646896362305,0.308522075414658,4,4456,0.495340399793939,2
1,56408843,757862,0.298159807920456,0.338717311620712,4,4461,0.440130748696908,2
1,56585765,828643,0.610744297504425,0.573289096355438,4,4466,0.543888263493011,2
1,56598888,360540,0.613046228885651,0.49869167804718,4,4471,0.614056106622177,2
1,56637694,705803,0.627346038818359,0.436920344829559,4,4476,0.669093033499105,2
1,56665281,760067,0.711173355579376,0.617816507816315,4,4481,0.622136159295693,2
1,56688408,564021,0.623980522155762,0.597877681255341,4,4486,0.532456344355504,2
1,56703206,1404,0.487925469875336,0.552967965602875,4,4491,0.441187826625159,2
1,56741065,158853,0.604753911495209,0.545477390289307,4,4496,0.565207450564046,2
1,56786204,176806,0.648925542831421,0.609306812286377,4,4501,0.550703124332545,2
1,56808635,496841,0.440597951412201,0.533530533313751,4,4506,0.412907906765572,2
1,56856743,154790,0.77146327495575,0.638236880302429,4,4511,0.684134848743974,2
1,56899463,440741,0.417709171772003,0.604241371154785,4,4516,0.345647610137738,2
1,56911958,861865,0.307230770587921,0.409842759370804,4,4521,0.374815418307726,2
1,56950377,496845,0.635212540626526,0.68005234003067,4,4526,0.467032096822046,2
1,56982283,1411,0.760757744312286,0.609293103218079,4,4531,0.69383410216425,2
1,56995187,1412,0.630708277225494,0.560729563236237,4,4536,0.579653338959949,2
1,57039264,346773,0.501943826675415,0.414125740528107,4,4541,0.574946189158803,2
1,57056005,923162,0.484501659870148,0.43363881111145,4,4546,0.544903190540398,2
1,57143721,459314,0.265869975090027,0.40655380487442,4,4551,0.3269800600835,2
1,57168864,811308,0.355838745832443,0.405521422624588,4,4556,0.438742229115059,2
1,57200969,880265,0.499832361936569,0.525579750537872,4,4561,0.475505726224276,2
1,57272764,602280,0.283409237861633,0.315430343151093,4,4566,0.449242192476516,2
1,57303609,254092,0.49239519238472,0.443505048751831,4,4571,0.543926852816214,2
1,57326655,674179,0.582867324352264,0.543023645877838,4,4576,0.543594901700072,2
1,57349087,637190,0.440616339445114,0.462126702070236,4,4581,0.476726769380821,2
1,57398316,828960,0.626087605953217,0.489390850067139,4,4586,0.633856547521771,2
1,57409886,335787,0.300479888916016,0.458999782800674,4,4591,0.327320295319728,2
1,57426485,567989,0.413849592208862,0.413274675607681,4,4596,0.500489936753434,2
1,57437278,929665,0.492400109767914,0.436396330595017,4,4601,0.5496836537917,2
1,57444251,1435,0.592810928821564,0.511366486549377,4,4606,0.583338985180369,2
1,57451781,168445,0.437358230352402,0.683334887027741,4,4611,0.320017489707537,2
1,57487146,496862,0.425590574741364,0.613507866859436,4,4616,0.34685013651086,2
1,57499125,438680,0.68235445022583,0.580877542495728,4,4621,0.621058781166681,2
1,57552101,351130,0.416645705699921,0.584558427333832,4,4626,0.35637644264256,2
1,57568368,629551,0.469057559967041,0.465488463640213,4,4631,0.503338652287222,2
1,57575347,150498,0.420778721570969,0.444863468408585,4,4636,0.472930181338811,2
1,57589077,349125,0.320066869258881,0.377614140510559,4,4641,0.42380148797676,2
1,57609677,582644,0.700143098831177,0.582966387271881,4,4646,0.640488329936714,2
1,57625101,367519,0.288407653570175,0.312444537878037,4,4651,0.461534158236359,2
1,57645413,633546,0.725340664386749,0.538059592247009,4,4656,0.702711290240584,2
1,57665512,89067,0.531371057033539,0.374800533056259,4,4661,0.625216456711542,2
1,57717390,177404,0.41255396604538,0.629702031612396,4,4666,0.327578716070684,2
1,57775912,831028,0.344403445720673,0.477200597524643,4,4671,0.360858145931898,2
1,57781837,284811,0.447202891111374,0.376175284385681,4,4676,0.556929138063845,2
1,57859044,538664,0.354616045951843,0.360766887664795,4,4681,0.491475323923482,2
1,57876261,820424,0.55149644613266,0.406584709882736,4,4686,0.622099766102495,2
1,57885452,784757,0.507565140724182,0.625201642513275,4,4691,0.405921151041606,2
1,57909867,732667,0.675612807273865,0.433735847473145,4,4696,0.71357255153923,2
1,57936712,553664,0.429829657077789,0.366512149572372,4,4701,0.549975313230297,2
1,57964389,203878,0.706986486911774,0.531998455524445,4,4706,0.686952408013334,2
1,57999110,450595,0.52271842956543,0.622536420822144,4,4711,0.419829597178515,2
1,58011133,466047,0.415575176477432,0.537466764450073,4,4716,0.386605464714308,2
1,58029674,921723,0.55342435836792,0.444450318813324,4,4721,0.598077672659107,2
1,58043597,164755,0.369017630815506,0.476725399494171,4,4726,0.387033742283348,2
1,58074079,613244,0.552474141120911,0.477263033390045,4,4731,0.571939725459463,2
1,58118096,496877,0.607768297195435,0.431916177272797,4,4736,0.654776560154823,2
1,58134711,1481,0.397032976150513,0.501259505748749,4,4741,0.396035358528963,2
1,58148554,445277,0.548434197902679,0.513686180114746,4,4746,0.535725920554892,2
1,58160395,125808,0.664057791233063,0.530690431594849,4,4751,0.642088898902525,2
1,58177712,153748,0.668176591396332,0.528113663196564,4,4756,0.648407484256226,2
1,58183417,442287,0.488456636667252,0.635883271694183,4,4761,0.384077281484271,2
1,58186103,276436,0.637077987194061,0.516273379325867,4,4766,0.624868678614212,2
1,58197527,342729,0.349506974220276,0.44009855389595,4,4771,0.397078076178941,2
1,58205343,119293,0.445759654045105,0.510006606578827,4,4776,0.437013607564129,2
1,58225892,457055,0.304453194141388,0.495869934558868,4,4781,0.306988963156471,2
1,58235986,606397,0.391309440135956,0.478758096694946,4,4786,0.408671354946598,2
1,58254904,739890,0.301040142774582,0.505341291427612,4,4791,0.297858247367962,2
1,58266259,562284,0.306338280439377,0.436351150274277,4,4796,0.351022657149892,2
1,58275555,247497,0.366875499486923,0.469212949275971,4,4801,0.390947756293852,2
1,58295042,573847,0.679240167140961,0.581970691680908,4,4806,0.616342889749975,2
1,58300597,162010,0.32057911157608,0.506800651550293,4,4811,0.31627732777714,2
1,58351082,482155,0.373533576726913,0.476206749677658,4,4816,0.39219685250131,2
1,58374454,1491,0.588728725910187,0.558221340179443,4,4821,0.534527907870352,2
1,58417010,764150,0.720530331134796,0.648627996444702,4,4826,0.602316539113194,2
1,58441501,359356,0.600415647029877,0.484360843896866,4,4831,0.612534901354348,2
1,58464265,252145,0.40870013833046,0.595516741275787,4,4836,0.343147480165623,2
1,58479699,774513,0.657000780105591,0.570109069347382,4,4841,0.601062507443805,2
1,58505544,805384,0.545242547988892,0.628743767738342,4,4846,0.433596781364678,2
1,58518904,92968,0.571250677108765,0.457307904958725,4,4851,0.604979207538829,2
1,58537893,393495,0.666436016559601,0.494370222091675,4,4856,0.670149981256764,2
1,58575196,318236,0.628194630146027,0.499611139297485,4,4861,0.628483566428735,2
1,58594243,62484,0.578728020191193,0.481182426214218,4,4866,0.594007603930212,2
1,58618073,292632,0.614633440971375,0.630568563938141,4,4871,0.487364480345131,2
1,58635432,748443,0.39491394162178,0.462628483772278,4,4876,0.426815420444552,2
1,58681238,496893,0.437419682741165,0.33534899353981,4,4881,0.576785176136996,2
1,58697533,209921,0.54598867893219,0.475302547216415,4,4886,0.567358943083081,2
1,58712090,748848,0.311661303043366,0.322939246892929,4,4891,0.482538598268759,2
1,58721474,822787,0.39212304353714,0.486504793167114,4,4896,0.403000185244265,2
1,58760416,178598,0.475203633308411,0.540579259395599,4,4901,0.439531877193843,2
1,58775700,214573,0.383092015981674,0.597951889038086,4,4906,0.320336822246642,2
1,58794626,304831,0.624324679374695,0.599674344062805,4,4911,0.53078785352163,2
1,58803807,784333,0.546919822692871,0.581153094768524,4,4916,0.470547113674678,2
1,58835629,187174,0.609599232673645,0.585089445114136,4,4921,0.529536230484967,2
1,58877427,159943,0.369376748800278,0.508394360542297,4,4926,0.363277779484285,2
1,58909798,496898,0.278880268335342,0.430446088314056,4,4931,0.323943318230214,2
1,58934736,199527,0.576271295547485,0.428661018610001,4,4936,0.629179245374057,2
1,58974408,809126,0.525764167308807,0.522121667861939,4,4941,0.50381111592837,2
1,59003748,496899,0.581015706062317,0.402064323425293,4,4946,0.649640997893078,2
1,59056273,438163,0.575332999229431,0.505757033824921,4,4951,0.570386399166138,2
1,59167046,676414,0.380609840154648,0.327445209026337,4,4956,0.539524386594098,2
1,59237426,405094,0.68595826625824,0.539561569690704,4,4961,0.658975323225295,2
1,59249183,846841,0.312667667865753,0.462833642959595,4,4966,0.337775432514366,2
1,59258242,791368,0.327615767717361,0.375846982002258,4,4971,0.435836634861409,2
1,59288034,707162,0.718577027320862,0.6447913646698,4,4976,0.603862428038203,2
1,59298159,426841,0.537069201469421,0.411404192447662,4,4981,0.60674983359492,2
1,59311060,630402,0.32473811507225,0.476080745458603,4,4986,0.341053611356866,2
1,59326595,1524,0.343478053808212,0.410874783992767,4,4991,0.417983856870441,2
1,59389498,496917,0.471050709486008,0.309534668922424,4,4996,0.616961730947094,2
1,59466058,768456,0.470895886421204,0.451767355203629,4,5001,0.517445633162432,2
1,59705924,343341,0.755368590354919,0.581636428833008,4,5006,0.707632993758634,2
1,59723610,130949,0.520058393478394,0.495996952056885,4,5011,0.523870333244715,2
1,59741442,257945,0.328744381666183,0.424364149570465,4,5016,0.387337599086697,2
1,59813177,167195,0.413544267416,0.481857538223267,4,5021,0.429114660051646,2
1,59922675,791883,0.34472069144249,0.378535032272339,4,5026,0.455335255726713,2
1,59956261,804237,0.349441230297089,0.346912384033203,4,5031,0.501936069680438,2
1,59996794,378272,0.306616306304932,0.46096259355545,4,5036,0.332582633158983,2
1,60055728,142330,0.546484231948853,0.485174089670181,4,5041,0.559544538307516,2
1,60145893,96041,0.634568989276886,0.6158766746521,4,5046,0.524331137152185,2
1,60214365,335242,0.646320641040802,0.56375914812088,4,5051,0.59462833726402,2
1,60233321,1547,0.566876590251923,0.482958823442459,4,5056,0.581151918468262,2
1,60570476,306298,0.342817187309265,0.567786276340485,4,5061,0.301889286157815,2
1,60627802,363382,0.632493376731873,0.637845695018768,4,5066,0.495804378450231,2
1,60712415,709877,0.461974531412125,0.57031923532486,4,5071,0.405013984096976,2
1,60765730,292382,0.555003881454468,0.488904505968094,4,5076,0.564664408372037,2
1,60797614,131626,0.295141696929932,0.498206228017807,4,5081,0.296204343033005,2
1,60834730,108759,0.604504585266113,0.527826011180878,4,5086,0.581197372050294,2
1,60849705,1565,0.654500246047974,0.579359352588654,4,5091,0.589317204509054,2
1,60891519,496942,0.498366624116898,0.526831209659576,4,5096,0.472985099382142,2
1,60905373,457067,0.600173830986023,0.526623606681824,4,5101,0.57768683160206,2
1,60934968,399830,0.354790061712265,0.425875395536423,4,5106,0.416542098264892,2
1,60980962,496947,0.363774031400681,0.528986155986786,4,5111,0.343840786080768,2
1,61029141,759644,0.388389438390732,0.531048238277435,4,5116,0.36568188197983,2
1,61146384,341158,0.396166324615479,0.533040046691895,4,5121,0.37161028244888,2
1,61252489,658509,0.271663784980774,0.326844125986099,4,5126,0.415586151596201,2
1,61257585,496959,0.618588626384735,0.682170331478119,4,5131,0.453397485818816,2
1,61455871,866004,0.627420663833618,0.500374019145966,4,5136,0.627141751586342,2
1,61493236,496962,0.567116141319275,0.489822894334793,4,5141,0.575751387240026,2
1,61585361,297503,0.430931180715561,0.54470705986023,4,5146,0.39556232374346,2
1,61596052,645325,0.43392351269722,0.467282086610794,4,5151,0.464305742859175,2
1,61645129,184690,0.639674127101898,0.589050948619843,4,5156,0.561593010510719,2
1,61723367,795239,0.268730193376541,0.31247690320015,4,5161,0.430000090605757,2
1,61731171,325010,0.707492053508759,0.549783647060394,4,5166,0.675147354620324,2
1,61748209,584498,0.370905578136444,0.538029909133911,4,5171,0.344688624033472,2
1,61833448,875668,0.267410665750504,0.319549262523651,4,5176,0.418418530586832,2
1,61997661,550303,0.483790636062622,0.564046323299408,4,5181,0.428857184311275,2
1,62021955,586341,0.406723827123642,0.469187706708908,4,5186,0.433434019378496,2
1,62047119,1612,0.586693644523621,0.524867832660675,4,5191,0.565061698736545,2
1,62148128,1618,0.573571622371674,0.44400429725647,4,5196,0.616518279256351,2
1,62173075,236603,0.643276512622833,0.513509809970856,4,5201,0.633370317954617,2
1,62199359,1620,0.462871164083481,0.413783311843872,4,5206,0.541868351098984,2
1,62261110,804657,0.295417070388794,0.420389145612717,4,5211,0.351361439123534,2
1,62272261,712713,0.527109980583191,0.470704287290573,4,5216,0.553283723954499,2
1,62277546,440185,0.438804030418396,0.570424437522888,4,5221,0.384629410622673,2
1,62309271,755379,0.560373544692993,0.453663110733032,4,5226,0.597659920148479,2
1,62382874,823475,0.580881237983704,0.494480282068253,4,5231,0.585457552742895,2
1,62451790,426887,0.405094981193543,0.560270011425018,4,5236,0.36151763697222,2
1,62485834,846527,0.31594181060791,0.377440273761749,4,5241,0.418532192469929,2
1,62501449,1627,0.583217442035675,0.475361526012421,4,5246,0.602790703856965,2
1,62514453,496982,0.630424201488495,0.617841362953186,4,5251,0.516462847251791,2
1,62522639,62496,0.627911746501923,0.572222590446472,4,5256,0.565091277393041,2
1,62532547,340401,0.609186470508575,0.468409329652786,4,5261,0.632411222307419,2
1,62534352,607781,0.374708384275436,0.519677579402924,4,5266,0.360520060059116,2
1,62538589,1634,0.356547206640244,0.488589107990265,4,5271,0.364874288854744,2
1,62555361,362419,0.567285418510437,0.463916897773743,4,5276,0.596410911207072,2
1,62592205,905029,0.267494559288025,0.379388213157654,4,5281,0.352534093062175,2
1,62664816,632987,0.539215385913849,0.496374726295471,4,5286,0.542532277325216,2
1,62755479,733742,0.360893458127975,0.422966867685318,4,5291,0.426621427941817,2
1,62822181,153349,0.40084981918335,0.494817584753037,4,5296,0.405048073810285,2
1,62890784,213848,0.627237915992737,0.507942795753479,4,5301,0.621220784097585,2
1,62949953,927752,0.803772449493408,0.684380531311035,4,5306,0.689139026623277,2
1,62983488,870900,0.446572601795197,0.332163095474243,4,5311,0.58565677154529,2
1,63004437,283594,0.390311628580093,0.520361483097076,4,5316,0.375038930876518,2
1,63025417,139582,0.626387596130371,0.497937828302383,4,5321,0.627922172859252,2
1,63067960,879515,0.356564700603485,0.381362557411194,4,5326,0.467487819234216,2
1,63106019,452240,0.641181528568268,0.453132718801498,4,5331,0.671932767082578,2
1,63176449,62500,0.653506338596344,0.461085468530655,4,5336,0.678526332868642,2
1,63186490,664901,0.698148906230927,0.548880338668823,4,5341,0.665442320915073,2
1,63188550,669578,0.633656442165375,0.512929558753967,4,5346,0.623931646419111,2
1,63213385,1641,0.669104993343353,0.561649084091187,4,5351,0.622568364011951,2
1,63240183,679483,0.538260996341705,0.561309516429901,4,5356,0.479468974412913,2
1,63264950,258694,0.345841228961945,0.457825869321823,4,5361,0.377699527414472,2
1,63278283,741150,0.726997911930084,0.652413129806519,4,5366,0.607289412402213,2
1,63289818,255459,0.249181687831879,0.433595478534699,4,5371,0.287343503527722,2
1,63313255,410788,0.537811398506165,0.466547250747681,4,5376,0.566795182758329,2
1,63322102,496999,0.334199607372284,0.505777955055237,4,5381,0.330381745617783,2
1,63335350,337683,0.331145346164703,0.459900736808777,4,5386,0.360018281838925,2
1,63345979,823617,0.450054198503494,0.5720134973526,4,5391,0.393394736825652,2
1,63415839,240047,0.400345802307129,0.47433677315712,4,5396,0.422005866889133,2
1,63457048,765098,0.513015866279602,0.470523744821549,4,5401,0.540126560013284,2
1,63565743,463857,0.427642196416855,0.433327108621597,4,5406,0.493440391690672,2
1,63599614,414935,0.260763198137283,0.334441065788269,4,5411,0.38984925120166,2
1,63637643,670706,0.620137155056,0.529930531978607,4,5416,0.595950310766926,2
1,63679468,317696,0.641440153121948,0.526065111160278,4,5421,0.621720350915849,2
1,63736386,741589,0.509071886539459,0.629190027713776,4,5426,0.404545418805526,2
1,63770221,227666,0.220986917614937,0.425091147422791,4,5431,0.259928863438723,2
1,63860121,126611,0.740699529647827,0.697313785552979,4,5436,0.57166785605699,2
1,63884838,764349,0.305625021457672,0.353512138128281,4,5441,0.432269487372975,2
1,63914484,800873,0.698992490768433,0.515302419662476,4,5446,0.689489362602184,2
1,63937894,1667,0.377604186534882,0.50774210691452,4,5451,0.371846436795966,2
1,63967631,193383,0.672119855880737,0.545278310775757,4,5456,0.639471624194321,2
1,64088067,77163,0.668258607387543,0.591614067554474,4,5461,0.593838369228465,2
1,64257073,497020,0.34403195977211,0.476801991462708,4,5466,0.360770263056901,2
1,64303338,928344,0.512706995010376,0.577344000339508,4,5471,0.444022103554274,2
1,64386599,119074,0.428629517555237,0.481787770986557,4,5476,0.444832292730814,2
1,64465693,809918,0.261555165052414,0.368853121995926,4,5481,0.354551919795467,2
1,64480599,328232,0.395054250955582,0.447702705860138,4,5486,0.441201544891931,2
1,64551346,884604,0.338243722915649,0.311635971069336,4,5491,0.519326802918252,2
1,64695023,612516,0.488697797060013,0.36019828915596,4,5496,0.600421353777355,2
1,64717860,497030,0.540019273757935,0.506344735622406,4,5501,0.534107342274559,2
1,64776057,489815,0.597636222839356,0.432477712631226,4,5506,0.64550839137425,2
1,64786174,497032,0.292955011129379,0.418054968118668,4,5511,0.350378578740179,2
1,64802109,790259,0.639007866382599,0.514967143535614,4,5516,0.627868371383303,2
1,64931726,492347,0.637654960155487,0.508626163005829,4,5521,0.631293922707558,2
1,64962842,497038,0.477788686752319,0.550636112689972,4,5526,0.433851572518757,2
1,64976728,104572,0.747126638889313,0.595229029655457,4,5531,0.68763402067169,2
1,65075926,293970,0.180185750126839,0.311362504959106,4,5536,0.289350431180697,2
1,65101688,1715,0.623815536499023,0.486381530761719,4,5541,0.633789976381813,2
1,65119629,427904,0.444926232099533,0.447098702192307,4,5546,0.497570480430696,2
1,65532319,828285,0.719478189945221,0.627517223358154,4,5551,0.623443246713512,2
1,65574150,370881,0.247951567173004,0.340687453746796,4,5556,0.363898882166183,2
1,65591297,434662,0.268452882766724,0.479407042264938,4,5561,0.279984292156441,2
1,65676033,260496,0.666829466819763,0.608887851238251,4,5566,0.574072891579761,2
1,65729729,199576,0.407780855894089,0.313470482826233,4,5571,0.568686320623258,2
1,65755845,1729,0.745821118354797,0.471105873584747,4,5576,0.759707218372815,2
1,65806584,810922,0.789224207401276,0.682961106300354,4,5581,0.667586853242039,2
1,65811905,380217,0.297587513923645,0.43723851442337,4,5586,0.340303408902694,2
1,65822326,300182,0.672267615795136,0.557464599609375,4,5591,0.62971054528567,2
1,65878532,208634,0.588994741439819,0.446763783693314,4,5596,0.628544510964969,2
1,65929318,1733,0.574481070041657,0.412372648715973,4,5601,0.637934714042377,2
1,65963663,1737,0.396459639072418,0.389199167490006,4,5606,0.505943403476201,2
1,65983499,300494,0.394498616456985,0.372581869363785,4,5611,0.517465822250767,2
1,66010515,655063,0.377386301755905,0.524653017520905,4,5616,0.359653227135845,2
1,66045878,342228,0.426723122596741,0.487772256135941,4,5621,0.437420453120046,2
1,66088038,761664,0.564396321773529,0.401626646518707,4,5626,0.636010130053285,2
1,66319533,194253,0.658235609531403,0.577506303787231,4,5631,0.595539065396512,2
1,66358247,862871,0.504376590251923,0.511141538619995,4,5636,0.493382509679866,2
1,66392166,337623,0.721377730369568,0.593586146831513,4,5641,0.657218537879265,2
1,66407959,334779,0.788609564304352,0.6408411860466,4,5646,0.705714537019443,2
1,66443861,809821,0.221364751458168,0.487209886312485,4,5651,0.227175964278555,2
1,66456040,123140,0.394160866737366,0.485322117805481,4,5656,0.40608170560995,2
1,66487172,260819,0.590083777904511,0.48370087146759,4,5661,0.603024487702813,2
1,66508442,274324,0.352891892194748,0.471977055072784,4,5666,0.373844330356619,2
1,66538810,215780,0.658085286617279,0.549878418445587,4,5671,0.620197378448306,2
1,66545937,193083,0.419382005929947,0.381433635950089,4,5676,0.530674453207737,2
1,66621293,566022,0.47503188252449,0.489277750253677,4,5681,0.485441942003493,2
1,66759145,188872,0.555054605007172,0.456710875034332,4,5686,0.59050772917556,2
1,66778534,1768,0.442343056201935,0.523510694503784,4,5691,0.422477573854738,2
1,66791143,331066,0.381655126810074,0.506219744682312,4,5696,0.376965863954585,2
1,66803590,424748,0.392964035272598,0.475512087345123,4,5701,0.413200889872845,2
1,66828037,849807,0.610414981842041,0.416170597076416,4,5706,0.666353718905666,2
1,66856380,468585,0.579537272453308,0.520303606987,4,5711,0.561740786807108,2
1,66879813,497072,0.607835471630096,0.483565032482147,4,5716,0.620315670862908,2
1,66899350,693989,0.272609710693359,0.348301410675049,4,5721,0.391341668936985,2
1,66915440,434759,0.73369175195694,0.580511629581451,4,5726,0.682579700865904,2
1,67013376,1786,0.60108894109726,0.50451534986496,4,5731,0.597453666027777,2
1,67017863,465810,0.382493138313293,0.501806437969208,4,5736,0.381116212718622,2
1,67061031,762534,0.673597693443298,0.547849535942078,4,5741,0.639055654585275,2
1,67109873,361583,0.228552162647247,0.378420531749725,4,5746,0.301981715408619,2
1,67137622,267050,0.364379316568375,0.449573367834091,4,5751,0.405250113372867,2
1,67158792,159365,0.62207967042923,0.439524084329605,4,5756,0.66285765453567,2
1,67207190,101877,0.475363671779633,0.630107939243317,4,5761,0.377208127507873,2
1,67259707,902164,0.589077889919281,0.474060595035553,4,5766,0.609344625823866,2
1,67276315,304619,0.673346936702728,0.55801260471344,4,5771,0.630472422086281,2
1,67285989,497081,0.507668852806091,0.39507931470871,4,5776,0.593061405267672,2
1,67451581,1796,0.644971311092377,0.547065615653992,4,5781,0.60807933645814,2
1,67512991,894428,0.789418280124664,0.688770532608032,4,5786,0.661693795192398,2
1,67523062,186854,0.371696591377258,0.529078722000122,4,5791,0.351267756499545,2
1,67826999,245828,0.343863427639008,0.477378308773041,4,5796,0.360158202959416,2
1,67829046,435785,0.599051773548126,0.546819865703583,4,5801,0.557628196705529,2
1,67883383,191271,0.378028362989426,0.486008435487747,4,5806,0.388911318596811,2
1,67901227,306369,0.560703754425049,0.417606502771378,4,5811,0.622852720999302,2
1,67929410,733170,0.54238897562027,0.468374878168106,4,5816,0.569611173750709,2
1,67940523,909096,0.57257342338562,0.463625073432922,4,5821,0.601559883354347,2
1,67991732,772655,0.379366040229797,0.479578226804733,4,5826,0.395520500125062,2
1,68009867,923868,0.604217529296875,0.478238880634308,4,5831,0.620724450315232,2
1,68021260,858588,0.579559206962585,0.409310102462769,4,5836,0.644110391264213,2
1,68039831,169360,0.469803214073181,0.651441335678101,4,5841,0.360587506766171,2
1,68063990,413256,0.557769358158112,0.426540613174439,4,5846,0.614418516810844,2
1,68088137,665964,0.624140322208405,0.517067790031433,4,5851,0.610856689579621,2
1,68116105,752552,0.504712760448456,0.421405553817749,4,5856,0.571991018216986,2
1,68144964,62518,0.500371813774109,0.379681468009949,4,5861,0.597280944821181,2
1,68188333,200461,0.721696555614471,0.61744099855423,4,5866,0.636260755421044,2
1,68194762,218862,0.390481621026993,0.512015819549561,4,5871,0.381317926241531,2
1,68286072,658903,0.438398361206055,0.357045650482178,4,5876,0.563264764275167,2
1,68333600,844813,0.34862893819809,0.447868049144745,4,5881,0.389209432179675,2
1,68343808,554192,0.330653160810471,0.435867547988892,4,5886,0.379304633180557,2
1,68355170,364175,0.761214137077332,0.693526387214661,4,5891,0.610429980003011,2
1,68453517,802099,0.381941020488739,0.489601939916611,4,5896,0.39005260125582,2
1,68557801,565284,0.215097412467003,0.334099113941193,4,5901,0.321906589229781,2
1,68576775,908692,0.364610910415649,0.373089522123337,4,5906,0.488637295870126,2
1,68674323,135827,0.315890252590179,0.451562166213989,4,5911,0.349774932694963,2
1,68706332,588595,0.579714477062225,0.438478529453278,4,5916,0.625761840835253,2
1,68738027,456912,0.652341663837433,0.490838646888733,4,5921,0.658597089077779,2
1,68757598,651931,0.633578360080719,0.505567729473114,4,5926,0.62945213959355,2
1,68767443,478743,0.68270754814148,0.693598926067352,4,5931,0.492148648508133,2
1,68795844,424886,0.399758785963058,0.628319621086121,4,5936,0.318117382099282,2
1,68830009,848247,0.406282901763916,0.340341418981552,4,5941,0.549981524291367,2
1,68919498,818203,0.675979793071747,0.500634968280792,4,5946,0.675567784739832,2
1,68998061,220334,0.252986192703247,0.386618703603745,4,5951,0.327177902084296,2
1,69038041,497113,0.470322787761688,0.468439310789108,4,5956,0.501771648102285,2
1,69076840,497117,0.525325357913971,0.523670434951782,4,5961,0.501737161708639,2
1,69299139,302790,0.521015644073486,0.586888730525971,4,5966,0.443879407606406,2
1,69461128,1855,0.356806755065918,0.507539689540863,4,5971,0.351506258937796,2
1,69671754,231866,0.432043552398682,0.516583681106567,4,5976,0.418173829526715,2
1,69712127,316185,0.408699840307236,0.469659507274628,4,5981,0.435102275134243,2
1,69732787,90599,0.412124842405319,0.536597728729248,4,5986,0.384016573627044,2
1,69745667,839498,0.502032220363617,0.391890734434128,4,5991,0.590560604949012,2
1,69781388,778915,0.484759747982025,0.564122974872589,4,5996,0.429657866790048,2
1,69824244,560660,0.470451503992081,0.48661482334137,4,6001,0.483392080785474,2
1,69873121,927251,0.574290812015533,0.499254882335663,4,6006,0.574924274878471,2
1,69913646,177172,0.579419136047363,0.481119900941849,4,6011,0.594722494930855,2
1,69931226,297788,0.507721602916718,0.414877355098724,4,6016,0.579337424920256,2
1,69975525,885075,0.545940101146698,0.431317299604416,4,6021,0.600779223161307,2
1,69998420,562541,0.392262637615204,0.498355567455292,4,6026,0.393556993471729,2
1,70052857,696124,0.618809580802918,0.499919354915619,4,6031,0.618871053155074,2
1,70091947,267178,0.562032759189606,0.48303085565567,4,6036,0.576408722259559,2
1,70132802,574764,0.189008116722107,0.352858155965805,4,6041,0.267824497643783,2
1,70169675,383082,0.440411001443863,0.537560284137726,4,6046,0.409638708847608,2
1,70344059,394072,0.420428723096848,0.481568157672882,4,6051,0.436520476279533,2
1,70374930,456054,0.628781080245972,0.546682000160217,4,6056,0.590553518848547,2
1,70452479,785506,0.31267660856247,0.456575453281403,4,6061,0.342415044780952,2
1,70504473,822856,0.548135757446289,0.489225566387177,4,6066,0.5576675212994,2
1,70638837,614330,0.314993023872376,0.460410565137863,4,6071,0.342078405366366,2
1,70705465,643073,0.279784023761749,0.464485019445419,4,6076,0.301176584872213,2
1,70774780,206050,0.294506251811981,0.423802196979523,4,6081,0.347457202807058,2
1,70796856,135767,0.622158706188202,0.559227287769318,4,6086,0.571387607118869,2
1,70823388,768024,0.663320422172546,0.666748464107513,4,6091,0.497429283965764,2
1,70860694,177710,0.636801421642304,0.596187055110931,4,6096,0.550288589117084,2
1,70905124,813666,0.477505087852478,0.519455075263977,4,6101,0.459621159356099,2
1,70954179,62520,0.381142199039459,0.319509476423264,4,6106,0.545285511319281,2
1,70982740,497143,0.514614403247833,0.629568219184876,4,6111,0.408704241705627,2
1,71017730,636082,0.516779005527496,0.402964442968369,4,6116,0.595316402196375,2
1,71046127,724202,0.215970829129219,0.407275497913361,4,6121,0.265140955244946,2
1,71086812,759286,0.48310786485672,0.658087313175201,4,6126,0.367054534546317,2
1,71125458,497146,0.622599482536316,0.510106503963471,4,6131,0.614813708982633,2
1,71167271,303519,0.554440379142761,0.525626957416534,4,6136,0.530370003288242,2
1,71189761,179968,0.419990509748459,0.530004560947418,4,6141,0.396214052382585,2
1,71230731,1904,0.378058880567551,0.49381884932518,4,6146,0.382791058992767,2
1,71253386,403587,0.150228321552277,0.348305255174637,4,6151,0.215656122496564,2
1,71299298,1909,0.3188197016716,0.361218571662903,4,6156,0.441311337072018,2
1,71439793,666538,0.292417019605637,0.303726375102997,4,6161,0.481382328924307,2
1,71466441,1914,0.368403166532517,0.565419435501099,4,6166,0.325778655102315,2
1,71534791,827110,0.556531965732575,0.454060286283493,4,6171,0.593848896567261,2
1,71589957,863792,0.559846580028534,0.477117121219635,4,6176,0.57910897656648,2
1,71864050,497153,0.628754377365112,0.519271314144135,4,6181,0.613871988964066,2
1,71902768,725161,0.611059367656708,0.416830211877823,4,6186,0.666528822081394,2
1,71960052,238504,0.602527439594269,0.436042100191116,4,6191,0.647604404034035,2
1,71999607,905224,0.446512013673782,0.564970850944519,4,6196,0.395163761924445,2
1,72062259,196914,0.49376392364502,0.401954382658005,4,6201,0.576757974914239,2
1,72288875,844578,0.436793774366379,0.539390087127686,4,6206,0.404895997155191,2
1,72322424,553558,0.506228148937225,0.614935398101807,4,6211,0.411610837902534,2
1,72359774,1940,0.662069439888001,0.58372837305069,4,6216,0.594098494547228,2
1,72418322,385333,0.332458883523941,0.416874349117279,4,6221,0.398751907172886,2
1,72513322,1943,0.418926298618317,0.58685302734375,4,6226,0.356926077824363,2
1,72680725,213154,0.709946990013123,0.580665826797485,4,6231,0.654150521800189,2
1,72712861,367427,0.530927777290344,0.415043324232101,4,6236,0.599053876858586,2
1,72728411,497167,0.643599808216095,0.546995580196381,4,6241,0.60662614292107,2
1,72753392,231291,0.415846824645996,0.453906118869782,4,6246,0.458075808364787,2
1,72781866,631840,0.414741277694702,0.473144948482513,4,6251,0.438281417803228,2
1,72814132,639388,0.51087898015976,0.349901378154755,4,6256,0.623810139412452,2
1,73597497,374461,0.280088812112808,0.333572179079056,4,6261,0.419832392626526,2
1,73692513,409820,0.335988491773605,0.494961589574814,4,6266,0.339408651954416,2
1,73713306,187024,0.505229949951172,0.628937840461731,4,6271,0.401653325215939,2
1,73815516,748801,0.532995939254761,0.398001044988632,4,6276,0.612122199833037,2
1,73848277,344683,0.39295020699501,0.509910583496094,4,6281,0.385312856521658,2
1,73865083,393395,0.476505041122437,0.426320642232895,4,6286,0.543739066265929,2
1,73887692,877657,0.376116752624512,0.435948133468628,4,6291,0.431377867857735,2
1,73976455,839018,0.710462868213654,0.504791378974915,4,6296,0.707661458733289,2
1,74007984,898783,0.559725522994995,0.40804934501648,4,6301,0.628115558874361,2
1,74032543,305014,0.63602602481842,0.578651785850525,4,6306,0.568084113141087,2
1,74072604,263270,0.606147706508637,0.529474496841431,4,6311,0.581476146513324,2
1,74104113,1970,0.39310410618782,0.547295451164246,4,6316,0.359133357815766,2
1,74122160,586511,0.297088801860809,0.393065690994263,4,6321,0.37791240582372,2
1,74250927,801803,0.60803610086441,0.523035705089569,4,6326,0.58910561721481,2
1,74359556,903528,0.659134209156036,0.578051567077637,4,6331,0.596081221959792,2
1,74445929,659756,0.475682318210602,0.612805008888245,4,6336,0.38811882353376,2
1,74709042,459919,0.401505351066589,0.523858785629273,4,6341,0.383219067887056,2
1,74748322,748224,0.403226226568222,0.527579426765442,4,6346,0.3821474133671,2
1,74767813,209611,0.461564779281616,0.576144814491272,4,6351,0.400563163697977,2
1,74777826,140705,0.373867273330689,0.452860713005066,4,6356,0.412783956075371,2
1,74785225,185660,0.580307900905609,0.479117393493652,4,6361,0.597133697831321,2
1,74807828,741600,0.645492970943451,0.511569738388062,4,6366,0.637095551894563,2
1,74868466,104615,0.25907027721405,0.368872493505478,4,6371,0.351165079770583,2
1,74899960,873991,0.373368233442307,0.558809399604797,4,6376,0.334074761185443,2
1,74922510,461309,0.35700461268425,0.465695947408676,4,6381,0.383302254046627,2
1,75122077,387779,0.527906060218811,0.405248284339905,4,6386,0.603116790291872,2
1,75146613,285499,0.337903916835785,0.544780552387238,4,6391,0.310128468568751,2
1,75219251,109788,0.421379327774048,0.583711981773377,4,6396,0.360947985420699,2
1,75307415,497213,0.346144199371338,0.476362317800522,4,6401,0.363320298895144,2
1,75387614,340587,0.318713396787643,0.432449668645859,4,6406,0.3684976771813,2
1,75551134,296265,0.570059478282929,0.464696705341339,4,6411,0.598414089725316,2
1,75567126,497220,0.470048427581787,0.548844695091248,4,6416,0.4282162438535,2
1,75635677,142787,0.662866473197937,0.49849408864975,4,6421,0.663878810626212,2
1,75731564,114390,0.425809890031815,0.415971875190735,4,6426,0.508422552290862,2
1,75822485,408657,0.4000583589077,0.578547179698944,4,6431,0.345743936662068,2
1,75868521,768036,0.304527074098587,0.30062335729599,4,6436,0.50279085442967,2
1,76174733,585190,0.452383607625961,0.465759873390198,4,6441,0.485640384103001,2
1,76384641,913030,0.665819346904755,0.54540890455246,4,6446,0.632438188471061,2
1,76399120,594841,0.530846893787384,0.455680817365646,4,6451,0.569045955773554,2
1,76447756,654177,0.551502645015717,0.54255998134613,4,6456,0.509774684444861,2
1,76471624,615291,0.67603725194931,0.605653762817383,4,6461,0.589240726163356,2
1,76517206,313426,0.617433249950409,0.508478939533234,4,6466,0.610833816880307,2
1,76555463,621714,0.450973153114319,0.59643030166626,4,6471,0.378060229212387,2
1,76584475,685919,0.308408319950104,0.375065952539444,4,6476,0.411138784875001,2
1,76672052,355670,0.351939409971237,0.454604119062424,4,6481,0.387083393235721,2
1,76770433,811942,0.306305676698685,0.398968636989594,4,6486,0.383871874002309,2
1,76863175,614160,0.514016449451447,0.647013545036316,4,6491,0.397222325092588,2
1,76878811,462333,0.334077447652817,0.355530887842178,4,6496,0.469829006532219,2
1,76880498,261773,0.273364037275314,0.415703326463699,4,6501,0.328797028882069,2
1,76883375,131573,0.491685956716538,0.590794742107391,4,6506,0.416122488635115,2
1,76899334,599320,0.723674476146698,0.549020230770111,4,6511,0.693638669950576,2
1,76920142,100304,0.749702394008637,0.636377334594727,4,6516,0.655827826749474,2
1,76969542,154086,0.366756707429886,0.464114964008331,4,6521,0.395114072882276,2
1,76994760,497265,0.782824277877808,0.689855694770813,4,6526,0.649879558546616,2
1,77013131,385954,0.465259999036789,0.577079296112061,4,6531,0.403116176729413,2
1,77089718,754871,0.645818293094635,0.543508887290955,4,6536,0.612060676489982,2
1,77130284,607873,0.70430189371109,0.617643058300018,4,6541,0.613321906783988,2
1,77234323,117095,0.376169174909592,0.529122769832611,4,6546,0.355464928327119,2
1,77276843,913455,0.379540711641312,0.497746080160141,4,6551,0.381259367747508,2
1,77373278,629186,0.496289432048798,0.611683309078217,4,6556,0.405675146504068,2
1,77417394,480212,0.441222637891769,0.472105979919434,4,6561,0.467291939372454,2
1,77512410,351744,0.398644864559174,0.417432188987732,4,6566,0.477496555220002,2
1,77533928,294269,0.624385714530945,0.518535733222961,4,6571,0.609925064653865,2
1,77575518,260954,0.671597063541412,0.632456064224243,4,6576,0.553246694486411,2
1,77598495,134022,0.233861744403839,0.440733402967453,4,6581,0.265309757360403,2
1,77643070,2083,0.679346740245819,0.523074567317963,4,6586,0.663832920430605,2
1,77766857,452426,0.345899969339371,0.455019176006317,4,6591,0.380093837335955,2
1,77779078,636427,0.326698422431946,0.497638195753098,4,6596,0.328248941922092,2
1,77795439,879299,0.53405237197876,0.665495157241821,4,6601,0.401244371328085,2
1,77861987,113226,0.586941421031952,0.459300190210342,4,6606,0.618033360203386,2
1,78012705,428480,0.628833830356598,0.43293109536171,4,6611,0.672732743227956,2
1,78362843,119679,0.554767727851868,0.440839558839798,4,6616,0.601874310685928,2
1,78487085,835970,0.631660401821137,0.549078583717346,4,6621,0.591570077536554,2
1,78751829,663526,0.565178513526917,0.530273199081421,4,6626,0.537154910447132,2
1,78876272,805039,0.487775564193726,0.490916520357132,4,6631,0.49680092639669,2
1,78942596,142168,0.245922684669495,0.331370443105698,4,6636,0.371069130916804,2
1,78971235,431415,0.480862349271774,0.563604116439819,4,6641,0.426595845599293,2
1,78988855,798457,0.508691668510437,0.413962304592133,4,6646,0.580821903318331,2
1,79052418,909669,0.518120765686035,0.498225897550583,4,6651,0.519824526652866,2
1,79093372,380459,0.58089804649353,0.553604364395142,4,6656,0.530571179377019,2
1,79131827,497303,0.464466333389282,0.509627938270569,4,6661,0.455691592346229,2
1,79169243,865126,0.420732498168945,0.519053876399994,4,6666,0.405287887537825,2
1,79246223,360436,0.551441133022308,0.490753382444382,4,6671,0.559585816072012,2
1,79258599,497305,0.714126527309418,0.483557939529419,4,6676,0.723227933419971,2
1,79340228,621899,0.577500939369202,0.692860782146454,4,6681,0.416751066195526,2
1,79484626,553862,0.607833206653595,0.446483880281448,4,6686,0.645749437662437,2
1,79557250,98923,0.552022278308868,0.44786149263382,4,6691,0.594324869833765,2
1,79607654,320608,0.4145827293396,0.468417435884476,4,6696,0.442535543704491,2
1,79628674,106922,0.602056860923767,0.622138738632202,4,6701,0.483860611418776,2
1,79643115,471922,0.655793011188507,0.601290702819824,4,6706,0.56834842923672,2
1,79715342,497320,0.492263734340668,0.656439363956451,4,6711,0.374949889791592,2
1,79760089,707578,0.602061569690704,0.502653539180756,4,6716,0.599938411491057,2
1,79812941,378736,0.387120276689529,0.481205970048904,4,6721,0.402239686105917,2
1,79848408,235022,0.191826924681664,0.38409212231636,4,6726,0.249714734481932,2
1,79876184,375084,0.732651948928833,0.645037531852722,4,6731,0.623413635156152,2
1,79901557,2141,0.422323793172836,0.607753872871399,4,6736,0.347446402256165,2
1,79953667,488848,0.558625757694244,0.432476967573166,4,6741,0.611139797781989,2
1,80041098,239104,0.305586934089661,0.536967813968658,4,6746,0.284548650906195,2
1,80077300,98816,0.60674911737442,0.410509437322617,4,6751,0.666448534104185,2
1,80085779,904192,0.558658301830292,0.56748777627945,4,6756,0.492220559791574,2
1,80142490,171465,0.310850322246552,0.462090522050858,4,6761,0.336352194443343,2
1,80188488,2154,0.617510199546814,0.550177037715912,4,6766,0.574844069196692,2
1,80195209,354786,0.322414755821228,0.486087590456009,4,6771,0.331642652632588,2
1,80227152,2163,0.362224787473679,0.521008789539337,4,6776,0.347618691609741,2
1,80272838,862958,0.693761050701141,0.655827462673187,4,6781,0.555108388836867,2
1,80287084,405880,0.581796944141388,0.666671752929688,4,6786,0.436344379062622,2
1,80287829,2175,0.598160207271576,0.507975697517395,4,6791,0.591646397646557,2
1,80336158,841741,0.396577179431915,0.409498333930969,4,6796,0.484223190391256,2
1,80354609,679166,0.46767121553421,0.583096504211426,4,6801,0.401023854676238,2
1,80380674,290446,0.349009573459625,0.441861897706985,4,6806,0.394930605321242,2
1,80431643,2180,0.394060611724854,0.491106539964676,4,6811,0.401196664733071,2
1,80458298,636073,0.679980576038361,0.552051305770874,4,6816,0.642794556514602,2
1,80462079,362939,0.309313088655472,0.43164473772049,4,6821,0.358295910531599,2
1,80483504,654093,0.547135412693024,0.429243147373199,4,6826,0.603277135243534,2
1,80540924,258319,0.692707479000092,0.588051438331604,4,6831,0.627025617281718,2
1,80613592,80981,0.53280770778656,0.50236177444458,4,6836,0.530590428727615,2
1,80631082,249698,0.65105015039444,0.487908810377121,4,6841,0.65928934467459,2
1,80727173,2192,0.421158194541931,0.461858212947846,4,6846,0.45593883873349,2
1,80754015,731475,0.332264333963394,0.611226975917816,4,6851,0.271801104217028,2
1,80780548,166406,0.489652812480927,0.525816261768341,4,6856,0.465612085516531,2
1,80811644,193247,0.481111764907837,0.380857944488525,4,6861,0.580961888735285,2
1,80917846,171018,0.657688438892365,0.56501841545105,4,6866,0.606521777855732,2
1,80927103,85879,0.311365783214569,0.420117855072022,4,6871,0.370569566914969,2
1,80982713,2202,0.621571123600006,0.69804584980011,4,6876,0.445222275712976,2
1,81041168,96340,0.485997468233109,0.603759288787842,4,6881,0.402476183189528,2
1,81137217,640898,0.560618162155151,0.448971807956696,4,6886,0.601307297712348,2
1,81205753,825875,0.449214488267899,0.557981193065643,4,6891,0.402535510023051,2
1,81227341,710476,0.410038381814957,0.430077582597733,4,6896,0.476702807128732,2
1,81240453,62546,0.318045973777771,0.508912622928619,4,6901,0.312476012038692,2
1,81335837,497352,0.562142014503479,0.480357110500336,4,6906,0.578693373522237,2
1,81351372,706987,0.573520958423615,0.449089407920837,4,6911,0.61293261764415,2
1,81370494,482431,0.605052173137665,0.460460841655731,4,6916,0.633995215403506,2
1,81373758,155570,0.554366409778595,0.46331450343132,4,6921,0.58482799230594,2
1,81409371,342159,0.540517151355743,0.419592410326004,4,6926,0.604172260305607,2
1,81455710,556752,0.280409783124924,0.431291043758392,4,6931,0.325081852710589,2
1,81481892,743519,0.263483077287674,0.38125678896904,4,6936,0.345545423597782,2
1,81518826,626410,0.429179400205612,0.57011479139328,4,6941,0.376397356010321,2
1,81527618,538706,0.52111542224884,0.576066315174103,4,6946,0.452305063255908,2
1,81568669,2222,0.616854608058929,0.486488372087479,4,6951,0.626936011655085,2
1,81630470,785257,0.388338208198547,0.528038263320923,4,6956,0.367717867410045,2
1,81654007,860330,0.516258001327515,0.441085338592529,4,6961,0.56724878405022,2
1,81664439,833327,0.350103974342346,0.457955837249756,4,6966,0.382246437172729,2
1,81697182,468922,0.342989653348923,0.422883927822113,4,6971,0.40553640228815,2
1,81744474,556882,0.30080509185791,0.383158922195435,4,6976,0.392533064523656,2
1,81759716,584739,0.265242516994476,0.366096764802933,4,6981,0.362257389978923,2
1,81770169,803968,0.465690642595291,0.434584736824036,4,6986,0.527507133072896,2
1,81796993,651289,0.397388696670532,0.565762877464294,4,6991,0.35119721750886,2
1,81827112,162001,0.399535596370697,0.535847544670105,4,6996,0.372807154147428,2
1,81842965,764013,0.298084169626236,0.410808712244034,4,7001,0.362801665035239,2
1,81868663,443628,0.393930226564407,0.567952573299408,4,7006,0.346798522520946,2
1,81917369,497370,0.379260838031769,0.567726075649262,4,7011,0.334017455159198,2
1,81942544,582255,0.46498167514801,0.576063513755798,4,7016,0.403585424215152,2
1,81998391,2233,0.383884221315384,0.315642863512039,4,7021,0.549858001155326,2
1,82021382,2232,0.369458556175232,0.504983365535736,4,7026,0.36581260036484,2
1,82143755,91592,0.327466636896133,0.476020127534866,4,7031,0.343963015379164,2
1,82171361,645516,0.365813195705414,0.501582503318787,4,7036,0.364659047399942,2
1,82188808,2238,0.782392024993897,0.50320690870285,4,7041,0.780987317639705,2
1,82314398,850802,0.440220922231674,0.607178688049316,4,7046,0.362513483177392,2
1,82343774,2244,0.286815881729126,0.558315515518189,4,7051,0.256858240329327,2
1,82484294,2249,0.634140193462372,0.504466235637665,4,7056,0.630842706542484,2
1,82485810,366130,0.353904515504837,0.407190650701523,4,7061,0.434568567445148,2
1,82521165,365523,0.435336261987686,0.530756771564484,4,7066,0.41010900407777,2
1,82544903,436002,0.680085778236389,0.575427412986755,4,7071,0.623251439743057,2
1,82573595,277361,0.665721833705902,0.551909387111664,4,7076,0.626997133303706,2
1,82609145,497386,0.560563683509827,0.360806792974472,4,7081,0.656257050559814,2
1,82630340,538707,0.340636253356934,0.541085422039032,4,7086,0.314771235263811,2
1,82830391,820683,0.342126041650772,0.513751745223999,4,7091,0.332968252498688,2
1,82856838,405060,0.589039325714111,0.408309549093246,4,7096,0.652723249415214,2
1,82910622,453230,0.589007914066315,0.404249906539917,4,7101,0.655063347496375,2
1,82936481,298670,0.635856628417969,0.47573983669281,4,7106,0.652707379781723,2
1,82956164,2264,0.347185492515564,0.485145509243012,4,7111,0.357815836590231,2
1,82976425,458002,0.632460236549377,0.534196853637695,4,7116,0.605477371373585,2
1,83006435,2272,0.451618015766144,0.616135835647583,4,7121,0.366492248654451,2
1,83018649,219348,0.430743485689163,0.555163502693176,4,7126,0.387942906548761,2
1,83024212,62551,0.441734582185745,0.504585981369019,4,7131,0.437719832195151,2
1,83037544,141807,0.674321055412293,0.539353489875794,4,7136,0.646497979003582,2
1,83057411,722334,0.460790693759918,0.570323944091797,4,7141,0.403972775940257,2
1,83087922,124560,0.369464635848999,0.41279074549675,4,7146,0.447520492985359,2
1,83121539,108737,0.32647055387497,0.386945873498917,4,7151,0.421855582698033,2
1,83149458,561270,0.475607216358185,0.583531081676483,4,7156,0.407525178429028,2
1,83185369,2278,0.284300923347473,0.574062049388886,4,7161,0.247622119986963,2
1,83263081,922056,0.619053483009338,0.465763717889786,4,7166,0.643466262263266,2
1,83291063,313049,0.527559220790863,0.453883290290833,4,7171,0.567454382177087,2
1,83325530,430868,0.812280416488648,0.650147378444672,4,7176,0.731716197127788,2
1,83364913,484320,0.696659088134766,0.527234554290772,4,7181,0.679184556931639,2
1,83460490,559298,0.516646921634674,0.461430162191391,4,7186,0.551262394927235,2
1,83518435,392027,0.319399267435074,0.499571084976196,4,7191,0.319673492962761,2
1,83576870,631244,0.703250348567963,0.621517777442932,4,7196,0.607974121707535,2
1,83602568,930503,0.608843982219696,0.640291452407837,4,7201,0.47544284710511,2
1,83640820,560253,0.350484043359756,0.356512099504471,4,7206,0.491545790236723,2
1,83684309,931296,0.646182477474213,0.469788074493408,4,7211,0.666343300192907,2
1,83752670,2292,0.573263287544251,0.434422969818115,4,7216,0.622742182158181,2
1,83802829,589613,0.442744940519333,0.543778359889984,4,7221,0.407100551600571,2
1,83810786,663036,0.730587244033814,0.557701528072357,4,7226,0.695440100898358,2
1,83834103,273519,0.432512432336807,0.452677458524704,4,7231,0.477726938012757,2
1,83866722,283252,0.413365662097931,0.528062045574188,4,7236,0.391398762287922,2
1,83884056,345406,0.488045692443848,0.625164449214935,4,7241,0.390333849802818,2
1,83899293,699445,0.356331735849381,0.425959527492523,4,7246,0.418269474974515,2
1,83971715,397893,0.372188746929169,0.339376717805862,4,7251,0.524834145274389,2
1,83991303,476419,0.359149992465973,0.512760400772095,4,7256,0.350212294012153,2
1,84033245,621102,0.305325269699097,0.509007394313812,4,7261,0.299922234047997,2
1,84041887,203746,0.699958920478821,0.576638221740723,4,7266,0.645644582329978,2
1,84052373,497418,0.300623536109924,0.409574061632156,4,7271,0.366995330358491,2
1,84062536,638780,0.509666740894318,0.368034392595291,4,7276,0.61205700645694,2
1,84092024,399660,0.343849807977676,0.429274559020996,4,7281,0.400501032208688,2
1,84138931,2309,0.789997816085815,0.641121625900269,4,7286,0.70741872585526,2
1,84217255,2314,0.325936824083328,0.59453958272934,4,7291,0.274108598949003,2
1,84263044,459277,0.684153139591217,0.474385559558868,4,7296,0.6995451074901,2
1,84288937,446510,0.324030518531799,0.58356523513794,4,7301,0.277630073744204,2
1,84305720,210673,0.241935551166534,0.589817464351654,4,7306,0.205093580462625,2
1,84311837,191485,0.247453436255455,0.485911816358566,4,7311,0.254627926225253,2
1,84362903,83380,0.656749129295349,0.47370857000351,4,7316,0.673896579783809,2
1,84396892,735275,0.700287997722626,0.498210281133652,4,7321,0.701356971846206,2
1,84495258,2326,0.376863211393356,0.530013501644135,4,7326,0.355522274644234,2
1,84505232,158742,0.232858240604401,0.448896735906601,4,7331,0.259367268659367,2
1,84518161,672731,0.797430157661438,0.620692193508148,4,7336,0.732974329987968,2
1,84948172,194343,0.64990097284317,0.598144292831421,4,7341,0.564397094639292,2
1,84993425,460708,0.689854383468628,0.542593359947205,4,7346,0.660973858517255,2
1,85008123,876057,0.625547230243683,0.661959707736969,4,7351,0.472496454793473,2
1,85039401,778708,0.656081557273865,0.68706488609314,4,7356,0.477452399732247,2
1,85055677,149977,0.594045221805573,0.53631454706192,4,7361,0.56225197963172,2
1,85121772,497440,0.628479301929474,0.501592338085175,4,7366,0.627292348754044,2
1,85129034,2353,0.611045598983765,0.443754464387894,4,7371,0.650375260460994,2
1,85166954,898317,0.471952348947525,0.44148251414299,4,7376,0.52727742244075,2
1,85185024,96871,0.515207767486572,0.469867944717407,4,7381,0.542762762897818,2
1,85196129,316761,0.570996761322022,0.541487634181976,4,7386,0.532179205338768,2
1,85207201,438223,0.640020787715912,0.46543824672699,4,7391,0.66329501682452,2
1,85312926,2356,0.355716705322266,0.515237808227539,4,7396,0.345196625366023,2
1,85324011,847015,0.351081520318985,0.50262326002121,4,7401,0.349249177509384,2
1,85343353,497447,0.7202188372612,0.612715244293213,4,7406,0.638791407851563,2
1,85386139,387310,0.372622281312943,0.346871793270111,4,7411,0.51971319549324,2
1,85468592,672764,0.372687071561813,0.474225729703903,4,7416,0.392942693972459,2
1,85501252,755566,0.575046002864838,0.51679128408432,4,7421,0.560279043880784,2
1,85540382,847708,0.388411074876785,0.473749309778214,4,7426,0.409933130096401,2
1,85588198,435126,0.740453183650971,0.581897974014282,4,7431,0.689613060667284,2
1,85671716,250928,0.324601233005524,0.381710797548294,4,7436,0.425192626316073,2
1,85687771,105394,0.627844929695129,0.43584355711937,4,7441,0.670166781748857,2
1,85697823,912746,0.617043793201447,0.593182563781738,4,7446,0.529326704432239,2
1,85725634,576996,0.487054795026779,0.517384171485901,4,7451,0.470689694301995,2
1,85740820,793114,0.646780252456665,0.629538834095001,4,7456,0.523270210144085,2
1,85793757,208804,0.397340625524521,0.435459733009338,4,7461,0.4562311913189,2
1,85828840,866454,0.325258821249008,0.373195022344589,4,7466,0.435775937210493,2
1,85851083,831820,0.481423586606979,0.459011286497116,4,7471,0.520714203042005,2
1,85898341,2380,0.629973232746124,0.516078472137451,4,7476,0.617678956247038,2
1,85948776,753554,0.302364438772202,0.455932080745697,4,7481,0.33158934361196,2
1,86020726,131000,0.49365758895874,0.398466199636459,4,7486,0.579123890681414,2
1,86040620,552452,0.582907378673554,0.493554800748825,4,7491,0.588215445675904,2
1,86091476,482813,0.262493491172791,0.347893089056015,4,7496,0.377261721244664,2
1,86117137,744880,0.322770804166794,0.372904688119888,4,7501,0.432779225429077,2
1,86189560,466367,0.245564639568329,0.366336435079575,4,7506,0.335162730285056,2
1,86228003,497470,0.247029721736908,0.573163390159607,4,7511,0.215496772803405,2
1,86237569,719842,0.435183733701706,0.587296783924103,4,7516,0.370497289968087,2
1,86322157,277584,0.687199056148529,0.583310425281525,4,7521,0.624659503345139,2
1,86342283,720974,0.636707901954651,0.509580075740814,4,7526,0.629611196370001,2
1,86361746,585060,0.548328816890717,0.399784415960312,4,7531,0.62374253924785,2
1,86387977,690870,0.393266797065735,0.526616930961609,4,7536,0.37338981519985,2
1,86412022,460125,0.421520620584488,0.503848373889923,4,7541,0.418301062808013,2
1,86424070,2395,0.34124830365181,0.469078898429871,4,7546,0.363742970312731,2
1,86448508,143969,0.379416912794113,0.466559559106827,4,7551,0.406611444764375,2
1,86463306,743883,0.296643495559692,0.474279791116715,4,7556,0.312730482213074,2
1,86493441,62560,0.626224637031555,0.44019490480423,4,7561,0.666155804782617,2
1,86511460,641200,0.468599706888199,0.606031239032745,4,7566,0.386613491769918,2
1,86589985,239782,0.42597234249115,0.522962033748627,4,7571,0.407268898124164,2
1,86646670,278175,0.40178194642067,0.563510775566101,4,7576,0.356498902808949,2
1,86671934,2403,0.343689531087875,0.469861894845963,4,7581,0.365734628470509,2
1,86690088,922217,0.71063357591629,0.483540564775467,4,7586,0.71985561270857,2
1,86713936,2406,0.311824142932892,0.432203412055969,4,7591,0.360737715430751,2
1,86724912,326576,0.74432647228241,0.516607999801636,4,7596,0.735542243549053,2
1,86739304,376769,0.556102454662323,0.482925057411194,4,7601,0.570760919959452,2
1,86855910,622862,0.548411786556244,0.43955671787262,4,7606,0.597115151662112,2
1,86930717,407678,0.701026558876038,0.645507216453552,4,7611,0.578308141941641,2
1,86973317,2415,0.673303186893463,0.527579605579376,4,7616,0.654230832363622,2
1,87017866,409715,0.689577162265778,0.569535970687866,4,7621,0.639432314204898,2
1,87038394,669690,0.347372800111771,0.478928804397583,4,7626,0.36265599074659,2
1,87070437,580260,0.560279309749603,0.450233101844788,4,7631,0.600084425120978,2
1,87405953,795822,0.488827407360077,0.587484657764435,4,7636,0.416034189914184,2
1,87421088,729747,0.541756808757782,0.521962404251099,4,7641,0.520703815644116,2
1,87471398,809346,0.404924005270004,0.499363899230957,4,7646,0.405439806415327,2
1,87483367,81580,0.405547618865967,0.512524127960205,4,7651,0.39563758732687,2
1,87500851,2430,0.392710983753204,0.486312955617905,4,7656,0.403763645628389,2
1,87522916,62565,0.389269948005676,0.465544313192368,4,7661,0.418080445807987,2
1,87542558,303450,0.31735959649086,0.473921567201614,4,7666,0.334822910006805,2
1,87584423,662133,0.395744621753693,0.310801774263382,4,7671,0.561624395071188,2
1,87611196,396932,0.60341864824295,0.462474703788757,4,7676,0.631104475870847,2
1,87639908,607205,0.486050307750702,0.557732045650482,4,7681,0.435738193224868,2
1,87695013,377192,0.40304571390152,0.517580628395081,4,7686,0.389355485686634,2
1,87720676,833776,0.269537746906281,0.378631889820099,4,7691,0.355936404398408,2
1,87761293,288784,0.640240371227264,0.482671916484833,4,7696,0.652290644721796,2
1,87794012,430914,0.271650224924088,0.400676429271698,4,7701,0.338989525061233,2
1,87836076,809862,0.597978413105011,0.44380846619606,4,7706,0.638594294895629,2
1,87927399,396085,0.411393493413925,0.507348537445068,4,7711,0.405434787972033,2
1,87962625,471579,0.369677811861038,0.537766456604004,4,7716,0.343715945203755,2
1,88055598,692205,0.640745997428894,0.449677169322968,4,7721,0.673597039278622,2
1,88175290,333628,0.692539155483246,0.553550481796265,4,7726,0.655660010840861,2
1,88202625,2445,0.526439607143402,0.575977027416229,4,7731,0.456997052039517,2
1,88220698,158116,0.538943231105804,0.437420397996902,4,7736,0.590229749485605,2
1,88405009,573084,0.358078688383102,0.471619099378586,4,7741,0.379627000745849,2
1,88436379,744647,0.297425746917725,0.404427140951157,4,7746,0.367712397118329,2
1,88442904,191673,0.551625549793243,0.411440908908844,4,7751,0.619091390317755,2
1,88474179,118982,0.410604774951935,0.475447177886963,4,7756,0.431809035839472,2
1,88513154,345162,0.403269052505493,0.301087379455566,4,7761,0.573100463524561,2
1,88551814,115811,0.382424145936966,0.320169746875763,4,7766,0.545786723064402,2
1,88561536,824728,0.256974101066589,0.425256818532944,4,7771,0.302139895079286,2
1,88594104,538722,0.280900597572327,0.405966490507126,4,7776,0.345965251000681,2
1,88610982,455187,0.505017578601837,0.574066698551178,4,7781,0.439859671251088,2
1,88616220,176277,0.661858797073364,0.527836263179779,4,7786,0.641923789823587,2
1,88665626,2460,0.603440582752228,0.492644101381302,4,7791,0.609190098777382,2
1,88706408,665436,0.416756480932236,0.482622116804123,4,7796,0.43176272535121,2
1,88745467,105115,0.406376957893372,0.373044431209564,4,7801,0.526582846012609,2
1,88768837,184907,0.645678043365479,0.491980493068695,4,7806,0.651271307695638,2
1,88855630,267456,0.730152487754822,0.693033039569855,4,7811,0.560461634263428,2
1,88906400,847892,0.307446241378784,0.419614404439926,4,7816,0.3663437648061,2
1,88916844,2469,0.470572113990784,0.441779106855392,4,7821,0.525789976234312,2
1,89032679,220938,0.579168379306793,0.531372785568237,4,7826,0.550995324499571,2
1,89134355,2477,0.671632468700409,0.522309422492981,4,7831,0.656296830248064,2
1,89190506,654551,0.664486289024353,0.494216471910477,4,7836,0.668322817626179,2
1,89201737,497517,0.374331891536713,0.57072377204895,4,7841,0.32794489196834,2
1,89245763,342069,0.479520410299301,0.65979790687561,4,7846,0.363384306999403,2
1,89278330,866389,0.564983487129211,0.427891790866852,4,7851,0.619812733040555,2
1,89445887,930159,0.676603317260742,0.377405524253845,4,7856,0.740283045114013,2
1,89751079,275760,0.50018697977066,0.465606123209,4,7861,0.532355214069177,2
1,89838793,2493,0.766953527927399,0.620664238929749,4,7866,0.692822960567852,2
1,89851917,393148,0.436071783304215,0.462662935256958,4,7871,0.471262932551561,2
1,89898154,286634,0.591020107269287,0.58117800951004,4,7876,0.511749738531796,2
1,89906980,462176,0.340899020433426,0.431084245443344,4,7881,0.395397215320212,2
1,89962077,785874,0.610786080360413,0.544619560241699,4,7886,0.572649716963944,2
1,90005035,779695,0.631191194057465,0.491845160722733,4,7891,0.63710981630414,2
1,90026864,226321,0.448283612728119,0.578409492969513,4,7896,0.387514052048716,2
1,90039704,247691,0.311701685190201,0.47351798415184,4,7901,0.329133945935039,2
1,90087996,497530,0.633775115013123,0.598688185214996,4,7906,0.543715296317557,2
1,90276671,872014,0.593275129795075,0.514907658100128,4,7911,0.580775828564948,2
1,90341949,665119,0.411587715148926,0.524164497852325,4,7916,0.392613117480616,2
1,90444213,442234,0.246573895215988,0.423569917678833,4,7921,0.291066344568584,2
1,90534297,753543,0.690267622470856,0.54745489358902,4,7926,0.657788391542279,2
1,90557829,855552,0.777177274227142,0.548724830150604,4,7931,0.75311878354927,2
1,90603042,185152,0.392092943191528,0.436880230903626,4,7936,0.448741915353482,2
1,90623249,391932,0.496984541416168,0.392710864543915,4,7941,0.585851755600684,2
1,90688660,2514,0.446123868227005,0.548186421394348,4,7946,0.406908900709598,2
1,90716114,226125,0.688824415206909,0.561885356903076,4,7951,0.6448696822897,2
1,90734959,2516,0.713982343673706,0.600801408290863,4,7956,0.64176018870491,2
1,90801295,422459,0.5171058177948,0.37640056014061,4,7961,0.612817017351648,2
1,90841168,426295,0.392726808786392,0.4763323366642,4,7966,0.412240339944895,2
1,90965637,698102,0.28659325838089,0.308321923017502,4,7971,0.464763023621615,2
1,91146987,538733,0.657344698905945,0.47633108496666,4,7976,0.672832116574802,2
1,91230623,331027,0.4897800385952,0.513175189495087,4,7981,0.477205492998497,2
1,91401243,723210,0.610811948776245,0.676463484764099,4,7986,0.451474442104774,2
1,91513560,204710,0.63606184720993,0.542865514755249,4,7991,0.601935355418202,2
1,91634788,487584,0.326239973306656,0.516703486442566,4,7996,0.315693605584873,2
1,91677791,420107,0.489203333854675,0.55052775144577,4,8001,0.444303972479092,2
1,91695842,675443,0.634531795978546,0.540725111961365,4,8006,0.602124769348689,2
1,91725893,112270,0.238044664263725,0.328748315572739,4,8011,0.362046971782971,2
1,91784777,327076,0.406014561653137,0.502400636672974,4,8016,0.404074489576556,2
1,91790337,734260,0.65876716375351,0.487992078065872,4,8021,0.66676996426396,2
1,91869375,917620,0.443333923816681,0.421161025762558,4,8026,0.519152906974978,2
1,91886948,637501,0.625756025314331,0.519095182418823,4,8031,0.610896001657858,2
1,91931035,557785,0.558702886104584,0.547228872776032,4,8036,0.512670875679399,2
1,91946384,737908,0.510450005531311,0.531773447990418,4,8041,0.479950632605212,2
1,91962660,597468,0.262095302343369,0.410258919000626,4,8046,0.319426696416281,2
1,92018636,342607,0.684422671794891,0.584573447704315,4,8051,0.620176747897794,2
1,92191962,2551,0.465192198753357,0.577538549900055,4,8056,0.402736924516866,2
1,92945370,661683,0.303872585296631,0.426048904657364,4,8061,0.35661702444818,2
1,93291421,788458,0.655484139919281,0.619364678859711,4,8066,0.547446281326921,2
1,93986278,196408,0.689946353435516,0.533055722713471,4,8071,0.667997166207665,2
1,93995816,468474,0.451082825660706,0.539099335670471,4,8076,0.418367076171314,2
1,94009783,325410,0.628664553165436,0.525666773319244,4,8081,0.608571120525268,2
1,94020736,2574,0.277863800525665,0.400947898626328,4,8086,0.346508613061253,2
1,94039472,566711,0.609528958797455,0.642185807228088,4,8091,0.474573676291919,2
1,94083282,676056,0.757324278354645,0.690333306789398,4,8096,0.608166252674269,2
1,94118915,268728,0.688216745853424,0.571807563304901,4,8101,0.635930918639058,2
1,94160731,124847,0.400449305772781,0.539876520633698,4,8106,0.370871199679828,2
1,94253117,768094,0.555019676685333,0.429338842630386,4,8111,0.610118616303111,2
1,94258994,2580,0.289952397346497,0.459222912788391,4,8116,0.315698965874669,2
1,94283261,497581,0.589904129505158,0.647700965404511,4,8121,0.455383086496361,2
1,94311887,885907,0.323037475347519,0.417166590690613,4,8126,0.387180424507072,2
1,94325182,672090,0.325999736785889,0.379826188087463,4,8131,0.429143312138893,2
1,94342806,328456,0.461843907833099,0.340582758188248,4,8136,0.591945692314388,2
1,94348948,883831,0.384820073843002,0.421733796596527,4,8141,0.456235754578569,2
1,94354044,812901,0.568285942077637,0.435273230075836,4,8146,0.617767316059466,2
1,94361580,764124,0.340316116809845,0.535478293895721,4,8151,0.317768358390376,2
1,94380195,400673,0.77065908908844,0.579492390155792,4,8156,0.727304684216621,2
1,94419102,247747,0.224095284938812,0.41325181722641,4,8161,0.271136478531244,2
1,94503542,291580,0.834543764591217,0.599068880081177,4,8166,0.793660023893527,2
1,94565012,259374,0.607981026172638,0.381206303834915,4,8171,0.683239360503458,2
1,94633217,497585,0.250597268342972,0.399164855480194,4,8176,0.313901969202053,2
1,94730966,2595,0.294854283332825,0.454739362001419,4,8181,0.324201408511349,2
1,94819334,747921,0.413332045078278,0.373914688825607,4,8186,0.53147922140094,2
1,94831620,420262,0.581468880176544,0.462084770202637,4,8191,0.610969259988122,2
1,94846818,650307,0.724269509315491,0.692281484603882,4,8196,0.551976113088989,2
1,94858547,860652,0.348886340856552,0.498539060354233,4,8201,0.349908731934318,2
1,94874505,341493,0.766378462314606,0.556342720985413,4,8206,0.736709450361894,2
1,94882813,392100,0.488291263580322,0.597439110279083,4,8211,0.408653580908208,2
1,94904210,895176,0.515259623527527,0.403232902288437,4,8216,0.593861341944522,2
1,94919692,85992,0.229288801550865,0.464665442705154,4,8221,0.246724611384923,2
1,94924401,466958,0.440421521663666,0.545076072216034,4,8226,0.404000050738891,2
1,94930872,2601,0.721026182174683,0.577435374259949,4,8231,0.669903961628661,2
1,94942350,677506,0.66499537229538,0.682233393192291,4,8236,0.487366478195789,2
1,94958007,178319,0.710129499435425,0.536081790924072,4,8241,0.687584476214068,2
1,94970839,170873,0.346629112958908,0.508521318435669,4,8246,0.340820630711433,2
1,94977931,749373,0.546600341796875,0.490459322929382,4,8251,0.555089830305846,2
1,95007897,399334,0.619340002536774,0.57655394077301,4,8256,0.550521265733197,2
1,95012949,115341,0.671810328960419,0.489138901233673,4,8261,0.678787764587945,2
1,95042585,466242,0.511993527412415,0.584140419960022,4,8266,0.438245248845693,2
1,95083206,378696,0.653532147407532,0.610314130783081,4,8271,0.555452378490524,2
1,95115640,914613,0.428985327482224,0.564450323581696,4,8276,0.380002729700034,2
1,95150017,497597,0.737467706203461,0.607218205928803,4,8281,0.665803891932741,2
1,95189478,656488,0.470057219266892,0.570198833942413,4,8286,0.412187110254915,2
1,95198953,497599,0.514045774936676,0.445809900760651,4,8291,0.561563599087824,2
1,95215130,234080,0.411906659603119,0.528832912445068,4,8296,0.38944877475445,2
1,95257767,690644,0.520326673984528,0.40755221247673,4,8301,0.59517670914027,2
1,95316266,436178,0.325238466262817,0.487924695014954,4,8306,0.333287564234528,2
1,95331855,434800,0.609495997428894,0.472330778837204,4,8311,0.62997273015984,2
1,95411255,770992,0.300647050142288,0.397166043519974,4,8316,0.378490375810751,2
1,95456101,2613,0.420977652072907,0.60107147693634,4,8321,0.350189343718844,2
1,95489342,579120,0.573054313659668,0.507589519023895,4,8326,0.56647380302101,2
1,95518937,394431,0.754797995090485,0.627874970436096,4,8331,0.670538145207715,2
1,95542451,362290,0.461119771003723,0.647404134273529,4,8336,0.356129770101916,2
1,95561414,159023,0.386760234832764,0.471472859382629,4,8341,0.41016171677327,2
1,95596270,864393,0.508626759052277,0.379493743181229,4,8346,0.604054563875867,2
1,95634362,763439,0.627665460109711,0.484703183174133,4,8351,0.638718377707239,2
1,95663565,161457,0.815132975578308,0.650196552276611,4,8356,0.735755857146557,2
1,95688411,179276,0.485935539007187,0.636005699634552,4,8361,0.382021371260041,2
1,95815598,349062,0.706419050693512,0.605656027793884,4,8366,0.627760318404158,2
1,95862319,826944,0.591922998428345,0.666011393070221,4,8371,0.444379033592549,2
1,95897523,776888,0.373184114694595,0.418682605028152,4,8376,0.445664699479815,2
1,95918556,335125,0.479552179574966,0.584335684776306,4,8381,0.410339631883467,2
1,95930087,692750,0.534774661064148,0.565169990062714,4,8386,0.473109569215456,2
1,95957426,684804,0.456389963626862,0.455937445163727,4,8391,0.500415869883998,2
1,96049209,396709,0.349846422672272,0.4010950922966,4,8396,0.436114065456538,2
1,96063360,646502,0.595871090888977,0.466205924749374,4,8401,0.621456168353613,2
1,96148400,2628,0.461899101734161,0.569809436798096,4,8406,0.405310154505066,2
1,96194594,2629,0.294627457857132,0.423762917518616,4,8411,0.347632420956453,2
1,96227464,2632,0.619089961051941,0.564923942089081,4,8416,0.562248907952952,2
1,96417742,607277,0.641214668750763,0.695308566093445,4,8421,0.461100797559129,2
1,97246872,607761,0.39283475279808,0.307319849729538,4,8426,0.561727554221925,2
1,97342132,829943,0.345887839794159,0.391150146722794,4,8431,0.442142029975114,2
1,97504613,731956,0.635119557380676,0.483732670545578,4,8436,0.646616760540591,2
1,97553627,2665,0.526444852352142,0.508837401866913,4,8441,0.517924258231547,2
1,97606506,748336,0.402222901582718,0.535576462745667,4,8446,0.375504647385638,2
1,97650656,171058,0.355212807655334,0.535368502140045,4,8451,0.331746083525115,2
1,97852262,919071,0.44882732629776,0.455191254615784,4,8456,0.493009610517017,2
1,98426850,390168,0.495430082082748,0.528507590293884,4,8461,0.468706685751909,2
1,98546020,493558,0.65073162317276,0.538898944854736,4,8466,0.621266994588412,2
1,98609183,171808,0.459656953811646,0.648608386516571,4,8471,0.354340896114748,2
1,98655474,661075,0.384499073028564,0.464666336774826,4,8476,0.413736742473439,2
1,98700649,781784,0.679910898208618,0.645983457565308,4,8481,0.547917874698708,2
1,98917074,654868,0.379020154476166,0.461217671632767,4,8486,0.410890754829914,2
1,98982584,418726,0.395090579986572,0.530292868614197,4,8491,0.372521113681063,2
1,99058147,471893,0.417218387126923,0.516929566860199,4,8496,0.403554385233837,2
1,99098722,777473,0.391162157058716,0.449327558279038,4,8501,0.435275056972802,2
1,99134233,148857,0.679800152778626,0.559983253479004,4,8506,0.636150385464823,2
1,99146250,642091,0.418714642524719,0.479570358991623,4,8511,0.436551837153924,2
1,99182791,231387,0.485875874757767,0.613136768341065,4,8516,0.396221446702975,2
1,99403662,99002,0.58008199930191,0.6006760597229,4,8521,0.482857598461232,2
1,99674754,838848,0.335812568664551,0.462320178747177,4,8526,0.363181820848222,2
1,99838156,887922,0.620018064975739,0.607270538806915,4,8531,0.516229398897268,2
1,99882537,478814,0.489799410104752,0.631220519542694,4,8536,0.387978048035892,2
1,99979389,859624,0.246123775839806,0.350718438625336,4,8541,0.350885138523803,2
1,100048005,488022,0.425511568784714,0.489775717258453,4,8546,0.434394309263165,2
1,100058822,571291,0.423237890005112,0.537362456321716,4,8551,0.393810439328237,2
1,100113415,781332,0.6216881275177,0.48527866601944,4,8556,0.632508070379896,2
1,100155605,396302,0.270574778318405,0.389186471700668,4,8561,0.34761585768391,2
1,100481889,121677,0.293845772743225,0.425268352031708,4,8566,0.345482765575413,2
1,100508179,833225,0.214171811938286,0.382178783416748,4,8571,0.280198458459089,2
1,100568472,431381,0.664719223976135,0.608112096786499,4,8576,0.572223621506884,2
1,100626343,442268,0.534423470497131,0.492833197116852,4,8581,0.541002558866084,2
1,100715688,497663,0.457447171211243,0.574104130268097,4,8586,0.398400871108193,2
1,100778443,858658,0.662216067314148,0.478813201189041,4,8591,0.675947344160984,2
1,100814354,703564,0.61516261100769,0.485160917043686,4,8596,0.626254686432805,2
1,100821900,497666,0.138395175337791,0.318507313728333,4,8601,0.217255882946277,2
1,100868828,484702,0.381654977798462,0.502339243888855,4,8606,0.37987772450733,2
1,100883793,497668,0.347926646471024,0.43727445602417,4,8611,0.397835548907289,2
1,100943942,139741,0.63788366317749,0.493367463350296,4,8616,0.642624278320991,2
1,100995245,368427,0.612505435943604,0.417545318603516,4,8621,0.667360760903024,2
1,101011964,262464,0.435660809278488,0.530194103717804,4,8626,0.410850296357095,2
1,101038679,695100,0.521657407283783,0.624210238456726,4,8631,0.417853933775189,2
1,101047700,412790,0.550334453582764,0.460855513811112,4,8636,0.582982337818348,2
1,101065199,107837,0.696833372116089,0.646551966667175,4,8641,0.571129841881969,2
1,101112722,2735,0.185207962989807,0.364934831857681,4,8646,0.25375484445677,2
1,101312638,591246,0.400095075368881,0.406875550746918,4,8651,0.491667629861773,2
1,101377341,677154,0.571080267429352,0.507954597473145,4,8656,0.564146184104181,2
1,101401611,921350,0.485264956951141,0.505029439926148,4,8661,0.480432345708503,2
1,101429773,2738,0.425000011920929,0.479410350322723,4,8666,0.44325285388064,2
1,101442573,180034,0.673397183418274,0.560050666332245,4,8671,0.628817693779742,2
1,101552060,158138,0.571669697761536,0.402699708938599,4,8676,0.641444756809575,2
1,101599039,321225,0.63089793920517,0.559822618961334,4,8681,0.580734862018719,2
1,101615526,906761,0.323213368654251,0.494542330503464,4,8686,0.326780286254977,2
1,101631876,592928,0.54968672990799,0.374751627445221,4,8691,0.639892489242299,2
1,101713086,2749,0.596822679042816,0.665439903736115,4,8696,0.448442207697459,2
1,101813107,202681,0.668231070041657,0.491423845291138,4,8701,0.673825712347577,2
1,102061950,872405,0.752721726894379,0.608605444431305,4,8706,0.684106140993292,2
1,102078434,914676,0.550200819969177,0.425979316234589,4,8711,0.608202985752823,2
1,102089047,381862,0.375847816467285,0.458058893680573,4,8716,0.410261455079816,2
1,102121279,497688,0.457163780927658,0.443572193384171,4,8721,0.512213253347412,2
1,102138589,396084,0.293012768030167,0.365034759044647,4,8726,0.401349132883984,2
1,102150796,2771,0.311384052038193,0.562450170516968,4,8731,0.276810345485351,2
1,102167808,298110,0.480112463235855,0.559926152229309,4,8736,0.428728379023126,2
1,102191174,559374,0.46192866563797,0.509838700294495,4,8741,0.453014517504408,2
1,102211917,378772,0.431273221969605,0.518986344337463,4,8746,0.415495731896537,2
1,102241974,312628,0.60154801607132,0.475381523370743,4,8751,0.620245948552187,2
1,102330373,587678,0.336069583892822,0.336273431777954,4,8756,0.499696901589796,2
1,102351822,2779,0.27830782532692,0.418097496032715,4,8761,0.332826467472007,2
1,102385895,195684,0.488697618246079,0.398955404758453,4,8766,0.57465520378863,2
1,102425365,914014,0.615502595901489,0.499834656715393,4,8771,0.615629701996644,2
1,102460160,281578,0.324354380369186,0.488071203231812,4,8776,0.332281825091751,2
1,102477538,838641,0.651371717453003,0.535468578338623,4,8781,0.624752744066114,2
1,102532276,350716,0.366243124008179,0.510052144527435,4,8786,0.359025178050672,2
1,102589129,141591,0.345516085624695,0.537927389144898,4,8791,0.321154948230035,2
1,102635379,905809,0.515213012695313,0.418072640895844,4,8796,0.583464345059331,2
1,102836762,90908,0.603253543376923,0.573666214942932,4,8801,0.53469972292957,2
1,102884456,575022,0.783831596374512,0.686055779457092,4,8806,0.655721638621559,2
1,102985569,625735,0.272995322942734,0.375706166028976,4,8811,0.363309612173997,2
1,103002628,614263,0.539292573928833,0.427590817213058,4,8816,0.597571597447059,2
1,103109061,356341,0.618081331253052,0.465845614671707,4,8821,0.642501606991189,2
1,103162502,181996,0.34191170334816,0.451254427433014,4,8826,0.378845815755364,2
1,103181688,421737,0.634981393814087,0.514961421489716,4,8831,0.623722088965575,2
1,103295494,606733,0.409562170505524,0.313085824251175,4,8836,0.570224454277113,2
1,103360306,733062,0.490531533956528,0.409386098384857,4,8841,0.568695839489863,2
1,103394315,608494,0.397658497095108,0.524733185768127,4,8846,0.378914949426153,2
1,103430118,414976,0.338942795991898,0.427149295806885,4,8851,0.396749800736104,2
1,103527421,325318,0.438115984201431,0.532092034816742,4,8856,0.411691921259753,2
1,103930141,924502,0.509263753890991,0.555950045585632,4,8861,0.458012152291972,3
1,104577778,688595,0.519953608512878,0.545493185520172,4,8866,0.476590379416986,3
1,104600376,679559,0.582492709159851,0.542381584644318,4,8871,0.543825951021177,3
1,104619802,176070,0.431295305490494,0.404545873403549,4,8876,0.522461370987419,3
1,104630849,209856,0.353709191083908,0.431557923555374,4,8881,0.409805001574166,3
1,104660040,603816,0.4256471991539,0.371353089809418,4,8886,0.543183310427806,3
1,104686900,118063,0.55326920747757,0.594837963581085,4,8891,0.465058756629065,3
1,104697684,882060,0.389755636453629,0.396503061056137,4,8896,0.491491333529007,3
1,104759641,615800,0.351064473390579,0.350011199712753,4,8901,0.500810224481838,3
1,104779702,455893,0.523588120937347,0.572910010814667,4,8906,0.456954941486199,3
1,104920136,396745,0.48406645655632,0.494603514671326,4,8911,0.489347974890547,3
1,104974965,126312,0.502049922943115,0.521425664424896,4,8916,0.481420418284214,3
1,105032881,678281,0.446160912513733,0.438248157501221,4,8921,0.507042927511653,3
1,105276703,712710,0.365581691265106,0.361018300056458,4,8926,0.503570830908813,3
1,105499264,822810,0.289843916893005,0.401653617620468,4,8931,0.360813278130219,3
1,105538383,431594,0.552858054637909,0.578143417835236,4,8936,0.4781322744346,3
1,105561575,176726,0.556669533252716,0.539707601070404,4,8941,0.51842517084983,3
1,105589374,610355,0.474573910236359,0.672147393226624,4,8946,0.353028156486765,3
1,105826321,792309,0.626617252826691,0.632822751998901,4,8951,0.495096968975429,3
1,105841721,162255,0.533838391304016,0.504020512104034,4,8956,0.530059589083487,3
1,105893637,373938,0.500838458538055,0.533725321292877,4,8961,0.469191209932519,3
1,105926097,390960,0.427539795637131,0.494208812713623,4,8966,0.432549748849658,3
1,105955691,917091,0.324463099241257,0.398583382368088,4,8971,0.407020354578679,3
1,106336206,561735,0.597775936126709,0.643903195858002,4,8976,0.464181526021293,3
1,106580431,591344,0.58876359462738,0.641977608203888,4,8981,0.458554618652986,3
1,106603288,228338,0.469862729310989,0.456407129764557,4,8986,0.512376541602362,3
1,106681695,190536,0.647616744041443,0.685417115688324,4,8991,0.472425278869116,3
1,106773745,677931,0.597338616847992,0.571425974369049,4,8996,0.53023123303004,3
1,106852727,902625,0.458734601736069,0.412321656942368,4,9001,0.539488391347058,3
1,106894854,703889,0.573433935642242,0.469684153795242,4,9006,0.597818858883336,3
1,106921310,606740,0.374782651662827,0.410430639982224,4,9011,0.456572457259842,3
1,106948258,238412,0.519948661327362,0.638632118701935,4,9016,0.40707994955233,3
1,107020445,854607,0.597414135932922,0.374730587005615,4,9021,0.678070080112256,3
1,107026699,453246,0.535954177379608,0.551766753196716,4,9026,0.485670959943222,3
1,107044948,718135,0.446516275405884,0.436611622571945,4,9031,0.508790253074757,3
1,107083080,653745,0.624984860420227,0.652252614498138,4,9036,0.479097244325428,3
1,107100756,487538,0.36823707818985,0.372275292873383,4,9041,0.494576305813416,3
1,107141176,262936,0.481885850429535,0.321756541728973,4,9046,0.618047071997393,3
1,107202353,179499,0.574167370796204,0.562877893447876,4,9051,0.512913413871213,3
1,107250141,497743,0.520763039588928,0.388124316930771,4,9056,0.60838698638327,3
1,107282609,431401,0.413767009973526,0.426381051540375,4,9061,0.485208018131577,3
1,107347898,591299,0.485779523849487,0.410261631011963,4,9066,0.564026606380648,3
1,107366604,497746,0.573114395141602,0.595531165599823,4,9071,0.481179179400592,3
1,107426086,768543,0.475451052188873,0.502199172973633,4,9076,0.473369011515513,3
1,107496256,841926,0.270756930112839,0.37257444858551,4,9081,0.363359499209856,3
1,107513334,2848,0.3349429666996,0.336269736289978,4,9086,0.498027224208435,3
1,107639114,875953,0.323992431163788,0.368189185857773,4,9091,0.43998091688785,3
1,107750779,186798,0.374234855175018,0.512475669384003,4,9096,0.365124509837559,2
1,107774649,584113,0.346253633499146,0.336064100265503,4,9101,0.50767358207149,2
1,107787155,241459,0.559948921203613,0.439022064208984,4,9106,0.607782186499113,2
1,107802830,269652,0.613469779491425,0.534575402736664,4,9111,0.584755272087739,2
1,107820075,497753,0.288381636142731,0.318128287792206,4,9116,0.453247396111934,2
1,107844981,301286,0.158714950084686,0.30377584695816,4,9121,0.261236947693452,2
1,107874908,801468,0.665933310985565,0.611928939819336,4,9126,0.569580518502317,2
1,107889667,348548,0.270751059055328,0.329229414463043,4,9131,0.41118904806381,2
1,107905079,746989,0.698040187358856,0.683659136295319,4,9136,0.522730308843316,2
1,108028884,62625,0.696427702903748,0.470495820045471,4,9141,0.713342870001213,2
1,108048536,561186,0.684518754482269,0.585652351379395,4,9146,0.619303685482479,2
1,108071476,412191,0.497909545898438,0.595611572265625,4,9151,0.417981759491725,2
1,108096019,561229,0.535887181758881,0.4884013235569,4,9156,0.546409285626115,2
1,108106401,585830,0.386224538087845,0.462647020816803,4,9161,0.41740735453777,2
1,108128790,197272,0.342707127332687,0.457996904850006,4,9166,0.374136946891512,2
1,108155193,129869,0.328615337610245,0.538334727287293,4,9171,0.305214693529211,2
1,108249656,276449,0.594883680343628,0.451046913862228,4,9176,0.631010071819963,2
1,108483005,425432,0.289936929941177,0.522469341754913,4,9181,0.277467888323661,2
1,108515080,741259,0.420144140720367,0.523425281047821,4,9186,0.401341085282794,2
1,108545414,778459,0.386737287044525,0.546819627285004,4,9191,0.353624182223215,2
1,109075821,156816,0.636384844779968,0.523735284805298,4,9196,0.618263600452343,2
1,109136885,309431,0.573709547519684,0.462380886077881,4,9201,0.603538600617844,2
1,109147941,306571,0.512709319591522,0.451505035161972,4,9206,0.555792931889196,2
1,109166219,611293,0.518636584281921,0.394194632768631,4,9211,0.60270786480649,2
1,109205977,908595,0.708250820636749,0.515109479427338,4,9216,0.699159741235309,2
1,109272183,78731,0.380535632371902,0.474820226430893,4,9221,0.400715482607276,2
1,109317175,816607,0.44763571023941,0.471991032361984,4,9226,0.474199380440882,2
1,109528998,410682,0.636035680770874,0.672424733638763,4,9231,0.472941913758159,2
1,109570412,348773,0.293429106473923,0.340626806020737,4,9236,0.430719340473837,2
1,109624032,914016,0.477819800376892,0.500156700611115,4,9241,0.477670097984362,2
1,109886350,492721,0.728871941566467,0.62358433008194,4,9246,0.639855510674472,2
1,109940059,124352,0.455576777458191,0.55785459280014,4,9251,0.408329323929585,2
1,109957735,286399,0.487732380628586,0.404619842767715,4,9256,0.569797873552951,2
1,110034604,755917,0.5916708111763,0.499766290187836,4,9261,0.59186158308181,2
1,110097166,669744,0.629868686199188,0.442750245332718,4,9266,0.667894592415023,2
1,110252486,891229,0.423863917589188,0.497397541999817,4,9271,0.426081636717601,2
1,110276218,148085,0.650186479091644,0.583478510379791,4,9276,0.580077463437335,2
1,110388190,773081,0.668294310569763,0.693690657615662,4,9281,0.481694760649372,2
1,110459472,267045,0.649555504322052,0.564816772937775,4,9286,0.597359831577517,2
1,110499568,349464,0.722352743148804,0.595147907733917,4,9291,0.657100380416563,2
1,110508246,614144,0.259373396635056,0.369112610816956,4,9296,0.351347243407622,2
1,110521923,250643,0.500943899154663,0.38881328701973,4,9301,0.591731879762374,2
1,110538385,591122,0.399899929761887,0.521977305412293,4,9306,0.383062563846544,2
1,110596541,347008,0.597119629383087,0.48587116599083,4,9311,0.608191231490309,2
1,110615698,399020,0.527156591415405,0.454617440700531,4,9316,0.566502998196394,2
1,110625531,430652,0.326077163219452,0.460109412670136,4,9321,0.354347416332064,2
1,110647063,497799,0.556745707988739,0.497387200593948,4,9326,0.559049936118754,2
1,110652881,834382,0.679702579975128,0.569117367267609,4,9331,0.628324054286264,2
1,110676947,130493,0.369794249534607,0.494900912046433,4,9336,0.373604332234401,2
1,110723835,562234,0.611758053302765,0.604765295982361,4,9341,0.508846335164045,2
1,110776012,645952,0.417416840791702,0.498538225889206,4,9346,0.418640757232995,2
1,110813262,888510,0.430345356464386,0.508168995380402,4,9351,0.423427403458805,2
1,110818281,245546,0.615019738674164,0.509466588497162,4,9356,0.607590173983889,2
1,110841758,780861,0.583599448204041,0.650245726108551,4,9361,0.44875300580339,2
1,110984890,605441,0.568059682846069,0.513499557971954,4,9366,0.556074075335547,2
1,111009243,434429,0.556320667266846,0.43706938624382,4,9371,0.605920053119261,2
1,111175616,894939,0.597524344921112,0.450066864490509,4,9376,0.634068553892456,2
1,111228031,390738,0.433017075061798,0.495559483766556,4,9381,0.43689717304026,2
1,111237339,758428,0.534193217754364,0.451719254255295,4,9386,0.575211435144461,2
1,111330302,626554,0.369388908147812,0.486748188734055,4,9391,0.379445590859338,2
1,111358789,497815,0.677921831607819,0.675244450569153,4,9396,0.504122148248672,2
1,111404499,636148,0.422284185886383,0.384783118963242,4,9401,0.530477924191502,2
1,111500137,912590,0.276568293571472,0.32587406039238,4,9406,0.424348432701978,2
1,111532424,2954,0.545620262622833,0.40117159485817,4,9411,0.620609398722871,2
1,111575353,701892,0.596737682819367,0.492516160011292,4,9416,0.602684572981076,2
1,111585661,186226,0.359857827425003,0.398874074220657,4,9421,0.45109202462972,2
1,111612488,714977,0.590426981449127,0.568059265613556,4,9426,0.525892112105777,2
1,111655358,2971,0.539454758167267,0.43232199549675,4,9431,0.594360501746289,2
1,111659035,340994,0.710039258003235,0.643273055553436,4,9436,0.593581664476427,2
1,111677051,420493,0.420541077852249,0.538036942481995,4,9441,0.390810597421312,2
1,111696393,455762,0.545096218585968,0.466889202594757,4,9446,0.573349683003852,2
1,111715046,497826,0.594828486442566,0.560570299625397,4,9451,0.53898028147388,2
1,111730818,468445,0.447754979133606,0.388227552175522,4,9456,0.54865160826527,2
1,111758185,912653,0.271931678056717,0.364691704511642,4,9461,0.372824052059067,2
1,111768531,2983,0.527586579322815,0.488665580749512,4,9466,0.538058261978876,2
1,111792259,101372,0.495906233787537,0.413323193788528,4,9471,0.570382056291178,2
1,111820682,2986,0.430913865566254,0.557497322559357,4,9476,0.38647169065137,2
1,111853828,186044,0.365360587835312,0.43674635887146,4,9481,0.418275482341047,2
1,111880837,839619,0.640242040157318,0.563345372676849,4,9486,0.588052046936812,2
1,111895512,749106,0.472305208444595,0.546552896499634,4,9491,0.43207639321779,2
1,111945608,497835,0.37623256444931,0.477400660514832,4,9496,0.394042777447751,2
1,111999721,814613,0.70732569694519,0.609145224094391,4,9501,0.625597125714168,2
1,112065797,286490,0.348560690879822,0.415107369422913,4,9506,0.419844016939997,2
1,112091506,161385,0.378136217594147,0.515622198581696,4,9511,0.366679536523324,2
1,112116088,847726,0.697985887527466,0.544244527816773,4,9516,0.668666498916863,2
1,112144032,406204,0.366904526948929,0.469100534915924,4,9521,0.391072381760008,2
1,112158199,569493,0.577357709407806,0.636657416820526,4,9526,0.453428872541167,2
1,112164168,494232,0.513310372829437,0.421107977628708,4,9531,0.579636954421176,2
1,112170611,673336,0.425986975431442,0.37052783370018,4,9536,0.544052100077168,2
1,112190349,594653,0.609781980514526,0.658149540424347,4,9541,0.463254885904323,2
1,112268649,893225,0.555901646614075,0.614445865154266,4,9546,0.452360149314787,2
1,112293055,158940,0.469690322875977,0.424497842788696,4,9551,0.539263519277033,2
1,112306274,221613,0.359409123659134,0.512421607971191,4,9556,0.35069669005775,2
1,112317116,340223,0.426593720912933,0.538147687911987,4,9561,0.396353761704447,2
1,112349433,788085,0.682731747627258,0.6984081864357,4,9566,0.48877702243981,2
1,112371393,911162,0.614033281803131,0.525075137615204,4,9571,0.593654966536423,2
1,112388477,484679,0.523931741714478,0.441053211688995,4,9576,0.57413812169484,2
1,112391349,632690,0.54761004447937,0.462766587734222,4,9581,0.578963309809158,2
1,112399071,330021,0.662427484989166,0.560594379901886,4,9586,0.615875970207826,2
1,112409200,497845,0.493183583021164,0.478193461894989,4,9591,0.514363676987081,2
1,112428124,878513,0.704460024833679,0.573628604412079,4,9596,0.653424246766364,2
1,112439454,551864,0.533187866210938,0.527427196502686,4,9601,0.506095007653445,2
1,112456390,3019,0.296413153409958,0.38665184378624,4,9606,0.38330756489788,2
1,112489834,621003,0.505632340908051,0.599690675735474,4,9611,0.421577624404392,2
1,112513140,892225,0.384319454431534,0.430567562580109,4,9616,0.446294017283327,2
1,112516571,97857,0.463605105876923,0.510677635669708,4,9621,0.453911698393592,2
1,112523627,331087,0.420075595378876,0.575034439563751,4,9626,0.365261249132804,2
1,112528326,833409,0.722514271736145,0.605293691158295,4,9631,0.648490887974204,2
1,112541094,773765,0.342954367399216,0.454527765512466,4,9636,0.37726448571579,2
1,112578392,3026,0.571444034576416,0.447291225194931,4,9641,0.612313043542028,2
1,112587294,568948,0.342350214719772,0.345373034477234,4,9646,0.495623833571667,2
1,112700402,817314,0.638128340244293,0.634912669658661,4,9651,0.504403974499233,2
1,112761715,3033,0.639033198356628,0.515111446380615,4,9656,0.627783746441338,2
1,112789669,174858,0.350489735603333,0.353336721658707,4,9661,0.495971284781823,2
1,112820800,597511,0.294960737228394,0.362392097711563,4,9666,0.406963533546971,2
1,112856496,188948,0.315310001373291,0.321653872728348,4,9671,0.490138667846206,2
1,112884497,389002,0.750286519527435,0.677118182182312,4,9676,0.613305137216548,2
1,112902691,217886,0.412112027406693,0.517591595649719,4,9681,0.398105408656587,2
1,112994128,3039,0.556969821453095,0.493681013584137,4,9686,0.562498947863843,2
1,113050314,144164,0.393887609243393,0.458942294120789,4,9691,0.429125419785048,2
1,113233227,919673,0.608733832836151,0.441437780857086,4,9696,0.649755968310721,2
1,113250376,593745,0.561156094074249,0.49111133813858,4,9701,0.568821297451842,2
1,113366167,315014,0.558751940727234,0.475410461425781,4,9706,0.579434942153027,2
1,113416967,308836,0.403653234243393,0.506374001502991,4,9711,0.398572234203664,2
1,113587326,94033,0.618206083774567,0.402789086103439,4,9716,0.68035252928117,2
1,113633736,644917,0.444068551063538,0.48384165763855,4,9721,0.458898633522866,2
1,113721022,497862,0.289674550294876,0.385116964578629,4,9726,0.376086458060631,2
1,113775786,464809,0.514101982116699,0.658573806285858,4,9731,0.39031462928663,2
1,113859872,497863,0.429500341415405,0.495352327823639,4,9736,0.433530153479284,2
1,113910611,691460,0.689497649669647,0.636251270771027,4,9741,0.57319115452511,2
1,113941139,234534,0.563222885131836,0.441511243581772,4,9746,0.608965167294182,2
1,113974933,264786,0.44591024518013,0.53350841999054,4,9751,0.417903662315242,2
1,114019974,242220,0.536601066589356,0.593630969524384,4,9756,0.451965188928131,2
1,114131725,801148,0.521372735500336,0.417227178812027,4,9761,0.589353477806334,2
1,114199322,202931,0.545798242092133,0.467092603445053,4,9766,0.573845511580326,2
1,114238005,302315,0.305817067623138,0.470057666301727,4,9771,0.32529739385937,2
1,114273106,291990,0.557436645030975,0.500676989555359,4,9776,0.556836611059715,2
1,114327159,907201,0.575063526630402,0.459958106279373,4,9781,0.606570825050264,2
1,114348051,497868,0.565001726150513,0.452599406242371,4,9786,0.60266916147876,2
1,114423161,754708,0.720548689365387,0.661920070648193,4,9791,0.586708221380667,2
1,114478552,487165,0.408719807863235,0.521333932876587,4,9796,0.391994249835249,2
1,114492904,824533,0.292070120573044,0.468999654054642,4,9801,0.311375624745147,2
1,114542324,792109,0.313574612140656,0.519149720668793,4,9806,0.302007879091887,2
1,114552428,157194,0.54473602771759,0.484974533319473,4,9811,0.558017999365445,2
1,114563630,304123,0.624368250370026,0.536414921283722,4,9816,0.594862122536231,2
1,114629883,411190,0.278668969869614,0.358002632856369,4,9821,0.389199609575799,2
1,114645182,861601,0.352954715490341,0.326550871133804,4,9826,0.519603443842143,2
1,114730266,107116,0.608602702617645,0.488070070743561,4,9831,0.617723759625809,2
1,114908992,264874,0.40821248292923,0.441322386264801,4,9836,0.462487849737465,2
1,115008468,497881,0.664685666561127,0.456452369689941,4,9841,0.691550183700002,2
1,115035798,387023,0.369401723146439,0.432141363620758,4,9846,0.427408429560357,2
1,115149999,175732,0.640593647956848,0.489138543605804,4,9851,0.64823500819582,2
1,115228741,393038,0.464368343353272,0.560325026512146,4,9856,0.414374087700334,2
1,115298685,394106,0.376148551702499,0.485092163085938,4,9861,0.387708337019518,2
1,115373888,677249,0.704905569553375,0.499628752470017,4,9866,0.70512451314567,2
1,115407659,337523,0.495648950338364,0.576195895671845,4,9871,0.430104547829551,2
1,115413021,332967,0.243311926722527,0.309262931346893,4,9876,0.393373893312822,2
1,115420399,466821,0.630252659320831,0.609563291072846,4,9881,0.5264951626921,2
1,115456926,306849,0.521055698394775,0.48237007856369,4,9886,0.537368029000083,2
1,115521768,3083,0.517305970191956,0.322062522172928,4,9891,0.643998122544296,2
1,115557530,637611,0.681516885757446,0.58082240819931,4,9896,0.620109566360139,2
1,115583591,3102,0.59749847650528,0.363324970006943,4,9901,0.683903479378554,2
1,115604299,675184,0.645687878131867,0.553422570228577,4,9906,0.603302699321946,2
1,115614227,93100,0.584790945053101,0.430079638957977,4,9911,0.635730635954342,2
1,115624910,282714,0.422859102487564,0.521165728569031,4,9916,0.405685830156764,2
1,115795199,497903,0.59158730506897,0.549018323421478,4,9921,0.547195910453004,2
1,115974603,3113,0.578864216804504,0.468273609876633,4,9926,0.603992023888652,2
1,116009356,238109,0.507512331008911,0.515430629253388,4,9931,0.492318754653807,2
1,116024531,377353,0.562950730323792,0.500331699848175,4,9936,0.562660599498297,2
1,116029743,403272,0.768902242183685,0.631186723709106,4,9941,0.686700869149242,2
1,116136336,154299,0.356958955526352,0.45976534485817,4,9946,0.388196891651836,2
1,116223681,170347,0.548153698444367,0.440842539072037,4,9951,0.595957907093146,2
1,116237666,566006,0.628974497318268,0.542731404304504,4,9956,0.594302444805541,2
1,116266611,761740,0.261872529983521,0.384348809719086,4,9961,0.340670405841661,2
1,116296745,230222,0.621848702430725,0.503131031990051,4,9966,0.619465772753086,2
1,116328591,852586,0.404085129499435,0.50493711233139,4,9971,0.400134115349234,2
1,116354891,854191,0.616066575050354,0.56453138589859,4,9976,0.559172105041493,2
1,116477558,127031,0.711927771568298,0.562033832073212,4,9981,0.671125021145633,2
1,116515302,640737,0.363434582948685,0.531128823757172,4,9986,0.342134117649435,2
1,116570738,627037,0.613986432552338,0.647394359111786,4,9991,0.474198163693237,2
1,116606250,149240,0.545758187770844,0.441675335168839,4,9996,0.593209971865993,2
1,116609700,117804,0.341728866100311,0.459011852741242,4,10001,0.372244054330503,2
1,116623648,411500,0.586051940917969,0.623801946640015,4,10006,0.469741994293719,2
1,116635517,183156,0.527698218822479,0.432823926210403,4,10011,0.583637424951807,2
1,116660879,150957,0.618399620056152,0.55289763212204,4,10016,0.573251667448104,2
1,116708362,375456,0.283730566501617,0.459234893321991,4,10021,0.308916603058166,2
1,116978999,310057,0.499780565500259,0.439039409160614,4,10026,0.554140306227891,2
1,117070434,821146,0.623229205608368,0.50423002243042,4,10031,0.620014511327732,2
1,117089041,913969,0.475457727909088,0.434502571821213,4,10036,0.536211620112733,2
1,117265060,538791,0.455929100513458,0.470199823379517,4,10041,0.484824831745481,2
1,117292646,164597,0.274706482887268,0.37635999917984,4,10046,0.36495175295715,2
1,117308255,98507,0.523962795734406,0.474532008171082,4,10051,0.547035012914181,2
1,117324524,797557,0.452115088701248,0.652084767818451,4,10056,0.346668953956553,2
1,117349313,438426,0.298700213432312,0.423915207386017,4,10061,0.352311273844342,2
1,117400893,691551,0.446869760751724,0.529465436935425,4,10066,0.422000880112431,2
1,117419228,497934,0.347540110349655,0.524692833423615,4,10071,0.331184350357866,2
1,117447157,559002,0.624889671802521,0.506989717483521,4,10076,0.61957149627509,2
1,117531746,671659,0.494661897420883,0.63062709569931,4,10081,0.392198417094929,2
1,117925305,745435,0.3142209649086,0.383811771869659,4,10086,0.409342531858699,2
1,117938384,159672,0.53659200668335,0.530443251132965,4,10091,0.50654740408398,2
1,118094616,281017,0.554043233394623,0.679443061351776,4,10096,0.407718663203605,2
1,118129110,556177,0.727844834327698,0.64316999912262,4,10101,0.618648705261438,2
1,118180657,497952,0.513246297836304,0.584445714950562,4,10106,0.439088083552567,2
1,118222632,415498,0.371449500322342,0.504065275192261,4,10111,0.368453768394047,2
1,118317777,486892,0.349884182214737,0.499385058879852,4,10116,0.350315028446732,2
1,118512603,497955,0.44749316573143,0.535169005393982,4,10121,0.41808583944617,2
1,118615699,685139,0.412300944328308,0.364928930997849,4,10126,0.537296623671499,2
1,118633964,276431,0.695290863513947,0.527369916439056,4,10131,0.677645216539879,2
1,118652462,449761,0.619198381900787,0.388072103261948,4,10136,0.68885090863718,2
1,118671019,729004,0.511013746261597,0.361834764480591,4,10141,0.616881156695717,2
1,118713269,558745,0.477402299642563,0.505389750003815,4,10146,0.472311022966888,2
1,118776732,470025,0.394930094480515,0.62121719121933,4,10151,0.317867969578677,2
1,118821952,650836,0.396695166826248,0.492086678743362,4,10156,0.403074482568077,2
1,118869895,314601,0.389597982168198,0.542658865451813,4,10161,0.358971360252101,2
1,118871403,157887,0.686338663101196,0.576819658279419,4,10166,0.629399920110291,2
1,118881089,343958,0.349947333335876,0.459517627954483,4,10171,0.380776832102881,2
1,118901410,3192,0.439306080341339,0.511899411678314,4,10176,0.429094144590858,2
1,118943319,833790,0.660542845726013,0.583576560020447,4,10181,0.592413488670745,2
1,118970887,156832,0.691713452339172,0.600408315658569,4,10186,0.614248044014083,2
1,119007078,492563,0.304777413606644,0.397050023078918,4,10191,0.383802286728574,2
1,119054038,3200,0.320462465286255,0.503752768039703,4,10196,0.318075140840713,2
1,119183750,3204,0.438386082649231,0.564428389072418,4,10201,0.388345174637366,2
1,119255735,400819,0.314156383275986,0.486088633537293,4,10206,0.323147222132981,2
1,119269839,497964,0.449070394039154,0.462148308753967,4,10211,0.485850954696693,2
1,119293256,3208,0.33945968747139,0.464419096708298,4,10216,0.365466977862675,2
1,119308755,889131,0.596679210662842,0.4273821413517,4,10221,0.647827269752622,2
1,119353807,259463,0.480171114206314,0.505895018577576,4,10226,0.474575847333317,2
1,119372788,354221,0.547823846340179,0.624388635158539,4,10231,0.438688194733943,2
1,119490013,881149,0.542710185050964,0.39687767624855,4,10236,0.620897953084649,2
1,119578507,766847,0.682189106941223,0.581601142883301,4,10241,0.6202058303303,2
1,119647534,814768,0.460508704185486,0.452391654253006,4,10246,0.507411364340519,2
1,119658324,93779,0.380752772092819,0.548610329627991,4,10251,0.347015679007544,2
1,119809075,257642,0.388818889856339,0.33718141913414,4,10256,0.538952944450307,2
1,119849170,831611,0.254346787929535,0.323667526245117,4,10261,0.392913664957718,2
1,119864456,95490,0.404056370258331,0.479943871498108,4,10266,0.420941274858975,2
1,119887030,756584,0.463796615600586,0.565266251564026,4,10271,0.410246157733028,2
1,119952206,661750,0.360626041889191,0.497983872890472,4,10276,0.362086064952256,2
1,120003821,318761,0.640894055366516,0.470838874578476,4,10281,0.660683743210139,2
1,120026495,646221,0.297562807798386,0.352431386709213,4,10286,0.422157076554451,2
1,120056649,304160,0.531937062740326,0.525786578655243,4,10291,0.506484932530633,2
1,120081796,887947,0.572965025901794,0.473509430885315,4,10296,0.59445144970376,2
1,120094890,722983,0.725720465183258,0.63533878326416,4,10301,0.623925547564564,2
1,120111391,62667,0.436111271381378,0.528968036174774,4,10306,0.412228378235395,2
1,120270600,731994,0.263676404953003,0.435186296701431,4,10311,0.302946585119503,2
1,120886421,188188,0.423314869403839,0.478438317775726,4,10316,0.44239231440726,2
1,120991757,684636,0.467656761407852,0.512645542621613,4,10321,0.456120967146527,2
1,142693888,753256,0.569798409938812,0.466106474399567,5,1,0.597109189910695,1
1,143271947,717048,0.528989672660828,0.678671717643738,5,6,0.389724264993252,1
1,143607676,165409,0.904005825519562,0.509957253932953,5,11,0.90205530512301,1
1,143726347,142024,0.936849474906921,0.685926616191864,5,16,0.899465334618013,1
1,144247278,629597,0.101931415498257,0.437419593334198,5,21,0.11651446008773,1
1,144454453,657963,0.301838994026184,0.300999253988266,5,26,0.50060067177518,1
1,145032948,149183,0.080520324409008,0.46256959438324,5,31,0.0870359026908898,1
1,145174791,848708,0.495807200670242,0.536380350589752,5,36,0.462178750699108,1
1,145220695,280337,0.870221972465515,0.618511497974396,5,41,0.829905715578061,1
1,145287960,421140,0.474241852760315,0.649019002914429,5,46,0.365352825287646,1
1,145360178,222160,0.915713965892792,0.487780869007111,5,51,0.917724632869698,1
1,145382914,172805,0.171900495886803,0.450661510229111,5,56,0.190720187973686,1
1,145390181,177695,0.123781740665436,0.427015125751495,5,61,0.144938356044876,1
1,145393985,120385,0.844928681850433,0.500168085098267,5,66,0.844876533964369,1
1,145409508,220839,0.363488763570786,0.496499687433243,5,71,0.366051351864807,1
1,145423416,700602,0.1245232000947,0.585008919239044,5,76,0.106428462882818,1
1,145478407,497998,0.818577349185944,0.463280200958252,5,81,0.830989418372523,1
1,145561705,855727,0.826954126358032,0.481997758150101,5,86,0.832968026331331,1
1,145620408,778807,0.668007135391235,0.676083743572235,5,91,0.494026917332515,1
1,145676734,498002,0.669401228427887,0.376553922891617,5,96,0.734861775772598,1
1,145849174,3275,0.104719057679176,0.56056547164917,5,101,0.0934048411607438,1
1,146929133,922253,0.386468440294266,0.498491823673248,6,106,0.38763769227596,2
1,147991757,886028,0.396318852901459,0.444211602210999,7,111,0.446092415111221,1
1,148142748,241307,0.0714231953024864,0.418115854263306,7,116,0.0854107714096727,1
1,148262603,419490,0.742689311504364,0.470090746879578,7,121,0.757212497252655,1
1,148713893,498012,0.684254825115204,0.69236147403717,7,126,0.494145652794128,1
1,148862161,359524,0.968998908996582,0.487428098917007,7,131,0.969759275783634,1
1,148889320,197116,0.66826868057251,0.643229126930237,7,136,0.535091925283621,1
1,149049421,929186,0.221149429678917,0.609605848789215,7,141,0.181387227598094,1
1,149258681,828768,0.144486501812935,0.655427575111389,7,146,0.110223087416165,1
1,149640649,910698,0.318454504013062,0.602861225605011,7,151,0.264119245431211,1
1,149695229,284207,0.0903861522674561,0.365166068077087,7,156,0.123760338335126,1
1,149808339,792469,0.813096404075623,0.449659049510956,7,161,0.830192905181514,1
1,149855439,3294,0.661216378211975,0.411753565073013,7,166,0.712039375274688,1
1,149953607,3295,0.192675322294235,0.542304992675781,7,171,0.17764479849573,1
1,149999324,610467,0.837248623371124,0.452085494995117,7,176,0.851481047551912,1
1,150011552,860007,0.310325890779495,0.55815976858139,7,181,0.27799019944434,1
1,150028428,392398,0.824645638465881,0.420097529888153,7,186,0.848807023101404,1
1,150070388,887251,0.438500583171845,0.322820603847504,7,191,0.585413097313352,1
1,150269287,467842,0.758180797100067,0.517250061035156,7,196,0.749539892828921,1
1,150567845,618299,0.720655918121338,0.504265606403351,7,201,0.718252268264093,1
1,150654109,498022,0.914438545703888,0.377995938062668,7,206,0.931221145060036,1
1,150664037,3313,0.344074726104736,0.59030818939209,7,211,0.291436517642649,1
1,150691449,426935,0.884865939617157,0.416801512241364,7,216,0.901290844541342,1
1,150709433,110181,0.901057004928589,0.488947242498398,7,221,0.903196887582491,1
1,150767052,732922,0.472363024950028,0.465252906084061,7,226,0.506648113610024,1
1,150914536,498029,0.500881135463715,0.467595130205154,7,231,0.531260049585371,1
1,151110551,847926,0.381804436445236,0.347423851490021,7,236,0.52634220162177,1
1,151449603,150827,0.89039158821106,0.498877853155136,7,241,0.890637030832652,1
1,151452232,905266,0.688708424568176,0.450336664915085,7,246,0.716834327885692,1
1,151464168,318013,0.703078806400299,0.473184883594513,7,251,0.718192223084235,1
1,151472045,921851,0.767270803451538,0.537714719772339,7,256,0.748284007189403,1
1,151484601,498042,0.128163725137711,0.426774740219116,7,261,0.150153831822273,1
1,151493898,130814,0.792682528495789,0.516371548175812,7,266,0.785664521263963,1
1,151552658,236422,0.0973236337304115,0.457849442958832,7,271,0.106283446695339,1
1,151807197,268814,0.212555304169655,0.481619983911514,7,276,0.220667031342191,1
1,152043290,444689,0.16761825978756,0.418885797262192,7,281,0.200076322571809,1
1,152096013,411456,0.753101706504822,0.578043520450592,7,286,0.707436305091426,1
1,152115620,725631,0.135555043816566,0.49014276266098,7,291,0.138281184731403,1
1,152157612,413208,0.941577613353729,0.562462508678436,7,296,0.93323727931313,1
1,152259358,352157,0.975404500961304,0.585750222206116,7,301,0.970313201892731,1
1,152347581,900400,0.145929291844368,0.463523626327515,7,306,0.157413002871679,1
1,152453542,674070,0.344516962766647,0.406306147575378,7,311,0.423962281671768,1
1,152491968,243438,0.0800394341349602,0.442853659391403,7,316,0.090367813878918,1
1,152558785,259726,0.783967256546021,0.492750316858292,7,321,0.787054826613241,1
1,152581032,628944,0.842057764530182,0.576770126819611,7,326,0.813408450728028,1
1,152597810,3354,0.780901730060577,0.462325125932694,7,331,0.796253944059142,1
1,152920328,300484,0.334326952695847,0.341943651437759,7,336,0.488862640511255,1
1,152960137,576064,0.236930876970291,0.524128794670105,7,341,0.226023526449657,1
1,152993170,3358,0.856235325336456,0.480055034160614,7,346,0.861750104233192,1
1,153011655,892761,0.767639935016632,0.574851751327515,7,351,0.726730539630698,1
1,153020091,650760,0.180147811770439,0.361977577209473,7,356,0.248838357833128,1
1,153043154,304575,0.750714600086212,0.425156891345978,7,361,0.78317092423924,1
1,153057752,722953,0.83230072259903,0.445302277803421,7,366,0.848837239914301,1
1,153074559,842192,0.902737736701965,0.482758760452271,7,371,0.905979786740245,1
1,153098928,433446,0.126755341887474,0.478987127542496,7,376,0.132316021244463,1
1,153116395,919789,0.765711843967438,0.465410441160202,7,381,0.780870995178965,1
1,153134679,62681,0.910644054412842,0.533330082893372,7,386,0.904262153706877,1
1,153262127,904010,0.115794971585274,0.358495265245438,7,391,0.161501395989145,1
1,153467688,375189,0.926429510116577,0.63185054063797,7,396,0.90008067645826,1
1,153524116,640238,0.889012217521668,0.496373206377029,7,401,0.889811479568121,1
1,153611667,465851,0.978840351104736,0.636744379997253,7,406,0.970874987570593,1
1,153789196,838426,0.972513318061829,0.441745638847351,7,411,0.975381578854647,1
1,153933585,745044,0.279558718204498,0.505622804164887,7,416,0.276449871229831,1
1,154089595,163267,0.0892169550061226,0.417609333992004,7,421,0.106818679258533,1
1,154143653,841323,0.796496391296387,0.412227183580399,7,426,0.826885828147643,1
1,154248113,3372,0.819643139839172,0.509808123111725,7,431,0.816034425839808,1
1,154430342,764079,0.280363500118256,0.314592212438583,7,436,0.445598284116759,1
1,154498982,238141,0.281486958265305,0.672969162464142,7,441,0.209138080885172,1
1,154547644,590871,0.145733371376991,0.387680977582932,7,446,0.187955277410814,1
1,154619665,906498,0.738314032554627,0.647991359233856,7,451,0.628296102510699,1
1,154974399,402531,0.636994063854218,0.606529414653778,7,456,0.538712740335638,1
1,155103462,427932,0.774802505970001,0.450420051813126,7,461,0.795118531186454,1
1,155250663,833890,0.425030469894409,0.348661094903946,7,466,0.558624914305711,1
1,155399745,673877,0.286893159151077,0.33922216296196,7,471,0.422869126011748,1
1,155420026,266076,0.1107417345047,0.601600050926209,7,476,0.0920393327213025,1
1,155435608,320782,0.101169385015965,0.567172169685364,7,481,0.0891875434156861,1
1,155445040,3393,0.778692722320557,0.59325236082077,7,486,0.727955055712166,1
1,155463324,276008,0.74341344833374,0.5028315782547,7,491,0.741952082590526,1
1,155598031,727040,0.0822723731398583,0.55695116519928,7,496,0.0738595933365368,1
1,155604718,859182,0.914106249809265,0.601298809051514,7,501,0.892283052896834,1
1,155659061,401917,0.551204144954681,0.392283648252487,7,506,0.630752197341089,1
1,155719112,885804,0.568307876586914,0.66424834728241,7,511,0.427782680161712,1
1,155744620,337723,0.844591617584229,0.544238388538361,7,516,0.829506941230337,1
1,155752676,538819,0.261168211698532,0.469470113515854,7,521,0.278152116801054,1
1,155794587,86802,0.0232149735093117,0.394065231084824,7,526,0.0294557495537009,1
1,155798156,799629,0.158126920461655,0.630614936351776,7,531,0.125375178533233,1
1,155804591,333990,0.136994928121567,0.482654362916946,7,536,0.141918253150796,1
1,155815794,309068,0.914062082767487,0.4991395175457,7,541,0.91420972482057,1
1,155874001,211371,0.391266167163849,0.432411313056946,7,546,0.452423601498513,1
1,156188725,847483,0.869092524051666,0.490627825260162,7,551,0.871501151377973,1
1,156203078,795238,0.166581332683563,0.566731631755829,7,556,0.146966679949967,1
1,156275958,827735,0.70890611410141,0.526042520999908,7,561,0.692911391004198,1
1,156276986,197572,0.134448811411858,0.470654726028442,7,566,0.142831681035465,1
1,156291366,703269,0.392507821321487,0.310164928436279,7,571,0.559683028798864,1
1,156337755,316125,0.955756366252899,0.424519151449204,7,576,0.961559421257443,1
1,156362398,3422,0.311068862676621,0.480279207229614,7,581,0.323841692492741,1
1,156374841,628599,0.868269979953766,0.397343337535858,7,586,0.890708899236577,1
1,156523434,157581,0.275962591171265,0.314819812774658,7,591,0.438286568972699,1
1,156653770,498108,0.937219977378845,0.472741961479187,7,596,0.940465561419149,1
1,156663343,698140,0.0587942898273468,0.539299070835114,7,601,0.0545099120385122,1
1,156699698,399260,0.858767449855804,0.323884248733521,7,606,0.895555938550727,1
1,156719023,713654,0.14988999068737,0.457290142774582,7,611,0.163889374236148,1
1,156723922,843419,0.78169059753418,0.44690990447998,7,616,0.802645713389096,1
1,156752106,219716,0.952325701713562,0.458099722862244,7,621,0.956011926642438,1
1,156772810,372826,0.29912257194519,0.539704978466034,7,626,0.277116743294981,1
1,156779672,217545,0.948816239833832,0.508424401283264,7,631,0.947939075597137,1
1,156796012,467277,0.0158230196684599,0.500650525093079,7,636,0.0158024598750977,1
1,156801606,89510,0.0292507372796536,0.470456212759018,7,641,0.0310876299285229,1
1,156832682,843800,0.100876145064831,0.395844846963882,7,646,0.127418792790342,1
1,156847383,490128,0.744856357574463,0.388007789850235,7,651,0.791546658442679,1
1,156887271,444806,0.0665763095021248,0.498360961675644,7,656,0.0667952695153675,1
1,156910729,498114,0.0879068821668625,0.517794609069824,7,661,0.0848858607516019,1
1,156937387,290033,0.107792787253857,0.403215229511261,7,666,0.13366656237726,1
1,156967356,111393,0.89599084854126,0.442131191492081,7,671,0.90677991861839,1
1,156973859,498117,0.165054619312286,0.603807270526886,7,676,0.136678231092066,1
1,157010714,156727,0.191171124577522,0.574271023273468,7,681,0.16644677933409,1
1,157020593,650974,0.754421710968018,0.421285301446915,7,686,0.787824389421953,1
1,157050641,240687,0.915947794914246,0.609801769256592,7,691,0.89229550717642,1
1,157073784,910169,0.0514077693223953,0.457324296236038,7,696,0.0562049400671491,1
1,157121392,828585,0.831332325935364,0.699089169502258,7,701,0.719738113470957,1
1,157175788,3460,0.197185054421425,0.383156687021256,7,706,0.25731647273911,1
1,157278862,889693,0.686559498310089,0.687114417552948,7,711,0.499596195896431,1
1,157427504,700906,0.600127935409546,0.39897683262825,7,716,0.66734055665518,1
1,157513147,789394,0.335983604192734,0.302147775888443,7,721,0.52424283188849,1
1,157930714,929301,0.620084881782532,0.480535060167313,7,726,0.634320731693814,1
1,157964099,849745,0.916836321353912,0.506438732147217,7,731,0.91575141318535,1
1,158031249,424864,0.132163837552071,0.513258337974548,7,736,0.128749820288964,1
1,158049173,172547,0.97672027349472,0.346747100353241,7,741,0.982181689114685,1
1,158082564,760762,0.268513083457947,0.332357257604599,7,746,0.403952489849632,1
1,158175017,498149,0.70997154712677,0.445973008871079,7,751,0.73825422089793,1
1,158194683,717145,0.609171807765961,0.522660493850708,7,756,0.590618221203962,1
1,158399609,538826,0.518211781978607,0.508122205734253,7,761,0.510256181882957,1
1,158413269,606536,0.395348161458969,0.516264140605927,7,766,0.382893300505976,1
1,158432859,139657,0.82308042049408,0.551596581935883,7,771,0.802722757701389,1
1,158510596,836710,0.597347319126129,0.647801756858826,7,776,0.461057192884634,1
1,158585564,189519,0.533011376857758,0.653881072998047,7,781,0.407575168381842,1
1,158615825,688068,0.135933667421341,0.387572765350342,7,786,0.175365350166523,1
1,158638733,442222,0.972987532615662,0.484936356544495,7,791,0.973777544069006,1
1,158666210,498155,0.0576125904917717,0.466892510652542,7,796,0.0616979167338224,1
1,158686660,835136,0.85781341791153,0.601148307323456,7,801,0.82175507250037,1
1,158781890,498160,0.231567814946175,0.512939870357513,7,806,0.225726082459504,1
1,158815351,339339,0.108021512627602,0.383769482374191,7,811,0.140737496842279,1
1,158842123,3500,0.152943342924118,0.400540858507156,7,816,0.190921025503052,1
1,158855219,340951,0.905262649059296,0.548525452613831,7,821,0.895080075400496,1
1,158879805,498164,0.254075467586517,0.495038449764252,7,826,0.256621953009422,1
1,158896767,791577,0.247868895530701,0.479388058185577,7,831,0.258526355943088,1
1,158953118,747542,0.237425684928894,0.488057076931,7,836,0.243235572386199,1
1,158989174,3510,0.7756068110466,0.450176864862442,7,841,0.795940571964783,1
1,159010373,580865,0.164678692817688,0.587172448635101,7,846,0.140230262166156,1
1,159057035,855585,0.194921731948853,0.496263056993485,7,851,0.196389524871898,1
1,159087604,911723,0.415442019701004,0.441065102815628,7,856,0.470953173407901,1
1,159099423,194372,0.930190801620483,0.576589703559876,7,861,0.917563178120081,1
1,159111320,609724,0.157251700758934,0.51584666967392,7,866,0.15242097119512,1
1,159118518,887514,0.7428178191185,0.487876206636429,7,871,0.748906236915535,1
1,159145940,498172,0.771413326263428,0.351602226495743,7,876,0.823729596956218,1
1,159166407,270962,0.0867665037512779,0.497293889522553,7,881,0.0872386586476879,1
1,159200091,176237,0.878021657466888,0.438645571470261,7,886,0.891353540353651,1
1,159211509,202043,0.881471753120422,0.525594413280487,7,891,0.875077096267781,1
1,159279745,789954,0.2344830930233,0.509328603744507,7,896,0.230188419911444,1
1,159308687,150723,0.388002514839172,0.563879370689392,7,901,0.344047446145091,1
1,159327014,586371,0.961875677108765,0.47536838054657,7,906,0.963665626053045,1
1,159359385,284383,0.225071206688881,0.638499617576599,7,911,0.176250071646973,1
1,159446501,3513,0.942354083061218,0.498364001512528,7,916,0.942542085184681,1
1,159509456,3515,0.111251674592495,0.476333856582642,7,921,0.116779096273617,1
1,159639232,840169,0.264897555112839,0.603749632835388,7,926,0.21937699064826,1
1,159787194,674457,0.620544731616974,0.610245585441589,7,931,0.513212353459875,1
1,159980477,62714,0.326624423265457,0.33707982301712,7,936,0.484491210927312,1
1,160062520,472278,0.890216290950775,0.532877206802368,7,941,0.882489453899569,1
1,160197884,3537,0.806158781051636,0.396184593439102,7,946,0.839486358875463,1
1,160206878,139100,0.254698872566223,0.364618629217148,7,951,0.349267497814186,1
1,160213351,3540,0.842569291591644,0.465647220611572,7,956,0.852690287689215,1
1,160246465,471142,0.889602303504944,0.416707962751389,7,961,0.905366703602022,1
1,160254830,498186,0.875805914402008,0.438561677932739,7,966,0.889396501168018,1
1,160274703,813246,0.710163056850433,0.468915849924088,7,971,0.727127101130642,1
1,160512608,434384,0.193394884467125,0.507328391075134,7,976,0.190601282984854,1
1,160521367,841719,0.201374515891075,0.470171749591827,7,981,0.214149952720357,1
1,160570623,3553,0.0963142663240433,0.585651516914368,7,986,0.0822283077413476,1
1,160582605,796412,0.0928792878985405,0.520802617073059,7,991,0.0891693751660922,1
1,160598032,809840,0.325511008501053,0.369436830282211,7,996,0.440550294149606,1
1,160608827,897111,0.235969603061676,0.524255156517029,7,1001,0.225052248059301,1
1,160619108,711707,0.702058792114258,0.437580704689026,7,1006,0.735125367879667,1
1,160626632,127817,0.0929611027240753,0.464464008808136,7,1011,0.100073526647009,1
1,160656709,733240,0.549131512641907,0.649083971977234,7,1016,0.423004985756425,1
1,160747192,425969,0.874776065349579,0.473308116197586,7,1021,0.881122209681326,1
1,160791504,901103,0.0486505292356014,0.384713530540466,7,1026,0.0632295531265232,1
1,160859326,731269,0.831300377845764,0.418681621551514,7,1031,0.854899115176362,1
1,160871119,342367,0.738509595394135,0.428508698940277,7,1036,0.771221010607702,1
1,160902499,96395,0.645839154720306,0.671926140785217,7,1041,0.480587906555901,1
1,160925107,868804,0.228505000472069,0.537384331226349,7,1046,0.212608544010396,1
1,160940329,311613,0.139790505170822,0.433776080608368,7,1051,0.161132104120134,1
1,160957563,362543,0.665923893451691,0.64649361371994,7,1056,0.527482218830917,1
1,161083207,762726,0.684977650642395,0.567482948303223,7,1061,0.635826670738457,1
1,161103605,881710,0.701895892620087,0.430049538612366,7,1066,0.7384824405141,1
1,161128782,483124,0.815691411495209,0.496928602457047,7,1071,0.816816669159715,1
1,161138763,3579,0.321557998657227,0.622162103652954,7,1076,0.258419788644499,1
1,161144568,185328,0.730750918388367,0.403273373842239,7,1081,0.774394949203716,1
1,161162139,639551,0.902058243751526,0.489809602499008,7,1086,0.904014504459305,1
1,161182340,171007,0.123819082975388,0.385022342205048,7,1091,0.160794672675705,1
1,161194546,381596,0.0623473338782787,0.459620445966721,7,1096,0.0678248046027886,1
1,161204114,77479,0.169209882616997,0.493473768234253,7,1101,0.17144769743533,1
1,161224435,485022,0.0864022672176361,0.352106034755707,7,1106,0.122693533607827,1
1,161236777,826568,0.0584736168384552,0.43716835975647,7,1111,0.0668776862889033,1
1,161312975,625765,0.12096381187439,0.339529722929001,7,1116,0.178134348343465,1
1,161351314,538835,0.0827800109982491,0.377963691949844,7,1121,0.109507887611112,1
1,161367150,3587,0.0974881798028946,0.470714837312698,7,1126,0.1035533321612,1
1,161411627,475885,0.276835739612579,0.442719787359238,7,1131,0.312653452044538,1
1,161419792,699362,0.869382798671722,0.483283758163452,7,1136,0.873608384300028,1
1,161430747,481634,0.119542606174946,0.502475559711456,7,1141,0.118953652435944,1
1,161456567,877189,0.298908680677414,0.562455534934998,7,1146,0.265717609759106,1
1,161499273,568159,0.959633767604828,0.663318812847138,7,1151,0.940052735443093,1
1,161548982,351286,0.867674887180328,0.582596480846405,7,1156,0.841490180667381,1
1,161558664,800617,0.91292816400528,0.617335259914398,7,1161,0.886229606658765,1
1,161562917,476948,0.116051457822323,0.43751072883606,7,1166,0.132626985092529,1
1,161588657,826507,0.136386603116989,0.514816403388977,7,1171,0.132461400043949,1
1,161631422,476236,0.969211518764496,0.55540668964386,7,1176,0.965374556343593,1
1,161651733,909461,0.876215636730194,0.468522369861603,7,1181,0.883546967689334,1
1,161681554,902274,0.88575404882431,0.38603550195694,7,1186,0.906960458186234,1
1,161702464,181745,0.123456217348576,0.418411761522293,7,1191,0.147529573379354,1
1,161732152,763130,0.916335761547089,0.681459665298462,7,1196,0.868675597187242,1
1,161747175,3597,0.852638423442841,0.540035247802734,7,1201,0.839812098804084,1
1,161799102,685620,0.0669038370251656,0.412372618913651,7,1206,0.081120610288598,1
1,161848287,126220,0.813471436500549,0.565850019454956,7,1211,0.785179578650127,1
1,161871990,910644,0.310082614421845,0.60682874917984,7,1216,0.255494334143642,1
1,161933911,377322,0.900032937526703,0.449862360954285,7,1221,0.909143589369105,1
1,161967721,429449,0.913692891597748,0.695387542247772,7,1226,0.858332930571647,1
1,161983959,266973,0.234120443463326,0.482430160045624,7,1231,0.242646980695801,1
1,162032628,353695,0.0609675981104374,0.435230761766434,7,1236,0.0700405433924218,1
1,162052120,3604,0.869630217552185,0.546113193035126,7,1241,0.856385137828093,1
1,162072073,743807,0.130643233656883,0.566777408123016,7,1246,0.115250918424511,1
1,162082051,498239,0.678598880767822,0.66631430387497,7,1251,0.518407407083236,1
1,162224262,257577,0.880045354366303,0.502423405647278,7,1256,0.879461125186423,1
1,162244749,805510,0.064865343272686,0.43239551782608,7,1261,0.0750069561298926,1
1,162296976,849918,0.589404940605164,0.511555910110474,7,1266,0.579690830645834,1
1,162341800,811521,0.659905970096588,0.414946049451828,7,1271,0.709348146795046,1
1,162350015,422046,0.809280633926392,0.589507400989533,7,1276,0.767694513210036,1
1,162494061,363549,0.153684020042419,0.567668318748474,7,1281,0.135364274318887,1
1,162545654,837072,0.873610317707062,0.368467509746552,7,1286,0.89993414096382,1
1,162560339,498254,0.75059986114502,0.694519221782684,7,1291,0.591790782532379,1
1,162602708,827419,0.147128090262413,0.412510246038437,7,1296,0.178332649522485,1
1,162733870,273660,0.0699172541499138,0.501933395862579,7,1301,0.0696479400715707,1
1,162760662,297124,0.947183609008789,0.526604652404785,7,1306,0.944215346370099,1
1,162783651,432736,0.185720458626747,0.468316525220871,7,1311,0.198285186006576,1
1,162830049,918795,0.35435077548027,0.533726751804352,7,1316,0.331958979273878,1
1,162894175,880022,0.68420684337616,0.453276216983795,7,1321,0.711194970445908,1
1,162926661,62732,0.086235336959362,0.615001857280731,7,1326,0.0701098183188071,1
1,162942492,498263,0.121580943465233,0.3763487637043,7,1331,0.161526960084237,1
1,162956274,727121,0.915347993373871,0.464990466833115,7,1336,0.920887384823736,1
1,163004173,415185,0.600077390670776,0.651216804981232,7,1341,0.46073549245099,1
1,163015749,161217,0.411519795656204,0.535775780677795,7,1346,0.384041058309506,1
1,163052869,579443,0.806433498859406,0.471254616975784,7,1351,0.81695679304709,1
1,163077204,583778,0.8970947265625,0.509984076023102,7,1356,0.89499803128607,1
1,163095629,325753,0.102412052452564,0.401123911142349,7,1361,0.127656379497432,1
1,163122996,698465,0.835043430328369,0.438187539577484,7,1366,0.853192496346936,1
1,163155120,314990,0.366005748510361,0.304792821407318,7,1371,0.544024953271453,1
1,163173417,615851,0.903952121734619,0.617924094200134,7,1376,0.874307857669921,1
1,163215369,584940,0.242718741297722,0.391886055469513,7,1381,0.30968024749812,1
1,163283623,3648,0.176720574498177,0.538807988166809,7,1386,0.163992162680656,1
1,163332617,553974,0.766048192977905,0.565334022045136,7,1391,0.730883231161943,1
1,163373851,774098,0.66127473115921,0.487497866153717,7,1396,0.66953769899582,1
1,163392475,730257,0.334697157144547,0.579029023647308,7,1401,0.289015872672743,1
1,163448979,578076,0.161111831665039,0.504854440689087,7,1406,0.159562656758188,1
1,163491895,805550,0.27747106552124,0.512979745864868,7,1411,0.270450312861215,1
1,163522638,780655,0.288450866937637,0.605260848999023,7,1416,0.238286407765078,1
1,163531739,140492,0.890034198760986,0.589107155799866,7,1421,0.866186765246449,1
1,163550619,138517,0.914131879806519,0.401387214660645,7,1426,0.928277408788719,1
1,163559223,381374,0.924498856067657,0.506974458694458,7,1431,0.923430798602833,1
1,163562824,3669,0.821381330490112,0.451816231012344,7,1436,0.837081395314069,1
1,163566470,426010,0.0669988095760346,0.44458669424057,7,1441,0.0753495442440984,1
1,163584620,408834,0.032302800565958,0.52001166343689,7,1446,0.0310596885005046,1
1,163619952,3673,0.727049827575684,0.699813663959503,7,1451,0.545365428645803,1
1,163643309,158551,0.227427080273628,0.47260645031929,7,1456,0.240609369719753,1
1,163660711,331458,0.76157146692276,0.57217139005661,7,1461,0.721350410496403,1
1,163680268,894070,0.116633303463459,0.449968785047531,7,1466,0.129601549417632,1
1,163705536,112103,0.179574534296989,0.571007490158081,7,1471,0.157243589087838,1
1,163712139,685013,0.869655847549439,0.520766794681549,7,1476,0.864007594836894,1
1,163726975,728993,0.0284725856035948,0.51615834236145,7,1481,0.0275812510104276,1
1,163728715,699956,0.534810066223145,0.391902834177017,7,1486,0.617503616262313,1
1,163741907,584199,0.958742678165436,0.690796971321106,7,1491,0.933284415080213,1
1,163750247,855364,0.887049555778503,0.463609904050827,7,1496,0.894712407001453,1
1,163782726,162654,0.194662004709244,0.442445188760757,7,1501,0.219984316310989,1
1,163800754,308040,0.909060537815094,0.359124302864075,7,1506,0.929050623552028,1
1,163825567,3690,0.8078293800354,0.427335619926453,7,1511,0.832213573384886,1
1,163840474,240216,0.23866306245327,0.500313580036163,7,1516,0.238513476324208,1
1,163875065,3692,0.87240207195282,0.403014749288559,7,1521,0.89313142335165,1
1,164065646,3696,0.228354543447495,0.456693768501282,7,1526,0.250008385484303,1
1,164101988,670619,0.881567597389221,0.537530481815338,7,1531,0.871956531237277,1
1,164127437,261888,0.216860875487328,0.514670848846436,7,1536,0.210679190373218,1
1,164149927,498299,0.824910163879395,0.54178512096405,7,1541,0.808943528319092,1
1,164200175,175305,0.0877287909388542,0.394626170396805,7,1546,0.11115429933428,1
1,164269698,899226,0.661227941513062,0.434969753026962,7,1551,0.700217766834787,1
1,164309029,874462,0.0812937766313553,0.483983933925629,7,1556,0.0839839620005313,1
1,164365841,164954,0.81654280424118,0.423455595970154,7,1561,0.840899335353429,1
1,164385520,208510,0.859911739826202,0.390676707029343,7,1566,0.885046032385518,1
1,164413806,605773,0.250524759292603,0.562335133552551,7,1571,0.222753963201546,1
1,164441196,3705,0.887600421905518,0.551145672798157,7,1576,0.874792809957764,1
1,164463436,96593,0.143519371747971,0.468292415142059,7,1581,0.153236916835855,1
1,164494478,538844,0.123655863106251,0.410863995552063,7,1586,0.150482719884105,1
1,164509898,647954,0.145396843552589,0.456831842660904,7,1591,0.159136064931133,1
1,164541342,748197,0.296135932207108,0.676363348960877,7,1596,0.218917784843068,1
1,164565669,704099,0.0925238206982613,0.483315616846085,7,1601,0.0957178057912064,1
1,164575884,653747,0.16559711098671,0.450162768363953,7,1606,0.183930261034855,1
1,164593374,464091,0.896218359470367,0.419796705245972,7,1611,0.910564416414052,1
1,164654257,3710,0.133989885449409,0.671708106994629,7,1616,0.0997381779780134,1
1,164687375,616921,0.87517261505127,0.431226849555969,7,1621,0.890266106222419,1
1,164710635,498309,0.0190175771713257,0.395242899656296,7,1626,0.0240580883146331,1
1,164718067,115109,0.856278359889984,0.435742944478989,7,1631,0.872645243241744,1
1,164724014,761744,0.883031070232391,0.499969244003296,7,1636,0.883038264781877,1
1,164761328,584696,0.290853470563889,0.512543797492981,7,1641,0.283735235882814,1
1,164894598,641638,0.0503048337996006,0.321768641471863,7,1646,0.0781692609470764,1
1,164923566,717748,0.145146578550339,0.355696201324463,7,1651,0.204031668049692,1
1,164935008,663139,0.105390138924122,0.450928866863251,7,1656,0.116858940144192,1
1,164984829,550717,0.246352225542069,0.451291173696518,7,1661,0.272941550711265,1
1,165000752,162763,0.0221944358199835,0.426325529813767,7,1666,0.0260299164228785,1
1,165044275,498322,0.169628411531448,0.643796324729919,7,1671,0.131740742386662,1
1,165058339,834045,0.620831787586212,0.457117110490799,7,1676,0.650782682839223,1
1,165091470,306006,0.860704362392426,0.556982934474945,7,1681,0.842787503634331,1
1,165098028,207020,0.295271307229996,0.42146909236908,7,1686,0.350288209237686,1
1,165135533,191530,0.821004331111908,0.471296221017838,7,1691,0.830722158603929,1
1,165206365,78092,0.95791083574295,0.493934869766235,7,1696,0.958415269357121,1
1,165279248,319870,0.251298606395721,0.587394833564758,7,1701,0.213909445602926,1
1,165311151,782503,0.240971520543098,0.510788559913635,7,1706,0.235881869186579,1
1,165323807,405656,0.0366393253207207,0.512433350086212,7,1711,0.03575033252086,1
1,165341831,565970,0.274438947439194,0.391212522983551,7,1716,0.350754297620903,1
1,165372042,722664,0.546874225139618,0.57038027048111,7,1721,0.47939440881987,1
1,165388475,728948,0.199642986059189,0.403332769870758,7,1726,0.247491650781514,1
1,165391421,234761,0.859244763851166,0.442409604787827,7,1731,0.873782585427001,1
1,165410520,126423,0.88481205701828,0.506738781929016,7,1736,0.883238395031146,1
1,165677015,465118,0.121400989592075,0.542892217636108,7,1741,0.111809476769336,1
1,165715728,98049,0.555953919887543,0.494746059179306,7,1746,0.560571383776657,1
1,165733922,3748,0.698160767555237,0.589398801326752,7,1751,0.632442338916595,1
1,165761718,630760,0.807887852191925,0.503604531288147,7,1756,0.806492847017111,1
1,165813084,640732,0.0924359112977982,0.406520336866379,7,1761,0.113691619969534,1
1,165828376,567725,0.260625392198563,0.438525885343552,7,1766,0.297160784470434,1
1,165830039,181726,0.803805291652679,0.504900574684143,7,1771,0.801863324500776,1
1,165845545,247976,0.90772008895874,0.498819440603256,7,1776,0.907937459553166,1
1,165874113,852302,0.303070992231369,0.567979156970978,7,1781,0.266797635539692,1
1,165881702,630222,0.129183366894722,0.381755262613297,7,1786,0.169196576375137,1
1,165888494,272888,0.794916749000549,0.41825857758522,7,1791,0.823733326270493,1
1,165909616,374574,0.0630614459514618,0.425686150789261,7,1796,0.074070351871373,1
1,165979702,538848,0.146832004189491,0.501592695713043,7,1801,0.146365771914562,1
1,165999608,323273,0.0712097808718681,0.620391607284546,7,1806,0.0573909930725476,1
1,166025905,587990,0.391783714294434,0.564881205558777,7,1811,0.346784164917368,1
1,166044768,477014,0.753518462181091,0.532186567783356,7,1816,0.736560003577705,1
1,166081092,344090,0.847076892852783,0.498341649770737,7,1821,0.847582416322454,1
1,166115258,894481,0.876579582691193,0.431207895278931,7,1826,0.89150656603318,1
1,166186587,140752,0.114208556711674,0.527477443218231,7,1831,0.108259185468546,1
1,166285464,839360,0.0650174394249916,0.530421853065491,7,1836,0.0612884245334477,1
1,166355735,670330,0.171787157654762,0.489148676395416,7,1841,0.175598101297829,1
1,166529248,204216,0.264195531606674,0.322785437107086,7,1846,0.409243263844994,1
1,166617514,3767,0.284022003412247,0.347328096628189,7,1851,0.408867013883258,1
1,166674579,855105,0.846182465553284,0.509552657604218,7,1856,0.84318649409401,1
1,166681644,153443,0.774106919765472,0.44279071688652,7,1861,0.797299607992602,1
1,166751129,705826,0.196027427911758,0.456185787916184,7,1866,0.21485481694552,1
1,166830663,829397,0.85250461101532,0.469808876514435,7,1871,0.860903566231908,1
1,166855806,214975,0.200863882899284,0.456661611795425,7,1876,0.219926393757471,1
1,166885265,498358,0.675588965415955,0.49397137761116,7,1881,0.679453868584964,1
1,166900514,351901,0.968964815139771,0.466959029436112,7,1886,0.970888555876485,1
1,166929898,415271,0.0959620699286461,0.488921791315079,7,1891,0.0981364214412819,1
1,166955204,557847,0.0860144570469856,0.43558469414711,7,1896,0.0987344805760507,1
1,167003771,498365,0.88892674446106,0.492102473974228,7,1901,0.890653872240653,1
1,167028799,679683,0.615238964557648,0.68371444940567,7,1906,0.449923915673023,1
1,167092420,772355,0.536501109600067,0.600171744823456,7,1911,0.44695632060943,1
1,167104469,332676,0.850699067115784,0.478720307350159,7,1916,0.856793833531795,1
1,167132622,460407,0.864094257354736,0.459147602319717,7,1921,0.874359674443375,1
1,167146448,133822,0.883335053920746,0.559403598308563,7,1926,0.867605652666045,1
1,167178529,498366,0.18191222846508,0.510704815387726,7,1931,0.178099190553914,1
1,167195711,804374,0.246177762746811,0.404110848903656,7,1936,0.304591875489963,1
1,167202400,3791,0.183476477861404,0.341829776763916,7,1941,0.268374042189019,1
1,167219158,687898,0.109420575201511,0.596413016319275,7,1946,0.0917322159371986,1
1,167252998,313780,0.405957758426666,0.316284418106079,7,1951,0.565577955728454,1
1,167280559,498373,0.885925829410553,0.678337693214417,7,1956,0.822680232991229,1
1,167309205,599677,0.0845612287521362,0.396690309047699,7,1961,0.106583431487317,1
1,167339355,99260,0.865453124046326,0.393771797418594,7,1966,0.889029514479238,1
1,167357284,680857,0.0647107511758804,0.424238681793213,7,1971,0.0762669152449216,1
1,167360724,237931,0.751378417015076,0.577651739120483,7,1976,0.705667566302767,1
1,167378493,305121,0.868995249271393,0.441023766994476,7,1981,0.882817244282269,1
1,167392419,3805,0.0892926827073097,0.604649901390076,7,1986,0.0738383339698129,1
1,167403457,923496,0.148569107055664,0.538447082042694,7,1991,0.137960731899633,1
1,167415902,901500,0.931424200534821,0.533383548259735,7,1996,0.926518022232796,1
1,167431890,163282,0.0961454287171364,0.408465415239334,7,2001,0.117691027355157,1
1,167457279,266947,0.216492980718613,0.528174936771393,7,2006,0.204944390245003,1
1,167505369,837369,0.439000278711319,0.670320808887482,7,2011,0.32745535636878,1
1,167542254,449531,0.10522672533989,0.490606248378754,7,2016,0.107241525854613,1
1,167553784,887789,0.814794898033142,0.404062658548355,7,2021,0.844610255907344,1
1,167610647,376662,0.0496936030685902,0.458778887987137,7,2026,0.0541585547741938,1
1,167655818,102719,0.0464277788996697,0.438755124807358,7,2031,0.0529085317465574,1
1,167690434,727282,0.0557939410209656,0.380482137203217,7,2036,0.0733200531187695,1
1,167751176,3810,0.796812117099762,0.520047962665558,7,2041,0.788324804256793,1
1,167778379,799081,0.175068572163582,0.425213277339935,7,2046,0.205859719690295,1
1,167783324,907927,0.104846946895123,0.442449808120728,7,2051,0.118484565899635,1
1,167847341,294050,0.117863737046719,0.361378788948059,7,2056,0.163075062304859,1
1,167852174,358330,0.896099328994751,0.53550261259079,7,2061,0.888157959741423,1
1,167913316,608464,0.649097919464111,0.669564306735992,7,2066,0.484716638068977,1
1,167933979,498383,0.807292997837067,0.582889020442963,7,2071,0.768997926681786,1
1,167942847,3818,0.857321262359619,0.416195422410965,7,2076,0.877802655959287,1
1,167954852,617272,0.228673473000526,0.559987366199493,7,2081,0.204177350064593,1
1,167962186,294710,0.223845839500427,0.407598733901978,7,2086,0.274590940650787,1
1,167975898,733964,0.149078443646431,0.374429374933243,7,2091,0.199074182778809,1
1,167995874,588692,0.144171446561813,0.523591339588165,7,2096,0.1376755454695,1
1,168014080,448662,0.797369837760925,0.45484384894371,7,2101,0.814154016380022,1
1,168023992,434979,0.892844080924988,0.540235280990601,7,2106,0.883466570351583,1
1,168060983,168581,0.863899230957031,0.542604088783264,7,2111,0.851222140704186,1
1,168114954,899279,0.770258069038391,0.569147169589996,7,2116,0.73338700044864,1
1,168211787,753118,0.0834437012672424,0.523020446300507,7,2121,0.0797709744021164,1
1,168298478,346072,0.20127572119236,0.60053551197052,7,2126,0.167580198989332,1
1,168352077,430696,0.895522177219391,0.375131338834763,7,2131,0.916400173929525,1
1,168395232,404174,0.142924100160599,0.434502750635147,7,2136,0.16446857925718,1
1,168433735,259191,0.829366803169251,0.582620739936829,7,2141,0.795589751147525,1
1,168445688,602838,0.139384940266609,0.507839024066925,7,2146,0.137233388594651,1
1,168456671,374347,0.827882349491119,0.513642489910126,7,2151,0.823054392151696,1
1,168546106,793462,0.884188532829285,0.466176629066467,7,2156,0.891526417279007,1
1,168547542,575873,0.925889134407043,0.5921511054039,7,2161,0.909144211771924,1
1,168620847,771805,0.221724838018417,0.520109355449677,7,2166,0.213152133964903,1
1,168643824,636697,0.865586280822754,0.336627542972565,7,2171,0.898689101610012,1
1,168679916,151222,0.807206392288208,0.495981901884079,7,2176,0.808743368112696,1
1,168720165,236165,0.946913957595825,0.527293741703033,7,2181,0.943848805180378,1
1,168786508,396836,0.0460682362318039,0.449207931756973,7,2186,0.0512771847678853,1
1,168862882,764214,0.580152153968811,0.652463138103485,7,2191,0.444586153675394,1
1,168930861,764804,0.686317980289459,0.520465016365051,7,2196,0.672931036925833,1
1,168974299,202161,0.828495681285858,0.531333029270172,7,2201,0.817029650663169,1
1,169041498,630294,0.350437134504318,0.309656947851181,7,2206,0.529536175185802,1
1,169313506,789657,0.150342598557472,0.463872045278549,7,2211,0.162051798645458,1
1,169345629,498414,0.891509771347046,0.569489419460297,7,2216,0.873998185460452,1
1,169364185,426180,0.880351185798645,0.648747801780701,7,2221,0.829682469166137,1
1,169382891,449107,0.0678953304886818,0.519005179405212,7,2226,0.0654091068671905,1
1,169385645,373806,0.875189065933228,0.505056381225586,7,2231,0.87391398804592,1
1,169388045,373229,0.634080648422241,0.574211061000824,7,2236,0.570304300955001,1
1,169435317,319928,0.471775591373444,0.638531863689423,7,2241,0.369422121433013,1
1,169454408,566005,0.801350712776184,0.481100559234619,7,2246,0.808585949783636,1
1,169481504,572311,0.0425866767764092,0.683626055717468,7,2251,0.0311476401610485,1
1,169499070,860066,0.0317633263766766,0.399491846561432,7,2256,0.0397546616408755,1
1,169527817,882583,0.0905637070536613,0.314975827932358,7,2261,0.143762947855653,1
1,169589070,434198,0.661993682384491,0.480389177799225,7,2266,0.674750502516569,1
1,169660126,895911,0.809771955013275,0.446262270212173,7,2271,0.828232722141208,1
1,169677671,198943,0.804912388324738,0.392778664827347,7,2276,0.839360377859753,1
1,169718583,430588,0.843133747577667,0.343131840229034,7,2281,0.88059532945163,1
1,169766701,482062,0.877544820308685,0.404471635818481,7,2286,0.897187785623264,1
1,169839997,695777,0.249572545289993,0.493890166282654,7,2291,0.252659966049175,1
1,169863125,498420,0.872344791889191,0.524153053760529,7,2296,0.865865264955839,1
1,169916125,819608,0.104109637439251,0.502864062786102,7,2301,0.103516680892282,1
1,169921591,320219,0.893283486366272,0.58620285987854,7,2306,0.871052137283496,1
1,169946088,379421,0.132832542061806,0.469964534044266,7,2311,0.141321879034913,1
1,169982208,3878,0.237643241882324,0.654672861099243,7,2316,0.181497703664777,1
1,169987532,259511,0.0830195471644402,0.579415261745453,7,2321,0.0716408012056404,1
1,169999717,296004,0.725306332111359,0.519592761993408,7,2326,0.714103320936151,1
1,170021059,395961,0.873050332069397,0.532567322254181,7,2331,0.864205399007602,1
1,170039799,128309,0.113495104014874,0.461127877235413,7,2336,0.123062505671212,1
1,170044435,95858,0.869300663471222,0.561951696872711,7,2341,0.850816296290047,1
1,170055849,390231,0.818422555923462,0.44718199968338,7,2346,0.835771045830145,1
1,170066613,268689,0.830926954746246,0.561672568321228,7,2351,0.807138416358962,1
1,170069120,150997,0.0600862726569176,0.384701311588287,7,2356,0.0780947073053168,1
1,170094146,626483,0.879044592380524,0.471353679895401,7,2361,0.885598931630183,1
1,170102597,769470,0.946857810020447,0.476740747690201,7,2366,0.949220018810016,1
1,170124699,3888,0.143764421343803,0.408569276332855,7,2371,0.175936407448661,1
1,170139281,192184,0.742572069168091,0.383910059928894,7,2376,0.791079261250234,1
1,170180047,642058,0.0771995112299919,0.463202714920044,7,2381,0.0833323173022828,1
1,170221844,108161,0.800255954265595,0.519907832145691,7,2386,0.791973230237094,1
1,170256792,720297,0.0949543192982674,0.505138456821442,7,2391,0.093988408540267,1
1,170284675,498427,0.694630861282349,0.474712371826172,7,2396,0.709331495413977,1
1,170391473,597588,0.547032713890076,0.60171502828598,7,2401,0.454561285803622,1
1,170525782,119116,0.929208159446716,0.537029385566711,7,2406,0.923546075769908,1
1,170563224,414646,0.871506571769714,0.521849691867828,7,2411,0.865634899690615,1
1,170643255,498439,0.965519547462463,0.459012508392334,7,2416,0.96813193181688,1
1,170655401,565050,0.847056925296783,0.559061408042908,7,2421,0.826571003884709,1
1,170682169,111518,0.219868659973145,0.567924022674561,7,2426,0.193572248394867,1
1,170715304,571493,0.105300098657608,0.474445074796677,7,2431,0.110971853488767,1
1,170729967,192304,0.861905694007874,0.558271765708923,7,2436,0.843688612961596,1
1,170776771,721735,0.812243044376373,0.472630947828293,7,2441,0.821987131354748,1
1,170792582,498442,0.825013041496277,0.574319064617157,7,2446,0.794462302679417,1
1,170882018,490523,0.189886480569839,0.495634824037552,7,2451,0.19155885680407,1
1,171090157,102226,0.192849159240723,0.466386616230011,7,2456,0.206748170433791,1
1,171165000,468210,0.129175528883934,0.350028604269028,7,2461,0.184521389549997,1
1,171196687,498448,0.160766273736954,0.426026999950409,7,2466,0.188680850926898,1
1,171214412,596229,0.970651566982269,0.610468447208405,7,2471,0.96232855489189,1
1,171252012,206081,0.725511312484741,0.483160376548767,7,2476,0.734454678917281,1
1,171351834,266292,0.031152930110693,0.577795684337616,7,2481,0.0269584309429437,1
1,171372134,895590,0.872692406177521,0.537365674972534,7,2486,0.862410129409527,1
1,171413499,568086,0.15751725435257,0.569416046142578,7,2491,0.138314730871782,1
1,171420927,454390,0.897997498512268,0.455968976020813,7,2496,0.90625304716847,1
1,171454398,715570,0.11481024324894,0.470731943845749,7,2501,0.121948642693517,1
1,171505359,377358,0.325048178434372,0.516114711761475,7,2506,0.314899160038471,1
1,171579329,429653,0.938174605369568,0.426796764135361,7,2511,0.946070267261164,1
1,171594128,239094,0.965102851390839,0.472103267908096,7,2516,0.966946993144972,1
1,171602102,488170,0.162368714809418,0.474768906831741,7,2521,0.17099762902856,1
1,171639806,170370,0.708088159561157,0.408212065696716,7,2526,0.753364487920396,1
1,171649836,892997,0.828771650791168,0.484620809555054,7,2531,0.833881196230484,1
1,171674835,538860,0.101693645119667,0.590144038200378,7,2536,0.0861600207211937,1
1,171741396,832739,0.931398093700409,0.443872183561325,7,2541,0.938321817150864,1
1,171776209,839732,0.634162545204163,0.395259350538254,7,2546,0.697525331626497,1
1,171791702,570717,0.270035743713379,0.57944393157959,7,2551,0.233012832645645,1
1,171872830,113019,0.0667795017361641,0.468175202608109,7,2556,0.0713189222369629,1
1,172098724,572317,0.749553203582764,0.507883727550507,7,2561,0.745541033249475,1
1,172123906,247866,0.872891962528229,0.480798780918121,7,2566,0.877592701249295,1
1,172143328,139307,0.839986503124237,0.553421437740326,7,2571,0.820845075874109,1
1,172158724,427609,0.163129583001137,0.430764585733414,7,2576,0.189348879183504,1
1,172360460,889663,0.24472239613533,0.391385823488235,7,2581,0.312635743873189,1
1,172460325,738064,0.136548951268196,0.497122377157211,7,2586,0.137339373102705,1
1,172543687,289316,-0.0481391586363316,0.439153403043747,7,2591,-0.0548090465685588,1
1,172627141,3942,0.296604633331299,0.47148522734642,7,2596,0.314542870198318,1
1,172695260,855923,0.964413404464722,0.626237034797669,7,2601,0.95239416575688,1
1,172714766,148461,0.0509576722979546,0.525737643241882,7,2606,0.0484630242412658,1
1,172805324,484478,0.215992629528046,0.567286252975464,7,2611,0.190373579824248,1
1,172899928,349447,0.0962613224983215,0.414006412029266,7,2616,0.116255835297929,1
1,172979145,204520,0.862391293048859,0.481958955526352,7,2621,0.867183586687655,1
1,173041754,453106,0.913427591323853,0.479339957237244,7,2626,0.916862826445475,1
1,173162922,571207,0.611206591129303,0.679978013038635,7,2631,0.449431142926216,1
1,173296555,87491,0.808636844158173,0.585292994976044,7,2636,0.769279089183974,1
1,173329123,901953,0.896609127521515,0.581239819526672,7,2641,0.876551213200809,1
1,173357390,648923,0.84918475151062,0.611000835895538,7,2646,0.806149649657242,1
1,173377103,229007,0.646163463592529,0.540604293346405,7,2651,0.61488915625165,1
1,173393344,494043,0.87089341878891,0.574210286140442,7,2656,0.848391615616066,1
1,173398994,200139,0.97296530008316,0.399679660797119,7,2661,0.977483105142884,1
1,173412692,782287,0.780132830142975,0.394596785306931,7,2666,0.818412617805065,1
1,173440357,85989,0.132778763771057,0.516347289085388,7,2671,0.128575056534382,1
1,173446523,268341,0.31973722577095,0.538336455821991,7,2676,0.296967837040444,1
1,173506216,834000,0.778965651988983,0.466523498296738,7,2681,0.792835910011681,1
1,173539235,309428,0.0746410861611366,0.474896997213364,7,2686,0.0785866057262114,1
1,173550104,927647,0.700265228748322,0.391049295663834,7,2691,0.753892417631385,1
1,173562004,110094,0.790957629680634,0.468752056360245,7,2696,0.803253478133818,1
1,173579607,420871,0.936846375465393,0.45561808347702,7,2701,0.94199511168742,1
1,173593770,3954,0.843428134918213,0.574449360370636,7,2706,0.816036153513769,1
1,173609920,601648,0.198052108287811,0.46207782626152,7,2711,0.214306007594184,1
1,173623732,498471,0.177406921982765,0.505244672298431,7,2716,0.17556535645959,1
1,173641957,833940,0.3242247402668,0.533376455307007,7,2721,0.303936119640095,1
1,173648629,303101,0.673247277736664,0.519628524780273,7,2726,0.659895789905223,1
1,173668874,152381,0.868158221244812,0.543130874633789,7,2731,0.855711656320059,1
1,173680056,268040,0.880119562149048,0.541850984096527,7,2736,0.869168727106674,1
1,173707092,834571,0.11970230191946,0.545391857624054,7,2741,0.109739722225531,1
1,173717773,813914,0.620468616485596,0.673900842666626,7,2746,0.460356017682365,1
1,173738283,95961,0.558236241340637,0.386769622564316,7,2751,0.639806037898298,1
1,173755032,134867,0.305737227201462,0.325786352157593,7,2756,0.469229642642561,1
1,173772826,827322,0.088305376470089,0.441447168588638,7,2761,0.100018057372995,1
1,173791412,800794,0.737504601478577,0.628562092781067,7,2766,0.646649691079183,1
1,173845910,445343,0.235986188054085,0.618824899196625,7,2771,0.190672828744002,1
1,173854154,150147,0.169859111309052,0.462012082338333,7,2776,0.183825399597086,1
1,173859693,779567,0.280100882053375,0.57748019695282,7,2781,0.242519902441139,1
1,173890292,111532,0.816118001937866,0.391546487808228,7,2786,0.848893962827371,1
1,173897146,231705,0.917394638061523,0.623929738998413,7,2791,0.890172966989634,1
1,173916999,743430,0.845825910568237,0.464719980955124,7,2796,0.855987442136489,1
1,173928442,294121,0.786567449569702,0.394787728786469,7,2801,0.823671329397918,1
1,174000466,426631,0.592075109481812,0.639665305614471,7,2806,0.462800705529164,1
1,174091417,727444,0.095871314406395,0.517050206661224,7,2811,0.0927098695361422,1
1,174111238,486982,0.140939354896545,0.484770089387894,7,2816,0.145367214254602,1
1,174131479,774307,0.781255304813385,0.626475930213928,7,2821,0.707187952690845,1
1,174153134,690520,0.0929702892899513,0.487810909748077,7,2826,0.0952933682212688,1
1,174159019,168560,0.276052266359329,0.513148963451386,7,2831,0.268978684573999,1
1,174218831,891836,0.896214604377747,0.500589370727539,7,2836,0.896092123856627,1
1,174325405,305684,0.868074417114258,0.428818762302399,7,2841,0.884515129193033,1
1,174354809,294596,0.824418783187866,0.48901379108429,7,2846,0.828193781213089,1
1,174509713,188399,0.854721665382385,0.52612292766571,7,2851,0.846713057985711,1
1,174556167,879758,0.151257082819939,0.689498424530029,7,2856,0.109686315036207,1
1,174565120,3989,0.27624648809433,0.587112963199616,7,2861,0.235258379059506,1
1,174774916,3991,0.486279159784317,0.59980046749115,7,2866,0.40536743979071,1
1,174809772,3992,0.828237652778626,0.502518773078919,7,2871,0.827368011166558,1
1,174853587,885252,0.844182968139648,0.49119707942009,7,2876,0.84687879574005,1
1,174941402,885957,0.132956311106682,0.336897015571594,7,2881,0.197324857391661,1
1,174970366,795081,0.0891356989741325,0.401175856590271,7,2886,0.111093049980284,1
1,174993725,498494,0.0862704068422318,0.534342169761658,7,2891,0.0807258080348707,1
1,175121816,550500,0.0687927007675171,0.387730926275253,7,2896,0.0887119083179357,1
1,175143539,320264,0.163028076291084,0.617507636547089,7,2901,0.132004907018387,1
1,175216475,291619,0.213818907737732,0.516448974609375,7,2906,0.207008744570998,1
1,175235939,434365,0.170445784926415,0.54908812046051,7,2911,0.155208042730432,1
1,175262675,156423,0.200499817728996,0.460349798202515,7,2916,0.217768986227288,1
1,175282229,273665,0.289138972759247,0.49796462059021,7,2921,0.290320798711108,1
1,175425219,581258,0.873462855815888,0.641599237918854,7,2926,0.823469761267607,1
1,175440507,554901,0.31558108329773,0.525771260261536,7,2931,0.300112527205033,1
1,175466183,778599,0.90723592042923,0.600240051746368,7,2936,0.883975270689305,1
1,175497405,312000,0.827026963233948,0.399403482675552,7,2941,0.855998967878954,1
1,175524827,746450,0.086581751704216,0.557588636875153,7,2946,0.077639451360988,1
1,175583875,657133,0.103004179894924,0.497472196817398,7,2951,0.103527574559843,1
1,175604067,695361,0.220310658216476,0.413268029689789,7,2956,0.266546940954818,1
1,175622043,358668,0.996944665908813,0.54602974653244,7,2961,0.99663487412683,1
1,175633785,184511,0.0861320346593857,0.522548973560333,7,2966,0.0824152749478523,1
1,175654621,440769,0.92824798822403,0.484659135341644,7,2971,0.930383929650583,1
1,175700677,740154,0.584717333316803,0.320096611976624,7,2976,0.694601708126127,1
1,175711302,327625,0.922722339630127,0.43612402677536,7,2981,0.931476367109646,1
1,175769969,863088,0.182435855269432,0.566697418689728,7,2986,0.160964078230006,1
1,175813557,498511,0.787991762161255,0.550324261188507,7,2991,0.764265425571892,1
1,175837384,131940,0.187637180089951,0.438891977071762,7,2996,0.213762371941548,1
1,175877583,648212,0.0722317323088646,0.503481686115265,7,3001,0.0717322340621623,1
1,175895134,885301,0.25109338760376,0.663452804088593,7,3006,0.189232290568653,1
1,175941838,588591,0.209890961647034,0.338157832622528,7,3011,0.310344669557494,1
1,175989712,498513,0.201277688145638,0.480099141597748,7,3016,0.209620962324359,1
1,176013933,372644,0.20022052526474,0.58659565448761,7,3021,0.170663150786236,1
1,176038518,538866,0.165846049785614,0.535088837146759,7,3026,0.15497057523191,1
1,176062266,683818,0.759804785251617,0.480351030826569,7,3031,0.768887047798398,1
1,176072821,686370,0.798375189304352,0.505835473537445,7,3036,0.795994248981239,1
1,176076484,342279,0.0474586188793182,0.40494567155838,7,3041,0.0585987481934058,1
1,176108785,184552,0.200526550412178,0.424736022949219,7,3046,0.236060211022121,1
1,176130759,910488,0.201729997992516,0.549059867858887,7,3051,0.183704919810641,1
1,176151861,838688,0.900012075901032,0.551191627979279,7,3056,0.888607331845459,1
1,176171118,4048,0.817607998847961,0.480675041675568,7,3061,0.82439511309016,1
1,176204064,158640,0.0221657175570726,0.544831931591034,7,3066,0.0203417937457737,1
1,176235989,478957,0.163375169038773,0.607982635498047,7,3071,0.134358417082865,1
1,176246734,685503,0.121429324150085,0.416323900222778,7,3076,0.145835158737113,1
1,176266337,4049,0.864862024784088,0.456510186195374,7,3081,0.87567570561268,1
1,176640740,319172,0.176544412970543,0.599313974380493,7,3086,0.147288750569379,1
1,176733392,100651,0.0877642333507538,0.476805686950684,7,3091,0.0920335429638356,1
1,176755217,356832,0.85126006603241,0.526287198066711,7,3096,0.843006212455562,1
1,176781935,255834,0.015062945894897,0.597576797008514,7,3101,0.0126033557279186,1
1,176788539,432677,0.852153062820435,0.530622661113739,7,3106,0.842507376335661,1
1,176800455,773881,0.358094811439514,0.629780173301697,7,3111,0.284301432960457,1
1,176840840,286073,0.147454276680946,0.492320597171783,7,3116,0.149754324243208,1
1,176885806,396112,0.109853401780128,0.470999151468277,7,3121,0.11661740943447,1
1,176940697,4062,0.710819184780121,0.462875545024872,7,3126,0.730806508118058,1
1,176963373,4063,0.0689390003681183,0.480929583311081,7,3131,0.0716726551665738,1
1,177103967,804416,0.833162605762482,0.473913550376892,7,3136,0.841435381621175,1
1,177190048,303793,0.194263115525246,0.575894415378571,7,3141,0.168662093551944,1
1,177238836,498537,0.873088598251343,0.517593324184418,7,3146,0.868460151868655,1
1,177289273,571300,0.777954936027527,0.513593137264252,7,3151,0.771749659612529,1
1,177315046,423603,0.912124335765839,0.419860333204269,7,3156,0.924263354788751,1
1,177336957,429247,0.307455480098724,0.539137363433838,7,3161,0.285136498554375,1
1,177383724,603121,0.767729938030243,0.604860305786133,7,3166,0.706091206007714,1
1,177470698,338303,0.832810580730438,0.571805119514465,7,3171,0.804774149704938,1
1,177501101,77499,0.823455512523651,0.367658257484436,7,3176,0.860404212147988,1
1,177541315,743639,0.0806286484003067,0.561053991317749,7,3181,0.0718546250878048,1
1,177574582,842693,0.938157558441162,0.506412625312805,7,3186,0.93735410919087,1
1,177610814,104256,0.134850442409515,0.568592488765717,7,3191,0.118582680103851,1
1,177667506,775549,0.0130507005378604,0.358581244945526,7,3196,0.0181976898148187,1
1,177693577,884327,0.876002132892609,0.532054543495178,7,3201,0.867508204873324,1
1,177763642,446482,0.783354580402374,0.475507706403732,7,3206,0.793471303351132,1
1,177784144,498543,0.0302910637110472,0.442793995141983,7,3211,0.0342044653308072,1
1,177788555,498546,0.185790821909904,0.527134001255035,7,3216,0.176227317406543,1
1,177832919,479244,0.929491579532623,0.41176849603653,7,3221,0.940067456441643,1
1,177890840,708174,0.232310235500336,0.352286994457245,7,3226,0.329717303158249,1
1,177905461,193609,0.839738428592682,0.463591903448105,7,3231,0.850616002594385,1
1,177947819,280506,0.461385250091553,0.375592738389969,7,3236,0.5686991623707,1
1,177954457,347336,0.0880220383405685,0.548133492469788,7,3241,0.0802925195685066,1
1,177983204,454929,0.920321106910706,0.513381123542786,7,3246,0.918130083989559,1
1,178000367,80181,0.885875999927521,0.491125524044037,7,3251,0.887866256351247,1
1,178014847,186612,0.235502764582634,0.674017727375031,7,3256,0.174700720038776,1
1,178027565,783995,0.359016001224518,0.523435771465302,7,3261,0.342941790374291,1
1,178038614,617636,0.362567245960236,0.307653903961182,7,3266,0.539657436008692,1
1,178052360,624580,0.712885439395905,0.481663376092911,7,3271,0.723042375011147,1
1,178069001,213217,0.860570847988129,0.529894590377808,7,3276,0.851704373999944,1
1,178087491,762535,0.287218660116196,0.504879236221314,7,3281,0.284442931606613,1
1,178147540,588090,0.881799161434174,0.448424249887466,7,3286,0.892851672193973,1
1,178162484,147786,0.0535373948514462,0.501251757144928,7,3291,0.0534036979305459,1
1,178167601,381015,0.189893499016762,0.45409694314003,7,3296,0.209089162441471,1
1,178278345,204793,0.0761239677667618,0.479898810386658,7,3301,0.0793125197637271,1
1,178310162,498550,0.808624029159546,0.54008150100708,7,3306,0.791945778154707,1
1,178362074,799869,0.162660956382751,0.425792455673218,7,3311,0.191009674097641,1
1,178379819,454786,0.103606767952442,0.509715735912323,7,3316,0.101631910349991,1
1,178403664,673756,0.32192525267601,0.440251529216766,7,3321,0.365615144198061,1
1,178436984,579935,0.87725156545639,0.459568291902542,7,3326,0.886434832834166,1
1,178467807,110446,0.118878699839115,0.435776144266129,7,3331,0.136398815542454,1
1,178747281,498556,0.0755440443754196,0.31882381439209,7,3336,0.118473026425993,1
1,178813173,443803,0.144415676593781,0.505046010017395,7,3341,0.142972792309365,1
1,178837031,703829,0.211820349097252,0.453531861305237,7,3346,0.23352311840633,1
1,178858423,627435,0.882463037967682,0.466613709926605,7,3351,0.889820038291437,1
1,178872209,822511,0.711577653884888,0.372528523206711,7,3356,0.770170950567265,1
1,178970085,88244,0.408949553966522,0.65542083978653,7,3361,0.311974787145704,1
1,178999551,863701,0.602280735969544,0.487303167581558,7,3366,0.612130172372652,1
1,179052423,276601,0.0974779203534126,0.461601585149765,7,3371,0.10558663952788,1
1,179158033,652268,0.171240419149399,0.35065284371376,7,3376,0.244173720845657,1
1,179171975,699194,0.553690910339356,0.49785652756691,7,3381,0.555596045590223,1
1,179185878,362815,0.31399929523468,0.563486158847809,7,3386,0.278622012541295,1
1,179222818,385114,0.0338369123637676,0.481641680002213,7,3391,0.0351266447326695,1
1,179242714,4100,0.737230122089386,0.508778929710388,7,3396,0.732533991512527,1
1,179287211,565456,0.437593102455139,0.429473161697388,7,3401,0.507116177726108,1
1,179305662,429040,0.0462885685265064,0.481215715408325,7,3406,0.0480954456020096,1
1,179313534,316398,0.76488071680069,0.604328572750092,7,3411,0.702885693776913,1
1,179402188,328719,0.574736893177033,0.639328360557556,7,3416,0.449484903716618,1
1,179419017,583661,0.653851985931397,0.5966956615448,7,3421,0.570860041582401,1
1,179604962,659524,0.812242567539215,0.477331608533859,7,3426,0.820385701980078,1
1,179655301,617108,0.817200839519501,0.435126900672913,7,3431,0.838194489436423,1
1,179660910,615804,0.787945806980133,0.495852768421173,7,3436,0.789690213753846,1
1,179683514,62787,0.704499483108521,0.476605713367462,7,3441,0.717707544351795,1
1,179688470,243559,0.695947408676148,0.526795625686646,7,3446,0.678730155691133,1
1,179705800,916260,0.0503672994673252,0.463358461856842,7,3451,0.054350253220245,1
1,179755790,921811,0.184863284230232,0.584166705608368,7,3456,0.158228192787631,1
1,179779076,153051,0.76202517747879,0.598116636276245,7,3461,0.703925511725352,1
1,179796375,800929,0.894384682178497,0.573313713073731,7,3466,0.876237740633375,1
1,179818238,432047,0.227164104580879,0.517946302890778,7,3471,0.219293103660576,1
1,180019653,62793,0.887496769428253,0.490867048501968,7,3476,0.889514879914248,1
1,180044370,396412,0.183275207877159,0.471658557653427,7,3481,0.194288012910209,1
1,180059114,498583,0.89840829372406,0.517289400100708,7,3486,0.894769551054882,1
1,180078295,98935,0.865041673183441,0.518742322921753,7,3491,0.859785793303183,1
1,180094186,275573,0.144736737012863,0.50567889213562,7,3496,0.143111309631296,1
1,180173215,490080,0.205434665083885,0.515266418457031,7,3501,0.199348004959319,1
1,180221341,209036,0.880962431430817,0.419342130422592,7,3506,0.897497670482089,1
1,180252338,344750,0.108860567212105,0.467900633811951,7,3511,0.116328723820297,1
1,180285388,928144,0.913501262664795,0.660089790821075,7,3516,0.872762372239203,1
1,180322120,4137,0.874232113361359,0.521590769290924,7,3521,0.868556166388937,1
1,180337094,608897,0.230323821306229,0.509115815162659,7,3526,0.226199829632715,1
1,180365932,714048,0.691353678703308,0.348962664604187,7,3531,0.762958048243851,1
1,180376554,408737,0.713487267494202,0.493030875921249,7,3536,0.71742585603567,1
1,180385227,440518,0.891077041625977,0.480301469564438,7,3541,0.895205631731598,1
1,180411482,613599,1.03746867179871,0.691402137279511,7,3546,1.06070792498107,1
1,180438580,106277,0.112891383469105,0.594907522201538,7,3551,0.0948814557356196,1
1,180465438,389982,0.820015370845795,0.455239593982697,7,3556,0.834803863160635,1
1,180579099,304101,0.965238213539124,0.550889611244202,7,3561,0.961299284840438,1
1,180602781,491214,0.173639997839928,0.40803661942482,7,3566,0.212775017699019,1
1,180659035,498592,0.909867823123932,0.648556113243103,7,3571,0.871768751324995,1
1,180667357,115494,0.917134404182434,0.403728693723679,7,3576,0.930513513776928,1
1,180709637,691898,0.284929424524307,0.559969782829285,7,3581,0.25441499993507,1
1,180742217,331624,0.873663902282715,0.637855350971222,7,3586,0.82557232578736,1
1,180768656,796512,0.257427275180817,0.301882475614548,7,3591,0.42637002140778,1
1,180799171,445278,0.708818376064301,0.616288542747498,7,3596,0.620572153330196,1
1,180819366,609035,0.421943664550781,0.5134317278862,7,3601,0.410905327459918,1
1,180841999,4153,0.891531348228455,0.392480909824371,7,3606,0.9107281947797,1
1,180889009,836599,0.0911900550127029,0.565850496292114,7,3611,0.0805778696053551,1
1,180948781,4159,0.115579836070538,0.598961234092712,7,3616,0.0964835697969788,1
1,180997631,395112,0.253949254751205,0.431274712085724,7,3621,0.294417047458058,1
1,181043989,212036,0.176235571503639,0.540326118469238,7,3626,0.163082595380472,1
1,181122321,286444,0.829468846321106,0.451537817716599,7,3631,0.844536998914925,1
1,181208775,598989,0.777699828147888,0.440070271492004,7,3636,0.801492794065017,1
1,181227890,742593,0.947096109390259,0.513766169548035,7,3641,0.945598303432974,1
1,181239781,213354,0.896270751953125,0.489738523960114,7,3646,0.898356771069695,1
1,181249501,165015,0.107329979538918,0.503509223461151,7,3651,0.106581939851196,1
1,181258040,415963,0.897500157356262,0.522020101547241,7,3656,0.892778082325707,1
1,181295593,485059,0.0538603737950325,0.527105450630188,7,3661,0.0510907008556248,1
1,181325521,555992,0.105414763092995,0.38044872879982,7,3666,0.138540038529687,1
1,181343643,150236,0.217367082834244,0.510733425617218,7,3671,0.212798959233535,1
1,181352378,228161,0.969777226448059,0.389853537082672,7,3676,0.975233181384487,1
1,181383154,783281,0.263213694095612,0.310772716999054,7,3681,0.423482628458039,1
1,181428064,354395,0.141025885939598,0.457539051771164,7,3686,0.154113496316519,1
1,181521595,289941,0.35263791680336,0.331089973449707,7,3691,0.516106757634342,1
1,181757239,674249,0.0516149289906025,0.602904975414276,7,3696,0.0428051940980717,1
1,181783063,364339,0.0874779373407364,0.486936390399933,7,3701,0.0898248098369569,1
1,181822502,902508,0.0785700380802155,0.464899450540543,7,3706,0.084502184277548,1
1,182060886,141306,0.93335622549057,0.532581567764282,7,3711,0.928710797528175,1
1,182109668,353698,0.0883157178759575,0.458979934453964,7,3716,0.0962086915422831,1
1,182155481,298457,0.145005315542221,0.451487690210342,7,3721,0.160586123039883,1
1,182175577,130269,0.946115493774414,0.30049654841423,7,3726,0.961483745288583,1
1,182197429,4199,0.705195963382721,0.537607371807098,7,3731,0.681218926684216,1
1,182206608,498625,0.879742562770844,0.54612922668457,7,3736,0.867520179421665,1
1,182215264,556436,0.123777821660042,0.497579783201218,7,3741,0.124379874181893,1
1,182227360,921605,0.223869845271111,0.494047939777374,7,3746,0.226566925238055,1
1,182251340,498628,0.855157375335693,0.551122844219208,7,3751,0.838661176227199,1
1,182438072,678727,0.898122191429138,0.614095568656921,7,3756,0.868001245520436,1
1,182459088,747273,0.141755327582359,0.407929837703705,7,3761,0.173749643296897,1
1,182477428,498631,0.816241979598999,0.389634847640991,7,3766,0.849468781359165,1
1,182490331,498633,0.0894239991903305,0.417484700679779,7,3771,0.107098534442967,1
1,182498791,113950,0.800212681293488,0.503511190414429,7,3776,0.798799776702642,1
1,182549602,634379,0.165776148438454,0.484227895736694,7,3781,0.171175752056008,1
1,182806342,826957,0.858285188674927,0.56607860326767,7,3786,0.836704513314779,1
1,182842718,572857,0.889009416103363,0.43862310051918,7,3791,0.901144325675598,1
1,182890182,90811,0.78491747379303,0.538447678089142,7,3796,0.767000927092606,1
1,182934231,902558,0.802528321743012,0.337918668985367,7,3801,0.850870528282103,1
1,182995655,733962,0.812970280647278,0.507790148258209,7,3806,0.810010182962737,1
1,183017246,438087,0.91215056180954,0.441938608884811,7,3811,0.92129052503085,1
1,183043702,675589,0.162418082356453,0.540994703769684,7,3816,0.150110602954811,1
1,183052544,174592,0.0452851727604866,0.623563647270203,7,3821,0.0363115882065393,1
1,183074135,498645,0.143549457192421,0.473874300718308,7,3826,0.151463644446245,1
1,183307412,203204,0.448226034641266,0.383340150117874,7,3831,0.552610758212809,1
1,183631890,217647,0.910694420337677,0.577946186065674,7,3836,0.89420119340964,1
1,183659468,4236,0.86816281080246,0.428505212068558,7,3841,0.884655825405921,1
1,183782084,4241,0.0870589017868042,0.537841975688934,7,3846,0.080933532265949,1
1,184217757,649717,0.17678527534008,0.457571029663086,7,3851,0.193177959135928,1
1,184263709,468031,0.833982288837433,0.420772701501846,7,3856,0.856690360077102,1
1,184288655,830005,0.0723056197166443,0.492302983999252,7,3861,0.0734360973493044,1
1,184309246,236542,0.16014476120472,0.552586317062378,7,3866,0.144904747240278,1
1,184341541,93734,0.0547496266663075,0.449329048395157,7,3871,0.0609237560556719,1
1,184354167,883131,0.233337491750717,0.562067091464996,7,3876,0.207570853456779,1
1,184444861,294718,0.0767938047647476,0.422144621610642,7,3881,0.0909567489830265,1
1,184487311,498675,0.0658707097172737,0.429269373416901,7,3886,0.076724213042449,1
1,184532571,553055,0.290777742862701,0.60617333650589,7,3891,0.239847025059536,1
1,184933394,664233,0.253946334123611,0.378134459257126,7,3896,0.335788405297032,1
1,185089907,758718,0.109061822295189,0.562021017074585,7,3901,0.0970264625181406,1
1,185136695,655669,0.053767241537571,0.545657634735107,7,3906,0.0492682939950731,1
1,185146514,282511,0.742829918861389,0.458878189325333,7,3911,0.762373206858939,1
1,185208520,556665,0.686906397342682,0.62138557434082,7,3916,0.586527108532365,1
1,185301965,83978,0.168664157390594,0.514147281646729,7,3921,0.164023192780862,1
1,185321520,429317,0.897150218486786,0.454907864332199,7,3926,0.905658351328798,1
1,185336978,98521,0.017328467220068,0.478286147117615,7,3931,0.0181151673788774,1
1,185348953,588768,0.935487747192383,0.555677771568298,7,3936,0.927403752637672,1
1,185397139,771570,0.244430810213089,0.475920170545578,7,3941,0.256798120084806,1
1,185496755,437463,0.900903105735779,0.538841843605042,7,3946,0.892556498361758,1
1,185531002,599756,0.900731444358826,0.419440150260925,7,3951,0.914506182535884,1
1,185557842,383829,0.873452007770538,0.493469715118408,7,3956,0.875083488582481,1
1,185613440,165410,0.0508705116808415,0.400595903396606,7,3961,0.0634935495464585,1
1,185684515,825162,0.836793839931488,0.494618326425552,7,3966,0.838531778453508,1
1,185701390,337239,0.156525149941444,0.566026747226715,7,3971,0.138266566649323,1
1,185705257,538885,0.122506976127625,0.438678652048111,7,3976,0.139631796026159,1
1,185957159,669166,0.691245913505554,0.608951508998871,7,3981,0.60522276188306,1
1,186155946,168253,0.281001091003418,0.640182197093964,7,3986,0.21946962308464,1
1,186164012,615909,0.078620657324791,0.519508361816406,7,3991,0.0756683271178756,1
1,186202913,837666,0.026126217097044,0.416311115026474,7,3996,0.0313782363165857,1
1,186234757,582725,0.0439603179693222,0.370550930500031,7,4001,0.0593175112392797,1
1,186279910,896214,0.94071626663208,0.527284741401672,7,4006,0.937294457615241,1
1,186314690,464506,0.880598068237305,0.542761266231537,7,4011,0.869431521277069,1
1,186346637,538889,0.916876435279846,0.380374193191528,7,4016,0.932924384518213,1
1,186376562,471037,0.109022073447704,0.432974576950073,7,4021,0.125898931775243,1
1,186391289,144562,0.786501049995422,0.537560045719147,7,4026,0.769160354735576,1
1,186410558,875017,0.053287610411644,0.542376220226288,7,4031,0.0491242134375024,1
1,186468077,498730,0.83635538816452,0.373626947402954,7,4036,0.869371286682128,1
1,186503341,737716,0.719859778881073,0.469756305217743,7,4041,0.735838234498983,1
1,186519758,890100,0.579605042934418,0.325198441743851,7,4046,0.688504752306749,1
1,186581564,771824,0.771180629730225,0.592583417892456,7,4051,0.719182551326084,1
1,186595319,138866,0.898029148578644,0.559376955032349,7,4056,0.884287882141023,1
1,186605379,392029,0.969149768352509,0.59249472618103,7,4061,0.962147444917245,1
1,186648663,175848,0.936483383178711,0.438872754573822,7,4066,0.943402661928269,1
1,186722685,498733,0.71114593744278,0.404479920864105,7,4071,0.757477478361141,1
1,186735729,890386,0.902008533477783,0.486284017562866,7,4076,0.904624860942293,1
1,186770248,459284,0.058955505490303,0.510413289070129,7,4081,0.0577527140777507,1
1,186835427,480197,0.840891480445862,0.635182619094849,7,4086,0.781934019756169,1
1,186885105,690637,0.152814149856567,0.658515334129334,7,4091,0.116029302535994,1
1,186960621,682064,0.732038676738739,0.50703364610672,7,4096,0.728215403399244,1
1,187001959,255390,0.0911228358745575,0.397086501121521,7,4101,0.114739276728361,1
1,187289222,370221,0.28010356426239,0.307441234588623,7,4106,0.455540006917399,1
1,187795103,551616,0.0761682838201523,0.436192214488983,7,4111,0.08731045774096,1
1,187884680,731833,0.921613156795502,0.627666831016541,7,4116,0.894735616197572,1
1,187896265,260872,0.937153398990631,0.678303837776184,7,4121,0.902319939760978,1
1,187913536,4330,0.11598064750433,0.561552405357361,7,4126,0.10326787526671,1
1,187935989,163766,0.951181590557098,0.680775225162506,7,4131,0.923535995181212,1
1,187954851,229834,0.89274662733078,0.478071242570877,7,4136,0.89725286148485,1
1,188004012,498751,0.188730016350746,0.534200668334961,7,4141,0.176647117401589,1
1,188046633,672417,0.355362176895142,0.475222915410996,7,4146,0.373889984437943,1
1,188076795,257821,0.166292682290077,0.499734580516815,7,4151,0.166381003810163,1
1,188088817,119047,0.0684871822595596,0.332769066095352,7,4156,0.102904971100792,1
1,188096282,316308,0.842955827713013,0.606366157531738,7,4161,0.80051998158714,1
1,188220167,4337,0.252508163452148,0.600301802158356,7,4166,0.210317678994356,1
1,188225729,79831,0.872320473194122,0.461985677480698,7,4171,0.881341888624817,1
1,188247379,917809,0.846793293952942,0.379302114248276,7,4176,0.876585123323314,1
1,188257690,92399,0.788378477096558,0.504518568515778,7,4181,0.786448583684028,1
1,188262177,375252,0.1774832457304,0.550782144069672,7,4186,0.161119280682372,1
1,188271613,450658,0.20915187895298,0.512109756469727,7,4191,0.20420610651395,1
1,188286825,538890,0.845601499080658,0.498820424079895,7,4196,0.845964891290826,1
1,188301092,62816,0.761905312538147,0.468183159828186,7,4201,0.77614972912015,1
1,188318734,4344,0.938108325004578,0.402616202831268,7,4206,0.94819772875599,1
1,188385534,760289,0.9497389793396,0.494785755872726,7,4211,0.950257716162355,1
1,188411850,255847,0.144555777311325,0.587928712368012,7,4216,0.12293648385456,1
1,188441805,4349,0.192594856023788,0.437506347894669,7,4221,0.220105213273564,1
1,188502718,653205,0.084042452275753,0.396202802658081,7,4226,0.106059891186939,1
1,188551758,795005,0.875481963157654,0.432022392749786,7,4231,0.890384730618885,1
1,188603923,304048,0.209648877382278,0.523415744304657,7,4236,0.200269938059268,1
1,188773226,600788,0.7088902592659,0.695259511470795,7,4241,0.522364517201,1
1,188946605,901630,0.265714943408966,0.350037813186646,7,4246,0.379551770407277,1
1,189845924,89121,0.254072815179825,0.308693468570709,7,4251,0.411529301796074,1
1,189960817,923814,0.929874539375305,0.574416816234589,7,4256,0.917612509963094,1
1,189984059,4380,0.251695841550827,0.510492861270905,7,4261,0.246522391051869,1
1,190001664,382417,0.0548016615211964,0.522683680057526,7,4266,0.0524233524138012,1
1,190057695,844834,0.960909307003021,0.585038125514984,7,4271,0.952898452363254,1
1,190132713,752521,0.718488574028015,0.456591039896011,7,4276,0.740976459131154,1
1,190197477,200233,0.163944080471993,0.527372896671295,7,4281,0.15543468531165,1
1,190246723,403241,0.0950825363397598,0.412851840257645,7,4286,0.115153339610189,1
1,190313070,209033,0.879035294055939,0.468627482652664,7,4291,0.88617711492878,1
1,190317297,362959,0.747444808483124,0.449719190597534,7,4296,0.770521534458817,1
1,190342368,4386,0.868438124656677,0.434472918510437,7,4301,0.883682073193739,1
1,190374888,721456,0.931775391101837,0.651701033115387,7,4306,0.902060276680687,1
1,190417797,866960,0.97137838602066,0.618109107017517,7,4311,0.9625264512649,1
1,190495679,756045,0.917607247829437,0.584624350070953,7,4316,0.900821398432194,1
1,190547775,819392,0.0606893450021744,0.470489025115967,7,4321,0.0644960262220948,1
1,190576870,795331,0.198082625865936,0.536668062210083,7,4326,0.184548550411404,1
1,190677903,195271,0.155100896954536,0.538674175739288,7,4331,0.143965409833943,1
1,190687850,498795,0.1434585750103,0.545236885547638,7,4336,0.13155619035771,1
1,190753736,498796,0.613443493843079,0.383031815290451,7,4341,0.686728979113484,1
1,190790430,748479,0.87183952331543,0.497547596693039,7,4346,0.872465057544691,1
1,190821146,929485,0.688255131244659,0.654389083385468,7,4351,0.54899447070557,1
1,190845615,235970,0.863833606243134,0.519224166870117,7,4356,0.858388895225438,1
1,190854486,143698,0.736795663833618,0.441361993551254,7,4361,0.764423174642585,1
1,190867114,62820,0.8529172539711,0.671399056911469,7,4366,0.776198533323635,1
1,191025464,733817,0.862960398197174,0.50269216299057,7,4371,0.862218537891021,1
1,191063528,619997,0.36949160695076,0.442695677280426,7,4376,0.417320098109638,1
1,191294744,485193,0.10941419005394,0.492234110832214,7,4381,0.111140398081062,1
1,191605225,933267,0.172392398118973,0.30026450753212,7,4386,0.287067558426851,1
1,191735159,689503,-0.00468523660674691,0.448735386133194,7,4391,-0.00522048934798763,1
1,191849815,630708,0.926690280437469,0.681004703044891,7,4396,0.885092789357256,1
1,191867622,777925,0.0482126511633396,0.413169324398041,7,4401,0.0583449064540091,1
1,191904512,854776,0.185039937496185,0.433415859937668,7,4406,0.213466966255915,1
1,191928249,746466,0.107312992215157,0.456752300262451,7,4411,0.117473948301403,1
1,191945321,100801,0.138684675097466,0.517553091049194,7,4416,0.133981109857079,1
1,191974561,830138,0.0643059834837914,0.427052795886993,7,4421,0.0752904372751232,1
1,192009891,466815,0.748973190784454,0.402505964040756,7,4426,0.789933627695098,1
1,192031184,828541,0.767549574375153,0.470049381256104,7,4431,0.780686711739475,1
1,192096967,4428,0.970410048961639,0.599059224128723,7,4436,0.963099349306566,1
1,192146545,840936,0.943815171718597,0.45619598031044,7,4441,0.948340922237503,1
1,192160309,740897,0.836878716945648,0.413537263870239,7,4446,0.860927836497476,1
1,192188171,812619,0.16746224462986,0.569916009902954,7,4451,0.146918354389075,1
1,192308988,824806,0.897556245326996,0.466168761253357,7,4456,0.904048557636373,1
1,192379725,112071,0.172063186764717,0.420548647642136,7,4461,0.204569896645029,1
1,192507029,485304,0.0670639723539352,0.548443078994751,7,4466,0.0611403215050664,1
1,192615516,492101,0.0783180519938469,0.511406719684601,7,4471,0.0765711995749175,1
1,192801623,864490,0.13142092525959,0.307605355978012,7,4476,0.21361937090098,1
1,193487843,789374,0.268322318792343,0.344993323087692,7,4481,0.388880451932891,1
1,193866678,847208,0.410289645195007,0.310927122831345,7,4486,0.572098703675535,1
1,194103547,236976,0.611405730247498,0.681897521018982,7,4491,0.448312034727633,1
1,194204949,338739,0.885859906673431,0.508054971694946,7,4496,0.883991008385808,1
1,194231817,4471,0.138994544744492,0.511511385440826,7,4501,0.135866520961899,1
1,194263350,4475,0.168763339519501,0.42165008187294,7,4506,0.200122502964859,1
1,194286067,387501,0.897632598876953,0.537917137145996,7,4511,0.889232636230236,1
1,194325083,706552,0.0776587501168251,0.445860713720322,7,4516,0.0870885769109708,1
1,194366549,357448,0.145524904131889,0.49697670340538,7,4521,0.146410186971265,1
1,194391631,829519,0.86307293176651,0.419960826635361,7,4526,0.881967395892233,1
1,194548425,62827,0.930620133876801,0.595529556274414,7,4531,0.914233700880415,1
1,194898752,667785,0.676299870014191,0.477605521678925,7,4536,0.690176539550964,1
1,195090236,284331,0.869908213615418,0.420783251523972,7,4541,0.887700254933179,1
1,195109794,277529,0.825698792934418,0.524492800235748,7,4546,0.816720748758381,1
1,195110815,486528,0.908400595188141,0.440936237573624,7,4551,0.918077855364555,1
1,195152308,836469,0.220158472657204,0.622262835502625,7,4556,0.176901511785911,1
1,195209244,696137,0.12959311902523,0.383205652236939,7,4561,0.169090824037614,1
1,195393272,297858,0.12833945453167,0.601982116699219,7,4566,0.106597397972035,1
1,195509556,287961,0.862817347049713,0.452126920223236,7,4571,0.874804349753612,1
1,195570704,366782,0.110372520983219,0.470044523477554,7,4576,0.117406453506409,1
1,195617004,688988,0.211950704455376,0.585778176784515,7,4581,0.180913793698177,1
1,195679599,658474,0.0983856245875359,0.502365827560425,7,4586,0.097922290082223,1
1,195822483,315848,0.835720419883728,0.426445931196213,7,4591,0.856788061447375,1
1,196001522,878173,0.866105973720551,0.637310743331909,7,4596,0.815414953961567,1
1,196043770,642453,0.863038241863251,0.42830765247345,7,4601,0.880213755939432,1
1,196077905,115500,0.800124049186707,0.546047449111939,7,4606,0.779849292153686,1
1,196083410,372676,0.559702634811401,0.602148473262787,7,4611,0.464754674024673,1
1,196144111,766400,0.751295506954193,0.500225901603699,7,4616,0.751183090676506,1
1,196176090,369095,0.101024858653545,0.478867143392563,7,4621,0.105483180509973,1
1,196204953,912702,0.936015546321869,0.437115550041199,7,4626,0.943163775724472,1
1,196218578,368904,0.108379006385803,0.477272421121597,7,4631,0.113539984283097,1
1,196265949,253248,0.794574975967407,0.531566023826599,7,4636,0.780732147451501,1
1,196324595,680878,0.213046699762344,0.466425538063049,7,4641,0.228382327270367,1
1,196362423,789024,0.0809195637702942,0.506869554519653,7,4646,0.0798228686737552,1
1,196394857,785672,0.306043028831482,0.424047291278839,7,4651,0.360859549307012,1
1,196468691,498873,0.669933140277863,0.489690840244293,7,4656,0.676601082488755,1
1,196556550,4508,0.749469697475433,0.448947846889496,7,4661,0.772680043884769,1
1,196582821,138529,0.050595436245203,0.339912980794907,7,4666,0.0744241013198181,1
1,196592080,150577,0.123269006609917,0.385828644037247,7,4671,0.159745794557981,1
1,196609005,472601,0.192352443933487,0.437928169965744,7,4676,0.219616431558323,1
1,196682740,554560,0.764547646045685,0.492160111665726,7,4681,0.76818249278665,1
1,196735857,784547,0.175048276782036,0.412392318248749,7,4686,0.212235132707357,1
1,196785169,348280,0.159134596586227,0.531552672386169,7,4691,0.149688455023529,1
1,196825115,367014,0.911856174468994,0.473070740699768,7,4696,0.916360854920012,1
1,196875928,851420,0.0991237089037895,0.577476143836975,7,4701,0.085824938364703,1
1,197017045,156000,0.251817941665649,0.49406898021698,7,4706,0.254840874198436,1
1,197042097,289766,0.159284576773644,0.520791947841644,7,4711,0.152925345172653,1
1,197096851,866156,0.908324301242828,0.485968381166458,7,4716,0.910826790222355,1
1,197181484,483315,0.0191891342401505,0.478404611349106,7,4721,0.0200553399621681,1
1,197209638,399822,0.949906527996063,0.54822301864624,7,4726,0.944559512689391,1
1,197271617,483024,0.103723704814911,0.52607011795044,7,4731,0.0985835359923281,1
1,197316653,538899,0.723615050315857,0.559400975704193,7,4736,0.686353198210233,1
1,197341648,554416,0.755080282688141,0.482966482639313,7,4741,0.763149090834472,1
1,197360499,365947,0.710514843463898,0.471140742301941,7,4746,0.726311724412152,1
1,197438450,166983,0.698232889175415,0.695614814758301,7,4751,0.504300594352244,1
1,197570533,88481,0.922367811203003,0.373232364654541,7,4756,0.938069402104491,1
1,197587408,4548,0.100140154361725,0.490455955266953,7,4761,0.102088835181152,1
1,197597115,688667,0.0836543217301369,0.401117503643036,7,4766,0.104276578521718,1
1,197623986,922088,0.833906888961792,0.552995502948761,7,4771,0.814215391417898,1
1,197640339,924050,0.887095212936401,0.508329391479492,7,4776,0.885182493007522,1
1,197653781,62831,0.0621448084712029,0.520808577537537,7,4781,0.0596618519274712,1
1,197685549,312436,0.0627878159284592,0.494974702596664,7,4786,0.063425277695073,1
1,197706997,107047,0.0583161450922489,0.428335905075073,7,4791,0.0680729124050761,1
1,197780188,620220,0.939128398895264,0.484724164009094,7,4796,0.940932994667141,1
1,197823929,432537,0.983681201934814,0.54254937171936,7,4801,0.982163323147548,1
1,197901025,726801,0.00689788814634085,0.578522145748138,7,4806,0.00596164571835066,1
1,197928472,295739,0.814050018787384,0.472631484270096,7,4811,0.823700149263507,1
1,197958081,4565,0.867125570774078,0.539353787899017,7,4816,0.855773882715882,1
1,198044372,215481,0.162964820861816,0.543403267860413,7,4821,0.149948326133068,1
1,198106621,493437,0.0927304103970528,0.385205656290054,7,4826,0.120364808879167,1
1,198197946,200763,0.0687344670295715,0.434131920337677,7,4831,0.0791631112682389,1
1,198233185,914360,0.858160555362701,0.460523277521133,7,4836,0.868539791684103,1
1,198264026,760333,0.0249992292374373,0.566311001777649,7,4841,0.0220719967994306,1
1,198281482,751341,0.119509354233742,0.419973373413086,7,4846,0.142282060958413,1
1,198327679,887579,0.819965779781342,0.436818093061447,7,4851,0.840163348644028,1
1,198346209,575704,0.875467896461487,0.441930502653122,7,4856,0.888425989835897,1
1,198350164,229888,0.877246618270874,0.428710132837296,7,4861,0.892564712954934,1
1,198365160,810494,0.798003077507019,0.542653560638428,7,4866,0.779164212172553,1
1,198408940,85598,0.797687709331513,0.600794434547424,7,4871,0.746606375039977,1
1,198468854,624634,0.881362438201904,0.547691345214844,7,4876,0.868853314497765,1
1,198474806,698405,0.782177090644836,0.458518236875534,7,4881,0.798864039207638,1
1,198566922,98729,0.0485598556697369,0.417618334293366,7,4886,0.0581390371089705,1
1,198588985,373622,0.980368435382843,0.627550780773163,7,4891,0.973645313772023,1
1,198596633,668520,0.167580783367157,0.534799635410309,7,4896,0.156676231873817,1
1,198646592,622589,0.439575284719467,0.608916699886322,7,4901,0.360948619738571,1
1,198674805,868979,0.0177105832844973,0.53800493478775,7,4906,0.0164594989184294,1
1,198724509,670662,0.078519344329834,0.530619025230408,7,4911,0.0739884367091238,1
1,198739016,378630,0.194803088903427,0.552702784538269,7,4916,0.176227707144778,1
1,198824390,100418,0.0591285042464733,0.440386116504669,7,4921,0.0671325707492489,1
1,198860091,4590,0.232926368713379,0.653612017631531,7,4926,0.178183970329543,1
1,198888740,138494,0.101527996361256,0.473913490772247,7,4931,0.107116592308667,1
1,198912561,4591,0.874090313911438,0.390785753726959,7,4936,0.896662227731185,1
1,198949247,262010,0.0729668810963631,0.566120684146881,7,4941,0.0644446344566273,1
1,199144185,345522,0.0708622112870216,0.502905011177063,7,4946,0.0704528784880933,1
1,199186985,445841,0.205179512500763,0.421984970569611,7,4951,0.243112346185937,1
1,199230448,872235,0.802222311496735,0.543188214302063,7,4956,0.783523877124698,1
1,199268796,404607,0.235223010182381,0.543936967849731,7,4961,0.216222672925003,1
1,199299091,760364,0.843005061149597,0.45660462975502,7,4966,0.855542623799293,1
1,199307987,187503,0.0511482767760754,0.384209662675858,7,4971,0.0665629755637186,1
1,199315943,890001,0.712818920612335,0.662125647068024,7,4976,0.575017936556015,1
1,199327488,611159,0.326326459646225,0.539658427238464,7,4981,0.302345375496219,1
1,199338507,229533,0.97929573059082,0.496994853019714,7,4986,0.979419425891092,1
1,199380819,455977,0.784134984016419,0.464879900217056,7,4991,0.798302272638291,1
1,199405051,4602,0.968603909015656,0.535681247711182,7,4996,0.966191230884408,1
1,199422325,693842,0.795121192932129,0.584511637687683,7,5001,0.753448200176222,1
1,199485987,456167,0.696615219116211,0.669421851634979,7,5006,0.541130013607562,1
1,199504430,308244,0.164832562208176,0.543850600719452,7,5011,0.151542134908117,1
1,199523394,454354,0.865952789783478,0.396697103977203,7,5016,0.888905547196762,1
1,199533806,787604,0.13811856508255,0.470573365688324,7,5021,0.146755612571187,1
1,199542321,603065,0.210566133260727,0.533241987228394,7,5026,0.197439566185679,1
1,199567676,183671,0.878012597560883,0.518439471721649,7,5031,0.873341568426258,1
1,199579232,653282,0.156064286828041,0.545727610588074,7,5036,0.142987347350693,1
1,199598287,403667,0.113559231162071,0.496474355459213,7,5041,0.114365656466823,1
1,199659387,203468,0.801807641983032,0.513286530971527,7,5046,0.796397294682867,1
1,199688824,164714,0.175264850258827,0.56013959646225,7,5051,0.156447474313342,1
1,199752188,4611,0.494025588035584,0.486414462327957,7,5056,0.507409793646182,1
1,199872739,62840,0.879177629947662,0.579054296016693,7,5061,0.85648698999773,1
1,199895613,62843,0.858580112457275,0.509936451911926,7,5066,0.855712704919129,1
1,199959494,226850,0.895558297634125,0.558486878871918,7,5071,0.881722991494542,1
1,200009142,806442,0.665104329586029,0.669886887073517,7,5076,0.496430324596753,1
1,200092963,561855,0.891363084316254,0.497432917356491,7,5081,0.891917995193483,1
1,200154005,251431,0.0621025487780571,0.409451842308044,7,5086,0.0758362063142645,1
1,200241065,231501,0.0728756189346314,0.39667621254921,7,5091,0.0918578132859312,1
1,200289888,804446,0.720028519630432,0.67930006980896,7,5096,0.563499311953717,1
1,200304618,584594,0.856476008892059,0.544959902763367,7,5101,0.842295226311337,1
1,200328335,565532,0.105463899672031,0.501925110816956,7,5106,0.105059397706138,1
1,200542253,207943,0.202167391777039,0.477192282676697,7,5111,0.21183011452221,1
1,200556926,195498,0.923306226730347,0.545301854610443,7,5116,0.915665179144345,1
1,200637620,489159,0.150365561246872,0.515989899635315,7,5121,0.145705915322321,1
1,200813724,112842,0.873637080192566,0.512982845306397,7,5126,0.870268512526081,1
1,200951491,780145,0.132533773779869,0.364575058221817,7,5131,0.181764729636595,1
1,201001552,398026,0.0538097135722637,0.619885861873627,7,5136,0.0434029205067058,1
1,201108341,222496,0.635423004627228,0.393316894769669,7,5141,0.699532595988182,1
1,201116346,566791,0.969713151454926,0.551014959812164,7,5146,0.966271873409854,1
1,201145115,184818,0.86515885591507,0.415439456701279,7,5151,0.884664517960782,1
1,201196209,618800,0.730291962623596,0.49730372428894,7,5156,0.731738576146298,1
1,201244655,155982,0.90682989358902,0.412737905979157,7,5161,0.920674169710949,1
1,201286273,691323,0.716378569602966,0.682089626789093,7,5166,0.553928631625879,1
1,201301988,278894,0.0874799489974976,0.557080149650574,7,5171,0.0785164837163638,1
1,201313298,442642,0.0980084836483002,0.46552449464798,7,5176,0.105266731154944,1
1,201349774,273812,0.696642220020294,0.475156843662262,7,5181,0.711001490334291,1
1,201367127,811650,0.192972734570503,0.515639901161194,7,5186,0.187119668334373,1
1,201377927,350924,0.960452497005463,0.441221356391907,7,5191,0.964612549667991,1
1,201446736,4632,0.400688052177429,0.358245670795441,7,5196,0.533067467916107,1
1,201505330,62852,0.090570367872715,0.435492634773254,7,5201,0.10398610750314,1
1,201531224,674071,0.110536985099316,0.397208034992218,7,5206,0.139142433386929,1
1,201601462,650656,0.54281210899353,0.550419330596924,7,5211,0.493089612609405,2
1,201633128,579003,0.483102381229401,0.409024953842163,7,5216,0.562673904650327,2
1,201752430,930698,0.661592423915863,0.541705846786499,7,5221,0.630796537866275,2
1,201862941,341643,0.624027132987976,0.5379399061203,7,5226,0.593155877350111,2
1,201909344,829301,0.591536641120911,0.645235061645508,7,5231,0.45838848218535,2
1,202007991,274436,0.603384613990784,0.536544322967529,7,5236,0.572110769525185,2
1,202096179,452100,0.600324630737305,0.619353652000427,7,5241,0.484638000275237,2
1,202108915,457906,0.397571206092834,0.516296923160553,7,5246,0.38502186267068,2
1,202281856,914249,0.359405666589737,0.440145045518875,7,5251,0.4082809408499,2
1,202329031,498977,0.550506472587585,0.473714083433151,7,5256,0.572956910623201,2
1,202349561,4656,0.557998239994049,0.451563358306885,7,5261,0.597034801831058,2
1,202384983,422698,0.414167672395706,0.486442536115646,7,5266,0.425710789709026,2
1,202396750,793174,0.387988030910492,0.42773899435997,7,5271,0.453533622169569,2
1,202416146,248021,0.527185499668121,0.520096838474274,7,5276,0.507385512080511,2
1,202457131,102358,0.519072592258453,0.482251822948456,7,5281,0.535558569727549,2
1,202463105,339543,0.42981344461441,0.502359092235565,7,5286,0.427795028752922,2
1,202470274,284722,0.755963623523712,0.666063666343689,7,5291,0.634606432603031,2
1,202486985,763913,0.513110876083374,0.329365402460098,7,5296,0.636993732725177,2
1,202516700,468268,0.459335476160049,0.549721896648407,7,5301,0.417788957435175,2
1,202536747,774784,0.736119627952576,0.568998396396637,7,5306,0.693875417351968,2
1,202550443,4661,0.413255453109741,0.502210378646851,7,5311,0.411436591795665,2
1,202555674,263518,0.356674134731293,0.479127109050751,7,5316,0.372212433813167,2
1,202558443,432555,0.420618057250977,0.567040205001831,7,5321,0.370889095288771,2
1,202583707,594965,0.453238129615784,0.545812904834747,7,5326,0.415195505273925,2
1,202612015,635995,0.494737684726715,0.490437537431717,7,5331,0.504219450617815,2
1,202673604,498991,0.496954172849655,0.484205305576325,7,5336,0.512358470735702,2
1,202724789,498994,0.271799087524414,0.388052642345428,7,5341,0.350209041074471,2
1,202779879,226577,0.704239666461945,0.532633185386658,7,5346,0.683588645694987,2
1,202809203,364893,0.432579576969147,0.563115298748016,7,5351,0.384095031631096,2
1,202833622,106546,0.491661339998245,0.426966398954392,7,5356,0.556449517904191,2
1,202845996,325265,0.320841819047928,0.470499366521835,7,5361,0.340958821496137,2
1,202856667,431071,0.413883119821548,0.48775190114975,7,5366,0.424276275341957,2
1,202879427,395737,0.394843578338623,0.471430152654648,7,5371,0.418772087567202,2
1,202891580,158966,0.696763157844544,0.63786792755127,7,5376,0.581317335268077,2
1,202937206,606575,0.558055102825165,0.490822643041611,7,5381,0.566020669286211,2
1,202948890,483680,0.294109344482422,0.437632232904434,7,5386,0.33602340317863,2
1,202959659,711452,0.671059429645538,0.561815321445465,7,5391,0.624655326334598,2
1,202979528,649974,0.584735989570618,0.439671635627747,7,5396,0.629445842087068,2
1,203012925,239475,0.620361268520355,0.477283477783203,7,5401,0.636859831912689,2
1,203045696,551148,0.334560751914978,0.453467011451721,7,5406,0.368892051093112,2
1,203055508,788622,0.585789442062378,0.643398225307465,7,5411,0.455230850055922,2
1,203058624,301299,0.64425802230835,0.594323039054871,7,5416,0.561545254057739,2
1,203063187,62855,0.446524858474731,0.57879364490509,7,5421,0.385737527014444,2
1,203076297,672239,0.652556359767914,0.580854952335358,7,5426,0.585532929271211,2
1,203096694,551459,0.320251911878586,0.48183286190033,7,5431,0.332326764321891,2
1,203127994,807947,0.35431769490242,0.449025511741638,7,5436,0.394540717216852,2
1,203137681,795054,0.395677268505096,0.413473874330521,7,5441,0.478479165274663,2
1,203173562,801427,0.683943629264832,0.611179947853088,7,5446,0.593569867358912,2
1,203179466,499000,0.419475495815277,0.536427140235901,7,5451,0.390990187065113,2
1,203197700,4676,0.428848296403885,0.321972906589508,7,5456,0.578813509705631,2
1,203222948,418640,0.560838878154755,0.452045142650604,7,5461,0.599272534995323,2
1,203235015,178288,0.54592502117157,0.61003440618515,7,5466,0.447454287525774,2
1,203237118,343964,0.511913239955902,0.620889604091644,7,5471,0.412241754880746,2
1,203247530,452206,0.486200660467148,0.606004893779755,7,5476,0.401152420927356,2
1,203256534,752923,0.36946177482605,0.356274634599686,7,5481,0.510242830976657,2
1,203307566,338621,0.520677387714386,0.513893246650696,7,5486,0.506978036220385,2
1,203322924,916217,0.332958608865738,0.505932927131653,7,5491,0.329054100860188,2
1,203337196,254480,0.320249736309052,0.534740924835205,7,5496,0.299443825444766,2
1,203411628,645613,0.638764798641205,0.699003040790558,7,5501,0.456911316092971,2
1,203499603,308418,0.345352023839951,0.545144855976105,7,5506,0.316752529216829,2
1,203529126,633753,0.204843536019325,0.386050194501877,7,5511,0.265306868040355,2
1,203588456,773002,0.428866565227509,0.399602234363556,7,5516,0.52437078595132,2
1,203705537,260953,0.351636201143265,0.509895384311676,7,5521,0.344812104563321,2
1,203779540,821237,0.580497980117798,0.311190932989121,7,5526,0.695487443492395,2
1,203810390,803615,0.285620242357254,0.437344402074814,7,5531,0.326539268597286,2
1,203825298,879285,0.563845574855804,0.328203588724136,7,5536,0.675381992354009,2
1,203869300,754328,0.348435342311859,0.487989008426666,7,5541,0.357011465724664,2
1,203878901,807033,0.251813948154449,0.406312555074692,7,5546,0.309877143850698,2
1,204087777,568996,0.574858725070953,0.424022138118744,7,5551,0.630939569846962,2
1,204182798,764612,0.613630652427673,0.421348869800568,7,5556,0.666146554108376,2
1,204734862,833072,0.785600006580353,0.501798152923584,7,5561,0.784826175697858,2
1,204743844,4694,0.632511079311371,0.443345159292221,7,5566,0.669913118673888,2
1,204800667,263022,0.282710134983063,0.462995827198029,7,5571,0.305305273153298,2
1,204820904,122411,0.712903380393982,0.496729969978333,7,5576,0.714768809506044,2
1,204842050,499022,0.371144562959671,0.545478284358978,7,5581,0.340201043379594,2
1,205099462,858208,0.665170311927795,0.628227233886719,7,5586,0.549685024574689,2
1,205135295,870621,0.166099950671196,0.343868672847748,7,5591,0.241516549465875,2
1,205190904,499035,0.383188873529434,0.569247782230377,7,5596,0.336574761897233,2
1,205215447,885028,0.716793596744537,0.523393273353577,7,5601,0.70289298553526,2
1,205230054,775031,0.465986877679825,0.461316674947739,7,5606,0.504334831351642,2
1,205254029,907983,0.737685441970825,0.610986351966858,7,5611,0.662846587317128,2
1,205460347,469263,0.677610993385315,0.510377764701843,7,5616,0.670777812594269,2
1,205491636,395163,0.588538646697998,0.472108095884323,7,5621,0.610278780471846,2
1,205537038,78138,0.420097976922989,0.541178226470947,7,5626,0.38813274109573,2
1,205568150,274308,0.705711364746094,0.495065003633499,7,5631,0.70858760298692,2
1,205640010,485583,0.723839581012726,0.568547368049622,7,5636,0.67996438248749,2
1,205677531,4704,0.388999074697495,0.587543785572052,7,5641,0.331038370458427,2
1,205712518,747788,0.794937312602997,0.60211580991745,7,5646,0.742308575575146,1
1,205726694,307028,0.247441828250885,0.551608562469482,7,5651,0.224291141478224,1
1,205745930,668570,0.329868853092194,0.536155879497528,7,5656,0.307624019157767,1
1,205824138,441837,0.593730330467224,0.392669051885605,7,5661,0.66552859623395,1
1,205855201,4707,0.716177523136139,0.54485297203064,7,5666,0.688207920273438,1
1,205906290,779598,0.18790628015995,0.474142670631409,7,5671,0.198153732830794,1
1,205921326,919443,0.614953815937042,0.665470778942108,7,5676,0.462044191417862,1
1,205959889,420823,0.633408725261688,0.635968267917633,7,5681,0.49798768052978,1
1,206096570,746353,0.223438501358032,0.354565173387527,7,5686,0.315088054508137,1
1,206106678,600616,0.335572808980942,0.46596571803093,7,5691,0.360083152038523,1
1,206130089,595269,0.226881682872772,0.417834967374802,7,5696,0.271496763780013,1
1,206143479,499051,0.706904530525208,0.445065915584564,7,5701,0.735918663399873,1
1,206171611,686596,0.775679528713226,0.558684170246124,7,5706,0.745850413510118,1
1,206194996,343049,0.274897009134293,0.442985028028488,7,5711,0.310277991061827,1
1,206197041,388224,0.255364298820496,0.512146830558777,7,5716,0.249307701994251,1
1,206208855,374995,0.717806816101074,0.542489945888519,7,5721,0.691598926228008,1
1,206265723,358617,0.353115260601044,0.58278089761734,7,5726,0.302957133671275,1
1,206298311,414606,0.332504838705063,0.545464992523193,7,5731,0.304790264510811,1
1,206311476,689554,0.676006078720093,0.516855418682098,7,5736,0.664702933854572,1
1,206329103,228244,0.597633838653565,0.485092043876648,7,5741,0.60928341020813,1
1,206334597,764593,0.629506766796112,0.570107698440552,7,5746,0.569085987513719,1
1,206352369,152664,0.367375642061234,0.610638797283173,7,5751,0.300812561939845,1
1,206379268,416010,0.376279771327972,0.563847780227661,7,5756,0.333671413210179,1
1,206404015,395671,0.672204077243805,0.459271311759949,7,5761,0.696894274443718,1
1,206433614,586835,0.711345076560974,0.547577798366547,7,5766,0.680989435977227,1
1,206457092,695025,0.605325698852539,0.643227636814117,7,5771,0.470537694750411,1
1,206493242,462621,0.385713577270508,0.55412483215332,7,5776,0.348038523893281,1
1,206512982,458416,0.596451878547669,0.354423761367798,7,5781,0.687451227830706,1
1,206514383,436412,0.631927788257599,0.447239518165588,7,5786,0.667059943828742,1
1,206535963,168332,0.777178347110748,0.520680367946625,7,5791,0.767564649986589,1
1,206557518,265279,0.380420237779617,0.5323646068573,7,5796,0.357292946299855,1
1,206600284,676711,0.583534955978394,0.403478145599365,7,5801,0.650922224433792,1
1,206610185,809984,0.628867745399475,0.468266218900681,7,5806,0.651016854869332,1
1,206695830,644090,0.709159910678864,0.460787117481232,7,5811,0.730310514872562,1
1,206784228,499067,0.275442183017731,0.47616383433342,7,5816,0.289230474006201,1
1,206825989,499068,0.701548337936401,0.500416398048401,7,5821,0.701299581393673,1
1,206866343,780759,0.181337803602219,0.387365400791168,7,5826,0.234065566041583,1
1,206876857,315174,0.302516877651215,0.538319110870361,7,5831,0.280982851567448,1
1,206902707,115017,0.322004169225693,0.548819005489349,7,5836,0.293360986049108,1
1,206920414,4735,0.0829335451126099,0.426175057888031,7,5841,0.0972998578607561,1
1,206949770,228290,0.397550821304321,0.484392583370209,7,5846,0.410360144800652,1
1,207061267,908714,0.758186876773834,0.69863760471344,7,5851,0.598800104113471,1
1,207078384,688323,0.395087033510208,0.5985227227211,7,5856,0.330051824694308,1
1,207162575,815183,0.696475148200989,0.530827164649963,7,5861,0.676531942037352,1
1,207178691,410112,0.320790618658066,0.597727715969086,7,5866,0.268341763388011,1
1,207308503,4751,0.266771167516708,0.539498925209045,7,5871,0.247239758089731,1
1,207334873,812799,0.676537811756134,0.671826899051666,7,5876,0.507177481473732,1
1,207385712,4755,0.776723265647888,0.646908640861511,7,5881,0.683825830661947,1
1,207411595,703904,0.0840545296669006,0.538151741027832,7,5886,0.0780955660445903,1
1,207516358,781776,0.23478090763092,0.562055706977844,7,5891,0.208859108373198,1
1,207554528,158660,0.830410957336426,0.506593704223633,7,5896,0.828144630383436,1
1,207624735,662777,0.839488744735718,0.513138890266419,7,5901,0.835157037545968,1
1,207642014,409072,0.801282048225403,0.481372147798538,7,5906,0.80841951417468,1
1,207722550,293391,0.722403287887573,0.696982860565186,7,5911,0.541945527189983,1
1,207766596,182218,0.898613393306732,0.480629414319992,7,5916,0.90239473558122,1
1,207814119,346345,0.960591375827789,0.64299875497818,7,5921,0.944806040984812,1
1,207829787,261370,0.165495082736015,0.613333404064179,7,5926,0.134914454063143,1
1,207847748,699933,0.623710334300995,0.663301289081574,7,5931,0.470156130078235,1
1,207859950,703641,0.0484259761869907,0.428931832313538,7,5936,0.0564495014578361,1
1,207874438,697758,0.716600716114044,0.667887628078461,7,5941,0.573338261615698,1
1,207881502,848199,0.13022156059742,0.527812004089356,7,5946,0.123359794385592,1
1,207889482,701825,0.913782775402069,0.497979581356049,7,5951,0.914129763057428,1
1,207901656,229840,0.187093928456306,0.436770707368851,7,5956,0.21417865861859,1
1,207928148,4778,0.105663768947124,0.531866848468781,7,5961,0.0993329150437985,1
1,207961284,814156,0.788281679153442,0.379273682832718,7,5966,0.829459203685172,1
1,207979216,171662,0.2114487439394,0.315775722265244,7,5971,0.334808424191946,1
1,207984713,446747,0.116870477795601,0.551323354244232,7,5976,0.105990864431827,1
1,207998920,499105,0.847175300121307,0.557582199573517,7,5981,0.827284639393609,1
1,208007298,225506,0.855228543281555,0.519163072109222,7,5986,0.849458882709473,1
1,208055893,426363,0.935987949371338,0.444151759147644,7,5991,0.942419489777908,1
1,208078725,471456,0.689940571784973,0.476721167564392,7,5996,0.703734023816852,1
1,208093649,622010,0.839263021945953,0.405009716749191,7,6001,0.864924703328062,1
1,208107295,312823,0.711010813713074,0.507726430892944,7,6006,0.706475012652894,1
1,208122253,472784,0.128722116351128,0.454222798347473,7,6011,0.141694909215738,1
1,208160117,584866,0.955032408237457,0.658408284187317,7,6016,0.934179329180217,1
1,208175909,4783,0.132897555828094,0.442196756601334,7,6021,0.150269708952105,1
1,208249548,99630,1.00634944438934,0.39175671339035,7,6026,1.0052194940159,1
1,208300233,297538,0.0609768107533455,0.555531322956085,7,6031,0.0548815235375717,1
1,208316109,215801,0.0657552108168602,0.383899927139282,7,6036,0.0856410826994031,1
1,208368666,475528,0.957928001880646,0.463786959648132,7,6041,0.960769325852513,1
1,208454185,653996,0.0654790624976158,0.412371814250946,7,6046,0.0793932323145745,1
1,208529629,380168,0.104066498577595,0.582756042480469,7,6051,0.0892882192474929,1
1,208534783,341425,0.903760492801666,0.492942571640015,7,6056,0.905099992805935,1
1,208592132,738907,0.876342415809631,0.449854999780655,7,6061,0.88761364354755,1
1,208642400,608654,0.091378927230835,0.409592688083649,7,6066,0.111548533322662,1
1,208655124,168657,0.0300749391317368,0.372119069099426,7,6071,0.0404103708048633,1
1,208687463,702454,0.082639716565609,0.343343257904053,7,6076,0.12034562302182,1
1,208719997,4797,0.0892277508974075,0.470355570316315,7,6081,0.0948513810917576,1
1,208750806,484781,0.240987837314606,0.497963100671768,7,6086,0.241973588996359,1
1,208765436,112354,0.837226569652557,0.448278158903122,7,6091,0.852485964644944,1
1,208773688,197198,0.123106271028519,0.486265510320664,7,6096,0.126583387486537,1
1,208795865,742953,0.0609376765787602,0.456217467784882,7,6101,0.0667857774874743,1
1,208827037,570542,0.919586002826691,0.541760504245758,7,6106,0.91225767538768,1
1,208869655,906651,0.854283809661865,0.479435056447983,7,6111,0.860040334887078,1
1,208903703,769099,0.323394298553467,0.520488560199738,7,6116,0.31066417524082,1
1,208929279,681409,0.742939174175263,0.486487627029419,7,6121,0.749703376826458,1
1,208959856,430581,0.0706423744559288,0.458605468273163,7,6126,0.0770186787370049,1
1,208967804,4805,0.844519138336182,0.540331542491913,7,6131,0.830877169050605,1
1,209067491,646684,0.965227901935577,0.366056621074677,7,6136,0.972574760443615,1
1,209116381,91216,0.0824650824069977,0.392027854919434,7,6141,0.105177580332838,1
1,209183025,458586,0.231700703501701,0.369361072778702,7,6146,0.313650680293159,1
1,209306282,538934,0.85424941778183,0.570319652557373,7,6151,0.830396499298084,1
1,209367506,785111,0.0653062537312508,0.453441798686981,7,6156,0.0720117266652041,1
1,209406978,685691,0.73595917224884,0.304292678833008,7,6161,0.810235698462787,1
1,209669247,638193,0.740247130393982,0.663074553012848,7,6166,0.614524708761575,1
1,209738523,800263,0.205699235200882,0.540813624858856,7,6171,0.190175714650834,1
1,209745570,412515,0.956504762172699,0.578955590724945,7,6176,0.948348396429025,1
1,209761894,552049,0.318193137645721,0.373110204935074,7,6181,0.426406371947253,1
1,209899588,592588,0.89733761548996,0.489554435014725,7,6186,0.899438459698438,1
1,209923576,186000,0.132429331541061,0.460181295871735,7,6191,0.143888216154241,1
1,210173929,381229,0.856842160224915,0.431897819042206,7,6196,0.874003441129439,1
1,210300727,658663,0.858522891998291,0.447255671024323,7,6201,0.872023012643216,1
1,210396715,819915,0.0775391906499863,0.387651264667511,7,6206,0.100011528037309,1
1,210443076,195563,0.0753957480192184,0.525542855262756,7,6211,0.0717313034172282,1
1,210498021,4834,0.227034777402878,0.470341682434082,7,6216,0.241350900719602,1
1,210540911,258075,0.106916949152946,0.463454484939575,7,6221,0.115347841726989,1
1,210629598,115814,0.468610882759094,0.497668147087097,7,6226,0.47080658617788,3
1,210668799,625702,0.36320886015892,0.436763674020767,7,6231,0.415795637049306,3
1,210702039,890835,0.72250372171402,0.667580425739288,7,6236,0.582611404723802,3
1,210830708,4842,0.518785655498505,0.652094781398773,7,6241,0.397783934404202,3
1,210835051,898036,0.569786250591278,0.440818190574646,7,6246,0.615318540269726,3
1,210844909,755232,0.395433723926544,0.482884168624878,7,6251,0.409449873923835,3
1,210871588,296615,0.584711611270905,0.66261625289917,7,6256,0.44121435952755,3
1,210895079,752179,0.353846281766892,0.336646854877472,7,6261,0.512964004931523,3
1,210912961,728689,0.52270370721817,0.540695726871491,7,6266,0.483362158457009,3
1,210998196,796562,0.551376402378082,0.382623046636581,7,6271,0.63666962689662,3
1,211115261,759122,0.444423884153366,0.378783226013184,7,6276,0.552832329139245,3
1,211135218,750076,0.447561055421829,0.471782237291336,7,6281,0.474330125262273,3
1,211161180,242436,0.381423652172089,0.460027575492859,7,6286,0.414566074396131,3
1,211175719,251131,0.575401484966278,0.574183762073517,7,6291,0.501429869018959,3
1,211222189,676188,0.377856284379959,0.382162034511566,7,6296,0.494366590944715,3
1,211264452,645974,0.761108636856079,0.61827564239502,7,6301,0.687089180472035,3
1,211374079,182430,0.515744030475617,0.523607432842255,7,6306,0.49249112801555,3
1,211449207,160001,0.45165690779686,0.380611211061478,7,6311,0.557351455179821,3
1,211522843,838712,0.181280329823494,0.314091086387634,7,6316,0.288579233349793,3
1,211630631,694703,0.497956573963165,0.4813152551651,7,6321,0.51604184330056,3
1,211671978,300258,0.516309380531311,0.441959202289581,7,6326,0.566617152855831,3
1,211685688,365231,0.519432723522186,0.478141605854034,7,6331,0.539561611091574,3
1,211705385,129600,0.490151882171631,0.475252717733383,7,6336,0.514196514152386,3
1,211729368,4852,0.472340017557144,0.497266858816147,7,6341,0.474936152674294,3
1,211746149,484593,0.469720631837845,0.495146185159683,7,6346,0.474325205278883,3
1,211883934,388803,0.535386741161346,0.577664792537689,7,6351,0.463406068776829,3
1,211910423,120522,0.616863369941711,0.584472954273224,7,6356,0.538975099216268,3
1,211931978,871289,0.378178924322128,0.410655945539475,7,6361,0.460457139887892,3
1,211961787,4862,0.443949609994888,0.427729338407517,7,6366,0.514171853177162,3
1,211981819,410191,0.497183442115784,0.554210722446442,7,6371,0.448550904898661,3
1,212019615,617168,0.46663036942482,0.428136885166168,7,6376,0.533656204833072,3
1,212038719,145353,0.530309319496155,0.435540914535522,7,6381,0.583946212755748,3
1,212104884,882548,0.453464865684509,0.408810615539551,7,6386,0.537766451258011,3
1,212123953,268785,0.494621485471726,0.514996111392975,7,6391,0.480218660422367,3
1,212149422,291107,0.474452644586563,0.500705778598785,7,6396,0.47378387155258,3
1,212162567,4873,0.570900678634644,0.583819508552551,7,6401,0.488935938480424,3
1,212179345,576224,0.386591553688049,0.381097823381424,7,6406,0.504438286464463,3
1,212198913,4876,0.541575312614441,0.562522113323212,7,6411,0.481381353539132,3
1,212216553,425314,0.303499400615692,0.384001016616821,7,6416,0.395180465001922,3
1,212327973,447263,0.486201286315918,0.442649632692337,7,6421,0.539070265472293,3
1,212357651,397036,0.469337046146393,0.46855565905571,7,6426,0.500735154211347,3
1,212373588,657680,0.732735335826874,0.586603045463562,7,6431,0.676745726788405,3
1,212411016,255424,0.625176072120667,0.604078471660614,7,6436,0.526643664147972,3
1,212433540,687263,0.489837110042572,0.487887144088745,7,6441,0.501903843978255,3
1,212442622,558490,0.355781078338623,0.364266872406006,7,6446,0.488352229216819,3
1,212465309,697837,0.451375007629395,0.447387039661407,7,6451,0.503608283060846,3
1,212485041,764082,0.499473482370377,0.458756446838379,7,6456,0.537614337661994,3
1,212548253,241320,0.514326930046082,0.523910701274872,7,6461,0.490853621423012,3
1,212562326,121218,0.521527409553528,0.553807854652405,7,6466,0.470855916156031,3
1,212570112,795742,0.588752448558807,0.585813701152802,7,6471,0.503547615425939,3
1,212643136,590755,0.491474062204361,0.534315884113312,7,6476,0.459909649719617,3
1,212660478,499186,0.424287915229797,0.418425023555756,7,6481,0.505040529520276,3
1,212675327,499188,0.583651781082153,0.622902989387512,7,6486,0.468493321613407,3
1,212687416,4900,0.438318371772766,0.508280515670776,7,6491,0.431177625601405,3
1,212724834,499189,0.464027732610703,0.500687181949616,7,6496,0.463390864934703,3
1,212813880,878869,0.41828528046608,0.313469976186752,7,6501,0.576337014146259,3
1,212874096,449285,0.458242356777191,0.424255460500717,7,6506,0.52951560453012,3
1,212921359,762277,0.553321123123169,0.310087412595749,7,6511,0.676278643822524,3
1,212987506,89793,0.465282410383225,0.481767684221268,7,6516,0.482890847209179,3
1,213006484,446691,0.685230731964111,0.620075643062592,7,6521,0.585747449080047,3
1,213117895,604596,0.349242359399796,0.33287513256073,7,6526,0.512266989013534,3
1,213139384,144593,0.539435386657715,0.515072047710419,7,6531,0.525120575986871,3
1,213157866,293907,0.423821210861206,0.435986638069153,7,6536,0.486048394439537,3
1,213169068,4913,0.549764931201935,0.380456447601318,7,6541,0.636639694614774,3
1,213185055,851949,0.502138018608093,0.474068194627762,7,6546,0.526685801936303,3
1,213227575,236857,0.552402019500732,0.550432443618774,7,6551,0.50219052270788,3
1,213239637,669426,0.483644187450409,0.436889439821243,7,6556,0.541514713926093,3
1,213257750,353976,0.489394873380661,0.508992493152618,7,6561,0.480748616103773,3
1,213270900,840901,0.437184900045395,0.470592617988586,7,6566,0.46450463026175,3
1,213289445,161475,0.421672523021698,0.352742254734039,7,6571,0.553247928504382,3
1,213313459,455485,0.636710822582245,0.605625629425049,7,6576,0.53941076737806,3
1,213375088,579541,0.519245684146881,0.475478947162628,7,6581,0.541720667595227,3
1,213405370,391326,0.430244654417038,0.419884979724884,7,6586,0.508928983330962,3
1,213428382,112963,0.484745621681213,0.530752539634705,7,6591,0.456658786800007,3
1,213526717,4922,0.387624472379684,0.376221060752869,7,6596,0.509140587241194,3
1,213698123,167642,0.430200845003128,0.452690035104752,7,6601,0.47516049795925,3
1,213920523,4926,0.522139132022858,0.466115266084671,7,6606,0.552468128773159,3
1,213928380,456480,0.690704584121704,0.629927217960358,7,6611,0.582115423115386,3
1,213954109,311927,0.725756883621216,0.583843171596527,7,6616,0.670505086470791,3
1,213956033,489316,0.566036581993103,0.577604830265045,7,6621,0.489986018411036,3
1,213979490,186427,0.513339757919312,0.477763742208481,7,6626,0.534061227251128,3
1,214020229,401936,0.3711778819561,0.415565192699432,7,6631,0.44659404646597,3
1,214069955,215248,0.410270184278488,0.481468290090561,7,6636,0.426061479771928,3
1,214099535,632150,0.469337165355682,0.506443560123444,7,6641,0.463365715659691,3
1,214120709,599228,0.443057745695114,0.432145893573761,7,6646,0.509607971482346,3
1,214148800,389924,0.597929656505585,0.528726756572723,7,6651,0.573421206166503,3
1,214196030,310629,0.61064338684082,0.606300532817841,7,6656,0.505515443104436,3
1,214219717,462154,0.455158561468124,0.467542499303818,7,6661,0.486756350648194,3
1,214241774,596545,0.706452071666718,0.675532042980194,7,6666,0.54764727612939,3
1,214261571,190976,0.555856049060822,0.571579933166504,7,6671,0.486245244808916,3
1,214301856,139032,0.487905919551849,0.463286727666855,7,6676,0.522935143543193,3
1,214359189,457713,0.502026081085205,0.535963892936707,7,6681,0.468339460643938,3
1,214404156,83365,0.489692807197571,0.499153077602387,7,6686,0.490523678176786,3
1,214506728,182331,0.412309110164642,0.40088278055191,7,6691,0.509535971627771,3
1,214758625,910454,0.662003993988037,0.547078132629395,7,6696,0.626871619188795,3
1,214820721,670507,0.525209426879883,0.547351241111755,7,6701,0.479773669475108,3
1,214838334,754656,0.477746933698654,0.437900096178055,7,6706,0.535444622254571,3
1,214871331,588702,0.454498201608658,0.493582099676132,7,6711,0.460407905702902,3
1,214891848,187648,0.569168269634247,0.589368164539337,7,6716,0.482863092952366,3
1,214926446,573255,0.561115086078644,0.533731877803803,7,6721,0.529364229475803,3
1,215023793,499228,0.224333345890045,0.304476678371429,7,6726,0.368391673033792,3
1,215128763,133646,0.535429894924164,0.584163248538971,7,6731,0.458287898342893,3
1,215185361,644321,0.364158183336258,0.472988218069077,7,6736,0.384954814332262,3
1,215233367,185144,0.510362386703491,0.511909186840057,7,6741,0.498489185019208,3
1,215235283,215611,0.568415760993958,0.479618966579437,7,6746,0.585319015021399,3
1,215265764,856336,0.26277157664299,0.308131039142609,7,6751,0.426395823955559,3
1,215271483,168405,0.416278660297394,0.467038154602051,7,6756,0.44565808617081,3
1,215339453,396962,0.493367820978165,0.445715069770813,7,6761,0.542985789986793,3
1,215354364,670545,0.248537495732307,0.31370422244072,7,6766,0.396133488096854,3
1,215419037,269345,0.514170289039612,0.459469646215439,7,6771,0.55059904817665,3
1,215426142,650970,0.459574997425079,0.48852750658989,7,6776,0.470367575239612,3
1,215429974,347655,0.48923996090889,0.511244475841522,7,6781,0.478479459463682,3
1,215456770,774343,0.292909353971481,0.394441306591034,7,6786,0.371296500996505,3
1,215484741,4978,0.565284550189972,0.472473472356796,7,6791,0.58796816176034,3
1,215490113,4981,0.487405747175217,0.495327115058899,7,6796,0.492003902428459,3
1,215496254,4984,0.590427398681641,0.511149287223816,7,6801,0.581086218538584,3
1,215556747,804201,0.437292873859406,0.496805340051651,7,6806,0.440104844498996,3
1,215573410,499245,0.472428530454636,0.484495490789414,7,6811,0.48754688065815,3
1,215626242,935229,0.412614464759827,0.354159444570541,7,6816,0.545254993432872,3
1,215746703,616033,0.53864461183548,0.481610924005508,7,6821,0.55501050318292,3
1,215804179,718673,0.286943018436432,0.429337680339813,7,6826,0.334169386448123,3
1,215827444,751789,0.384505242109299,0.423832774162293,7,6831,0.453604895078342,3
1,216189183,5009,0.473856329917908,0.471301317214966,7,6836,0.502416322175689,3
1,216205965,767965,0.418258368968964,0.398026525974274,7,6841,0.516804596770177,3
1,216223617,482466,0.471206784248352,0.525944292545319,7,6846,0.447962636848797,3
1,216279372,405224,0.620852053165436,0.524510800838471,7,6851,0.601307508663553,3
1,216296658,204680,0.464425712823868,0.569670379161835,7,6856,0.40762669941448,3
1,216319833,745220,0.549158811569214,0.45611646771431,7,6861,0.585535172818977,3
1,216328255,890783,0.712691962718964,0.571504652500153,7,6866,0.664747775025564,3
1,216413773,373618,0.780239403247833,0.669838547706604,7,6871,0.667192224855981,3
1,216439236,77342,0.457149177789688,0.516924381256104,7,6876,0.442181868727913,3
1,216505878,761228,0.43156424164772,0.400006055831909,7,6881,0.526298753614562,3
1,216699548,356147,0.516985535621643,0.534056127071381,7,6886,0.484017979960882,3
1,216755778,259709,0.669009447097778,0.606278479099274,7,6891,0.579664133998814,3
1,216773395,797938,0.567324042320252,0.525829672813416,7,6896,0.543754709149597,3
1,216794613,220815,0.483244776725769,0.585672438144684,7,6901,0.412555504794293,3
1,216828304,5032,0.43413969874382,0.466747671365738,7,6906,0.465068949860527,3
1,216861293,779543,0.544265747070313,0.559504628181458,7,6911,0.486381809601222,3
1,216923367,739345,0.637779831886292,0.623583018779755,7,6916,0.518857827641721,3
1,216975291,499270,0.289790630340576,0.349226951599121,7,6921,0.414903015093216,3
1,217024584,664411,0.636052370071411,0.53882908821106,7,6926,0.605409165425471,3
1,217046441,499274,0.430730134248734,0.405766904354095,7,6931,0.521004577225293,3
1,217067856,680926,0.328144758939743,0.388290971517563,7,6936,0.422550075858383,3
1,217079336,492737,0.511806130409241,0.578597962856293,7,6941,0.442281310396144,3
1,217096916,112039,0.439329743385315,0.535293459892273,7,6946,0.410363451361548,3
1,217157117,499284,0.60180526971817,0.513266086578369,7,6951,0.590952346547409,3
1,217170849,570032,0.430969029664993,0.485573679208756,7,6956,0.443773054551947,3
1,217609785,361947,0.336217105388641,0.353050142526627,7,6961,0.476160557509596,3
1,217636726,852619,0.475505322217941,0.36442369222641,7,6966,0.587386540870795,3
1,217655426,361429,0.412969321012497,0.422072142362595,7,6971,0.489216510121773,3
1,217859675,918815,0.520223736763001,0.465128362178803,7,6976,0.551503361450076,3
1,217948517,361146,0.577174365520477,0.603373944759369,7,6981,0.478289102913335,3
1,217998071,499296,0.706123054027557,0.604248106479645,7,6986,0.628710625540788,3
1,218014523,427282,0.51006942987442,0.480375200510025,7,6991,0.528572759992923,3
1,218057426,331373,0.511917293071747,0.500184714794159,7,6996,0.511736914240984,3
1,218074931,5064,0.666257798671722,0.616771638393402,7,7001,0.564564845971813,3
1,218142818,930046,0.575685501098633,0.467005997896195,7,7006,0.601951900746973,3
1,218150782,764579,0.502288341522217,0.489831149578095,7,7011,0.512208891167915,3
1,218224538,77062,0.460722655057907,0.533252120018005,7,7016,0.431993270877527,3
1,218555899,224001,0.494196593761444,0.586782217025757,7,7021,0.421107337119379,3
1,218571046,115955,0.608014523983002,0.618534803390503,7,7026,0.491495806420403,3
1,218603943,538950,0.696221172809601,0.631594002246857,7,7031,0.587711887098604,3
1,218631906,499305,0.469851762056351,0.472298473119736,7,7036,0.497409783005201,3
1,219037122,648112,0.497161746025085,0.44168621301651,7,7041,0.549681321061677,3
1,219046052,919837,0.583518922328949,0.573884546756744,7,7046,0.511304888732473,3
1,219065536,352726,0.657845735549927,0.636752307415009,7,7051,0.529034497073898,3
1,219075045,110474,0.43602442741394,0.496787190437317,7,7056,0.438844273571257,3
1,219121384,254699,0.524213194847107,0.572974622249603,7,7061,0.457448876870803,3
1,219180246,5086,0.504187047481537,0.549607276916504,7,7066,0.458679377673281,3
1,219240302,287990,0.50778591632843,0.464992880821228,7,7071,0.539992958946872,3
1,219269558,816123,0.447706967592239,0.391222655773163,7,7076,0.546391601424338,3
1,219306722,142850,0.521052181720734,0.537624597549439,7,7081,0.484587372021068,3
1,219314479,751757,0.607202529907227,0.574239194393158,7,7086,0.538711096794227,3
1,219344131,213904,0.502035975456238,0.500375926494598,7,7091,0.501661298013517,3
1,219373294,493347,0.440839350223541,0.528296232223511,7,7096,0.417227422168167,3
1,219380843,600548,0.603061676025391,0.585792541503906,7,7101,0.520845996574018,3
1,219432395,479846,0.437053471803665,0.498902082443237,7,7106,0.438015281138249,3
1,219490819,490189,0.38765287399292,0.390949010848999,7,7111,0.495784441494146,3
1,219547480,679893,0.486962556838989,0.498855710029602,7,7116,0.488079565943119,3
1,219593075,302071,0.619039595127106,0.609393239021301,7,7121,0.512347912362851,3
1,219629766,586948,0.648559629917145,0.637578725814819,7,7126,0.515149364682045,3
1,219648418,879539,0.589059591293335,0.565593481063843,7,7131,0.527009390060444,3
1,219713177,550691,0.41945618391037,0.659841179847717,7,7136,0.317846321752134,3
1,219724113,830574,0.503534853458405,0.491089642047882,7,7141,0.512227311957849,3
1,219737415,714601,0.58653324842453,0.604469358921051,7,7146,0.485163755422991,3
1,219759089,192333,0.634062051773071,0.629940390586853,7,7151,0.505568915225245,3
1,219784847,385671,0.544075667858124,0.527120113372803,7,7156,0.517927971737449,3
1,219876175,272308,0.615928888320923,0.595997929573059,7,7161,0.524666901739886,3
1,219885304,749059,0.423751980066299,0.412276476621628,7,7166,0.509762671552355,3
1,219926806,735620,0.348542839288712,0.42240783572197,7,7171,0.412566730317621,3
1,219941307,886582,0.572536826133728,0.479632675647736,7,7176,0.589267855741746,3
1,219965978,671717,0.431673496961594,0.517273783683777,7,7181,0.417258239812021,3
1,220020181,153589,0.498631507158279,0.550961434841156,7,7186,0.452510353380756,3
1,220039638,445205,0.401953220367432,0.422382771968842,7,7191,0.475816305780913,3
1,220049548,98353,0.483640372753143,0.461700618267059,7,7196,0.520378766194616,3
1,220080898,81504,0.451814591884613,0.480984419584274,7,7201,0.469676951568542,3
1,220093813,499341,0.567097067832947,0.505150079727173,7,7206,0.56259169251924,3
1,220105938,883151,0.458120107650757,0.439574599266052,7,7211,0.516545920617103,3
1,220125618,538955,0.327445864677429,0.344966441392899,7,7216,0.47460538966526,3
1,220153576,245993,0.815354704856873,0.667379856109619,7,7221,0.722438194837683,3
1,220168963,261474,0.54163932800293,0.49542048573494,7,7226,0.54579936458113,3
1,220186958,744708,0.457847416400909,0.497531056404114,7,7231,0.460119434262038,3
1,220228652,659422,0.563448309898377,0.502430379390717,7,7236,0.56131597266021,3
1,220267368,695760,0.332942873239517,0.519774258136749,7,7241,0.320276416182121,3
1,220294241,719329,0.504842042922974,0.530177712440491,7,7246,0.476106436650371,3
1,220311503,278299,0.282242655754089,0.322137415409088,7,7251,0.438078041005675,3
1,220333229,373736,0.42626029253006,0.501757979393005,7,7256,0.424766829862599,3
1,220349505,127028,0.377785682678223,0.487537056207657,7,7261,0.387443044449643,3
1,220400757,578804,0.333664834499359,0.397879123687744,7,7266,0.419304274382111,3
1,220432267,783606,0.421126157045364,0.460576683282852,7,7271,0.457172684083467,3
1,220469410,233353,0.393193125724793,0.4333416223526,7,7276,0.453675697697993,3
1,220523909,348518,0.627147495746613,0.570725440979004,7,7281,0.565717911278373,3
1,220557940,5125,0.496107637882233,0.497157692909241,7,7286,0.49894394168894,3
1,220578561,618101,0.72083967924118,0.683857917785645,7,7291,0.558489147026085,3
1,220614011,5129,0.419481366872788,0.584750771522522,7,7296,0.358683893465056,3
1,220792659,332660,0.626401603221893,0.598779439926148,7,7301,0.53442266678789,3
1,221028959,499364,0.436777085065842,0.396263808012009,7,7306,0.533552135511729,3
1,221044193,485643,0.503382682800293,0.609620809555054,7,7311,0.412865403305129,3
1,221155430,865010,0.525828540325165,0.537128984928131,7,7316,0.48948069744879,3
1,221237433,62911,0.516721487045288,0.461444526910782,7,7321,0.551319653124525,3
1,221260835,750648,0.720355927944183,0.672198355197907,7,7326,0.573455355563197,3
1,221355970,762547,0.476389825344086,0.499326914548874,7,7331,0.477031991931067,3
1,221375588,112346,0.491055637598038,0.518971860408783,7,7336,0.473104300116815,3
1,221378563,466030,0.507272958755493,0.47374302148819,7,7341,0.531857000131497,3
1,221480427,551985,0.620459496974945,0.602557599544525,7,7346,0.522521373424054,3
1,221501256,97204,0.513670802116394,0.523148477077484,7,7351,0.490941696883038,3
1,221525414,931905,0.514389395713806,0.484459549188614,7,7356,0.529027641262763,3
1,221551350,136425,0.63997083902359,0.599814534187317,7,7361,0.550172118013738,3
1,221561947,5137,0.481135010719299,0.520531594753265,7,7366,0.462157355642706,3
1,221590596,602914,0.43463534116745,0.418973565101624,7,7371,0.513477679435158,3
1,221711101,419850,0.650437772274017,0.680555045604706,7,7376,0.477873007095313,3
1,221720055,727768,0.771866083145142,0.497937858104706,7,7381,0.772803107605715,1
1,221773557,424065,0.0907578393816948,0.502657532691956,7,7386,0.0902780058777256,1
1,221905271,610145,0.494618445634842,0.372952997684479,7,7391,0.597014615731424,1
1,221907021,302456,0.180279135704041,0.408315777778626,7,7396,0.220759453240846,1
1,221921307,882538,0.178864493966103,0.699320733547211,7,7401,0.127884449427687,1
1,221990859,666822,0.784672498703003,0.406865447759628,7,7406,0.818483428015053,1
1,222020703,920074,0.151044651865959,0.48164027929306,7,7411,0.156802346439607,1
1,222042818,656491,0.188803821802139,0.528222620487213,7,7416,0.178716145881819,1
1,222066211,5148,0.0339715667068958,0.484848171472549,7,7421,0.0350332008097706,1
1,222130594,626067,0.668714702129364,0.486390382051468,7,7426,0.677493093690631,1
1,222336109,152196,0.925140559673309,0.594557523727417,7,7431,0.907681798642674,1
1,222366342,826417,0.0644454434514046,0.640119254589081,7,7436,0.050338622834252,1
1,222417646,418853,0.843588352203369,0.499784827232361,7,7441,0.843655634303113,1
1,222462667,642750,0.185495615005493,0.562244653701782,7,7446,0.164959874481867,1
1,222626559,387341,0.0888533517718315,0.526674509048462,7,7451,0.0843531918151517,1
1,222644778,455908,0.926900804042816,0.57614016532898,7,7456,0.91376961205357,1
1,222693409,217411,0.139556586742401,0.436053663492203,7,7461,0.160022261508756,1
1,222717570,197157,0.0723046883940697,0.571071684360504,7,7466,0.063306140344743,1
1,222796556,87475,0.881186902523041,0.487296611070633,7,7471,0.884130766401734,1
1,222860829,724018,0.911148607730865,0.627593159675598,7,7476,0.880706551748974,1
1,222894120,5161,0.0389352850615978,0.439056426286697,7,7481,0.0443397280286858,1
1,222903137,5164,0.0846561342477799,0.482845336198807,7,7486,0.0876638210013936,1
1,222917603,709198,0.317452937364578,0.370830088853836,7,7491,0.428030177305412,1
1,222942273,600786,0.0376659408211708,0.591675877571106,7,7496,0.0318298770061352,1
1,222952691,346252,0.30624920129776,0.565195620059967,7,7501,0.270923190509922,1
1,222965456,162149,0.128158316016197,0.547437310218811,7,7506,0.117052960790133,1
1,222977739,499387,0.353068768978119,0.527467787265778,7,7511,0.334682778268141,1
1,223074465,839855,0.858662009239197,0.570317387580872,7,7516,0.835532103608911,1
1,223166456,860955,0.689472794532776,0.558465421199799,7,7521,0.648354601907928,1
1,223420238,660768,0.305354446172714,0.586417019367218,7,7526,0.260356057283443,1
1,223458875,374382,0.861323118209839,0.463131725788117,7,7531,0.870846454846175,1
1,223507709,292572,0.196846455335617,0.60558009147644,7,7536,0.162527185178507,1
1,223521465,636703,0.957565128803253,0.521737337112427,7,7541,0.955636437370481,1
1,223538306,832707,0.18082919716835,0.612059056758881,7,7546,0.147722017321269,1
1,223563322,821757,0.864758729934692,0.603986620903015,7,7551,0.829246589630768,1
1,223600307,499400,0.875645637512207,0.671054005622864,7,7556,0.810980579466761,1
1,223615701,733468,0.766721785068512,0.316710919141769,7,7561,0.829297568579258,1
1,223719507,799110,0.211268305778503,0.334886103868485,7,7566,0.315433073122485,1
1,223946618,146846,0.217424809932709,0.533381581306458,7,7571,0.203817320988242,1
1,224072721,204503,0.828303217887878,0.503688991069794,7,7576,0.827027026377863,1
1,224162228,499407,0.401379585266113,0.341616570949554,7,7581,0.54538617747621,1
1,224251061,742063,0.827827572822571,0.433236628770828,7,7586,0.848109073453328,1
1,224359008,173964,0.107954166829586,0.461202353239059,7,7591,0.117035576760847,1
1,224438562,385341,0.831782817840576,0.456163078546524,7,7596,0.845342256544626,1
1,224558279,837153,0.0899126455187798,0.405944764614105,7,7601,0.110744925611064,1
1,224607674,325839,0.0584217272698879,0.423593431711197,7,7606,0.0689596708734137,1
1,224638242,355751,0.298124641180038,0.305677086114883,7,7611,0.487646367232108,1
1,224652139,384806,0.903767287731171,0.442541480064392,7,7616,0.913686212671083,1
1,224667865,874522,0.907724142074585,0.355457961559296,7,7621,0.9284175023334,1
1,224677087,906762,0.916568756103516,0.474449098110199,7,7626,0.920624963636749,1
1,224685005,370633,0.0578099079430103,0.459996402263641,7,7631,0.0628373479211228,1
1,224759471,895861,0.782817840576172,0.498948961496353,7,7636,0.783273416544124,1
1,224783102,727323,0.591777622699738,0.361784994602203,7,7641,0.680184284412258,1
1,224814966,82444,0.865822851657867,0.537450790405273,7,7646,0.854959055643296,1
1,224828991,395499,0.713489770889282,0.503582656383514,7,7651,0.71142201940061,1
1,224852013,142672,0.285278648138046,0.487698435783386,7,7656,0.292474434206258,1
1,224858192,5208,0.156517878174782,0.466089189052582,7,7661,0.167905501619696,1
1,224865821,808296,0.360708981752396,0.406975656747818,7,7666,0.443157933124129,1
1,224913335,322564,0.648748159408569,0.676185369491577,7,7671,0.479711768901745,1
1,225031797,240271,0.862116575241089,0.469871073961258,7,7676,0.8699529322148,1
1,225073712,898355,0.778382480144501,0.457151204347611,7,7681,0.795875461426453,1
1,225140748,5213,0.901131689548492,0.60492742061615,7,7686,0.874873231387381,1
1,225152085,298794,0.172517001628876,0.43506395816803,7,7691,0.198266253030142,1
1,225187722,810210,0.132393091917038,0.428247421979904,7,7696,0.154575468668263,1
1,225220553,239817,0.8641796708107,0.545468986034393,7,7701,0.850592891336148,1
1,225245660,499420,0.855731546878815,0.50123518705368,7,7706,0.85537426721328,1
1,225267653,176583,0.173206180334091,0.518847644329071,7,7711,0.166914297701078,1
1,225283398,130098,0.0684200301766396,0.425994843244553,7,7716,0.0803061718488472,1
1,225308870,499423,0.188097640872002,0.540828704833984,7,7721,0.173897612303827,1
1,225441495,207379,0.814153671264648,0.433070987462997,7,7726,0.836093827775994,1
1,225465325,333520,0.126360967755318,0.375639200210571,7,7731,0.168194596948992,1
1,225500999,453330,0.788988173007965,0.423182010650635,7,7736,0.817089765846198,1
1,225577952,486310,0.108691871166229,0.56192147731781,7,7741,0.0967144659473085,1
1,225653024,556957,0.753997027873993,0.403448104858398,7,7746,0.793812596917814,1
1,225702990,384069,0.298778533935547,0.312283873558044,7,7751,0.478376501692798,1
1,225739850,899745,0.0530480407178402,0.462967574596405,7,7756,0.057291313289149,1
1,225756256,293933,0.0798094421625137,0.417471587657928,7,7761,0.0955866752636454,1
1,225794842,410985,0.208075866103172,0.473713606595993,7,7766,0.219622007058613,1
1,225816475,786687,0.839178025722504,0.444204419851303,7,7771,0.855322730135358,1
1,225841449,563575,0.802395641803742,0.492826551198959,7,7776,0.805190552991885,1
1,225898121,610037,0.857114851474762,0.60867840051651,7,7781,0.817432581393624,1
1,225969095,615732,0.658665657043457,0.540662884712219,7,7786,0.628448984856479,1
1,226003150,555058,0.134348765015602,0.578679621219635,7,7791,0.11608216367845,1
1,226037179,803244,0.0719548016786575,0.384213477373123,7,7796,0.0936390911774025,1
1,226088164,804472,0.864037275314331,0.366090416908264,7,7801,0.892758582365529,1
1,226103901,79677,0.936806321144104,0.520008146762848,7,7806,0.934172133933413,1
1,226170998,877025,0.327873468399048,0.356728047132492,7,7811,0.459556616075765,1
1,226207083,430728,0.0837388709187508,0.439854592084885,7,7816,0.0951892652999637,1
1,226255333,216482,0.249493196606636,0.477415978908539,7,7821,0.261295398173542,1
1,226379647,776160,0.0957017242908478,0.464708834886551,7,7826,0.102969555457463,1
1,226455023,336794,0.756678462028503,0.412159144878387,7,7831,0.79303791506533,1
1,226480258,281115,0.179559573531151,0.544179439544678,7,7836,0.164981953086459,1
1,226490877,299950,0.929916203022003,0.560795068740845,7,7841,0.920215152437982,1
1,226519951,228287,0.904441297054291,0.5507652759552,7,7846,0.893642790916381,1
1,226613110,676665,0.667568981647492,0.694776952266693,7,7851,0.480419636452795,1
1,226673588,753521,0.830830097198486,0.453947365283966,7,7856,0.845097439288533,1
1,226688970,5233,0.90180766582489,0.631581962108612,7,7861,0.866737884582001,1
1,226727102,159884,0.0844526514410973,0.516606390476227,7,7866,0.0817379082005216,1
1,226783517,355990,0.899267792701721,0.501108527183533,7,7871,0.899043967689405,1
1,226877560,923637,0.118210136890411,0.504085421562195,7,7876,0.11725208846952,1
1,226946644,86383,0.188727259635925,0.423110485076904,7,7881,0.223023614744057,1
1,226954167,837074,0.922601103782654,0.594171047210693,7,7886,0.904640987680432,1
1,227010426,345460,0.876263082027435,0.549595654010773,7,7891,0.862637961784316,1
1,227029050,279262,0.749785542488098,0.518155574798584,7,7896,0.740357629532281,1
1,227070887,499438,0.587683796882629,0.594676852226257,7,7901,0.494120289601446,1
1,227094061,430782,0.789589822292328,0.562876284122467,7,7906,0.759324225539593,1
1,227116607,609563,0.68476814031601,0.403048038482666,7,7911,0.735965471256068,1
1,227140438,728552,0.710740625858307,0.422706425189972,7,7916,0.749469432223561,1
1,227147232,552686,0.841060519218445,0.474812269210815,7,7921,0.848683174164483,1
1,227178716,817480,0.300700753927231,0.538898646831513,7,7926,0.278995647600174,1
1,227207075,723237,0.201683089137077,0.480121999979019,7,7931,0.210033167763496,1
1,227222334,345249,0.820181906223297,0.560673892498016,7,7936,0.795347817138444,1
1,227232111,499443,0.94031834602356,0.59442925453186,7,7941,0.926422634468431,1
1,227267015,683388,0.20391309261322,0.496087700128555,7,7946,0.205521213850271,1
1,227274999,789474,0.258455157279968,0.498250305652618,7,7951,0.259362768419618,1
1,227300217,405462,0.05203527957201,0.35882505774498,7,7956,0.072507867620817,1
1,227319829,774971,0.17796403169632,0.512551188468933,7,7961,0.173606105790062,1
1,227385730,666826,0.28285363316536,0.682359993457794,7,7966,0.207261296000096,1
1,227458331,5251,0.72254490852356,0.435774058103561,7,7971,0.754127672201781,1
1,227516064,166657,0.204932853579521,0.526999175548554,7,7976,0.194433751595727,1
1,227537928,692262,0.957757830619812,0.690099239349365,7,7981,0.93184565069879,1
1,227574728,812585,0.846067070960999,0.608409762382507,7,7986,0.803451523746407,1
1,227632355,486580,0.0650735348463059,0.440485239028931,7,7991,0.073865738372713,1
1,227806119,402494,0.0896188989281654,0.457540184259415,7,7996,0.0979355497192282,1
1,227859399,612491,0.884588718414307,0.447910845279694,7,8001,0.895477677292754,1
1,227871618,5259,0.106743164360523,0.601988136768341,7,8006,0.0886588604001016,1
1,227899844,853260,0.875957667827606,0.448779106140137,7,8011,0.887484007269934,1
1,227904699,591502,0.864715695381165,0.470801651477814,7,8016,0.872179963338299,1
1,228117680,592477,0.649598717689514,0.574422061443329,7,8021,0.58832301845949,1
1,228254149,173916,0.103050328791142,0.455494582653046,7,8026,0.113119159607696,1
1,228273917,695484,0.187049388885498,0.476893275976181,7,8031,0.196112420019569,1
1,228301655,109635,0.881918132305145,0.588205516338348,7,8036,0.85662524344076,1
1,228339548,179290,0.130453869700432,0.451661109924316,7,8041,0.144415654606937,1
1,228354140,614517,0.727026104927063,0.46914154291153,7,8046,0.742893900033089,1
1,228361338,659439,0.134620800614357,0.497884064912796,7,8051,0.135192919498172,1
1,228362412,315401,0.0683108493685722,0.490113288164139,7,8056,0.0696888362529919,1
1,228373805,730592,0.213163867592812,0.644142389297485,7,8061,0.165463313030285,1
1,228389370,650776,0.256109744310379,0.556474983692169,7,8066,0.230117931457682,1
1,228404510,111134,0.0668004676699638,0.581088721752167,7,8071,0.0574787163899338,1
1,228454121,89242,0.169316440820694,0.547909319400787,7,8076,0.154511371522084,1
1,228481916,797305,0.0787421390414238,0.554046988487244,7,8081,0.07106088533792,1
1,228506644,89527,0.173214450478554,0.613227427005768,7,8086,0.141231819428165,1
1,228534476,499462,0.311248451471329,0.304940551519394,7,8091,0.504537669379018,1
1,228683773,339526,0.0274268109351397,0.312594890594482,7,8096,0.0438695765036023,1
1,228694103,823149,0.0734347924590111,0.540443241596222,7,8101,0.0679394123258146,1
1,228720022,151455,0.308231443166733,0.304440408945084,7,8106,0.502725168533655,1
1,228766015,683977,0.737514913082123,0.479816526174545,7,8111,0.747699513608584,1
1,228778585,709271,0.866165578365326,0.512583374977112,7,8116,0.862710446501092,1
1,228811901,499467,0.161356762051582,0.49605068564415,7,8121,0.162641406131766,1
1,228848364,333987,0.754400432109833,0.507276237010956,7,8126,0.750773570975886,1
1,228904060,892301,0.230150163173676,0.367583185434341,7,8131,0.313058611347697,1
1,228914412,866057,0.177201882004738,0.68523234128952,7,8136,0.12930058268358,1
1,228932842,755328,0.113068208098412,0.459303349256516,7,8141,0.123086635751119,1
1,228943767,5297,0.121711298823357,0.600674748420715,7,8146,0.101312148665612,1
1,228967649,626358,0.661595225334168,0.379937887191772,7,8151,0.727120261280587,1
1,228973854,116648,0.930540084838867,0.318304479122162,7,8156,0.949053563479714,1
1,228989936,563838,0.54223644733429,0.594345450401306,7,8161,0.456162697104998,1
1,229013763,178603,1.00121688842773,0.540789842605591,7,8166,1.0013249798683,1
1,229027992,538969,0.0615266487002373,0.445080399513245,7,8171,0.0691185780900765,1
1,229064735,758290,0.0702250152826309,0.492965638637543,7,8176,0.0712270894546714,1
1,229079248,306732,0.868643820285797,0.459742277860642,7,8181,0.878431927641823,1
1,229101902,196064,0.0814778655767441,0.452000916004181,7,8186,0.0901301996210893,1
1,229128629,481995,0.706658601760864,0.513070106506348,7,8191,0.698784771525883,1
1,229145208,248092,0.219455689191818,0.472442597150803,7,8196,0.23225645879024,1
1,229163304,678825,0.123864687979221,0.537631630897522,7,8201,0.115194754977903,1
1,229171203,379043,0.240533545613289,0.482536256313324,7,8206,0.249238831762627,1
1,229216300,882144,0.716159641742706,0.658915102481842,7,8211,0.583915382471334,1
1,229236636,604130,0.758612632751465,0.651986718177795,7,8216,0.653192306361662,1
1,229264955,225658,0.247438058257103,0.321486502885819,7,8221,0.384834287032238,1
1,229302044,152734,0.860294222831726,0.507741451263428,7,8226,0.85809715491296,1
1,229388666,837690,0.627096652984619,0.412575006484985,7,8231,0.682594926048334,1
1,229410310,875058,0.333982855081558,0.366429507732391,7,8236,0.455725928226106,1
1,229455720,403738,0.756586492061615,0.56475704908371,7,8241,0.720370533944385,1
1,229625963,318343,0.944824755191803,0.474020928144455,7,8246,0.947549961813547,1
1,229660420,411794,0.10873506963253,0.44500207901001,7,8251,0.122173664755041,1
1,229667980,675059,0.919110357761383,0.390879273414612,7,8256,0.93360130536678,1
1,229723041,281910,0.79427969455719,0.51496285200119,7,8261,0.787933453868862,1
1,229799557,903571,0.317369610071182,0.464789569377899,7,8266,0.341412147540195,1
1,229834513,681721,0.103193320333958,0.445346802473068,7,8271,0.115857259736583,1
1,229873475,134154,0.868918538093567,0.520770609378815,7,8276,0.863237246638272,1
1,229895662,147274,0.0608290731906891,0.470659554004669,7,8281,0.0646210967918497,1
1,229917902,169427,0.847953736782074,0.563667595386505,7,8286,0.825767853120365,1
1,230015955,912594,0.059396106749773,0.545505106449127,7,8291,0.0544413847346012,1
1,230048894,330490,0.854062497615814,0.460546404123306,7,8296,0.864735814628304,1
1,230053772,475335,0.905290484428406,0.591566622257233,7,8301,0.884057571280031,1
1,230120350,889345,0.172872364521027,0.446107864379883,7,8306,0.193756239605112,1
1,230141523,457574,0.920227527618408,0.53612345457077,7,8311,0.914015406504572,1
1,230160730,288221,0.760761022567749,0.413902848958969,7,8316,0.795905015911345,1
1,230186886,712797,0.193808138370514,0.504681169986725,7,8321,0.19201047106197,1
1,230197231,177817,0.0478778146207333,0.449443906545639,7,8326,0.0532633927431737,1
1,230221774,322063,0.867599546909332,0.490246713161469,7,8331,0.870132810803625,1
1,230248438,102388,0.846636712551117,0.44940048456192,7,8336,0.860730637106663,1
1,230265892,627633,0.880771040916443,0.461303651332855,7,8341,0.889335653213024,1
1,230298958,310081,0.146542981266975,0.586580634117127,7,8346,0.124912904333724,1
1,230332526,884925,0.153235077857971,0.536120295524597,7,8351,0.142911095827877,1
1,230338507,689046,0.93433803319931,0.507773816585541,7,8356,0.933301021955793,1
1,230347439,432062,0.0453842841088772,0.393007725477219,7,8361,0.0577396844473837,1
1,230378967,206052,0.110892504453659,0.515528321266174,7,8366,0.107552291386533,1
1,230389444,723764,0.180712088942528,0.393997490406036,7,8371,0.229331522843323,1
1,230417610,129045,0.693925619125366,0.552190363407135,7,8376,0.658253914315708,1
1,230465892,196076,0.879434287548065,0.464736372232437,7,8381,0.887377260290615,1
1,230499181,694773,0.296669602394104,0.505147755146027,7,8386,0.293646363239151,1
1,230511078,734288,0.159635812044144,0.386384159326553,7,8391,0.206576548482707,1
1,230533568,103938,0.981199324131012,0.678340137004852,7,8396,0.970775533363217,1
1,230550854,283628,0.940733075141907,0.4875648021698,7,8401,0.942171297845028,1
1,230558660,607356,0.781293570995331,0.442010402679443,7,8406,0.804022843745754,1
1,230567771,582604,0.931834638118744,0.479408353567123,7,8411,0.934530872375374,1
1,230641135,599471,0.738859415054321,0.660399675369263,7,8416,0.615517763079837,1
1,230762269,499504,0.0461594052612782,0.402710497379303,7,8421,0.0573109039392655,1
1,230770321,713739,0.388034164905548,0.410526543855667,7,8426,0.472605451113014,1
1,230792532,251972,0.553452551364899,0.349584758281708,7,8431,0.656721260517054,1
1,230827739,499506,0.261618614196777,0.533604383468628,7,8436,0.2451428645471,1
1,230840336,620948,0.199615463614464,0.468509644269943,7,8441,0.213032395443551,1
1,230847259,658218,0.0966169685125351,0.496526718139648,7,8446,0.0972928192812391,1
1,230874826,469958,0.219580665230751,0.562987506389618,7,8451,0.195013799363772,1
1,230914481,198631,0.111391790211201,0.469397455453873,7,8456,0.118654020081439,1
1,230943182,567814,0.920924484729767,0.664882957935333,7,8461,0.882018063326403,1
1,230954324,912522,0.305886268615723,0.547617852687836,7,8466,0.279288072069201,1
1,230966887,359050,0.85805356502533,0.456571131944656,7,8471,0.869397410297115,1
1,230987662,435252,0.146197870373726,0.426197618246079,7,8476,0.171514180411625,1
1,230996680,328464,0.850516438484192,0.553503453731537,7,8481,0.832603899442115,1
1,231020235,654748,0.0672295764088631,0.557295441627502,7,8486,0.0603177160506899,1
1,231064461,651128,0.857392728328705,0.564433455467224,7,8491,0.836296803024361,1
1,231075636,631272,0.0978776589035988,0.613252222537994,7,8496,0.0798021232589457,1
1,231086747,342245,0.223425596952438,0.469533801078796,7,8501,0.237922803895159,1
1,231106144,217961,0.277791976928711,0.577353417873383,7,8506,0.240573596976291,1
1,231112305,570045,0.816464900970459,0.554879128932953,7,8511,0.793836785736906,1
1,231127221,178149,0.101795166730881,0.504240095615387,7,8516,0.100939183155048,1
1,231148216,5346,0.876078128814697,0.652356743812561,7,8521,0.821768624905401,1
1,231190506,576681,0.825452566146851,0.675656318664551,7,8526,0.730922099153482,1
1,231209425,820988,0.835228860378265,0.555187702178955,7,8531,0.814785764210116,1
1,231218869,676113,0.0699586048722267,0.469369053840637,7,8536,0.0745240917565684,1
1,231237920,190968,0.775193214416504,0.53226625919342,7,8541,0.75968508793504,1
1,231249084,499510,0.678550243377686,0.68903660774231,7,8546,0.49239056078676,1
1,231281298,488631,0.0557468347251415,0.406504034996033,7,8551,0.0685686117798137,1
1,231300770,499511,0.103013761341572,0.636537432670593,7,8556,0.0809172847144099,1
1,231311513,166400,0.874454319477081,0.492093116044998,7,8561,0.876408762620708,1
1,231361905,109530,0.168059825897217,0.602711737155914,7,8566,0.139419738771191,1
1,231408843,927088,0.175540387630463,0.614436447620392,7,8571,0.142846659170611,1
1,231500123,631887,0.900439083576202,0.551902294158936,7,8576,0.888907134397257,1
1,231503026,857722,0.0641119256615639,0.571595132350922,7,8581,0.0560815882020173,1
1,231535143,292540,0.935712039470673,0.603662550449371,7,8586,0.918897443829472,1
1,231536184,259168,0.100188881158829,0.522222697734833,7,8591,0.0959254371682838,1
1,231545978,614043,0.777998089790344,0.400765180587769,7,8596,0.814762174177888,1
1,231555677,833701,0.762361466884613,0.526190936565399,7,8601,0.749225424907698,1
1,231571796,355184,0.152355939149857,0.629034161567688,7,8606,0.121103072343601,1
1,231588888,864093,0.596727252006531,0.459335088729858,7,8611,0.627058516664146,1
1,231592585,891926,0.841898381710053,0.5451740026474,7,8616,0.826195491011719,1
1,231637348,553592,0.017348961904645,0.482699483633041,7,8621,0.0179707690736148,1
1,231682177,550948,0.781045317649841,0.533726632595062,7,8626,0.765207818356902,1
1,231689043,572761,0.110371053218842,0.508455693721771,7,8631,0.108535566207306,1
1,231719647,324377,0.0802074447274208,0.62690657377243,7,8636,0.0639708116671755,1
1,231735374,289187,0.700653553009033,0.459509581327438,7,8641,0.723078858894337,1
1,231747186,491616,0.881938636302948,0.570598125457764,7,8646,0.862528122609023,1
1,231832314,499525,0.842136681079865,0.407209366559982,7,8651,0.866847323477397,1
1,231882300,140212,0.926930904388428,0.546361923217773,7,8656,0.919463224813633,1
1,231926152,783132,0.160400316119194,0.470017284154892,7,8661,0.170632359198875,1
1,231977865,847653,0.684081077575684,0.696207165718079,7,8666,0.49129132193728,1
1,232136544,5379,0.165408164262772,0.502058625221252,7,8671,0.164729929886054,1
1,232160317,813287,0.303282499313355,0.483098030090332,7,8676,0.313893330569621,1
1,232175256,595103,0.259153962135315,0.564645826816559,7,8681,0.229483642513051,1
1,232210621,727558,0.949005007743835,0.560875952243805,7,8686,0.941935550425062,1
1,232243225,557345,0.560431480407715,0.466869920492172,7,8691,0.587747403037094,1
1,232277442,712189,0.0449211448431015,0.460791617631912,7,8696,0.0487434483660521,1
1,232321646,739543,0.0803611129522324,0.5082066655159,7,8701,0.0790634188855579,1
1,232331095,856246,0.0368718914687634,0.388760179281235,7,8706,0.0474224128830974,1
1,232344068,723192,0.396886110305786,0.333874106407166,7,8711,0.5472973686391,1
1,232397900,628087,0.743441104888916,0.539518594741821,7,8716,0.721423175635899,1
1,232410918,475859,0.0593081265687943,0.674574255943298,7,8721,0.0439596723757713,1
1,232500781,481191,0.150300040841103,0.513674557209015,7,8726,0.146298895605944,1
1,232538007,288705,0.0478566810488701,0.4628124833107,7,8731,0.0517020205532599,1
1,232558682,754718,0.185554951429367,0.424326777458191,7,8736,0.218646290178623,1
1,232625589,62949,0.572197318077087,0.630271792411804,7,8741,0.453929023134219,1
1,232651549,552195,0.244658872485161,0.535945236682892,7,8746,0.228249880528298,1
1,232729513,715367,0.203004509210587,0.638573884963989,7,8751,0.158951465124536,1
1,232746473,312203,0.276326179504395,0.535719573497772,7,8756,0.257901888575986,1
1,232773083,738119,0.920212686061859,0.62705808877945,7,8761,0.893029837170867,1
1,232804612,5395,0.226684242486954,0.459941387176514,7,8766,0.246427315313503,1
1,232829888,163813,0.188264638185501,0.500748038291931,7,8771,0.187983400621676,1
1,232852012,780206,0.388309955596924,0.55802047252655,7,8776,0.34793522345047,1
1,232868716,760512,0.12951996922493,0.448547691106796,7,8781,0.144377032579677,1
1,232887450,499560,0.838852167129517,0.528829038143158,7,8786,0.828992185516469,1
1,232939669,499566,0.75730174779892,0.461983442306519,7,8791,0.774450945114453,1
1,232969829,347657,0.145150348544121,0.486885517835617,7,8796,0.149060038989624,1
1,232981817,785435,0.564450263977051,0.588692307472229,7,8801,0.479410259665809,1
1,233099859,254364,0.118406735360622,0.480820268392563,7,8806,0.123129933515979,1
1,233127417,856876,0.328510791063309,0.594587802886963,7,8811,0.276250866119568,1
1,233315035,872414,0.652024030685425,0.508562982082367,7,8816,0.645960767476314,1
1,233775161,797073,0.174616932868958,0.329720050096512,7,8821,0.264795745387406,1
1,233805138,274531,0.265441983938217,0.463982969522476,7,8826,0.286047119586529,1
1,233841640,858219,0.400717258453369,0.589523732662201,7,8831,0.339865247361451,1
1,233953899,395156,0.250329375267029,0.493238031864166,7,8836,0.253761225914517,1
1,234037180,309743,0.592613995075226,0.409384578466415,7,8841,0.655117365656521,1
1,234055189,256986,0.215056329965591,0.511469483375549,7,8846,0.210233784180321,1
1,234122228,126293,0.367873638868332,0.448702335357666,7,8851,0.409930604188961,1
1,234233214,212322,0.351730555295944,0.443624138832092,7,8856,0.396428557992728,1
1,234247203,850857,0.152594089508057,0.407185167074204,7,8861,0.187376778241346,1
1,234251554,415546,0.285733997821808,0.590234696865082,7,8866,0.242051169932426,1
1,234276506,854497,0.712585866451263,0.525340557098389,7,8871,0.697241740528996,1
1,234352693,5425,0.746723294258118,0.565301716327667,7,8876,0.708675286681374,1
1,234362829,5427,0.717500388622284,0.497848749160767,7,8881,0.718710636580531,1
1,234435331,5431,0.547452986240387,0.494944185018539,7,8886,0.551983166676118,1
1,234453173,438587,0.221307620406151,0.331033736467361,7,8891,0.33426747190157,1
1,234461747,869277,0.703593373298645,0.46795928478241,7,8896,0.721443661900826,1
1,234526408,225620,0.692384362220764,0.477926403284073,7,8901,0.70539054290978,1
1,234577977,711550,0.284007728099823,0.301464945077896,7,8906,0.471046024980513,1
1,234586125,745557,0.5765660405159,0.435392409563065,7,8911,0.625019246414651,1
1,234599870,127623,0.256931632757187,0.581088364124298,7,8916,0.221077936351715,1
1,234684480,469380,0.736732482910156,0.54237824678421,7,8921,0.712352488447265,1
1,234756191,799391,0.358341604471207,0.462397515773773,7,8926,0.387482190374185,1
1,234768115,749923,0.693674147129059,0.481056928634644,7,8931,0.704856014297496,1
1,234786762,147363,0.701728522777557,0.487412422895432,7,8936,0.709053154480181,1
1,234790816,229219,0.746845722198486,0.518941879272461,7,8941,0.736877658962861,1
1,234803187,5440,0.676755428314209,0.504918098449707,7,8946,0.673544346224749,1
1,234824130,286723,0.349823236465454,0.517145812511444,7,8951,0.338224953197037,1
1,234848562,739538,0.689305245876312,0.48747530579567,7,8956,0.696897771329803,1
1,234858690,448100,0.407473474740982,0.661541223526001,7,8961,0.307972852068959,1
1,234868400,794944,0.616191267967224,0.458307921886444,7,8966,0.645731636532889,1
1,234875095,634047,0.218517124652863,0.458109200000763,7,8971,0.238498948124703,1
1,234977966,5461,0.147125378251076,0.477253705263138,7,8976,0.154137491892239,1
1,235171980,325094,0.172169953584671,0.365997105836868,7,8981,0.235206714532615,1
1,235199343,405396,0.223137304186821,0.51748663187027,7,8986,0.21559716758322,1
1,235218804,331103,0.372684299945831,0.594825506210327,7,8991,0.313271956275234,1
1,235231700,185722,0.309843331575394,0.452879756689072,7,8996,0.34208123348304,1
1,235262729,644962,0.727015614509583,0.392777472734451,7,9001,0.775218825691692,1
1,235294539,748747,0.17724272608757,0.365725070238113,7,9006,0.24231689390636,1
1,235314725,166838,0.326270490884781,0.601147711277008,7,9011,0.27137297935618,1
1,235351568,636795,0.2435502409935,0.480620205402374,7,9016,0.253370788676685,1
1,235381646,62960,0.632293283939362,0.485379725694656,7,9021,0.642739769088009,1
1,235392971,384516,0.312101542949677,0.472159951925278,7,9026,0.330504039655473,1
1,235402226,836628,0.218541607260704,0.343846917152405,7,9031,0.317789103753748,1
1,235416963,304726,0.670668423175812,0.542564213275909,7,9036,0.640024254351978,1
1,235468888,317569,0.737804710865021,0.570062756538391,7,9041,0.695077254736142,1
1,235474819,747176,0.134835809469223,0.316145420074463,7,9046,0.213249664406754,1
1,235639379,474624,0.221815183758736,0.521353363990784,7,9051,0.212730174080796,1
1,235655088,844686,0.388621389865875,0.553009867668152,7,9056,0.351369308747197,1
1,235725261,687919,0.76031231880188,0.639871597290039,7,9061,0.667219137126545,1
1,235758674,163918,0.805677652359009,0.636178135871887,7,9066,0.732943004804455,1
1,235778843,822897,0.132809355854988,0.33374810218811,7,9071,0.198966458512074,1
1,235805168,813259,0.707652688026428,0.457999169826508,7,9076,0.7303073208578,1
1,235809722,132454,0.756954193115234,0.577291607856751,7,9081,0.712513624756235,1
1,235839963,850828,0.756609201431274,0.442017734050751,7,9086,0.781900955082627,1
1,235879190,499624,0.33011332154274,0.492100387811661,7,9091,0.335412580155375,1
1,235936327,183033,0.783679902553558,0.580351531505585,7,9096,0.74226035159554,1
1,235972044,869589,0.653540790081024,0.415997862815857,7,9101,0.70337504962783,1
1,236013587,688791,0.462381303310394,0.688614845275879,7,9106,0.335732889352067,1
1,236059031,5501,0.734348952770233,0.542335271835327,7,9111,0.709775485326255,1
1,236089656,825850,0.23617085814476,0.521468460559845,7,9116,0.226447883244184,1
1,236112876,169434,0.26065468788147,0.475127816200256,7,9121,0.274299545294996,1
1,236163662,428697,0.296490758657455,0.483037948608398,7,9126,0.306902138342988,1
1,236182896,556041,0.804668724536896,0.586439549922943,7,9131,0.76384192996851,1
1,236198344,782340,0.308217376470566,0.500109255313873,7,9136,0.308150042411358,1
1,236252278,499636,0.200526848435402,0.440137833356857,7,9141,0.227800058570309,1
1,236357771,499639,0.296091765165329,0.533472418785095,7,9146,0.277513658381472,1
1,236364191,123395,0.794275343418121,0.515343308448792,7,9151,0.787762492328921,1
1,236374530,271582,0.28138256072998,0.507981598377228,7,9156,0.276961371857633,1
1,236407591,852811,0.784568667411804,0.546494781970978,7,9161,0.762481969309547,1
1,236434231,5515,0.281702876091003,0.460806101560593,7,9166,0.305663135901383,1
1,236457778,298844,0.736492455005646,0.545986115932465,7,9171,0.709802327372045,1
1,236496027,196071,0.183952480554581,0.495231717824936,7,9176,0.185723646056539,1
1,236538699,702247,0.329993277788162,0.498435527086258,7,9181,0.33102904975216,1
1,236552164,499647,0.528921484947205,0.383658230304718,7,9186,0.617843104090044,1
1,236573289,585947,0.316566646099091,0.416159510612488,7,9191,0.380342919032632,1
1,236610326,84709,0.298437416553497,0.501396894454956,7,9196,0.297605968299738,1
1,236620284,773747,0.268888771533966,0.515179514884949,7,9201,0.26096609411383,1
1,236648542,677169,0.249132543802261,0.471136778593063,7,9206,0.264395134408988,1
1,236690345,194162,0.388023257255554,0.583646178245544,7,9211,0.332413088373132,1
1,236705395,557642,0.213917031884193,0.428987890481949,7,9216,0.249327587829889,1
1,236714726,499649,0.596724390983582,0.416898787021637,7,9221,0.654197590366372,1
1,236731497,152459,0.756740570068359,0.549242913722992,7,9226,0.730165717481202,1
1,236759520,471187,0.702371656894684,0.529932498931885,7,9231,0.683419570137238,1
1,236822419,87145,0.339716255664825,0.673352718353272,7,9236,0.252257283890993,1
1,236831895,815627,0.299604594707489,0.565034985542297,7,9241,0.265120392872612,1
1,236842238,5535,0.662349462509155,0.496832937002182,7,9246,0.664474721895391,1
1,236880003,247676,0.59508216381073,0.500246703624725,7,9251,0.594882275788723,1
1,236891398,5536,0.849822819232941,0.589295208454132,7,9256,0.817171379713149,1
1,236916554,149105,0.201781913638115,0.471854120492935,7,9261,0.213818111228231,1
1,236921813,201580,0.364798277616501,0.577180147171021,7,9266,0.316017693439835,1
1,236959883,472912,0.656665742397308,0.44732990860939,7,9271,0.689385889564961,1
1,236974976,611482,0.786032259464264,0.662449181079865,7,9276,0.68305847809784,1
1,236985036,490436,0.758786857128143,0.513726115226746,7,9281,0.751978102850071,1
1,236990388,162970,0.730831503868103,0.556567966938019,7,9286,0.696494077938802,1
1,237008502,711700,0.465290725231171,0.476104319095612,7,9291,0.48864367174301,1
1,237013169,259129,0.192234113812447,0.388510048389435,7,9296,0.247399153006919,1
1,237141304,244246,0.240470677614212,0.478772938251495,7,9301,0.251132278374404,1
1,237181046,5551,0.619829475879669,0.504938542842865,7,9306,0.616037040831819,1
1,237226234,499668,0.327760279178619,0.47744083404541,7,9311,0.343247011783083,1
1,237232864,715264,0.145324349403381,0.48420324921608,7,9316,0.150065442186375,1
1,237249326,758816,0.735392212867737,0.482242226600647,7,9321,0.744467586266283,1
1,237279178,350075,0.299196988344193,0.50779926776886,7,9326,0.294601634282369,1
1,237282397,106281,0.780034899711609,0.534016311168671,7,9331,0.76397768252355,1
1,237297475,393426,0.209690630435944,0.465527087450028,7,9336,0.225218506171731,1
1,237326717,292659,0.201808765530586,0.49405175447464,7,9341,0.20423848686175,1
1,237344098,850750,0.687017381191254,0.451069056987763,7,9346,0.71491621779302,1
1,237375239,201714,0.341733336448669,0.503044009208679,7,9351,0.339665446951886,1
1,237540178,5561,0.616839051246643,0.645637691020966,7,9356,0.477697522794261,1
1,237602034,142360,0.234540611505508,0.43356791138649,7,9361,0.270477363921468,1
1,237859839,654766,0.345438361167908,0.539407551288605,7,9366,0.32020163635333,1
1,237893611,460219,0.222615942358971,0.485172212123871,7,9371,0.229419510017336,1
1,237906730,313021,0.226534530520439,0.443697214126587,7,9376,0.255280541896539,1
1,237937244,201704,0.762590348720551,0.502539575099945,7,9381,0.761378353537221,1
1,237949222,499693,0.767728924751282,0.471371084451675,7,9386,0.780308011520905,1
1,237969464,291169,0.673159956932068,0.474242299795151,7,9391,0.689172366909142,1
1,238009233,798807,0.286436319351196,0.316141813993454,7,9396,0.453018719246558,1
1,238024765,491463,0.82082861661911,0.676154494285584,7,9401,0.72336904446824,1
1,238078376,919178,0.421478718519211,0.675241589546204,7,9406,0.312094756191237,1
1,238184344,811316,0.43761071562767,0.554360389709473,7,9411,0.394698758921982,1
1,238196711,762368,0.828864812850952,0.560705661773682,7,9416,0.805215806058396,1
1,238218700,933897,0.391515910625458,0.412304103374481,7,9421,0.474790218459041,1
1,238240106,406289,0.222061827778816,0.432546079158783,7,9426,0.256691527768189,1
1,238251069,567100,0.731007754802704,0.488555580377579,7,9431,0.73702690372897,1
1,238300945,403466,0.802261233329773,0.59513121843338,7,9436,0.755798945642232,1
1,238361987,124071,0.259285360574722,0.421369552612305,7,9441,0.307669786494145,1
1,238374012,773540,0.696749150753021,0.477975845336914,7,9446,0.709543278277327,1
1,238377321,673993,0.902286887168884,0.632569551467896,7,9451,0.867031824360934,1
1,238403476,886182,0.331358343362808,0.545698821544647,7,9456,0.303609179899702,1
1,238407239,142799,0.390640616416931,0.535677373409271,7,9461,0.364623032265423,1
1,238418251,499709,0.608078122138977,0.450050473213196,7,9466,0.643674683974265,1
1,238426275,608834,0.428891509771347,0.621015906333923,7,9471,0.345314431882466,1
1,238473786,5586,0.274377048015595,0.568978011608124,7,9476,0.241113929200983,1
1,238491480,109786,0.470559328794479,0.632841050624847,7,9481,0.371783189736083,1
1,238501203,499715,0.671064674854279,0.519351482391357,7,9486,0.657821346477605,1
1,238533063,663340,0.664965629577637,0.556322157382965,7,9491,0.622435088885483,1
1,238539658,768748,0.36350429058075,0.66166764497757,7,9496,0.274687974650077,1
1,238559037,77294,0.736854374408722,0.556869089603424,7,9501,0.703083649303793,1
1,238564221,102646,0.254839152097702,0.356603473424912,7,9506,0.357314455815813,1
1,238593257,891455,0.62359756231308,0.391063779592514,7,9511,0.69093443198777,1
1,238615939,499719,0.639719843864441,0.398841291666031,7,9516,0.70034522403075,1
1,238650219,137055,0.448413878679276,0.534182369709015,7,9521,0.419719841113008,1
1,238672317,464814,0.299133241176605,0.50422728061676,7,9526,0.296625403538967,1
1,238680704,499723,0.211470931768417,0.439063251018524,7,9531,0.240820577989452,1
1,238709807,904488,0.735807418823242,0.515840113162994,7,9536,0.727163909733708,1
1,238727657,452328,0.677759528160095,0.521752536296845,7,9541,0.663102790608925,1
1,238746293,563812,0.275664240121841,0.521206498146057,7,9546,0.264448199612232,1
1,238778318,824996,0.637274503707886,0.627857029438019,7,9551,0.512653032590734,1
1,238785543,238594,0.190449476242065,0.474997192621231,7,9556,0.20047431774395,1
1,238829906,111753,0.228198498487473,0.418276488780975,7,9561,0.272784276200336,1
1,238845390,499729,0.136577039957047,0.311647921800613,7,9566,0.219120729520581,1
1,238919219,646509,0.624209105968475,0.511898934841156,7,9571,0.615048070106925,1
1,238968959,83259,0.774311363697052,0.600666642189026,7,9576,0.717418252334208,1
1,238981638,299530,0.71047568321228,0.559832215309143,7,9581,0.671120505796373,1
1,239024016,5594,0.564475953578949,0.457158595323563,7,9586,0.598847800969929,1
1,239039365,670217,0.235664933919907,0.354880392551422,7,9591,0.332034311934772,1
1,239052915,906613,0.435655891895294,0.614802539348602,7,9596,0.354305540407235,1
1,239114113,724931,0.549187302589417,0.345444768667221,7,9601,0.655634333184797,1
1,239136050,162150,0.840195834636688,0.665695190429688,7,9606,0.760990328603542,1
1,239254905,138994,0.674373388290405,0.360465675592423,7,9611,0.745418971834519,1
1,239266579,702491,0.819668531417847,0.663424432277679,7,9616,0.73210849824529,1
1,239277091,476763,0.712746202945709,0.588542699813843,7,9621,0.650931218228079,1
1,239320618,886450,0.15885192155838,0.403663694858551,7,9626,0.196762705665224,1
1,239327487,62973,0.292820781469345,0.498638927936554,7,9631,0.293620057584637,1
1,239353971,698560,0.166876748204231,0.334635108709335,7,9636,0.24934136296676,1
1,239386990,259100,0.644918084144592,0.471888780593872,7,9641,0.663818999855083,1
1,239413222,873046,0.378713637590408,0.338017523288727,7,9646,0.530738060094778,1
1,239451145,285942,0.251059621572495,0.428099900484085,7,9651,0.293225507981434,1
1,239500470,680047,0.736678183078766,0.626739382743835,7,9656,0.647268148918428,1
1,239512375,133976,0.231106504797936,0.536556959152222,7,9661,0.215360644248368,1
1,239571169,759324,0.341266304254532,0.352917611598969,7,9666,0.48349287912886,1
1,239775927,88735,0.302591741085053,0.422178864479065,7,9671,0.358369125676657,1
1,239787453,423363,0.632196009159088,0.445689648389816,7,9676,0.668232796147051,1
1,239866767,608728,0.258244574069977,0.321349889039993,7,9681,0.401812141341423,1
1,239916053,897024,0.175488501787186,0.443874895572662,7,9686,0.197677885748394,1
1,240078157,665313,0.350918054580689,0.57817268371582,7,9691,0.303471665528537,1
1,240091123,539002,0.361146241426468,0.545535564422607,7,9696,0.331001556066013,1
1,240107200,764900,0.679579794406891,0.523136794567108,7,9701,0.664033414674723,1
1,240289966,832046,0.634894609451294,0.419059813022614,7,9706,0.685763355046638,1
1,240347626,918427,0.761439681053162,0.470568150281906,7,9711,0.774701579557535,1
1,240389152,499749,0.279376059770584,0.569064199924469,7,9716,0.245469720119158,1
1,240397706,119403,0.31545028090477,0.399289906024933,7,9721,0.395014093951416,2
1,240414210,362549,0.389219790697098,0.58480179309845,7,9726,0.33277923844496,2
1,240445178,869636,0.666015982627869,0.617608726024628,7,9731,0.563295451410273,2
1,240451661,155948,0.309031188488007,0.454830557107925,7,9736,0.339721225474608,2
1,240454888,340359,0.333356469869614,0.491750031709671,7,9741,0.338949108666685,2
1,240485855,106230,0.5783931016922,0.453687220811844,7,9746,0.614134142226797,2
1,240569382,734292,0.65114963054657,0.559665322303772,7,9751,0.603880426499034,2
1,240626111,677582,0.20934721827507,0.358548760414124,7,9756,0.29193688751465,2
1,240632098,207686,0.412769258022308,0.62611448764801,7,9761,0.329627620958644,2
1,240646982,62989,0.701486527919769,0.548990428447723,7,9766,0.66906082386144,2
1,240665001,5624,0.703534722328186,0.602501571178436,7,9771,0.627086227044061,2
1,240667280,871407,0.35513561964035,0.540072798728943,7,9776,0.328784953136095,2
1,240694188,621971,0.489214777946472,0.616325259208679,7,9781,0.39688035711419,2
1,240707207,578143,0.394867271184921,0.558524787425995,7,9786,0.353491268493828,2
1,240721924,372365,0.374865025281906,0.487985640764237,7,9791,0.384094319552957,2
1,240724497,638815,0.277691215276718,0.390872418880463,7,9796,0.355219762080018,2
1,240740048,667218,0.311213761568069,0.502939224243164,7,9801,0.309394999004494,2
1,240757558,462565,0.376292169094086,0.501834869384766,7,9806,0.374916324124117,2
1,240767426,5626,0.389612942934036,0.532549381256104,7,9811,0.365799826877154,2
1,240783791,829362,0.590515434741974,0.438913434743881,7,9816,0.635096800908868,2
1,240827975,62991,0.545542001724243,0.455161541700363,7,9821,0.582942437934672,2
1,240853119,836963,0.689104735851288,0.553402781486511,7,9826,0.651928794828217,2
1,240872523,5629,0.656645834445953,0.475419342517853,7,9831,0.672734630359744,2
1,240878607,153704,0.278615206480026,0.446358412504196,7,9836,0.312098079340453,2
1,240887552,680692,0.688089430332184,0.547169625759125,7,9841,0.65559888712114,2
1,240937641,597883,0.579238951206207,0.360708743333817,7,9846,0.670915999236401,2
1,240991595,560726,0.636649012565613,0.47802409529686,7,9851,0.651946589717553,2
1,241116579,565442,0.428685814142227,0.657822668552399,7,9856,0.325836912161746,2
1,241185865,747260,0.437807261943817,0.587797224521637,7,9861,0.372413515817564,2
1,241675265,571816,0.783797800540924,0.668796420097351,7,9866,0.673611318569346,2
1,241691808,398476,0.488008052110672,0.503346621990204,7,9871,0.484763412319244,2
1,241729396,762153,0.258873641490936,0.381593108177185,7,9876,0.339201149003369,2
1,241788349,433401,0.254789978265762,0.392173111438751,7,9881,0.324843762657546,2
1,241952471,5633,0.475267142057419,0.567782938480377,7,9886,0.418528904134942,2
1,241983101,714110,0.709441900253296,0.55549681186676,7,9891,0.673165336600905,2
1,242009707,803787,0.456177562475205,0.618455827236176,7,9896,0.368803673912995,2
1,242090891,582482,0.654215276241303,0.550900518894196,7,9901,0.615024356176852,2
1,242214158,499764,0.362734764814377,0.436341047286987,7,9906,0.415655101748657,2
1,242251293,698934,0.581659138202667,0.465445578098297,7,9911,0.608701336424208,2
1,242295322,499766,0.308062106370926,0.434789210557938,7,9916,0.354266043050619,2
1,242316940,920605,0.38620662689209,0.546652734279633,7,9921,0.353246771372163,2
1,242374397,5637,0.331600517034531,0.41838750243187,7,9926,0.396283965351628,2
1,242379385,476550,0.411201179027557,0.509484708309174,7,9931,0.403546144095483,2
1,242437573,62999,0.629668474197388,0.569531202316284,7,9936,0.569850906970137,2
1,242447518,633281,0.514135837554932,0.590488374233246,7,9941,0.435347976344616,2
1,242468344,409227,0.465945661067963,0.571758270263672,7,9946,0.407467355787514,2
1,242477708,881406,0.380687236785889,0.472481489181519,7,9951,0.402859419366201,2
1,242560459,464786,0.33529806137085,0.46949177980423,7,9956,0.35708618957148,2
1,242584014,227249,0.721849501132965,0.696221113204956,7,9961,0.542182635202854,2
1,242642356,871312,0.324044972658157,0.464540839195252,7,9966,0.348779854554357,2
1,242698444,890435,0.215726733207703,0.395036220550537,7,9971,0.273046776453888,2
1,242720020,611920,0.197241991758347,0.305856794118881,7,9976,0.322441736706496,2
1,243053004,312207,0.429598361253738,0.306786924600601,7,9981,0.588581304227693,2
1,243150877,686096,0.435049206018448,0.355827301740646,7,9986,0.561491199869127,2
1,243526573,202473,0.717150390148163,0.619420766830444,7,9991,0.62839589604483,2
1,243645315,726530,0.255584120750427,0.331003069877625,7,9996,0.386075151576267,2
1,243666238,694844,0.421337306499481,0.445904314517975,7,10001,0.472452601131421,2
1,243692662,303881,0.695663928985596,0.504371106624603,7,10006,0.69297989374492,2
1,243764481,737559,0.675635993480682,0.50736403465271,7,10011,0.670787326407794,2
1,243788464,241339,0.55829393863678,0.49678111076355,7,10016,0.561119355005299,2
1,243834835,737394,0.353243291378021,0.531187176704407,7,10021,0.332503594655291,2
1,243885443,649889,0.72418487071991,0.5681272149086,7,10026,0.680675491948725,2
1,243968168,376244,0.632675766944885,0.467670500278473,7,10031,0.654984146804498,2
1,243987486,297297,0.43779981136322,0.606885671615601,7,10036,0.360693810909842,2
1,243996937,247778,0.361979067325592,0.473453432321549,7,10041,0.382275259417437,2
1,244013445,499777,0.677050828933716,0.579421758651733,7,10046,0.61606528902804,2
1,244069716,927747,0.645424664020538,0.445999413728714,7,10051,0.679986497518045,2
1,244080956,392962,0.668743371963501,0.531360149383545,7,10056,0.646576547426814,2
1,244083100,5655,0.691834390163422,0.454694837331772,7,10061,0.7174374726908,2
1,244095587,481271,0.558858036994934,0.481546610593796,7,10066,0.574559669182301,2
1,244265482,902182,0.24430525302887,0.323446422815323,7,10071,0.377659537710145,2
1,244274718,764532,0.343958377838135,0.441475719213486,7,10076,0.389555260763736,2
1,244306890,675393,0.76934814453125,0.678353607654572,7,10081,0.641451200825153,2
1,244321461,374148,0.580729484558106,0.413290411233902,7,10086,0.642693315850132,2
1,244339164,632110,0.764257311820984,0.481288224458695,7,10091,0.772761387638631,2
1,244363313,814570,0.266345083713532,0.463630527257919,7,10096,0.287238510035991,2
1,244376453,303547,0.383815973997116,0.516046106815338,7,10101,0.371881474279255,2
1,244440891,711840,0.635599434375763,0.472010940313339,7,10106,0.654916556566065,2
1,244499833,472374,0.693559467792511,0.568222343921661,7,10111,0.645140817393419,2
1,244526103,908280,0.759715735912323,0.677207350730896,7,10116,0.62780400261321,2
1,244550406,564785,0.387338578701019,0.494292110204697,7,10121,0.391811411414815,2
1,244599732,777294,0.731673121452332,0.595997929573059,7,10126,0.667913980905956,2
1,244698654,704870,0.505794227123261,0.386750817298889,7,10131,0.597059574788208,2
1,244730903,807795,0.559601485729218,0.383070290088654,7,10136,0.643072373403715,2
1,244739413,726816,0.47731938958168,0.586853265762329,7,10141,0.406676947568518,2
1,244755258,141998,0.311554193496704,0.377694427967072,7,10146,0.412442136323846,2
1,244771788,171194,0.650384187698364,0.539171874523163,7,10151,0.620665717896586,2
1,244776714,86110,0.425034284591675,0.505404591560364,7,10156,0.420489140472035,2
1,244897111,63013,0.55385434627533,0.50625616312027,7,10161,0.548201293464099,2
1,244980940,774741,0.576512753963471,0.481440484523773,7,10166,0.591669583338362,2
1,245040810,452905,0.56453150510788,0.494546145200729,7,10171,0.569230216806778,2
1,245077357,598125,0.382498145103455,0.441168874502182,7,10176,0.433505361790389,2
1,245135855,813780,0.549734473228455,0.414701163768768,7,10181,0.615354158509158,2
1,245178921,629942,0.439861744642258,0.499515354633331,7,10186,0.440288512217145,2
1,245233700,912701,0.254711121320725,0.359412044286728,7,10191,0.354344164823708,2
1,245270316,370967,0.207432880997658,0.312085628509522,7,10196,0.332333279792999,2
1,245281677,5665,0.431893706321716,0.546601533889771,7,10201,0.395071802349546,2
1,245373155,499782,0.329446166753769,0.336808681488037,7,10206,0.489070182660167,2
1,245407379,302559,0.304932594299316,0.331231832504272,7,10211,0.460300859361673,2
1,245430686,329281,0.629493832588196,0.454963773488998,7,10216,0.660108677744629,2
1,245460278,5668,0.327495515346527,0.383443266153336,7,10221,0.427045594817624,2
1,245584422,632639,0.346989452838898,0.435294657945633,7,10226,0.398568471385003,2
1,245611390,642093,0.371099054813385,0.468420296907425,7,10231,0.396117607694876,2
1,245628409,570430,0.599915564060211,0.468037843704224,7,10236,0.623954043342382,2
1,245666924,905143,0.559737861156464,0.37577211856842,7,10241,0.647354634469501,2
1,245687656,775064,0.701780438423157,0.597063541412354,7,10246,0.629942196565994,2
1,245691226,633795,0.739940822124481,0.587208211421967,7,10251,0.684999574759761,2
1,245714593,693163,0.283021181821823,0.41115790605545,7,10256,0.344175774870852,2
1,245757423,560608,0.469439953565598,0.5506551861763,7,10261,0.426255817933312,2
1,245777247,269543,0.573925971984863,0.467099517583847,7,10266,0.600231148146713,2
1,245816195,724540,0.25564044713974,0.310178518295288,7,10271,0.412085995743219,2
1,245850513,813425,0.707159399986267,0.520692765712738,7,10276,0.694516816078113,2
1,245905099,930926,0.611668944358826,0.518769681453705,7,10281,0.596522662148295,2
1,246138206,851169,0.519206047058106,0.625804245471954,7,10286,0.414831036074662,2
1,246409460,823986,0.578957676887512,0.484518885612488,7,10291,0.591602571499865,2
1,246415838,98203,0.650428712368012,0.541310667991638,7,10296,0.618945478738956,2
1,246444411,246436,0.378745824098587,0.48581999540329,7,10301,0.389800571901309,2
1,246477712,827867,0.406939655542374,0.496434092521668,7,10306,0.409862720623496,2
1,246493107,339589,0.193638056516647,0.304079532623291,7,10311,0.318400345538113,2
1,246500926,910430,0.449462920427322,0.33878231048584,7,10316,0.583694531843822,2
1,246530365,180908,0.55672025680542,0.436444193124771,7,10321,0.60671175969914,2
1,246534188,616132,0.649585008621216,0.53929603099823,7,10326,0.61969614442649,2
1,246566601,551363,0.460763394832611,0.578737735748291,7,10331,0.398076163321938,2
1,246590204,674519,0.488926947116852,0.586224794387817,7,10336,0.417013193400859,2
1,246627364,127351,0.411607772111893,0.538092136383057,7,10341,0.382469603513103,2
1,246798656,747759,0.579830169677734,0.57989239692688,7,10346,0.499946345865651,2
1,246914451,762763,0.283102929592133,0.420050829648972,7,10351,0.336986514023453,2
1,246932961,852018,0.437025874853134,0.676796317100525,7,10356,0.322863662087735,2
1,247042000,137513,0.510281383991242,0.401927411556244,7,10361,0.590585971108411,2
1,247047953,651374,0.594419121742249,0.497490078210831,7,10366,0.596444905193419,2
1,247110269,149801,0.639819025993347,0.660841047763825,7,10371,0.48409449455235,2
