"ID","family","joint","model","interval","state","certainty"
"elk-115","gamma",FALSE,"M21",1,1,0.999999969409249
"elk-115","gamma",FALSE,"M21",2,2,0.88547385117946
"elk-115","gamma",FALSE,"M21",3,2,0.99926877668409
"elk-115","gamma",FALSE,"M21",4,2,0.998590851082548
"elk-115","gamma",FALSE,"M21",5,2,0.752068593930638
"elk-115","gamma",FALSE,"M21",6,1,0.999996671780401
"elk-115","gamma",FALSE,"M21",7,2,0.992119776119033
"elk-115","gamma",FALSE,"M21",8,2,0.999927337791177
"elk-115","gamma",FALSE,"M21",9,2,0.99995066269069
"elk-115","gamma",FALSE,"M21",10,2,0.999761269495546
"elk-115","gamma",FALSE,"M21",11,2,0.999586212230259
"elk-115","gamma",FALSE,"M21",12,2,0.99399903383567
"elk-115","gamma",FALSE,"M21",13,2,0.999588647348293
"elk-115","gamma",FALSE,"M21",14,2,0.999858593692044
"elk-115","gamma",FALSE,"M21",15,2,0.999562861387296
"elk-115","gamma",FALSE,"M21",16,2,0.999750097929885
"elk-115","gamma",FALSE,"M21",17,2,0.999819970866602
"elk-115","gamma",FALSE,"M21",18,2,0.999452373677849
"elk-115","gamma",FALSE,"M21",19,2,0.999645874749477
"elk-115","gamma",FALSE,"M21",20,2,0.999884315531808
"elk-115","gamma",FALSE,"M21",21,2,0.999949643800752
"elk-115","gamma",FALSE,"M21",22,2,0.999782625148851
"elk-115","gamma",FALSE,"M21",23,2,0.999916403289031
"elk-115","gamma",FALSE,"M21",24,2,0.999925463518522
"elk-115","gamma",FALSE,"M21",25,2,0.999916447097618
"elk-115","gamma",FALSE,"M21",26,2,0.999654614044197
"elk-115","gamma",FALSE,"M21",27,2,0.999832271597367
"elk-115","gamma",FALSE,"M21",28,2,0.999863696906293
"elk-115","gamma",FALSE,"M21",29,2,0.999915234906199
"elk-115","gamma",FALSE,"M21",30,2,0.999620494332114
"elk-115","gamma",FALSE,"M21",31,2,0.999906406187553
"elk-115","gamma",FALSE,"M21",32,2,0.999683207358023
"elk-115","gamma",FALSE,"M21",33,2,0.999604892431833
"elk-115","gamma",FALSE,"M21",34,2,0.998344897396542
"elk-115","gamma",FALSE,"M21",35,2,0.998825647268158
"elk-115","gamma",FALSE,"M21",36,2,0.999694775004656
"elk-115","gamma",FALSE,"M21",37,2,0.999948045163429
"elk-115","gamma",FALSE,"M21",38,2,0.999329165698415
"elk-115","gamma",FALSE,"M21",39,2,0.92156446798456
"elk-115","gamma",FALSE,"M21",40,2,0.998794980571073
"elk-115","gamma",FALSE,"M21",41,2,0.998969363287385
"elk-115","gamma",FALSE,"M21",42,2,0.949520334381797
"elk-115","gamma",FALSE,"M21",43,2,0.998924782267752
"elk-115","gamma",FALSE,"M21",44,2,0.999924179723406
"elk-115","gamma",FALSE,"M21",45,2,0.999581651378806
"elk-115","gamma",FALSE,"M21",46,2,0.995707255271782
"elk-115","gamma",FALSE,"M21",47,2,0.987954497652971
"elk-115","gamma",FALSE,"M21",48,2,0.999788576534945
"elk-115","gamma",FALSE,"M21",49,2,0.999665502033526
"elk-115","gamma",FALSE,"M21",50,2,0.999938013075565
"elk-115","gamma",FALSE,"M21",51,2,0.99993425658919
"elk-115","gamma",FALSE,"M21",52,2,0.998649298903255
"elk-115","gamma",FALSE,"M21",53,2,0.992177359041303
"elk-115","gamma",FALSE,"M21",54,2,0.990272859502731
"elk-115","gamma",FALSE,"M21",55,2,0.999707232098202
"elk-115","gamma",FALSE,"M21",56,2,0.998102155708174
"elk-115","gamma",FALSE,"M21",57,2,0.99981455028624
"elk-115","gamma",FALSE,"M21",58,2,0.999899997079488
"elk-115","gamma",FALSE,"M21",59,2,0.99917296272001
"elk-115","gamma",FALSE,"M21",60,2,0.997237596016175
"elk-115","gamma",FALSE,"M21",61,2,0.999490775000672
"elk-115","gamma",FALSE,"M21",62,2,0.97323404896843
"elk-115","gamma",FALSE,"M21",63,2,0.934748598601708
"elk-115","gamma",FALSE,"M21",64,2,0.953713371228016
"elk-115","gamma",FALSE,"M21",65,2,0.999378617276366
"elk-115","gamma",FALSE,"M21",66,2,0.981332755016099
"elk-115","gamma",FALSE,"M21",67,2,0.997466169989728
"elk-115","gamma",FALSE,"M21",68,2,0.989509518726558
"elk-115","gamma",FALSE,"M21",69,2,0.841813121318672
"elk-115","gamma",FALSE,"M21",70,2,0.970776377552201
"elk-115","gamma",FALSE,"M21",71,1,0.999601105956582
"elk-115","gamma",FALSE,"M21",72,1,0.999906834061627
"elk-115","gamma",FALSE,"M21",73,2,0.993910963802095
"elk-115","gamma",FALSE,"M21",74,2,0.999689489081016
"elk-115","gamma",FALSE,"M21",75,2,0.999902379747611
"elk-115","gamma",FALSE,"M21",76,2,0.997354817383309
"elk-115","gamma",FALSE,"M21",77,1,0.749677742236964
"elk-115","gamma",FALSE,"M21",78,1,0.973684875237417
"elk-115","gamma",FALSE,"M21",79,1,0.997860832049735
"elk-115","gamma",FALSE,"M21",80,1,0.997865714387913
"elk-115","gamma",FALSE,"M21",81,1,0.99713524691722
"elk-115","gamma",FALSE,"M21",82,1,0.958899617574933
"elk-115","gamma",FALSE,"M21",83,1,0.999977097895073
"elk-115","gamma",FALSE,"M21",84,2,0.884225125750142
"elk-115","gamma",FALSE,"M21",85,2,0.911435005708816
"elk-115","gamma",FALSE,"M21",86,2,0.997065843758881
"elk-115","gamma",FALSE,"M21",87,2,0.999375708147202
"elk-115","gamma",FALSE,"M21",88,2,0.998998644481922
"elk-115","gamma",FALSE,"M21",89,2,0.996504219333784
"elk-115","gamma",FALSE,"M21",90,2,0.999836991332325
"elk-115","gamma",FALSE,"M21",91,2,0.988474772680314
"elk-115","gamma",FALSE,"M21",92,2,0.942206719598885
"elk-115","gamma",FALSE,"M21",93,2,0.998401306727698
"elk-115","gamma",FALSE,"M21",94,2,0.98858095026963
"elk-115","gamma",FALSE,"M21",95,2,0.998708540096351
"elk-115","gamma",FALSE,"M21",96,2,0.958823750327324
"elk-115","gamma",FALSE,"M21",97,2,0.999046260693953
"elk-115","gamma",FALSE,"M21",98,2,0.992672099172735
"elk-115","gamma",FALSE,"M21",99,1,0.819930322980839
"elk-115","gamma",FALSE,"M21",100,1,0.969329611407056
"elk-115","gamma",FALSE,"M21",101,1,0.999999999817277
"elk-115","gamma",FALSE,"M21",102,1,0.834736423451316
"elk-115","gamma",FALSE,"M21",103,1,0.86302562511451
"elk-115","gamma",FALSE,"M21",104,1,0.934018858116672
"elk-115","gamma",FALSE,"M21",105,1,0.969897320326414
"elk-115","gamma",FALSE,"M21",106,1,0.976060695582004
"elk-115","gamma",FALSE,"M21",107,2,0.994490767257383
"elk-115","gamma",FALSE,"M21",108,2,0.999301413042499
"elk-115","gamma",FALSE,"M21",109,2,0.999803844691042
"elk-115","gamma",FALSE,"M21",110,2,0.992254027238359
"elk-115","gamma",FALSE,"M21",111,2,0.998430333375783
"elk-115","gamma",FALSE,"M21",112,2,0.982036879750957
"elk-115","gamma",FALSE,"M21",113,2,0.810944662157848
"elk-115","gamma",FALSE,"M21",114,1,0.930029957097815
"elk-115","gamma",FALSE,"M21",115,1,0.917729450936631
"elk-115","gamma",FALSE,"M21",116,1,0.994882995033559
"elk-115","gamma",FALSE,"M21",117,1,0.999992244356094
"elk-115","gamma",FALSE,"M21",118,2,0.981798828437281
"elk-115","gamma",FALSE,"M21",119,2,0.999434940081972
"elk-115","gamma",FALSE,"M21",120,2,0.978363354977106
"elk-115","gamma",FALSE,"M21",121,2,0.93086785853176
"elk-115","gamma",FALSE,"M21",122,2,0.996341703355225
"elk-115","gamma",FALSE,"M21",123,2,0.998450686798255
"elk-115","gamma",FALSE,"M21",124,2,0.982234534614142
"elk-115","gamma",FALSE,"M21",125,2,0.961869712668988
"elk-115","gamma",FALSE,"M21",126,1,0.84869070702422
"elk-115","gamma",FALSE,"M21",127,1,0.999953612594692
"elk-115","gamma",FALSE,"M21",128,1,0.999773777149219
"elk-115","gamma",FALSE,"M21",129,1,0.999996827959135
"elk-115","gamma",FALSE,"M21",130,1,0.999048089438531
"elk-115","gamma",FALSE,"M21",131,1,0.998590637571285
"elk-115","gamma",FALSE,"M21",132,1,0.998898318207846
"elk-115","gamma",FALSE,"M21",133,1,0.99992361749307
"elk-115","gamma",FALSE,"M21",134,2,0.98953053769402
"elk-115","gamma",FALSE,"M21",135,2,0.999713645026889
"elk-115","gamma",FALSE,"M21",136,2,0.998992035579875
"elk-115","gamma",FALSE,"M21",137,2,0.944995009958069
"elk-115","gamma",FALSE,"M21",138,2,0.874256563562907
"elk-115","gamma",FALSE,"M21",139,2,0.997704624769043
"elk-115","gamma",FALSE,"M21",140,2,0.999886027171584
"elk-115","gamma",FALSE,"M21",141,2,0.999814130016494
"elk-115","gamma",FALSE,"M21",142,2,0.997864887461973
"elk-115","gamma",FALSE,"M21",143,2,0.99745531720388
"elk-115","gamma",FALSE,"M21",144,2,0.963516863766279
"elk-115","gamma",FALSE,"M21",145,2,0.725513374930711
"elk-115","gamma",FALSE,"M21",146,2,0.996347796489647
"elk-115","gamma",FALSE,"M21",147,2,0.999880666525809
"elk-115","gamma",FALSE,"M21",148,2,0.999478026371893
"elk-115","gamma",FALSE,"M21",149,2,0.999938520952276
"elk-115","gamma",FALSE,"M21",150,2,0.99947705680211
"elk-115","gamma",FALSE,"M21",151,2,0.999850111256208
"elk-115","gamma",FALSE,"M21",152,2,0.997649062839035
"elk-115","gamma",FALSE,"M21",153,2,0.997503462907261
"elk-115","gamma",FALSE,"M21",154,2,0.999940791373547
"elk-115","gamma",FALSE,"M21",155,2,0.999913820713454
"elk-115","gamma",FALSE,"M21",156,2,0.99992111885239
"elk-115","gamma",FALSE,"M21",157,2,0.998126488506758
"elk-115","gamma",FALSE,"M21",158,2,0.99983170733058
"elk-115","gamma",FALSE,"M21",159,2,0.998781673777312
"elk-115","gamma",FALSE,"M21",160,2,0.995304581104515
"elk-115","gamma",FALSE,"M21",161,2,0.999540911250471
"elk-115","gamma",FALSE,"M21",162,2,0.999805323157226
"elk-115","gamma",FALSE,"M21",163,2,0.999012770647709
"elk-115","gamma",FALSE,"M21",164,2,0.999873419720934
"elk-115","gamma",FALSE,"M21",165,2,0.999826645059256
"elk-115","gamma",FALSE,"M21",166,2,0.999943260103274
"elk-115","gamma",FALSE,"M21",167,2,0.999685309173056
"elk-115","gamma",FALSE,"M21",168,2,0.992473012002988
"elk-115","gamma",FALSE,"M21",169,2,0.999252706276462
"elk-115","gamma",FALSE,"M21",170,2,0.999580844190198
"elk-115","gamma",FALSE,"M21",171,2,0.999458503123477
"elk-115","gamma",FALSE,"M21",172,2,0.989350974819537
"elk-115","gamma",FALSE,"M21",173,2,0.999611152186182
"elk-115","gamma",FALSE,"M21",174,2,0.99988288557674
"elk-115","gamma",FALSE,"M21",175,2,0.998265439337861
"elk-115","gamma",FALSE,"M21",176,2,0.996608776217346
"elk-115","gamma",FALSE,"M21",177,2,0.998862191956453
"elk-115","gamma",FALSE,"M21",178,2,0.999930516142516
"elk-115","gamma",FALSE,"M21",179,2,0.99966845420742
"elk-115","gamma",FALSE,"M21",180,2,0.999940371186808
"elk-115","gamma",FALSE,"M21",181,2,0.996715713795733
"elk-115","gamma",FALSE,"M21",182,2,0.998286888306233
"elk-115","gamma",FALSE,"M21",183,2,0.996021255169929
"elk-115","gamma",FALSE,"M21",184,2,0.964942217467678
"elk-115","gamma",FALSE,"M21",185,1,0.955637932381057
"elk-115","gamma",FALSE,"M21",186,1,0.999283443429826
"elk-115","gamma",FALSE,"M21",187,1,0.99919181814764
"elk-115","gamma",FALSE,"M21",188,1,0.999215204276053
"elk-115","gamma",FALSE,"M21",189,1,0.999807898746108
"elk-115","gamma",FALSE,"M21",190,1,0.999814671607877
"elk-115","gamma",FALSE,"M21",191,1,0.999813398631774
"elk-115","gamma",FALSE,"M21",192,1,0.999695466638963
"elk-115","gamma",FALSE,"M21",193,1,0.989398653259423
"elk-115","gamma",FALSE,"H2",1,2,1
"elk-115","gamma",FALSE,"H2",2,2,1
"elk-115","gamma",FALSE,"H2",3,2,1
"elk-115","gamma",FALSE,"H2",4,2,1
"elk-115","gamma",FALSE,"H2",5,2,0.999999887443332
"elk-115","gamma",FALSE,"H2",6,2,1
"elk-115","gamma",FALSE,"H2",7,2,1
"elk-115","gamma",FALSE,"H2",8,2,1
"elk-115","gamma",FALSE,"H2",9,2,1
"elk-115","gamma",FALSE,"H2",10,2,1
"elk-115","gamma",FALSE,"H2",11,2,1
"elk-115","gamma",FALSE,"H2",12,2,1
"elk-115","gamma",FALSE,"H2",13,2,1
"elk-115","gamma",FALSE,"H2",14,2,1
"elk-115","gamma",FALSE,"H2",15,2,1
"elk-115","gamma",FALSE,"H2",16,2,1
"elk-115","gamma",FALSE,"H2",17,2,1
"elk-115","gamma",FALSE,"H2",18,2,1
"elk-115","gamma",FALSE,"H2",19,2,1
"elk-115","gamma",FALSE,"H2",20,2,1
"elk-115","gamma",FALSE,"H2",21,2,1
"elk-115","gamma",FALSE,"H2",22,2,1
"elk-115","gamma",FALSE,"H2",23,2,1
"elk-115","gamma",FALSE,"H2",24,2,1
"elk-115","gamma",FALSE,"H2",25,2,1
"elk-115","gamma",FALSE,"H2",26,2,1
"elk-115","gamma",FALSE,"H2",27,2,0.999999999999991
"elk-115","gamma",FALSE,"H2",28,2,1
"elk-115","gamma",FALSE,"H2",29,2,1
"elk-115","gamma",FALSE,"H2",30,2,1
"elk-115","gamma",FALSE,"H2",31,2,1
"elk-115","gamma",FALSE,"H2",32,2,1
"elk-115","gamma",FALSE,"H2",33,2,1
"elk-115","gamma",FALSE,"H2",34,2,1
"elk-115","gamma",FALSE,"H2",35,2,1
"elk-115","gamma",FALSE,"H2",36,2,0.999999999999826
"elk-115","gamma",FALSE,"H2",37,2,1
"elk-115","gamma",FALSE,"H2",38,2,1
"elk-115","gamma",FALSE,"H2",39,2,0.997656517604849
"elk-115","gamma",FALSE,"H2",40,2,1
"elk-115","gamma",FALSE,"H2",41,2,1
"elk-115","gamma",FALSE,"H2",42,2,0.999387789224429
"elk-115","gamma",FALSE,"H2",43,2,1
"elk-115","gamma",FALSE,"H2",44,2,1
"elk-115","gamma",FALSE,"H2",45,2,1
"elk-115","gamma",FALSE,"H2",46,2,1
"elk-115","gamma",FALSE,"H2",47,2,0.99999791063761
"elk-115","gamma",FALSE,"H2",48,2,1
"elk-115","gamma",FALSE,"H2",49,2,1
"elk-115","gamma",FALSE,"H2",50,2,1
"elk-115","gamma",FALSE,"H2",51,2,1
"elk-115","gamma",FALSE,"H2",52,2,1
"elk-115","gamma",FALSE,"H2",53,2,0.999999887394021
"elk-115","gamma",FALSE,"H2",54,2,0.999999513047121
"elk-115","gamma",FALSE,"H2",55,2,0.999999999999991
"elk-115","gamma",FALSE,"H2",56,2,0.999999998657034
"elk-115","gamma",FALSE,"H2",57,2,1
"elk-115","gamma",FALSE,"H2",58,2,1
"elk-115","gamma",FALSE,"H2",59,2,0.999999999984532
"elk-115","gamma",FALSE,"H2",60,2,0.999999994094646
"elk-115","gamma",FALSE,"H2",61,2,0.999999999999991
"elk-115","gamma",FALSE,"H2",62,2,1
"elk-115","gamma",FALSE,"H2",63,2,1
"elk-115","gamma",FALSE,"H2",64,2,0.999991125729671
"elk-115","gamma",FALSE,"H2",65,2,1
"elk-115","gamma",FALSE,"H2",66,2,1
"elk-115","gamma",FALSE,"H2",67,2,1
"elk-115","gamma",FALSE,"H2",68,2,1
"elk-115","gamma",FALSE,"H2",69,2,0.99176389026492
"elk-115","gamma",FALSE,"H2",70,2,1
"elk-115","gamma",FALSE,"H2",71,2,1
"elk-115","gamma",FALSE,"H2",72,2,1
"elk-115","gamma",FALSE,"H2",73,2,1
"elk-115","gamma",FALSE,"H2",74,2,1
"elk-115","gamma",FALSE,"H2",75,2,1
"elk-115","gamma",FALSE,"H2",76,2,1
"elk-115","gamma",FALSE,"H2",77,2,0.68029855699294
"elk-115","gamma",FALSE,"H2",78,1,0.898904949624
"elk-115","gamma",FALSE,"H2",79,1,0.976058587936919
"elk-115","gamma",FALSE,"H2",80,1,0.973764540815763
"elk-115","gamma",FALSE,"H2",81,1,0.930659591750919
"elk-115","gamma",FALSE,"H2",82,2,1
"elk-115","gamma",FALSE,"H2",83,2,1
"elk-115","gamma",FALSE,"H2",84,2,1
"elk-115","gamma",FALSE,"H2",85,2,0.999962812695681
"elk-115","gamma",FALSE,"H2",86,2,1
"elk-115","gamma",FALSE,"H2",87,2,1
"elk-115","gamma",FALSE,"H2",88,2,1
"elk-115","gamma",FALSE,"H2",89,2,1
"elk-115","gamma",FALSE,"H2",90,2,1
"elk-115","gamma",FALSE,"H2",91,2,1
"elk-115","gamma",FALSE,"H2",92,2,1
"elk-115","gamma",FALSE,"H2",93,2,1
"elk-115","gamma",FALSE,"H2",94,2,0.99999791063761
"elk-115","gamma",FALSE,"H2",95,2,1
"elk-115","gamma",FALSE,"H2",96,2,1
"elk-115","gamma",FALSE,"H2",97,2,1
"elk-115","gamma",FALSE,"H2",98,2,1
"elk-115","gamma",FALSE,"H2",99,2,1
"elk-115","gamma",FALSE,"H2",100,2,0.997656517604849
"elk-115","gamma",FALSE,"H2",101,2,1
"elk-115","gamma",FALSE,"H2",102,2,0.999999974149236
"elk-115","gamma",FALSE,"H2",103,2,1
"elk-115","gamma",FALSE,"H2",104,2,0.998024460304891
"elk-115","gamma",FALSE,"H2",105,2,0.984932791879571
"elk-115","gamma",FALSE,"H2",106,2,0.962669153412193
"elk-115","gamma",FALSE,"H2",107,2,1
"elk-115","gamma",FALSE,"H2",108,2,0.999999999996526
"elk-115","gamma",FALSE,"H2",109,2,0.999999999999998
"elk-115","gamma",FALSE,"H2",110,2,0.999999513096431
"elk-115","gamma",FALSE,"H2",111,2,0.999999999996525
"elk-115","gamma",FALSE,"H2",112,2,1
"elk-115","gamma",FALSE,"H2",113,2,0.999999974149236
"elk-115","gamma",FALSE,"H2",114,2,1
"elk-115","gamma",FALSE,"H2",115,2,1
"elk-115","gamma",FALSE,"H2",116,2,1
"elk-115","gamma",FALSE,"H2",117,2,1
"elk-115","gamma",FALSE,"H2",118,2,0.999999999999826
"elk-115","gamma",FALSE,"H2",119,2,1
"elk-115","gamma",FALSE,"H2",120,2,1
"elk-115","gamma",FALSE,"H2",121,2,1
"elk-115","gamma",FALSE,"H2",122,2,1
"elk-115","gamma",FALSE,"H2",123,2,1
"elk-115","gamma",FALSE,"H2",124,2,1
"elk-115","gamma",FALSE,"H2",125,2,1
"elk-115","gamma",FALSE,"H2",126,2,0.997656517604849
"elk-115","gamma",FALSE,"H2",127,2,1
"elk-115","gamma",FALSE,"H2",128,2,1
"elk-115","gamma",FALSE,"H2",129,2,1
"elk-115","gamma",FALSE,"H2",130,2,1
"elk-115","gamma",FALSE,"H2",131,2,1
"elk-115","gamma",FALSE,"H2",132,2,1
"elk-115","gamma",FALSE,"H2",133,2,1
"elk-115","gamma",FALSE,"H2",134,2,0.999999999999991
"elk-115","gamma",FALSE,"H2",135,2,0.999999999999991
"elk-115","gamma",FALSE,"H2",136,2,1
"elk-115","gamma",FALSE,"H2",137,2,1
"elk-115","gamma",FALSE,"H2",138,2,1
"elk-115","gamma",FALSE,"H2",139,2,1
"elk-115","gamma",FALSE,"H2",140,2,1
"elk-115","gamma",FALSE,"H2",141,2,0.999999999999991
"elk-115","gamma",FALSE,"H2",142,2,0.999999998657034
"elk-115","gamma",FALSE,"H2",143,2,1
"elk-115","gamma",FALSE,"H2",144,2,1
"elk-115","gamma",FALSE,"H2",145,2,0.976923583616926
"elk-115","gamma",FALSE,"H2",146,2,1
"elk-115","gamma",FALSE,"H2",147,2,1
"elk-115","gamma",FALSE,"H2",148,2,0.999999999996526
"elk-115","gamma",FALSE,"H2",149,2,1
"elk-115","gamma",FALSE,"H2",150,2,0.999999999996526
"elk-115","gamma",FALSE,"H2",151,2,0.999999999999998
"elk-115","gamma",FALSE,"H2",152,2,1
"elk-115","gamma",FALSE,"H2",153,2,1
"elk-115","gamma",FALSE,"H2",154,2,1
"elk-115","gamma",FALSE,"H2",155,2,1
"elk-115","gamma",FALSE,"H2",156,2,1
"elk-115","gamma",FALSE,"H2",157,2,0.999999998657034
"elk-115","gamma",FALSE,"H2",158,2,1
"elk-115","gamma",FALSE,"H2",159,2,1
"elk-115","gamma",FALSE,"H2",160,2,1
"elk-115","gamma",FALSE,"H2",161,2,1
"elk-115","gamma",FALSE,"H2",162,2,1
"elk-115","gamma",FALSE,"H2",163,2,1
"elk-115","gamma",FALSE,"H2",164,2,1
"elk-115","gamma",FALSE,"H2",165,2,1
"elk-115","gamma",FALSE,"H2",166,2,1
"elk-115","gamma",FALSE,"H2",167,2,0.999999999999961
"elk-115","gamma",FALSE,"H2",168,2,0.999999513096432
"elk-115","gamma",FALSE,"H2",169,2,1
"elk-115","gamma",FALSE,"H2",170,2,1
"elk-115","gamma",FALSE,"H2",171,2,1
"elk-115","gamma",FALSE,"H2",172,2,0.99999791063761
"elk-115","gamma",FALSE,"H2",173,2,1
"elk-115","gamma",FALSE,"H2",174,2,1
"elk-115","gamma",FALSE,"H2",175,2,1
"elk-115","gamma",FALSE,"H2",176,2,1
"elk-115","gamma",FALSE,"H2",177,2,1
"elk-115","gamma",FALSE,"H2",178,2,1
"elk-115","gamma",FALSE,"H2",179,2,1
"elk-115","gamma",FALSE,"H2",180,2,1
"elk-115","gamma",FALSE,"H2",181,2,1
"elk-115","gamma",FALSE,"H2",182,2,1
"elk-115","gamma",FALSE,"H2",183,2,1
"elk-115","gamma",FALSE,"H2",184,2,1
"elk-115","gamma",FALSE,"H2",185,1,0.953024182379607
"elk-115","gamma",FALSE,"H2",186,1,0.997759967257257
"elk-115","gamma",FALSE,"H2",187,1,0.999840113643765
"elk-115","gamma",FALSE,"H2",188,1,0.999937780180051
"elk-115","gamma",FALSE,"H2",189,1,0.999942870567816
"elk-115","gamma",FALSE,"H2",190,1,0.999942696914683
"elk-115","gamma",FALSE,"H2",191,1,0.999933864793236
"elk-115","gamma",FALSE,"H2",192,1,0.999743731218494
"elk-115","gamma",FALSE,"H2",193,1,0.995655722761925
"elk-115","gamma",FALSE,"H3",1,3,0.999999999879443
"elk-115","gamma",FALSE,"H3",2,3,0.988878488893441
"elk-115","gamma",FALSE,"H3",3,3,0.977953364418214
"elk-115","gamma",FALSE,"H3",4,3,0.976721629794294
"elk-115","gamma",FALSE,"H3",5,3,0.986272988537516
"elk-115","gamma",FALSE,"H3",6,3,0.999999999820414
"elk-115","gamma",FALSE,"H3",7,2,0.615304901940192
"elk-115","gamma",FALSE,"H3",8,2,0.838235372218538
"elk-115","gamma",FALSE,"H3",9,2,0.923626558870791
"elk-115","gamma",FALSE,"H3",10,2,0.955995915450805
"elk-115","gamma",FALSE,"H3",11,2,0.968002404140616
"elk-115","gamma",FALSE,"H3",12,2,0.971108842576088
"elk-115","gamma",FALSE,"H3",13,2,0.987530646541186
"elk-115","gamma",FALSE,"H3",14,2,0.994568708373482
"elk-115","gamma",FALSE,"H3",15,2,0.996994172119809
"elk-115","gamma",FALSE,"H3",16,2,0.99828504863038
"elk-115","gamma",FALSE,"H3",17,2,0.998782357588225
"elk-115","gamma",FALSE,"H3",18,2,0.998795254259198
"elk-115","gamma",FALSE,"H3",19,2,0.999003723607599
"elk-115","gamma",FALSE,"H3",20,2,0.99921545452359
"elk-115","gamma",FALSE,"H3",21,2,0.999250336471786
"elk-115","gamma",FALSE,"H3",22,2,0.999233851427074
"elk-115","gamma",FALSE,"H3",23,2,0.99920631330643
"elk-115","gamma",FALSE,"H3",24,2,0.999288329513753
"elk-115","gamma",FALSE,"H3",25,2,0.999270578133111
"elk-115","gamma",FALSE,"H3",26,2,0.99912682107493
"elk-115","gamma",FALSE,"H3",27,2,0.999083183484848
"elk-115","gamma",FALSE,"H3",28,2,0.999181838310893
"elk-115","gamma",FALSE,"H3",29,2,0.999096928811113
"elk-115","gamma",FALSE,"H3",30,2,0.999033422471732
"elk-115","gamma",FALSE,"H3",31,2,0.999061970164176
"elk-115","gamma",FALSE,"H3",32,2,0.99875288612034
"elk-115","gamma",FALSE,"H3",33,2,0.998189522986071
"elk-115","gamma",FALSE,"H3",34,2,0.997069608581919
"elk-115","gamma",FALSE,"H3",35,2,0.997102081959422
"elk-115","gamma",FALSE,"H3",36,2,0.997653279690536
"elk-115","gamma",FALSE,"H3",37,2,0.997741554375262
"elk-115","gamma",FALSE,"H3",38,2,0.996769593414882
"elk-115","gamma",FALSE,"H3",39,2,0.992563988765432
"elk-115","gamma",FALSE,"H3",40,2,0.994915907108545
"elk-115","gamma",FALSE,"H3",41,2,0.995351254997936
"elk-115","gamma",FALSE,"H3",42,2,0.993536020822423
"elk-115","gamma",FALSE,"H3",43,2,0.996156506906675
"elk-115","gamma",FALSE,"H3",44,2,0.99698611015072
"elk-115","gamma",FALSE,"H3",45,2,0.996613645530492
"elk-115","gamma",FALSE,"H3",46,2,0.994912756515833
"elk-115","gamma",FALSE,"H3",47,2,0.995636609088467
"elk-115","gamma",FALSE,"H3",48,2,0.997714140398082
"elk-115","gamma",FALSE,"H3",49,2,0.998241686383368
"elk-115","gamma",FALSE,"H3",50,2,0.998282380068953
"elk-115","gamma",FALSE,"H3",51,2,0.997390178459677
"elk-115","gamma",FALSE,"H3",52,2,0.995096160142992
"elk-115","gamma",FALSE,"H3",53,2,0.992498418880592
"elk-115","gamma",FALSE,"H3",54,2,0.990183942703745
"elk-115","gamma",FALSE,"H3",55,2,0.988586329360402
"elk-115","gamma",FALSE,"H3",56,2,0.983240273446748
"elk-115","gamma",FALSE,"H3",57,2,0.975138319733927
"elk-115","gamma",FALSE,"H3",58,2,0.95175966346592
"elk-115","gamma",FALSE,"H3",59,2,0.885734691910371
"elk-115","gamma",FALSE,"H3",60,2,0.766894866579113
"elk-115","gamma",FALSE,"H3",61,2,0.595488810971487
"elk-115","gamma",FALSE,"H3",62,3,0.775634839829571
"elk-115","gamma",FALSE,"H3",63,3,0.901965794213422
"elk-115","gamma",FALSE,"H3",64,3,0.910318124087341
"elk-115","gamma",FALSE,"H3",65,3,0.917979529326249
"elk-115","gamma",FALSE,"H3",66,3,0.951614337534442
"elk-115","gamma",FALSE,"H3",67,3,0.950873247404233
"elk-115","gamma",FALSE,"H3",68,3,0.957182301024275
"elk-115","gamma",FALSE,"H3",69,3,0.971065357505861
"elk-115","gamma",FALSE,"H3",70,3,0.988750155866059
"elk-115","gamma",FALSE,"H3",71,3,0.999999901713139
"elk-115","gamma",FALSE,"H3",72,3,0.999999413790241
"elk-115","gamma",FALSE,"H3",73,2,0.634534619336607
"elk-115","gamma",FALSE,"H3",74,2,0.861797503859994
"elk-115","gamma",FALSE,"H3",75,2,0.951887983872149
"elk-115","gamma",FALSE,"H3",76,2,0.990868640810523
"elk-115","gamma",FALSE,"H3",77,1,0.681529276201554
"elk-115","gamma",FALSE,"H3",78,1,0.987126963394324
"elk-115","gamma",FALSE,"H3",79,1,0.995684755698761
"elk-115","gamma",FALSE,"H3",80,1,0.990149785333119
"elk-115","gamma",FALSE,"H3",81,1,0.940714502013951
"elk-115","gamma",FALSE,"H3",82,3,0.999983269764523
"elk-115","gamma",FALSE,"H3",83,3,0.999999999308931
"elk-115","gamma",FALSE,"H3",84,3,0.967064579917212
"elk-115","gamma",FALSE,"H3",85,3,0.947272794807955
"elk-115","gamma",FALSE,"H3",86,3,0.922203475534107
"elk-115","gamma",FALSE,"H3",87,3,0.913900821754365
"elk-115","gamma",FALSE,"H3",88,3,0.91711045958816
"elk-115","gamma",FALSE,"H3",89,3,0.929046462130869
"elk-115","gamma",FALSE,"H3",90,3,0.934672715888679
"elk-115","gamma",FALSE,"H3",91,3,0.962703701635153
"elk-115","gamma",FALSE,"H3",92,3,0.983220090502694
"elk-115","gamma",FALSE,"H3",93,3,0.973305946526127
"elk-115","gamma",FALSE,"H3",94,3,0.974017145126159
"elk-115","gamma",FALSE,"H3",95,3,0.976187233229122
"elk-115","gamma",FALSE,"H3",96,3,0.990248753034937
"elk-115","gamma",FALSE,"H3",97,3,0.98411589343364
"elk-115","gamma",FALSE,"H3",98,3,0.986237342253207
"elk-115","gamma",FALSE,"H3",99,3,0.999338657881256
"elk-115","gamma",FALSE,"H3",100,3,0.999436268170728
"elk-115","gamma",FALSE,"H3",101,3,1
"elk-115","gamma",FALSE,"H3",102,3,0.998058716037061
"elk-115","gamma",FALSE,"H3",103,3,0.998263566682991
"elk-115","gamma",FALSE,"H3",104,3,0.99607118229703
"elk-115","gamma",FALSE,"H3",105,3,0.995028634319824
"elk-115","gamma",FALSE,"H3",106,3,0.99440020839944
"elk-115","gamma",FALSE,"H3",107,3,0.921795846350151
"elk-115","gamma",FALSE,"H3",108,3,0.89713329392267
"elk-115","gamma",FALSE,"H3",109,3,0.888207769588008
"elk-115","gamma",FALSE,"H3",110,3,0.894132529754789
"elk-115","gamma",FALSE,"H3",111,3,0.903339557744801
"elk-115","gamma",FALSE,"H3",112,3,0.928198665218297
"elk-115","gamma",FALSE,"H3",113,3,0.957900750086515
"elk-115","gamma",FALSE,"H3",114,3,0.999841354806465
"elk-115","gamma",FALSE,"H3",115,3,0.999716865744241
"elk-115","gamma",FALSE,"H3",116,3,0.999993811236373
"elk-115","gamma",FALSE,"H3",117,3,0.999999999867953
"elk-115","gamma",FALSE,"H3",118,3,0.992047170157423
"elk-115","gamma",FALSE,"H3",119,3,0.990240565023867
"elk-115","gamma",FALSE,"H3",120,3,0.995633622863457
"elk-115","gamma",FALSE,"H3",121,3,0.998272174429308
"elk-115","gamma",FALSE,"H3",122,3,0.991494642396899
"elk-115","gamma",FALSE,"H3",123,3,0.989694248618034
"elk-115","gamma",FALSE,"H3",124,3,0.992454289608475
"elk-115","gamma",FALSE,"H3",125,3,0.991724247406605
"elk-115","gamma",FALSE,"H3",126,3,0.996074102060296
"elk-115","gamma",FALSE,"H3",127,3,0.999999987091917
"elk-115","gamma",FALSE,"H3",128,3,0.999999196816377
"elk-115","gamma",FALSE,"H3",129,3,0.999999998079249
"elk-115","gamma",FALSE,"H3",130,3,0.999995429639006
"elk-115","gamma",FALSE,"H3",131,3,0.999992898921255
"elk-115","gamma",FALSE,"H3",132,3,0.999994555304754
"elk-115","gamma",FALSE,"H3",133,3,0.999999969121017
"elk-115","gamma",FALSE,"H3",134,3,0.953555324689871
"elk-115","gamma",FALSE,"H3",135,3,0.93411321349721
"elk-115","gamma",FALSE,"H3",136,3,0.929530783751081
"elk-115","gamma",FALSE,"H3",137,3,0.939403460240287
"elk-115","gamma",FALSE,"H3",138,3,0.932359357919979
"elk-115","gamma",FALSE,"H3",139,2,0.500608987864174
"elk-115","gamma",FALSE,"H3",140,2,0.677565297174287
"elk-115","gamma",FALSE,"H3",141,2,0.739330342966434
"elk-115","gamma",FALSE,"H3",142,2,0.76485090131674
"elk-115","gamma",FALSE,"H3",143,2,0.778280202808236
"elk-115","gamma",FALSE,"H3",144,2,0.780405637245763
"elk-115","gamma",FALSE,"H3",145,2,0.779052265512653
"elk-115","gamma",FALSE,"H3",146,2,0.906569524257724
"elk-115","gamma",FALSE,"H3",147,2,0.960160126095367
"elk-115","gamma",FALSE,"H3",148,2,0.979068293821254
"elk-115","gamma",FALSE,"H3",149,2,0.989189050509948
"elk-115","gamma",FALSE,"H3",150,2,0.992312427741551
"elk-115","gamma",FALSE,"H3",151,2,0.993556036065643
"elk-115","gamma",FALSE,"H3",152,2,0.992712262010156
"elk-115","gamma",FALSE,"H3",153,2,0.993773985493907
"elk-115","gamma",FALSE,"H3",154,2,0.997004999312569
"elk-115","gamma",FALSE,"H3",155,2,0.998273980790464
"elk-115","gamma",FALSE,"H3",156,2,0.998486805115326
"elk-115","gamma",FALSE,"H3",157,2,0.997905937188177
"elk-115","gamma",FALSE,"H3",158,2,0.997660897809578
"elk-115","gamma",FALSE,"H3",159,2,0.995998925507151
"elk-115","gamma",FALSE,"H3",160,2,0.994360183449377
"elk-115","gamma",FALSE,"H3",161,2,0.99690089618061
"elk-115","gamma",FALSE,"H3",162,2,0.998042697449142
"elk-115","gamma",FALSE,"H3",163,2,0.998159134482757
"elk-115","gamma",FALSE,"H3",164,2,0.998863114744939
"elk-115","gamma",FALSE,"H3",165,2,0.999032765548933
"elk-115","gamma",FALSE,"H3",166,2,0.998936807052839
"elk-115","gamma",FALSE,"H3",167,2,0.998438860146182
"elk-115","gamma",FALSE,"H3",168,2,0.997702822051035
"elk-115","gamma",FALSE,"H3",169,2,0.998068586647181
"elk-115","gamma",FALSE,"H3",170,2,0.99823613135483
"elk-115","gamma",FALSE,"H3",171,2,0.998058344069932
"elk-115","gamma",FALSE,"H3",172,2,0.997245473858963
"elk-115","gamma",FALSE,"H3",173,2,0.997804039286808
"elk-115","gamma",FALSE,"H3",174,2,0.99740817647883
"elk-115","gamma",FALSE,"H3",175,2,0.995297382045454
"elk-115","gamma",FALSE,"H3",176,2,0.994111860958356
"elk-115","gamma",FALSE,"H3",177,2,0.995856621935662
"elk-115","gamma",FALSE,"H3",178,2,0.997590371530737
"elk-115","gamma",FALSE,"H3",179,2,0.997833012988735
"elk-115","gamma",FALSE,"H3",180,2,0.997392169300274
"elk-115","gamma",FALSE,"H3",181,2,0.995465109088387
"elk-115","gamma",FALSE,"H3",182,2,0.996361029821823
"elk-115","gamma",FALSE,"H3",183,2,0.997820385285921
"elk-115","gamma",FALSE,"H3",184,2,0.999980727158199
"elk-115","gamma",FALSE,"H3",185,1,0.994042902903665
"elk-115","gamma",FALSE,"H3",186,1,0.999992066378988
"elk-115","gamma",FALSE,"H3",187,1,0.999999802435983
"elk-115","gamma",FALSE,"H3",188,1,0.999999923156894
"elk-115","gamma",FALSE,"H3",189,1,0.999999846317711
"elk-115","gamma",FALSE,"H3",190,1,0.999998472384153
"elk-115","gamma",FALSE,"H3",191,1,0.999978096574122
"elk-115","gamma",FALSE,"H3",192,1,0.999675427636625
"elk-115","gamma",FALSE,"H3",193,1,0.995202951795248
"elk-163","gamma",FALSE,"M21",1,1,1
"elk-163","gamma",FALSE,"M21",2,1,0.999999986326299
"elk-163","gamma",FALSE,"M21",3,1,0.999653292353411
"elk-163","gamma",FALSE,"M21",4,1,0.993485936543582
"elk-163","gamma",FALSE,"M21",5,1,0.999996916141968
"elk-163","gamma",FALSE,"M21",6,1,0.99999999979021
"elk-163","gamma",FALSE,"M21",7,1,0.99991307423184
"elk-163","gamma",FALSE,"M21",8,1,1
"elk-163","gamma",FALSE,"M21",9,1,1
"elk-163","gamma",FALSE,"M21",10,1,1
"elk-163","gamma",FALSE,"M21",11,1,0.999999997259496
"elk-163","gamma",FALSE,"M21",12,1,0.993667557962588
"elk-163","gamma",FALSE,"M21",13,1,0.984164116426001
"elk-163","gamma",FALSE,"M21",14,1,1
"elk-163","gamma",FALSE,"M21",15,1,0.927143892856439
"elk-163","gamma",FALSE,"M21",16,1,0.898786404782097
"elk-163","gamma",FALSE,"M21",17,1,0.922473099224026
"elk-163","gamma",FALSE,"M21",18,1,0.960920369969206
"elk-163","gamma",FALSE,"M21",19,1,0.970343221277981
"elk-163","gamma",FALSE,"M21",20,1,0.974944622724772
"elk-163","gamma",FALSE,"M21",21,1,0.999999999996063
"elk-163","gamma",FALSE,"M21",22,1,0.999238696011282
"elk-163","gamma",FALSE,"M21",23,1,1
"elk-163","gamma",FALSE,"M21",24,1,1
"elk-163","gamma",FALSE,"M21",25,1,0.999999774352815
"elk-163","gamma",FALSE,"M21",26,1,0.998780177690665
"elk-163","gamma",FALSE,"M21",27,1,0.991080192046934
"elk-163","gamma",FALSE,"M21",28,1,1
"elk-163","gamma",FALSE,"M21",29,1,0.999997244354019
"elk-163","gamma",FALSE,"M21",30,1,1
"elk-163","gamma",FALSE,"M21",31,1,1
"elk-163","gamma",FALSE,"M21",32,1,1
"elk-163","gamma",FALSE,"M21",33,1,1
"elk-163","gamma",FALSE,"M21",34,1,0.988855874960609
"elk-163","gamma",FALSE,"M21",35,1,0.999946414190095
"elk-163","gamma",FALSE,"M21",36,1,0.999990631783481
"elk-163","gamma",FALSE,"M21",37,1,0.99645029833731
"elk-163","gamma",FALSE,"M21",38,1,1
"elk-163","gamma",FALSE,"M21",39,1,0.934107925320624
"elk-163","gamma",FALSE,"M21",40,1,0.923656814036336
"elk-163","gamma",FALSE,"M21",41,1,0.947518388749003
"elk-163","gamma",FALSE,"M21",42,1,1
"elk-163","gamma",FALSE,"M21",43,1,1
"elk-163","gamma",FALSE,"M21",44,1,0.955969852898539
"elk-163","gamma",FALSE,"M21",45,1,0.956913700806915
"elk-163","gamma",FALSE,"M21",46,1,1
"elk-163","gamma",FALSE,"M21",47,1,1
"elk-163","gamma",FALSE,"M21",48,1,0.967067274832309
"elk-163","gamma",FALSE,"M21",49,1,0.96428754959959
"elk-163","gamma",FALSE,"M21",50,1,1
"elk-163","gamma",FALSE,"M21",51,1,0.554793237352014
"elk-163","gamma",FALSE,"M21",52,1,0.59554480158127
"elk-163","gamma",FALSE,"M21",53,1,0.635206600482605
"elk-163","gamma",FALSE,"M21",54,1,0.601896980060765
"elk-163","gamma",FALSE,"M21",55,1,0.531721296663801
"elk-163","gamma",FALSE,"M21",56,1,0.593578249958646
"elk-163","gamma",FALSE,"M21",57,1,0.694657671941037
"elk-163","gamma",FALSE,"M21",58,1,0.851139206480673
"elk-163","gamma",FALSE,"M21",59,1,0.980988949559554
"elk-163","gamma",FALSE,"M21",60,1,0.996024231983279
"elk-163","gamma",FALSE,"M21",61,1,0.992249013471588
"elk-163","gamma",FALSE,"M21",62,1,0.99971028191319
"elk-163","gamma",FALSE,"M21",63,1,0.995258993471904
"elk-163","gamma",FALSE,"M21",64,1,0.997014746739741
"elk-163","gamma",FALSE,"M21",65,1,1
"elk-163","gamma",FALSE,"M21",66,1,0.990023098202279
"elk-163","gamma",FALSE,"M21",67,1,1
"elk-163","gamma",FALSE,"M21",68,1,1
"elk-163","gamma",FALSE,"M21",69,2,0.668096424284165
"elk-163","gamma",FALSE,"M21",70,2,0.877027985171702
"elk-163","gamma",FALSE,"M21",71,2,0.941297759950539
"elk-163","gamma",FALSE,"M21",72,2,0.979161185704003
"elk-163","gamma",FALSE,"M21",73,2,0.989823303139003
"elk-163","gamma",FALSE,"M21",74,2,0.994572732736423
"elk-163","gamma",FALSE,"M21",75,2,0.995854560996218
"elk-163","gamma",FALSE,"M21",76,2,0.995385664752798
"elk-163","gamma",FALSE,"M21",77,2,0.993131322566283
"elk-163","gamma",FALSE,"M21",78,2,0.990206689079416
"elk-163","gamma",FALSE,"M21",79,2,0.992015782526727
"elk-163","gamma",FALSE,"M21",80,2,0.991827526310555
"elk-163","gamma",FALSE,"M21",81,2,0.994558008820582
"elk-163","gamma",FALSE,"M21",82,2,0.993091597208705
"elk-163","gamma",FALSE,"M21",83,2,0.992936536335937
"elk-163","gamma",FALSE,"M21",84,2,0.989599315165436
"elk-163","gamma",FALSE,"M21",85,2,0.989693234041178
"elk-163","gamma",FALSE,"M21",86,2,0.983366149041611
"elk-163","gamma",FALSE,"M21",87,2,0.957987732350712
"elk-163","gamma",FALSE,"M21",88,2,0.87109338742457
"elk-163","gamma",FALSE,"M21",89,2,0.610227759684353
"elk-163","gamma",FALSE,"M21",90,1,1
"elk-163","gamma",FALSE,"M21",91,1,0.97344104097094
"elk-163","gamma",FALSE,"M21",92,1,0.980600803476268
"elk-163","gamma",FALSE,"M21",93,1,0.975709667180387
"elk-163","gamma",FALSE,"M21",94,1,1
"elk-163","gamma",FALSE,"M21",95,1,0.995671387011497
"elk-163","gamma",FALSE,"M21",96,1,0.999999974659954
"elk-163","gamma",FALSE,"M21",97,1,0.994801063187579
"elk-163","gamma",FALSE,"M21",98,1,1
"elk-163","gamma",FALSE,"M21",99,1,0.999922208675784
"elk-163","gamma",FALSE,"M21",100,1,0.992243789623372
"elk-163","gamma",FALSE,"M21",101,1,0.982974037346121
"elk-163","gamma",FALSE,"M21",102,1,1
"elk-163","gamma",FALSE,"M21",103,1,0.996936967071706
"elk-163","gamma",FALSE,"M21",104,1,0.977902926809987
"elk-163","gamma",FALSE,"M21",105,1,0.973738643296908
"elk-163","gamma",FALSE,"M21",106,1,0.999999940452634
"elk-163","gamma",FALSE,"M21",107,1,0.988893362610477
"elk-163","gamma",FALSE,"M21",108,1,0.999996642459725
"elk-163","gamma",FALSE,"M21",109,1,0.996765029921542
"elk-163","gamma",FALSE,"M21",110,1,0.996049980816441
"elk-163","gamma",FALSE,"M21",111,1,1
"elk-163","gamma",FALSE,"M21",112,1,0.999999998044231
"elk-163","gamma",FALSE,"M21",113,1,0.984309591722323
"elk-163","gamma",FALSE,"M21",114,1,0.993862245334149
"elk-163","gamma",FALSE,"M21",115,1,1
"elk-163","gamma",FALSE,"M21",116,2,0.686033413119684
"elk-163","gamma",FALSE,"M21",117,2,0.890330477762833
"elk-163","gamma",FALSE,"M21",118,2,0.953650660433829
"elk-163","gamma",FALSE,"M21",119,2,0.971309346801865
"elk-163","gamma",FALSE,"M21",120,2,0.985993354231269
"elk-163","gamma",FALSE,"M21",121,2,0.99271645815462
"elk-163","gamma",FALSE,"M21",122,2,0.996112517220325
"elk-163","gamma",FALSE,"M21",123,2,0.996838865346286
"elk-163","gamma",FALSE,"M21",124,2,0.996255190555956
"elk-163","gamma",FALSE,"M21",125,2,0.996422805097766
"elk-163","gamma",FALSE,"M21",126,2,0.995475533875713
"elk-163","gamma",FALSE,"M21",127,2,0.992606050512639
"elk-163","gamma",FALSE,"M21",128,2,0.982596372100374
"elk-163","gamma",FALSE,"M21",129,2,0.948162290239116
"elk-163","gamma",FALSE,"M21",130,2,0.947775949285664
"elk-163","gamma",FALSE,"M21",131,2,0.959643058217876
"elk-163","gamma",FALSE,"M21",132,2,0.961672230769535
"elk-163","gamma",FALSE,"M21",133,2,0.940527982299558
"elk-163","gamma",FALSE,"M21",134,2,0.860123385854834
"elk-163","gamma",FALSE,"M21",135,2,0.627343126283278
"elk-163","gamma",FALSE,"M21",136,1,0.627479399669864
"elk-163","gamma",FALSE,"M21",137,1,0.645514570578733
"elk-163","gamma",FALSE,"M21",138,1,0.774982090209858
"elk-163","gamma",FALSE,"M21",139,1,0.839767485133368
"elk-163","gamma",FALSE,"M21",140,1,0.936134976173485
"elk-163","gamma",FALSE,"M21",141,1,0.943823326614345
"elk-163","gamma",FALSE,"M21",142,1,0.970200425435409
"elk-163","gamma",FALSE,"M21",143,1,0.979956612856109
"elk-163","gamma",FALSE,"M21",144,1,0.996483543913647
"elk-163","gamma",FALSE,"M21",145,1,0.987428885158283
"elk-163","gamma",FALSE,"M21",146,1,0.999947455559606
"elk-163","gamma",FALSE,"M21",147,1,0.999931172446038
"elk-163","gamma",FALSE,"M21",148,1,0.999995265804247
"elk-163","gamma",FALSE,"M21",149,1,1
"elk-163","gamma",FALSE,"M21",150,1,0.604576371025022
"elk-163","gamma",FALSE,"M21",151,1,0.505829223233102
"elk-163","gamma",FALSE,"M21",152,1,0.515543406816773
"elk-163","gamma",FALSE,"M21",153,1,0.543588455841236
"elk-163","gamma",FALSE,"M21",154,1,0.640369057552605
"elk-163","gamma",FALSE,"M21",155,1,0.970385344658791
"elk-163","gamma",FALSE,"M21",156,1,0.987535250809423
"elk-163","gamma",FALSE,"M21",157,1,0.942665429781525
"elk-163","gamma",FALSE,"M21",158,1,0.842154578388496
"elk-163","gamma",FALSE,"H2",1,2,1
"elk-163","gamma",FALSE,"H2",2,2,0.999801354375432
"elk-163","gamma",FALSE,"H2",3,2,0.969056483894646
"elk-163","gamma",FALSE,"H2",4,2,0.932198447059913
"elk-163","gamma",FALSE,"H2",5,2,0.996345345892806
"elk-163","gamma",FALSE,"H2",6,2,0.999987106036745
"elk-163","gamma",FALSE,"H2",7,2,0.994693471881182
"elk-163","gamma",FALSE,"H2",8,2,1
"elk-163","gamma",FALSE,"H2",9,2,0.999999998592796
"elk-163","gamma",FALSE,"H2",10,2,1
"elk-163","gamma",FALSE,"H2",11,2,0.999948365651491
"elk-163","gamma",FALSE,"H2",12,2,0.971511971180051
"elk-163","gamma",FALSE,"H2",13,2,0.927852284006188
"elk-163","gamma",FALSE,"H2",14,2,1
"elk-163","gamma",FALSE,"H2",15,1,0.722359192469144
"elk-163","gamma",FALSE,"H2",16,1,0.892774221977079
"elk-163","gamma",FALSE,"H2",17,1,0.919664594588983
"elk-163","gamma",FALSE,"H2",18,1,0.89061633550634
"elk-163","gamma",FALSE,"H2",19,1,0.830919236241816
"elk-163","gamma",FALSE,"H2",20,1,0.670453652554461
"elk-163","gamma",FALSE,"H2",21,2,0.999954810313246
"elk-163","gamma",FALSE,"H2",22,2,0.984030069821646
"elk-163","gamma",FALSE,"H2",23,2,1
"elk-163","gamma",FALSE,"H2",24,2,1
"elk-163","gamma",FALSE,"H2",25,2,0.99880532529005
"elk-163","gamma",FALSE,"H2",26,2,0.944343231678898
"elk-163","gamma",FALSE,"H2",27,2,0.910911187258157
"elk-163","gamma",FALSE,"H2",28,2,0.999999999999998
"elk-163","gamma",FALSE,"H2",29,2,0.999121423854328
"elk-163","gamma",FALSE,"H2",30,2,0.999999999988129
"elk-163","gamma",FALSE,"H2",31,2,0.999999999999999
"elk-163","gamma",FALSE,"H2",32,2,1
"elk-163","gamma",FALSE,"H2",33,2,1
"elk-163","gamma",FALSE,"H2",34,2,0.938389146447546
"elk-163","gamma",FALSE,"H2",35,2,0.98510470180021
"elk-163","gamma",FALSE,"H2",36,2,0.991224532860329
"elk-163","gamma",FALSE,"H2",37,2,0.960525875056221
"elk-163","gamma",FALSE,"H2",38,2,0.999999999999991
"elk-163","gamma",FALSE,"H2",39,2,0.675384440905535
"elk-163","gamma",FALSE,"H2",40,2,0.612201651993009
"elk-163","gamma",FALSE,"H2",41,2,0.667827405039132
"elk-163","gamma",FALSE,"H2",42,2,0.999999999999996
"elk-163","gamma",FALSE,"H2",43,2,0.999999999999996
"elk-163","gamma",FALSE,"H2",44,2,0.778631835952526
"elk-163","gamma",FALSE,"H2",45,2,0.77862617179108
"elk-163","gamma",FALSE,"H2",46,2,1
"elk-163","gamma",FALSE,"H2",47,2,1
"elk-163","gamma",FALSE,"H2",48,2,0.853015088085606
"elk-163","gamma",FALSE,"H2",49,2,0.835995438476996
"elk-163","gamma",FALSE,"H2",50,2,1
"elk-163","gamma",FALSE,"H2",51,1,0.718447056123351
"elk-163","gamma",FALSE,"H2",52,1,0.919891112571095
"elk-163","gamma",FALSE,"H2",53,1,0.977064983085163
"elk-163","gamma",FALSE,"H2",54,1,0.987666788803422
"elk-163","gamma",FALSE,"H2",55,1,0.980311576118612
"elk-163","gamma",FALSE,"H2",56,1,0.968515875989647
"elk-163","gamma",FALSE,"H2",57,1,0.953558230934618
"elk-163","gamma",FALSE,"H2",58,1,0.929015198266985
"elk-163","gamma",FALSE,"H2",59,1,0.846216604161689
"elk-163","gamma",FALSE,"H2",60,1,0.770711343002263
"elk-163","gamma",FALSE,"H2",61,1,0.719282913314216
"elk-163","gamma",FALSE,"H2",62,2,0.548044669653865
"elk-163","gamma",FALSE,"H2",63,2,0.607801418073177
"elk-163","gamma",FALSE,"H2",64,2,0.86905511018457
"elk-163","gamma",FALSE,"H2",65,2,1
"elk-163","gamma",FALSE,"H2",66,2,0.950663462274834
"elk-163","gamma",FALSE,"H2",67,2,1
"elk-163","gamma",FALSE,"H2",68,2,1
"elk-163","gamma",FALSE,"H2",69,1,0.748666259743877
"elk-163","gamma",FALSE,"H2",70,1,0.93429072463278
"elk-163","gamma",FALSE,"H2",71,1,0.98040336708489
"elk-163","gamma",FALSE,"H2",72,1,0.992231791550497
"elk-163","gamma",FALSE,"H2",73,1,0.995163093621602
"elk-163","gamma",FALSE,"H2",74,1,0.995985176196486
"elk-163","gamma",FALSE,"H2",75,1,0.996120961579287
"elk-163","gamma",FALSE,"H2",76,1,0.995976878259149
"elk-163","gamma",FALSE,"H2",77,1,0.995323444430762
"elk-163","gamma",FALSE,"H2",78,1,0.994091893735203
"elk-163","gamma",FALSE,"H2",79,1,0.994043639919723
"elk-163","gamma",FALSE,"H2",80,1,0.989700652887808
"elk-163","gamma",FALSE,"H2",81,1,0.994166730140884
"elk-163","gamma",FALSE,"H2",82,1,0.994942782684956
"elk-163","gamma",FALSE,"H2",83,1,0.995518361770244
"elk-163","gamma",FALSE,"H2",84,1,0.99462037132957
"elk-163","gamma",FALSE,"H2",85,1,0.995090458297842
"elk-163","gamma",FALSE,"H2",86,1,0.992597777951956
"elk-163","gamma",FALSE,"H2",87,1,0.982230482159626
"elk-163","gamma",FALSE,"H2",88,1,0.932053252683522
"elk-163","gamma",FALSE,"H2",89,1,0.691441265912947
"elk-163","gamma",FALSE,"H2",90,2,0.999999598969804
"elk-163","gamma",FALSE,"H2",91,2,0.702837569589172
"elk-163","gamma",FALSE,"H2",92,2,0.679246009967739
"elk-163","gamma",FALSE,"H2",93,2,0.725007602220438
"elk-163","gamma",FALSE,"H2",94,2,0.999999631671532
"elk-163","gamma",FALSE,"H2",95,2,0.96352841636869
"elk-163","gamma",FALSE,"H2",96,2,0.999622501722465
"elk-163","gamma",FALSE,"H2",97,2,0.979694499083682
"elk-163","gamma",FALSE,"H2",98,2,0.999999999999968
"elk-163","gamma",FALSE,"H2",99,2,0.971672552718559
"elk-163","gamma",FALSE,"H2",100,2,0.869669570240525
"elk-163","gamma",FALSE,"H2",101,2,0.859152948636299
"elk-163","gamma",FALSE,"H2",102,2,0.999999999799538
"elk-163","gamma",FALSE,"H2",103,2,0.904365945644421
"elk-163","gamma",FALSE,"H2",104,2,0.840751873447413
"elk-163","gamma",FALSE,"H2",105,2,0.843901875218663
"elk-163","gamma",FALSE,"H2",106,2,0.998147152490159
"elk-163","gamma",FALSE,"H2",107,2,0.936946277025136
"elk-163","gamma",FALSE,"H2",108,2,0.984850423667709
"elk-163","gamma",FALSE,"H2",109,2,0.905244294392494
"elk-163","gamma",FALSE,"H2",110,2,0.905141067049575
"elk-163","gamma",FALSE,"H2",111,2,0.999999962180562
"elk-163","gamma",FALSE,"H2",112,2,0.999884973243946
"elk-163","gamma",FALSE,"H2",113,2,0.864509868518733
"elk-163","gamma",FALSE,"H2",114,2,0.889858057951523
"elk-163","gamma",FALSE,"H2",115,2,1
"elk-163","gamma",FALSE,"H2",116,1,0.759061676489042
"elk-163","gamma",FALSE,"H2",117,1,0.932653048746135
"elk-163","gamma",FALSE,"H2",118,1,0.974538820280721
"elk-163","gamma",FALSE,"H2",119,1,0.980287641881235
"elk-163","gamma",FALSE,"H2",120,1,0.988925133645049
"elk-163","gamma",FALSE,"H2",121,1,0.994309480573795
"elk-163","gamma",FALSE,"H2",122,1,0.995303922397358
"elk-163","gamma",FALSE,"H2",123,1,0.9954900140358
"elk-163","gamma",FALSE,"H2",124,1,0.993577744607001
"elk-163","gamma",FALSE,"H2",125,1,0.995309609705776
"elk-163","gamma",FALSE,"H2",126,1,0.994469338407754
"elk-163","gamma",FALSE,"H2",127,1,0.994778450754766
"elk-163","gamma",FALSE,"H2",128,1,0.994523307525551
"elk-163","gamma",FALSE,"H2",129,1,0.989795473927834
"elk-163","gamma",FALSE,"H2",130,1,0.991520311204534
"elk-163","gamma",FALSE,"H2",131,1,0.994334294479001
"elk-163","gamma",FALSE,"H2",132,1,0.994836641633949
"elk-163","gamma",FALSE,"H2",133,1,0.994902161202314
"elk-163","gamma",FALSE,"H2",134,1,0.993165090290385
"elk-163","gamma",FALSE,"H2",135,1,0.990015615312607
"elk-163","gamma",FALSE,"H2",136,1,0.982089704689418
"elk-163","gamma",FALSE,"H2",137,1,0.990372446910781
"elk-163","gamma",FALSE,"H2",138,1,0.986293440275711
"elk-163","gamma",FALSE,"H2",139,1,0.983016503439492
"elk-163","gamma",FALSE,"H2",140,1,0.96215669044672
"elk-163","gamma",FALSE,"H2",141,1,0.950962425120644
"elk-163","gamma",FALSE,"H2",142,1,0.930162681983491
"elk-163","gamma",FALSE,"H2",143,1,0.882813975411696
"elk-163","gamma",FALSE,"H2",144,1,0.717401779365383
"elk-163","gamma",FALSE,"H2",145,1,0.628346579415908
"elk-163","gamma",FALSE,"H2",146,2,0.876563319788834
"elk-163","gamma",FALSE,"H2",147,2,0.956451961489543
"elk-163","gamma",FALSE,"H2",148,2,0.99480940219673
"elk-163","gamma",FALSE,"H2",149,2,0.999999914956441
"elk-163","gamma",FALSE,"H2",150,1,0.775074618097212
"elk-163","gamma",FALSE,"H2",151,1,0.938805451057125
"elk-163","gamma",FALSE,"H2",152,1,0.969886258924427
"elk-163","gamma",FALSE,"H2",153,1,0.959006646521462
"elk-163","gamma",FALSE,"H2",154,1,0.941419838512155
"elk-163","gamma",FALSE,"H2",155,1,0.818113221047943
"elk-163","gamma",FALSE,"H2",156,1,0.746599942804615
"elk-163","gamma",FALSE,"H2",157,1,0.735597910232509
"elk-163","gamma",FALSE,"H2",158,1,0.80864982496261
"elk-163","gamma",FALSE,"H3",1,3,0.999999979302248
"elk-163","gamma",FALSE,"H3",2,2,0.925996991564615
"elk-163","gamma",FALSE,"H3",3,2,0.997872254958305
"elk-163","gamma",FALSE,"H3",4,2,0.999596073661833
"elk-163","gamma",FALSE,"H3",5,2,0.992706272645631
"elk-163","gamma",FALSE,"H3",6,2,0.961354799586068
"elk-163","gamma",FALSE,"H3",7,2,0.991936691387329
"elk-163","gamma",FALSE,"H3",8,3,0.999999894629587
"elk-163","gamma",FALSE,"H3",9,3,0.890395196672423
"elk-163","gamma",FALSE,"H3",10,3,0.999994177552337
"elk-163","gamma",FALSE,"H3",11,2,0.864514689841991
"elk-163","gamma",FALSE,"H3",12,2,0.975361139512867
"elk-163","gamma",FALSE,"H3",13,2,0.97779459092407
"elk-163","gamma",FALSE,"H3",14,3,0.999999625458915
"elk-163","gamma",FALSE,"H3",15,2,0.543381671687955
"elk-163","gamma",FALSE,"H3",16,2,0.512682768957719
"elk-163","gamma",FALSE,"H3",17,2,0.708335733360537
"elk-163","gamma",FALSE,"H3",18,2,0.905597096446097
"elk-163","gamma",FALSE,"H3",19,2,0.948510837738233
"elk-163","gamma",FALSE,"H3",20,2,0.96665378391821
"elk-163","gamma",FALSE,"H3",21,2,0.902325852253329
"elk-163","gamma",FALSE,"H3",22,2,0.994437280500714
"elk-163","gamma",FALSE,"H3",23,3,0.999999999763524
"elk-163","gamma",FALSE,"H3",24,3,0.995624409922252
"elk-163","gamma",FALSE,"H3",25,2,0.955607574241706
"elk-163","gamma",FALSE,"H3",26,2,0.997586388849748
"elk-163","gamma",FALSE,"H3",27,2,0.998482008322241
"elk-163","gamma",FALSE,"H3",28,3,0.928496648381823
"elk-163","gamma",FALSE,"H3",29,2,0.924377968441968
"elk-163","gamma",FALSE,"H3",30,3,0.857098309869409
"elk-163","gamma",FALSE,"H3",31,3,0.991406914091121
"elk-163","gamma",FALSE,"H3",32,3,0.999999845007999
"elk-163","gamma",FALSE,"H3",33,3,0.999851503281944
"elk-163","gamma",FALSE,"H3",34,2,0.816746013200463
"elk-163","gamma",FALSE,"H3",35,2,0.995565835574436
"elk-163","gamma",FALSE,"H3",36,2,0.994918002650219
"elk-163","gamma",FALSE,"H3",37,2,0.998562190326699
"elk-163","gamma",FALSE,"H3",38,3,0.981810022831782
"elk-163","gamma",FALSE,"H3",39,1,0.701924868625357
"elk-163","gamma",FALSE,"H3",40,1,0.64472954799782
"elk-163","gamma",FALSE,"H3",41,1,0.512088805402477
"elk-163","gamma",FALSE,"H3",42,3,0.988584163536202
"elk-163","gamma",FALSE,"H3",43,3,0.99409448874669
"elk-163","gamma",FALSE,"H3",44,1,0.680074889205827
"elk-163","gamma",FALSE,"H3",45,1,0.60651877677239
"elk-163","gamma",FALSE,"H3",46,3,0.999987623648705
"elk-163","gamma",FALSE,"H3",47,3,0.999999115875432
"elk-163","gamma",FALSE,"H3",48,1,0.611939035722877
"elk-163","gamma",FALSE,"H3",49,1,0.549319492484739
"elk-163","gamma",FALSE,"H3",50,3,0.999864205445117
"elk-163","gamma",FALSE,"H3",51,1,0.953629165291792
"elk-163","gamma",FALSE,"H3",52,1,0.94418406229606
"elk-163","gamma",FALSE,"H3",53,1,0.916453114865008
"elk-163","gamma",FALSE,"H3",54,1,0.81849005291905
"elk-163","gamma",FALSE,"H3",55,2,0.544144593438866
"elk-163","gamma",FALSE,"H3",56,2,0.556875621948443
"elk-163","gamma",FALSE,"H3",57,2,0.693488513739032
"elk-163","gamma",FALSE,"H3",58,2,0.877844856289502
"elk-163","gamma",FALSE,"H3",59,2,0.991336317614264
"elk-163","gamma",FALSE,"H3",60,2,0.998295879060307
"elk-163","gamma",FALSE,"H3",61,2,0.999430495990926
"elk-163","gamma",FALSE,"H3",62,2,0.997640868951911
"elk-163","gamma",FALSE,"H3",63,2,0.999589941773496
"elk-163","gamma",FALSE,"H3",64,2,0.99989342251392
"elk-163","gamma",FALSE,"H3",65,3,0.983028856589004
"elk-163","gamma",FALSE,"H3",66,2,0.657414114297827
"elk-163","gamma",FALSE,"H3",67,3,0.999981516952122
"elk-163","gamma",FALSE,"H3",68,3,0.99999999999386
"elk-163","gamma",FALSE,"H3",69,1,0.999988903615424
"elk-163","gamma",FALSE,"H3",70,1,0.99999226101449
"elk-163","gamma",FALSE,"H3",71,1,0.999982013083925
"elk-163","gamma",FALSE,"H3",72,1,0.999997724641161
"elk-163","gamma",FALSE,"H3",73,1,0.99999366609474
"elk-163","gamma",FALSE,"H3",74,1,0.999995510074236
"elk-163","gamma",FALSE,"H3",75,1,0.999992518459559
"elk-163","gamma",FALSE,"H3",76,1,0.999982764782531
"elk-163","gamma",FALSE,"H3",77,1,0.999954604385729
"elk-163","gamma",FALSE,"H3",78,1,0.999897308222694
"elk-163","gamma",FALSE,"H3",79,1,0.999890822385721
"elk-163","gamma",FALSE,"H3",80,1,0.999820356316248
"elk-163","gamma",FALSE,"H3",81,1,0.999714351391868
"elk-163","gamma",FALSE,"H3",82,1,0.999339165512896
"elk-163","gamma",FALSE,"H3",83,1,0.998770117983611
"elk-163","gamma",FALSE,"H3",84,1,0.99726337156816
"elk-163","gamma",FALSE,"H3",85,1,0.995599455774122
"elk-163","gamma",FALSE,"H3",86,1,0.990874542227764
"elk-163","gamma",FALSE,"H3",87,1,0.974396710942613
"elk-163","gamma",FALSE,"H3",88,1,0.91701106604706
"elk-163","gamma",FALSE,"H3",89,1,0.744425606722874
"elk-163","gamma",FALSE,"H3",90,3,0.668660661997757
"elk-163","gamma",FALSE,"H3",91,2,0.771276057385943
"elk-163","gamma",FALSE,"H3",92,2,0.877491560694441
"elk-163","gamma",FALSE,"H3",93,2,0.900991992240128
"elk-163","gamma",FALSE,"H3",94,2,0.712083326052833
"elk-163","gamma",FALSE,"H3",95,2,0.98000935161941
"elk-163","gamma",FALSE,"H3",96,2,0.972848113496219
"elk-163","gamma",FALSE,"H3",97,2,0.994780195007783
"elk-163","gamma",FALSE,"H3",98,3,0.878581525884029
"elk-163","gamma",FALSE,"H3",99,2,0.987188038461824
"elk-163","gamma",FALSE,"H3",100,2,0.997002528344101
"elk-163","gamma",FALSE,"H3",101,2,0.997619326409855
"elk-163","gamma",FALSE,"H3",102,3,0.673605372210513
"elk-163","gamma",FALSE,"H3",103,2,0.97566163995282
"elk-163","gamma",FALSE,"H3",104,2,0.981255643735335
"elk-163","gamma",FALSE,"H3",105,2,0.985831360533828
"elk-163","gamma",FALSE,"H3",106,2,0.968104550327317
"elk-163","gamma",FALSE,"H3",107,2,0.9940946129793
"elk-163","gamma",FALSE,"H3",108,2,0.991370175828832
"elk-163","gamma",FALSE,"H3",109,2,0.999280862922487
"elk-163","gamma",FALSE,"H3",110,2,0.999353694705504
"elk-163","gamma",FALSE,"H3",111,2,0.727496417003338
"elk-163","gamma",FALSE,"H3",112,2,0.918388527700417
"elk-163","gamma",FALSE,"H3",113,2,0.976821230556175
"elk-163","gamma",FALSE,"H3",114,2,0.98827584130974
"elk-163","gamma",FALSE,"H3",115,3,0.99999999997751
"elk-163","gamma",FALSE,"H3",116,1,0.999991326954824
"elk-163","gamma",FALSE,"H3",117,1,0.99999815848928
"elk-163","gamma",FALSE,"H3",118,1,0.999997943293285
"elk-163","gamma",FALSE,"H3",119,1,0.999996163562236
"elk-163","gamma",FALSE,"H3",120,1,0.999993537607822
"elk-163","gamma",FALSE,"H3",121,1,0.999985110256107
"elk-163","gamma",FALSE,"H3",122,1,0.999978620912686
"elk-163","gamma",FALSE,"H3",123,1,0.999938952844126
"elk-163","gamma",FALSE,"H3",124,1,0.999808089396592
"elk-163","gamma",FALSE,"H3",125,1,0.999501678655887
"elk-163","gamma",FALSE,"H3",126,1,0.998586642807242
"elk-163","gamma",FALSE,"H3",127,1,0.995895436787408
"elk-163","gamma",FALSE,"H3",128,1,0.987007753228927
"elk-163","gamma",FALSE,"H3",129,1,0.955889984685995
"elk-163","gamma",FALSE,"H3",130,1,0.947386300654985
"elk-163","gamma",FALSE,"H3",131,1,0.942178477184726
"elk-163","gamma",FALSE,"H3",132,1,0.932705799947698
"elk-163","gamma",FALSE,"H3",133,1,0.9013070958443
"elk-163","gamma",FALSE,"H3",134,1,0.791879812692491
"elk-163","gamma",FALSE,"H3",135,2,0.529212835565448
"elk-163","gamma",FALSE,"H3",136,2,0.816065175447794
"elk-163","gamma",FALSE,"H3",137,2,0.840549718308368
"elk-163","gamma",FALSE,"H3",138,2,0.923737816860224
"elk-163","gamma",FALSE,"H3",139,2,0.954742534282265
"elk-163","gamma",FALSE,"H3",140,2,0.989109287177994
"elk-163","gamma",FALSE,"H3",141,2,0.993097953613724
"elk-163","gamma",FALSE,"H3",142,2,0.997236082667807
"elk-163","gamma",FALSE,"H3",143,2,0.998706136553346
"elk-163","gamma",FALSE,"H3",144,2,0.998420782253594
"elk-163","gamma",FALSE,"H3",145,2,0.999663818103647
"elk-163","gamma",FALSE,"H3",146,2,0.996666257217122
"elk-163","gamma",FALSE,"H3",147,2,0.998086011367727
"elk-163","gamma",FALSE,"H3",148,2,0.982497395544768
"elk-163","gamma",FALSE,"H3",149,3,0.897775528496254
"elk-163","gamma",FALSE,"H3",150,1,0.848435246471278
"elk-163","gamma",FALSE,"H3",151,1,0.836492362359607
"elk-163","gamma",FALSE,"H3",152,1,0.794836343565454
"elk-163","gamma",FALSE,"H3",153,1,0.67825833774406
"elk-163","gamma",FALSE,"H3",154,1,0.520764763600153
"elk-163","gamma",FALSE,"H3",155,2,0.982145933088555
"elk-163","gamma",FALSE,"H3",156,2,0.995148780983067
"elk-163","gamma",FALSE,"H3",157,2,0.996727473711459
"elk-163","gamma",FALSE,"H3",158,2,0.996771963677521
"elk-287","gamma",FALSE,"M21",1,1,0.999999999829837
"elk-287","gamma",FALSE,"M21",2,1,0.999999763889363
"elk-287","gamma",FALSE,"M21",3,1,0.999999816392835
"elk-287","gamma",FALSE,"M21",4,1,0.999999911772493
"elk-287","gamma",FALSE,"M21",5,1,1
"elk-287","gamma",FALSE,"M21",6,1,0.999999999999998
"elk-287","gamma",FALSE,"M21",7,1,1
"elk-287","gamma",FALSE,"M21",8,1,0.999999999999999
"elk-287","gamma",FALSE,"M21",9,1,0.999999999585424
"elk-287","gamma",FALSE,"M21",10,1,0.999999999999973
"elk-287","gamma",FALSE,"M21",11,1,0.999999935687709
"elk-287","gamma",FALSE,"M21",12,1,0.999999904685597
"elk-287","gamma",FALSE,"M21",13,1,0.99999987743176
"elk-287","gamma",FALSE,"M21",14,1,0.999999999856166
"elk-287","gamma",FALSE,"M21",15,1,0.999995089127141
"elk-287","gamma",FALSE,"M21",16,1,0.999974219245488
"elk-287","gamma",FALSE,"M21",17,1,0.999966425219509
"elk-287","gamma",FALSE,"M21",18,1,0.999967720252419
"elk-287","gamma",FALSE,"M21",19,1,0.999967425576142
"elk-287","gamma",FALSE,"M21",20,1,0.999971785251853
"elk-287","gamma",FALSE,"M21",21,1,0.999974187054367
"elk-287","gamma",FALSE,"M21",22,1,0.999978228539573
"elk-287","gamma",FALSE,"M21",23,1,0.99998512382659
"elk-287","gamma",FALSE,"M21",24,1,0.999991329761943
"elk-287","gamma",FALSE,"M21",25,1,0.999995548562504
"elk-287","gamma",FALSE,"M21",26,1,0.999999399835366
"elk-287","gamma",FALSE,"M21",27,1,0.99999999999303
"elk-287","gamma",FALSE,"M21",28,1,0.999999961267695
"elk-287","gamma",FALSE,"M21",29,1,1
"elk-287","gamma",FALSE,"M21",30,1,1
"elk-287","gamma",FALSE,"M21",31,1,1
"elk-287","gamma",FALSE,"M21",32,1,0.999999279841009
"elk-287","gamma",FALSE,"M21",33,1,0.999998596086117
"elk-287","gamma",FALSE,"M21",34,1,0.999999999922145
"elk-287","gamma",FALSE,"M21",35,1,0.999999503482263
"elk-287","gamma",FALSE,"M21",36,1,0.999999875528141
"elk-287","gamma",FALSE,"M21",37,1,0.999999829376154
"elk-287","gamma",FALSE,"M21",38,1,0.999999898322509
"elk-287","gamma",FALSE,"M21",39,1,0.999999997466665
"elk-287","gamma",FALSE,"M21",40,1,0.999999465095695
"elk-287","gamma",FALSE,"M21",41,1,0.999999213394629
"elk-287","gamma",FALSE,"M21",42,1,0.999999586076426
"elk-287","gamma",FALSE,"M21",43,1,0.999999779234411
"elk-287","gamma",FALSE,"M21",44,1,0.999999848081827
"elk-287","gamma",FALSE,"M21",45,1,0.999999858039152
"elk-287","gamma",FALSE,"M21",46,1,0.999999817999675
"elk-287","gamma",FALSE,"M21",47,1,0.999999866661565
"elk-287","gamma",FALSE,"M21",48,1,0.999999867916638
"elk-287","gamma",FALSE,"M21",49,1,0.999999929147871
"elk-287","gamma",FALSE,"M21",50,1,1
"elk-287","gamma",FALSE,"M21",51,1,0.999999786217324
"elk-287","gamma",FALSE,"M21",52,1,0.999999999999088
"elk-287","gamma",FALSE,"M21",53,1,1
"elk-287","gamma",FALSE,"M21",54,1,0.999999999999999
"elk-287","gamma",FALSE,"M21",55,1,0.9999999214148
"elk-287","gamma",FALSE,"M21",56,1,0.999999842748804
"elk-287","gamma",FALSE,"M21",57,1,0.999999698005458
"elk-287","gamma",FALSE,"M21",58,1,0.999999593930678
"elk-287","gamma",FALSE,"M21",59,1,0.999999487697695
"elk-287","gamma",FALSE,"M21",60,1,0.99999916432336
"elk-287","gamma",FALSE,"M21",61,1,0.99999934977524
"elk-287","gamma",FALSE,"M21",62,1,0.999999385962801
"elk-287","gamma",FALSE,"M21",63,1,0.999999171310315
"elk-287","gamma",FALSE,"M21",64,1,0.999999362120147
"elk-287","gamma",FALSE,"M21",65,1,0.999999473936016
"elk-287","gamma",FALSE,"M21",66,1,0.999999441305561
"elk-287","gamma",FALSE,"M21",67,1,0.999999880582794
"elk-287","gamma",FALSE,"M21",68,1,0.999999827402553
"elk-287","gamma",FALSE,"M21",69,1,0.999999843888662
"elk-287","gamma",FALSE,"M21",70,1,0.999999805039476
"elk-287","gamma",FALSE,"M21",71,1,0.999999999999856
"elk-287","gamma",FALSE,"M21",72,1,0.99999995403608
"elk-287","gamma",FALSE,"M21",73,1,1
"elk-287","gamma",FALSE,"M21",74,1,1
"elk-287","gamma",FALSE,"M21",75,1,0.99999999308522
"elk-287","gamma",FALSE,"M21",76,1,0.999999353832415
"elk-287","gamma",FALSE,"M21",77,1,0.999999999999969
"elk-287","gamma",FALSE,"M21",78,1,0.99999993951271
"elk-287","gamma",FALSE,"M21",79,1,1
"elk-287","gamma",FALSE,"M21",80,1,0.999999877510349
"elk-287","gamma",FALSE,"M21",81,1,0.999999829757848
"elk-287","gamma",FALSE,"M21",82,1,0.999999705755913
"elk-287","gamma",FALSE,"M21",83,1,0.99999942034892
"elk-287","gamma",FALSE,"M21",84,1,0.999998754203493
"elk-287","gamma",FALSE,"M21",85,1,0.999998493665872
"elk-287","gamma",FALSE,"M21",86,1,0.999998937707864
"elk-287","gamma",FALSE,"M21",87,1,0.999999499106773
"elk-287","gamma",FALSE,"M21",88,1,0.999999999999721
"elk-287","gamma",FALSE,"M21",89,1,0.999999999999984
"elk-287","gamma",FALSE,"M21",90,1,0.866039769088686
"elk-287","gamma",FALSE,"M21",91,1,0.610278831449137
"elk-287","gamma",FALSE,"M21",92,2,0.73689218193196
"elk-287","gamma",FALSE,"M21",93,2,0.847713256931417
"elk-287","gamma",FALSE,"M21",94,2,0.932839588735033
"elk-287","gamma",FALSE,"M21",95,2,0.942342604369427
"elk-287","gamma",FALSE,"M21",96,2,0.9604867708478
"elk-287","gamma",FALSE,"M21",97,2,0.990462613630977
"elk-287","gamma",FALSE,"M21",98,2,0.998394024603525
"elk-287","gamma",FALSE,"M21",99,2,0.99912124185799
"elk-287","gamma",FALSE,"M21",100,2,0.999223378766895
"elk-287","gamma",FALSE,"M21",101,2,0.9992618531963
"elk-287","gamma",FALSE,"M21",102,2,0.999285053786793
"elk-287","gamma",FALSE,"M21",103,2,0.999328432007527
"elk-287","gamma",FALSE,"M21",104,2,0.999426115375118
"elk-287","gamma",FALSE,"M21",105,2,0.999655822134896
"elk-287","gamma",FALSE,"M21",106,2,0.999832335545495
"elk-287","gamma",FALSE,"M21",107,2,0.999915325944801
"elk-287","gamma",FALSE,"M21",108,2,0.999979157878041
"elk-287","gamma",FALSE,"M21",109,2,0.999994674661525
"elk-287","gamma",FALSE,"M21",110,2,0.99999755207073
"elk-287","gamma",FALSE,"M21",111,2,0.999999069779
"elk-287","gamma",FALSE,"M21",112,2,0.999999597596752
"elk-287","gamma",FALSE,"M21",113,2,0.999999809754352
"elk-287","gamma",FALSE,"M21",114,2,0.99999991114043
"elk-287","gamma",FALSE,"M21",115,2,0.999999933031831
"elk-287","gamma",FALSE,"M21",116,2,0.999999964987555
"elk-287","gamma",FALSE,"M21",117,2,0.99999996792653
"elk-287","gamma",FALSE,"M21",118,2,0.999999973485402
"elk-287","gamma",FALSE,"M21",119,2,0.999999964601301
"elk-287","gamma",FALSE,"M21",120,2,0.999999984470917
"elk-287","gamma",FALSE,"M21",121,2,0.999999977762709
"elk-287","gamma",FALSE,"M21",122,2,0.999999978256728
"elk-287","gamma",FALSE,"M21",123,2,0.999999931642279
"elk-287","gamma",FALSE,"M21",124,2,0.999999551969101
"elk-287","gamma",FALSE,"M21",125,2,0.999999537137056
"elk-287","gamma",FALSE,"M21",126,2,0.999999882258457
"elk-287","gamma",FALSE,"M21",127,2,0.999999833954614
"elk-287","gamma",FALSE,"M21",128,2,0.999999948134898
"elk-287","gamma",FALSE,"M21",129,2,0.999999947231718
"elk-287","gamma",FALSE,"M21",130,2,0.999999976758325
"elk-287","gamma",FALSE,"M21",131,2,0.999999964420728
"elk-287","gamma",FALSE,"M21",132,2,0.999999817971897
"elk-287","gamma",FALSE,"M21",133,2,0.999999972494454
"elk-287","gamma",FALSE,"M21",134,2,0.999999990594352
"elk-287","gamma",FALSE,"M21",135,2,0.999999992301948
"elk-287","gamma",FALSE,"M21",136,2,0.999999991708357
"elk-287","gamma",FALSE,"M21",137,2,0.999999980841828
"elk-287","gamma",FALSE,"M21",138,2,0.999999895751708
"elk-287","gamma",FALSE,"M21",139,2,0.999999983302367
"elk-287","gamma",FALSE,"M21",140,2,0.999999991795514
"elk-287","gamma",FALSE,"M21",141,2,0.999999988027528
"elk-287","gamma",FALSE,"M21",142,2,0.99999998696582
"elk-287","gamma",FALSE,"M21",143,2,0.999999932988986
"elk-287","gamma",FALSE,"M21",144,2,0.999999628015569
"elk-287","gamma",FALSE,"M21",145,2,0.999999707271611
"elk-287","gamma",FALSE,"M21",146,2,0.999999901096875
"elk-287","gamma",FALSE,"M21",147,2,0.999999910311837
"elk-287","gamma",FALSE,"M21",148,2,0.999999981211498
"elk-287","gamma",FALSE,"M21",149,2,0.999999956268133
"elk-287","gamma",FALSE,"M21",150,2,0.99999957825226
"elk-287","gamma",FALSE,"M21",151,2,0.999999613714518
"elk-287","gamma",FALSE,"M21",152,2,0.999999698325593
"elk-287","gamma",FALSE,"M21",153,2,0.999999504247235
"elk-287","gamma",FALSE,"M21",154,2,0.999999770432501
"elk-287","gamma",FALSE,"M21",155,2,0.999999442877746
"elk-287","gamma",FALSE,"M21",156,2,0.999999488771945
"elk-287","gamma",FALSE,"M21",157,2,0.999999534344694
"elk-287","gamma",FALSE,"M21",158,2,0.999999877189135
"elk-287","gamma",FALSE,"M21",159,2,0.99999974326707
"elk-287","gamma",FALSE,"M21",160,2,0.999999752888669
"elk-287","gamma",FALSE,"M21",161,2,0.999998808963867
"elk-287","gamma",FALSE,"M21",162,2,0.999997557478303
"elk-287","gamma",FALSE,"M21",163,2,0.99998478173938
"elk-287","gamma",FALSE,"H2",1,1,0.999998340828362
"elk-287","gamma",FALSE,"H2",2,1,0.992858420387616
"elk-287","gamma",FALSE,"H2",3,1,0.967729200845727
"elk-287","gamma",FALSE,"H2",4,1,0.815691652582923
"elk-287","gamma",FALSE,"H2",5,2,1
"elk-287","gamma",FALSE,"H2",6,2,0.999999999836377
"elk-287","gamma",FALSE,"H2",7,2,0.999999999999574
"elk-287","gamma",FALSE,"H2",8,2,0.999999999893329
"elk-287","gamma",FALSE,"H2",9,2,0.999975132399066
"elk-287","gamma",FALSE,"H2",10,2,0.999999944018243
"elk-287","gamma",FALSE,"H2",11,1,0.647108963370086
"elk-287","gamma",FALSE,"H2",12,1,0.742803465079441
"elk-287","gamma",FALSE,"H2",13,1,0.657247798220541
"elk-287","gamma",FALSE,"H2",14,2,0.99998993927728
"elk-287","gamma",FALSE,"H2",15,2,0.958332826126705
"elk-287","gamma",FALSE,"H2",16,1,0.761202066761044
"elk-287","gamma",FALSE,"H2",17,1,0.885361015325723
"elk-287","gamma",FALSE,"H2",18,1,0.97741171616448
"elk-287","gamma",FALSE,"H2",19,1,0.992459824721395
"elk-287","gamma",FALSE,"H2",20,1,0.995918977728458
"elk-287","gamma",FALSE,"H2",21,1,0.996360835000453
"elk-287","gamma",FALSE,"H2",22,1,0.995855415002184
"elk-287","gamma",FALSE,"H2",23,1,0.992577417146888
"elk-287","gamma",FALSE,"H2",24,1,0.971278796764667
"elk-287","gamma",FALSE,"H2",25,1,0.840771884700315
"elk-287","gamma",FALSE,"H2",26,2,0.968790476008732
"elk-287","gamma",FALSE,"H2",27,2,0.999999288464126
"elk-287","gamma",FALSE,"H2",28,2,0.924703560287203
"elk-287","gamma",FALSE,"H2",29,2,0.999999999999994
"elk-287","gamma",FALSE,"H2",30,2,1
"elk-287","gamma",FALSE,"H2",31,2,0.999999999980189
"elk-287","gamma",FALSE,"H2",32,2,0.794728977245026
"elk-287","gamma",FALSE,"H2",33,2,0.837217109325589
"elk-287","gamma",FALSE,"H2",34,2,0.999999088483986
"elk-287","gamma",FALSE,"H2",35,2,0.983613455408059
"elk-287","gamma",FALSE,"H2",36,2,0.998103535693342
"elk-287","gamma",FALSE,"H2",37,2,0.980857845917471
"elk-287","gamma",FALSE,"H2",38,2,0.908057276959143
"elk-287","gamma",FALSE,"H2",39,2,0.997428984523237
"elk-287","gamma",FALSE,"H2",40,1,0.659394976164768
"elk-287","gamma",FALSE,"H2",41,1,0.747234757158107
"elk-287","gamma",FALSE,"H2",42,1,0.948092498856524
"elk-287","gamma",FALSE,"H2",43,1,0.982145949648328
"elk-287","gamma",FALSE,"H2",44,1,0.989212830010063
"elk-287","gamma",FALSE,"H2",45,1,0.991535029542214
"elk-287","gamma",FALSE,"H2",46,1,0.993188105199814
"elk-287","gamma",FALSE,"H2",47,1,0.981528569233031
"elk-287","gamma",FALSE,"H2",48,1,0.937673867808922
"elk-287","gamma",FALSE,"H2",49,1,0.660195569218131
"elk-287","gamma",FALSE,"H2",50,2,1
"elk-287","gamma",FALSE,"H2",51,2,0.932698579185549
"elk-287","gamma",FALSE,"H2",52,2,0.999999899403718
"elk-287","gamma",FALSE,"H2",53,2,0.999999999999417
"elk-287","gamma",FALSE,"H2",54,2,0.99999999740604
"elk-287","gamma",FALSE,"H2",55,1,0.655501446908713
"elk-287","gamma",FALSE,"H2",56,1,0.930669308159444
"elk-287","gamma",FALSE,"H2",57,1,0.985507819818167
"elk-287","gamma",FALSE,"H2",58,1,0.99366814667642
"elk-287","gamma",FALSE,"H2",59,1,0.990743177024466
"elk-287","gamma",FALSE,"H2",60,1,0.99531802116627
"elk-287","gamma",FALSE,"H2",61,1,0.996072129720894
"elk-287","gamma",FALSE,"H2",62,1,0.995411204959549
"elk-287","gamma",FALSE,"H2",63,1,0.995720450932582
"elk-287","gamma",FALSE,"H2",64,1,0.993125116196474
"elk-287","gamma",FALSE,"H2",65,1,0.975905444972606
"elk-287","gamma",FALSE,"H2",66,1,0.880256539690086
"elk-287","gamma",FALSE,"H2",67,2,0.662534073077017
"elk-287","gamma",FALSE,"H2",68,2,0.563755105758348
"elk-287","gamma",FALSE,"H2",69,2,0.517534405795643
"elk-287","gamma",FALSE,"H2",70,2,0.870732742217615
"elk-287","gamma",FALSE,"H2",71,2,0.999999874894011
"elk-287","gamma",FALSE,"H2",72,2,0.922623586557401
"elk-287","gamma",FALSE,"H2",73,2,1
"elk-287","gamma",FALSE,"H2",74,2,0.999999999998804
"elk-287","gamma",FALSE,"H2",75,2,0.999824671969809
"elk-287","gamma",FALSE,"H2",76,2,0.950662094569744
"elk-287","gamma",FALSE,"H2",77,2,0.999999995736716
"elk-287","gamma",FALSE,"H2",78,2,0.921795090900222
"elk-287","gamma",FALSE,"H2",79,2,1
"elk-287","gamma",FALSE,"H2",80,1,0.826933387443924
"elk-287","gamma",FALSE,"H2",81,1,0.959811701050271
"elk-287","gamma",FALSE,"H2",82,1,0.988586760277904
"elk-287","gamma",FALSE,"H2",83,1,0.994251218060922
"elk-287","gamma",FALSE,"H2",84,1,0.995331786026471
"elk-287","gamma",FALSE,"H2",85,1,0.991516663560115
"elk-287","gamma",FALSE,"H2",86,1,0.970036006993979
"elk-287","gamma",FALSE,"H2",87,1,0.834912301244521
"elk-287","gamma",FALSE,"H2",88,2,0.999999831051235
"elk-287","gamma",FALSE,"H2",89,2,0.999999999999938
"elk-287","gamma",FALSE,"H2",90,1,0.825725714425944
"elk-287","gamma",FALSE,"H2",91,1,0.967888795569197
"elk-287","gamma",FALSE,"H2",92,1,0.990179007743333
"elk-287","gamma",FALSE,"H2",93,1,0.993529279412967
"elk-287","gamma",FALSE,"H2",94,1,0.985729334557218
"elk-287","gamma",FALSE,"H2",95,1,0.989896989392005
"elk-287","gamma",FALSE,"H2",96,1,0.97392107511425
"elk-287","gamma",FALSE,"H2",97,1,0.987867847692034
"elk-287","gamma",FALSE,"H2",98,1,0.982417260350361
"elk-287","gamma",FALSE,"H2",99,1,0.97962592774808
"elk-287","gamma",FALSE,"H2",100,1,0.99321639909849
"elk-287","gamma",FALSE,"H2",101,1,0.995962729216318
"elk-287","gamma",FALSE,"H2",102,1,0.996375238524134
"elk-287","gamma",FALSE,"H2",103,1,0.996053220370545
"elk-287","gamma",FALSE,"H2",104,1,0.99584686357442
"elk-287","gamma",FALSE,"H2",105,1,0.996272537965871
"elk-287","gamma",FALSE,"H2",106,1,0.995174958050647
"elk-287","gamma",FALSE,"H2",107,1,0.989659980683609
"elk-287","gamma",FALSE,"H2",108,1,0.954992239805062
"elk-287","gamma",FALSE,"H2",109,1,0.955876426686601
"elk-287","gamma",FALSE,"H2",110,1,0.980086322711495
"elk-287","gamma",FALSE,"H2",111,1,0.965633748236414
"elk-287","gamma",FALSE,"H2",112,1,0.864326342580605
"elk-287","gamma",FALSE,"H2",113,1,0.847578899165651
"elk-287","gamma",FALSE,"H2",114,1,0.910905131586554
"elk-287","gamma",FALSE,"H2",115,1,0.872968993630286
"elk-287","gamma",FALSE,"H2",116,1,0.910353827031837
"elk-287","gamma",FALSE,"H2",117,1,0.978333615251488
"elk-287","gamma",FALSE,"H2",118,1,0.991262637773866
"elk-287","gamma",FALSE,"H2",119,1,0.99309462505483
"elk-287","gamma",FALSE,"H2",120,1,0.985716475716712
"elk-287","gamma",FALSE,"H2",121,1,0.9931434488351
"elk-287","gamma",FALSE,"H2",122,1,0.994020477537641
"elk-287","gamma",FALSE,"H2",123,1,0.994470394110439
"elk-287","gamma",FALSE,"H2",124,1,0.996149881577835
"elk-287","gamma",FALSE,"H2",125,1,0.996178443442165
"elk-287","gamma",FALSE,"H2",126,1,0.994673802853433
"elk-287","gamma",FALSE,"H2",127,1,0.996060993154412
"elk-287","gamma",FALSE,"H2",128,1,0.99459902632792
"elk-287","gamma",FALSE,"H2",129,1,0.992405511964033
"elk-287","gamma",FALSE,"H2",130,1,0.976387161837908
"elk-287","gamma",FALSE,"H2",131,1,0.976880204020008
"elk-287","gamma",FALSE,"H2",132,1,0.989260452956136
"elk-287","gamma",FALSE,"H2",133,1,0.981750524343569
"elk-287","gamma",FALSE,"H2",134,1,0.982877068063935
"elk-287","gamma",FALSE,"H2",135,1,0.987108717554694
"elk-287","gamma",FALSE,"H2",136,1,0.984428768605684
"elk-287","gamma",FALSE,"H2",137,1,0.98412541719687
"elk-287","gamma",FALSE,"H2",138,1,0.993714032295812
"elk-287","gamma",FALSE,"H2",139,1,0.991846513799732
"elk-287","gamma",FALSE,"H2",140,1,0.98953099864055
"elk-287","gamma",FALSE,"H2",141,1,0.992733636019124
"elk-287","gamma",FALSE,"H2",142,1,0.992511150273826
"elk-287","gamma",FALSE,"H2",143,1,0.994485084414713
"elk-287","gamma",FALSE,"H2",144,1,0.995984384902792
"elk-287","gamma",FALSE,"H2",145,1,0.996403112315804
"elk-287","gamma",FALSE,"H2",146,1,0.995505959533667
"elk-287","gamma",FALSE,"H2",147,1,0.995539848037079
"elk-287","gamma",FALSE,"H2",148,1,0.991639621983079
"elk-287","gamma",FALSE,"H2",149,1,0.991273788194605
"elk-287","gamma",FALSE,"H2",150,1,0.995408896755747
"elk-287","gamma",FALSE,"H2",151,1,0.996262214717611
"elk-287","gamma",FALSE,"H2",152,1,0.995554566571384
"elk-287","gamma",FALSE,"H2",153,1,0.994508928291496
"elk-287","gamma",FALSE,"H2",154,1,0.989691067378361
"elk-287","gamma",FALSE,"H2",155,1,0.995388437424173
"elk-287","gamma",FALSE,"H2",156,1,0.996290311873311
"elk-287","gamma",FALSE,"H2",157,1,0.995959201984782
"elk-287","gamma",FALSE,"H2",158,1,0.992512197727224
"elk-287","gamma",FALSE,"H2",159,1,0.994704287024191
"elk-287","gamma",FALSE,"H2",160,1,0.989035675264607
"elk-287","gamma",FALSE,"H2",161,1,0.99247255123152
"elk-287","gamma",FALSE,"H2",162,1,0.981783503534918
"elk-287","gamma",FALSE,"H2",163,1,0.977190031056304
"elk-287","gamma",FALSE,"H3",1,1,0.999914265936617
"elk-287","gamma",FALSE,"H3",2,1,0.980495939748898
"elk-287","gamma",FALSE,"H3",3,1,0.992302563741115
"elk-287","gamma",FALSE,"H3",4,1,0.972200094277153
"elk-287","gamma",FALSE,"H3",5,3,1
"elk-287","gamma",FALSE,"H3",6,3,1
"elk-287","gamma",FALSE,"H3",7,3,1
"elk-287","gamma",FALSE,"H3",8,3,1
"elk-287","gamma",FALSE,"H3",9,3,0.999999999999852
"elk-287","gamma",FALSE,"H3",10,3,1
"elk-287","gamma",FALSE,"H3",11,1,0.971743706629881
"elk-287","gamma",FALSE,"H3",12,1,0.993130135903267
"elk-287","gamma",FALSE,"H3",13,1,0.941977435807185
"elk-287","gamma",FALSE,"H3",14,3,0.999999999887083
"elk-287","gamma",FALSE,"H3",15,3,0.999999998911237
"elk-287","gamma",FALSE,"H3",16,3,0.514050111942074
"elk-287","gamma",FALSE,"H3",17,3,0.98610422853054
"elk-287","gamma",FALSE,"H3",18,1,0.963454560345846
"elk-287","gamma",FALSE,"H3",19,1,0.944854012682345
"elk-287","gamma",FALSE,"H3",20,1,0.992198365179415
"elk-287","gamma",FALSE,"H3",21,1,0.983543791247912
"elk-287","gamma",FALSE,"H3",22,1,0.981446597917057
"elk-287","gamma",FALSE,"H3",23,1,0.990639278647029
"elk-287","gamma",FALSE,"H3",24,1,0.992040426937032
"elk-287","gamma",FALSE,"H3",25,1,0.952598466045371
"elk-287","gamma",FALSE,"H3",26,3,0.999999691799644
"elk-287","gamma",FALSE,"H3",27,3,0.999999999996432
"elk-287","gamma",FALSE,"H3",28,1,0.848113983071787
"elk-287","gamma",FALSE,"H3",29,3,1
"elk-287","gamma",FALSE,"H3",30,3,1
"elk-287","gamma",FALSE,"H3",31,3,1
"elk-287","gamma",FALSE,"H3",32,1,0.786629209846132
"elk-287","gamma",FALSE,"H3",33,3,0.978927236329181
"elk-287","gamma",FALSE,"H3",34,3,0.999999999962467
"elk-287","gamma",FALSE,"H3",35,3,0.999823284546497
"elk-287","gamma",FALSE,"H3",36,3,0.999999999957175
"elk-287","gamma",FALSE,"H3",37,3,0.999999755684555
"elk-287","gamma",FALSE,"H3",38,1,0.848114013212192
"elk-287","gamma",FALSE,"H3",39,3,0.999999996829185
"elk-287","gamma",FALSE,"H3",40,1,0.696424012182261
"elk-287","gamma",FALSE,"H3",41,3,0.99984532951231
"elk-287","gamma",FALSE,"H3",42,1,0.971768226230006
"elk-287","gamma",FALSE,"H3",43,1,0.993317661622772
"elk-287","gamma",FALSE,"H3",44,1,0.9922835899594
"elk-287","gamma",FALSE,"H3",45,1,0.99223968818552
"elk-287","gamma",FALSE,"H3",46,1,0.99198246752421
"elk-287","gamma",FALSE,"H3",47,1,0.99384507465896
"elk-287","gamma",FALSE,"H3",48,1,0.991532131466513
"elk-287","gamma",FALSE,"H3",49,1,0.931489149522869
"elk-287","gamma",FALSE,"H3",50,3,1
"elk-287","gamma",FALSE,"H3",51,3,0.587217808599416
"elk-287","gamma",FALSE,"H3",52,3,0.999999999999555
"elk-287","gamma",FALSE,"H3",53,3,1
"elk-287","gamma",FALSE,"H3",54,3,1
"elk-287","gamma",FALSE,"H3",55,1,0.931913929041855
"elk-287","gamma",FALSE,"H3",56,1,0.993426852214898
"elk-287","gamma",FALSE,"H3",57,1,0.992722115744773
"elk-287","gamma",FALSE,"H3",58,1,0.993099797430649
"elk-287","gamma",FALSE,"H3",59,1,0.985873059442218
"elk-287","gamma",FALSE,"H3",60,1,0.973559793971453
"elk-287","gamma",FALSE,"H3",61,1,0.994125203336547
"elk-287","gamma",FALSE,"H3",62,1,0.994293821059217
"elk-287","gamma",FALSE,"H3",63,1,0.980124580394138
"elk-287","gamma",FALSE,"H3",64,1,0.993447339646637
"elk-287","gamma",FALSE,"H3",65,1,0.991976334742669
"elk-287","gamma",FALSE,"H3",66,1,0.87185438544602
"elk-287","gamma",FALSE,"H3",67,3,0.999999747095031
"elk-287","gamma",FALSE,"H3",68,1,0.956968470165328
"elk-287","gamma",FALSE,"H3",69,1,0.966479442366917
"elk-287","gamma",FALSE,"H3",70,3,0.999996996166575
"elk-287","gamma",FALSE,"H3",71,3,0.999999999999618
"elk-287","gamma",FALSE,"H3",72,1,0.827737871448382
"elk-287","gamma",FALSE,"H3",73,3,1
"elk-287","gamma",FALSE,"H3",74,3,1
"elk-287","gamma",FALSE,"H3",75,3,0.999999999997741
"elk-287","gamma",FALSE,"H3",76,3,0.917496742799029
"elk-287","gamma",FALSE,"H3",77,3,0.999999999999998
"elk-287","gamma",FALSE,"H3",78,1,0.783027055521229
"elk-287","gamma",FALSE,"H3",79,3,1
"elk-287","gamma",FALSE,"H3",80,1,0.960997774100787
"elk-287","gamma",FALSE,"H3",81,1,0.993855359072127
"elk-287","gamma",FALSE,"H3",82,1,0.994898245197783
"elk-287","gamma",FALSE,"H3",83,1,0.994653170319225
"elk-287","gamma",FALSE,"H3",84,1,0.982884923436544
"elk-287","gamma",FALSE,"H3",85,1,0.968791961935048
"elk-287","gamma",FALSE,"H3",86,1,0.987554268061347
"elk-287","gamma",FALSE,"H3",87,1,0.9600688573992
"elk-287","gamma",FALSE,"H3",88,3,0.999999999999224
"elk-287","gamma",FALSE,"H3",89,3,1
"elk-287","gamma",FALSE,"H3",90,1,0.97816178168031
"elk-287","gamma",FALSE,"H3",91,1,0.747760271986693
"elk-287","gamma",FALSE,"H3",92,2,0.686737419164741
"elk-287","gamma",FALSE,"H3",93,2,0.823304421764054
"elk-287","gamma",FALSE,"H3",94,2,0.950418203600387
"elk-287","gamma",FALSE,"H3",95,2,0.95067324692562
"elk-287","gamma",FALSE,"H3",96,2,0.965100661483614
"elk-287","gamma",FALSE,"H3",97,2,0.991236959483351
"elk-287","gamma",FALSE,"H3",98,2,0.997912288497401
"elk-287","gamma",FALSE,"H3",99,2,0.997946487273078
"elk-287","gamma",FALSE,"H3",100,2,0.997946184098775
"elk-287","gamma",FALSE,"H3",101,2,0.997980271632418
"elk-287","gamma",FALSE,"H3",102,2,0.998008746409598
"elk-287","gamma",FALSE,"H3",103,2,0.9980776428713
"elk-287","gamma",FALSE,"H3",104,2,0.998278949860106
"elk-287","gamma",FALSE,"H3",105,2,0.998899135923504
"elk-287","gamma",FALSE,"H3",106,2,0.999454461767699
"elk-287","gamma",FALSE,"H3",107,2,0.999735692309186
"elk-287","gamma",FALSE,"H3",108,2,0.999992929759706
"elk-287","gamma",FALSE,"H3",109,2,0.999992944989336
"elk-287","gamma",FALSE,"H3",110,2,0.99999294149889
"elk-287","gamma",FALSE,"H3",111,2,0.999997942789356
"elk-287","gamma",FALSE,"H3",112,2,0.99999990654469
"elk-287","gamma",FALSE,"H3",113,2,0.999999888372479
"elk-287","gamma",FALSE,"H3",114,2,0.999999883492719
"elk-287","gamma",FALSE,"H3",115,2,0.999999984970201
"elk-287","gamma",FALSE,"H3",116,2,0.999999973687945
"elk-287","gamma",FALSE,"H3",117,2,0.99999996738041
"elk-287","gamma",FALSE,"H3",118,2,0.999999985035879
"elk-287","gamma",FALSE,"H3",119,2,0.999999987919802
"elk-287","gamma",FALSE,"H3",120,2,0.99999999406894
"elk-287","gamma",FALSE,"H3",121,2,0.999999988339847
"elk-287","gamma",FALSE,"H3",122,2,0.999999980441129
"elk-287","gamma",FALSE,"H3",123,2,0.999999902298936
"elk-287","gamma",FALSE,"H3",124,2,0.999999756841431
"elk-287","gamma",FALSE,"H3",125,2,0.999999773135267
"elk-287","gamma",FALSE,"H3",126,2,0.999999944168878
"elk-287","gamma",FALSE,"H3",127,2,0.999999930094564
"elk-287","gamma",FALSE,"H3",128,2,0.999999980630048
"elk-287","gamma",FALSE,"H3",129,2,0.999999982574029
"elk-287","gamma",FALSE,"H3",130,2,0.999999980632281
"elk-287","gamma",FALSE,"H3",131,2,0.999999923069567
"elk-287","gamma",FALSE,"H3",132,2,0.999999881093214
"elk-287","gamma",FALSE,"H3",133,2,0.999999999352444
"elk-287","gamma",FALSE,"H3",134,2,0.999999998964707
"elk-287","gamma",FALSE,"H3",135,2,0.999999997967885
"elk-287","gamma",FALSE,"H3",136,2,0.999999993907982
"elk-287","gamma",FALSE,"H3",137,2,0.999999964954137
"elk-287","gamma",FALSE,"H3",138,2,0.999999939915789
"elk-287","gamma",FALSE,"H3",139,2,0.999999996621438
"elk-287","gamma",FALSE,"H3",140,2,0.99999999786914
"elk-287","gamma",FALSE,"H3",141,2,0.999999994696189
"elk-287","gamma",FALSE,"H3",142,2,0.999999981742896
"elk-287","gamma",FALSE,"H3",143,2,0.999999918833769
"elk-287","gamma",FALSE,"H3",144,2,0.999999809902453
"elk-287","gamma",FALSE,"H3",145,2,0.999999858437949
"elk-287","gamma",FALSE,"H3",146,2,0.999999955067098
"elk-287","gamma",FALSE,"H3",147,2,0.999999963949118
"elk-287","gamma",FALSE,"H3",148,2,0.999999981641483
"elk-287","gamma",FALSE,"H3",149,2,0.999999882202558
"elk-287","gamma",FALSE,"H3",150,2,0.999999741652856
"elk-287","gamma",FALSE,"H3",151,2,0.999999781059117
"elk-287","gamma",FALSE,"H3",152,2,0.999999826362791
"elk-287","gamma",FALSE,"H3",153,2,0.999999780411977
"elk-287","gamma",FALSE,"H3",154,2,0.999999810009861
"elk-287","gamma",FALSE,"H3",155,2,0.999999674048339
"elk-287","gamma",FALSE,"H3",156,2,0.99999971419298
"elk-287","gamma",FALSE,"H3",157,2,0.99999977017684
"elk-287","gamma",FALSE,"H3",158,2,0.999999960883006
"elk-287","gamma",FALSE,"H3",159,2,0.999999931669631
"elk-287","gamma",FALSE,"H3",160,2,0.999999859361553
"elk-287","gamma",FALSE,"H3",161,2,0.999999599944799
"elk-287","gamma",FALSE,"H3",162,2,0.999997089553639
"elk-287","gamma",FALSE,"H3",163,2,0.999994207081038
"elk-363","gamma",FALSE,"M21",1,1,1
"elk-363","gamma",FALSE,"M21",2,1,1
"elk-363","gamma",FALSE,"M21",3,1,1
"elk-363","gamma",FALSE,"M21",4,1,1
"elk-363","gamma",FALSE,"M21",5,1,1
"elk-363","gamma",FALSE,"M21",6,1,1
"elk-363","gamma",FALSE,"M21",7,1,1
"elk-363","gamma",FALSE,"M21",8,1,1
"elk-363","gamma",FALSE,"M21",9,1,1
"elk-363","gamma",FALSE,"M21",10,1,1
"elk-363","gamma",FALSE,"M21",11,1,1
"elk-363","gamma",FALSE,"M21",12,1,1
"elk-363","gamma",FALSE,"M21",13,1,1
"elk-363","gamma",FALSE,"M21",14,1,1
"elk-363","gamma",FALSE,"M21",15,1,1
"elk-363","gamma",FALSE,"M21",16,1,1
"elk-363","gamma",FALSE,"M21",17,1,0.999999999999212
"elk-363","gamma",FALSE,"M21",18,1,1
"elk-363","gamma",FALSE,"M21",19,1,1
"elk-363","gamma",FALSE,"M21",20,1,1
"elk-363","gamma",FALSE,"M21",21,1,1
"elk-363","gamma",FALSE,"M21",22,1,1
"elk-363","gamma",FALSE,"M21",23,1,1
"elk-363","gamma",FALSE,"M21",24,1,1
"elk-363","gamma",FALSE,"M21",25,1,1
"elk-363","gamma",FALSE,"M21",26,1,1
"elk-363","gamma",FALSE,"M21",27,1,1
"elk-363","gamma",FALSE,"M21",28,1,1
"elk-363","gamma",FALSE,"M21",29,1,1
"elk-363","gamma",FALSE,"M21",30,1,1
"elk-363","gamma",FALSE,"M21",31,1,1
"elk-363","gamma",FALSE,"M21",32,1,1
"elk-363","gamma",FALSE,"M21",33,1,1
"elk-363","gamma",FALSE,"M21",34,1,1
"elk-363","gamma",FALSE,"M21",35,1,1
"elk-363","gamma",FALSE,"M21",36,1,1
"elk-363","gamma",FALSE,"M21",37,1,1
"elk-363","gamma",FALSE,"M21",38,1,1
"elk-363","gamma",FALSE,"M21",39,1,1
"elk-363","gamma",FALSE,"M21",40,1,0.999999999999212
"elk-363","gamma",FALSE,"M21",41,1,1
"elk-363","gamma",FALSE,"M21",42,1,1
"elk-363","gamma",FALSE,"M21",43,1,1
"elk-363","gamma",FALSE,"M21",44,1,1
"elk-363","gamma",FALSE,"M21",45,1,1
"elk-363","gamma",FALSE,"M21",46,1,0.999999999997405
"elk-363","gamma",FALSE,"M21",47,1,0.999999931243443
"elk-363","gamma",FALSE,"M21",48,1,0.999999999999634
"elk-363","gamma",FALSE,"M21",49,1,1
"elk-363","gamma",FALSE,"M21",50,1,1
"elk-363","gamma",FALSE,"M21",51,1,1
"elk-363","gamma",FALSE,"M21",52,1,1
"elk-363","gamma",FALSE,"M21",53,1,0.999999999999889
"elk-363","gamma",FALSE,"M21",54,1,1
"elk-363","gamma",FALSE,"M21",55,1,1
"elk-363","gamma",FALSE,"M21",56,1,1
"elk-363","gamma",FALSE,"M21",57,1,1
"elk-363","gamma",FALSE,"M21",58,1,1
"elk-363","gamma",FALSE,"M21",59,1,1
"elk-363","gamma",FALSE,"M21",60,1,1
"elk-363","gamma",FALSE,"M21",61,1,1
"elk-363","gamma",FALSE,"M21",62,1,1
"elk-363","gamma",FALSE,"M21",63,1,1
"elk-363","gamma",FALSE,"M21",64,1,1
"elk-363","gamma",FALSE,"M21",65,1,1
"elk-363","gamma",FALSE,"M21",66,1,1
"elk-363","gamma",FALSE,"M21",67,1,1
"elk-363","gamma",FALSE,"M21",68,1,1
"elk-363","gamma",FALSE,"M21",69,1,1
"elk-363","gamma",FALSE,"M21",70,1,1
"elk-363","gamma",FALSE,"M21",71,1,0.999999999999984
"elk-363","gamma",FALSE,"M21",72,1,1
"elk-363","gamma",FALSE,"M21",73,1,1
"elk-363","gamma",FALSE,"M21",74,1,0.999999999999212
"elk-363","gamma",FALSE,"M21",75,1,1
"elk-363","gamma",FALSE,"M21",76,1,1
"elk-363","gamma",FALSE,"M21",77,1,1
"elk-363","gamma",FALSE,"M21",78,1,1
"elk-363","gamma",FALSE,"M21",79,1,1
"elk-363","gamma",FALSE,"M21",80,1,1
"elk-363","gamma",FALSE,"M21",81,1,1
"elk-363","gamma",FALSE,"M21",82,1,1
"elk-363","gamma",FALSE,"M21",83,1,1
"elk-363","gamma",FALSE,"M21",84,1,1
"elk-363","gamma",FALSE,"M21",85,1,1
"elk-363","gamma",FALSE,"M21",86,1,1
"elk-363","gamma",FALSE,"M21",87,1,1
"elk-363","gamma",FALSE,"M21",88,1,1
"elk-363","gamma",FALSE,"M21",89,1,0.999999931245505
"elk-363","gamma",FALSE,"M21",90,1,1
"elk-363","gamma",FALSE,"M21",91,1,1
"elk-363","gamma",FALSE,"M21",92,1,1
"elk-363","gamma",FALSE,"M21",93,1,1
"elk-363","gamma",FALSE,"M21",94,1,1
"elk-363","gamma",FALSE,"M21",95,1,1
"elk-363","gamma",FALSE,"M21",96,1,1
"elk-363","gamma",FALSE,"M21",97,1,1
"elk-363","gamma",FALSE,"M21",98,1,1
"elk-363","gamma",FALSE,"M21",99,1,1
"elk-363","gamma",FALSE,"M21",100,1,0.999999999737935
"elk-363","gamma",FALSE,"M21",101,1,1
"elk-363","gamma",FALSE,"M21",102,1,1
"elk-363","gamma",FALSE,"M21",103,1,1
"elk-363","gamma",FALSE,"M21",104,1,1
"elk-363","gamma",FALSE,"M21",105,1,1
"elk-363","gamma",FALSE,"M21",106,1,1
"elk-363","gamma",FALSE,"M21",107,1,1
"elk-363","gamma",FALSE,"M21",108,1,1
"elk-363","gamma",FALSE,"M21",109,1,1
"elk-363","gamma",FALSE,"M21",110,1,1
"elk-363","gamma",FALSE,"M21",111,1,1
"elk-363","gamma",FALSE,"M21",112,1,1
"elk-363","gamma",FALSE,"M21",113,1,0.999999999999984
"elk-363","gamma",FALSE,"M21",114,1,1
"elk-363","gamma",FALSE,"M21",115,1,1
"elk-363","gamma",FALSE,"M21",116,1,1
"elk-363","gamma",FALSE,"M21",117,1,1
"elk-363","gamma",FALSE,"M21",118,1,1
"elk-363","gamma",FALSE,"M21",119,1,1
"elk-363","gamma",FALSE,"M21",120,1,1
"elk-363","gamma",FALSE,"M21",121,1,1
"elk-363","gamma",FALSE,"M21",122,1,1
"elk-363","gamma",FALSE,"M21",123,1,1
"elk-363","gamma",FALSE,"M21",124,1,1
"elk-363","gamma",FALSE,"M21",125,1,1
"elk-363","gamma",FALSE,"M21",126,1,1
"elk-363","gamma",FALSE,"M21",127,1,1
"elk-363","gamma",FALSE,"M21",128,1,1
"elk-363","gamma",FALSE,"M21",129,1,1
"elk-363","gamma",FALSE,"M21",130,1,1
"elk-363","gamma",FALSE,"M21",131,1,1
"elk-363","gamma",FALSE,"M21",132,1,1
"elk-363","gamma",FALSE,"M21",133,1,1
"elk-363","gamma",FALSE,"M21",134,1,1
"elk-363","gamma",FALSE,"M21",135,1,1
"elk-363","gamma",FALSE,"M21",136,1,1
"elk-363","gamma",FALSE,"M21",137,1,1
"elk-363","gamma",FALSE,"M21",138,1,1
"elk-363","gamma",FALSE,"M21",139,1,0.999999931245505
"elk-363","gamma",FALSE,"M21",140,1,1
"elk-363","gamma",FALSE,"M21",141,1,1
"elk-363","gamma",FALSE,"M21",142,1,0.999999481873217
"elk-363","gamma",FALSE,"M21",143,1,0.99999984710818
"elk-363","gamma",FALSE,"M21",144,1,1
"elk-363","gamma",FALSE,"M21",145,1,0.999999999999998
"elk-363","gamma",FALSE,"M21",146,1,1
"elk-363","gamma",FALSE,"M21",147,1,1
"elk-363","gamma",FALSE,"M21",148,1,0.999999998251806
"elk-363","gamma",FALSE,"M21",149,1,1
"elk-363","gamma",FALSE,"M21",150,1,0.999999623492209
"elk-363","gamma",FALSE,"M21",151,1,1
"elk-363","gamma",FALSE,"M21",152,1,1
"elk-363","gamma",FALSE,"M21",153,1,1
"elk-363","gamma",FALSE,"M21",154,1,1
"elk-363","gamma",FALSE,"M21",155,1,0.999999999999889
"elk-363","gamma",FALSE,"M21",156,1,1
"elk-363","gamma",FALSE,"M21",157,1,1
"elk-363","gamma",FALSE,"M21",158,1,0.999999999737935
"elk-363","gamma",FALSE,"M21",159,1,1
"elk-363","gamma",FALSE,"M21",160,1,0.999999999999984
"elk-363","gamma",FALSE,"M21",161,1,1
"elk-363","gamma",FALSE,"M21",162,1,1
"elk-363","gamma",FALSE,"M21",163,1,1
"elk-363","gamma",FALSE,"M21",164,1,1
"elk-363","gamma",FALSE,"M21",165,1,1
"elk-363","gamma",FALSE,"M21",166,1,0.999999997594242
"elk-363","gamma",FALSE,"M21",167,1,0.999999988069661
"elk-363","gamma",FALSE,"M21",168,1,1
"elk-363","gamma",FALSE,"M21",169,1,1
"elk-363","gamma",FALSE,"M21",170,1,1
"elk-363","gamma",FALSE,"M21",171,1,1
"elk-363","gamma",FALSE,"M21",172,1,0.999998045822562
"elk-363","gamma",FALSE,"M21",173,1,0.999999999992644
"elk-363","gamma",FALSE,"M21",174,1,0.999999999997404
"elk-363","gamma",FALSE,"M21",175,1,0.999999931243697
"elk-363","gamma",FALSE,"M21",176,1,1
"elk-363","gamma",FALSE,"M21",177,1,1
"elk-363","gamma",FALSE,"M21",178,1,0.999999999999889
"elk-363","gamma",FALSE,"M21",179,1,0.999999999999889
"elk-363","gamma",FALSE,"M21",180,1,1
"elk-363","gamma",FALSE,"M21",181,1,0.999999999999882
"elk-363","gamma",FALSE,"M21",182,1,0.999999998251799
"elk-363","gamma",FALSE,"M21",183,1,1
"elk-363","gamma",FALSE,"M21",184,1,1
"elk-363","gamma",FALSE,"M21",185,1,1
"elk-363","gamma",FALSE,"M21",186,1,1
"elk-363","gamma",FALSE,"M21",187,1,0.999999623492182
"elk-363","gamma",FALSE,"M21",188,1,0.999999999999971
"elk-363","gamma",FALSE,"M21",189,1,1
"elk-363","gamma",FALSE,"M21",190,1,1
"elk-363","gamma",FALSE,"M21",191,1,1
"elk-363","gamma",FALSE,"M21",192,1,1
"elk-363","gamma",FALSE,"M21",193,1,0.999999999999998
"elk-363","gamma",FALSE,"M21",194,1,0.999999999999984
"elk-363","gamma",FALSE,"M21",195,1,1
"elk-363","gamma",FALSE,"M21",196,1,0.999999999999999
"elk-363","gamma",FALSE,"M21",197,1,0.999999931243681
"elk-363","gamma",FALSE,"M21",198,1,0.999999999997382
"elk-363","gamma",FALSE,"M21",199,1,0.999999999737913
"elk-363","gamma",FALSE,"M21",200,1,1
"elk-363","gamma",FALSE,"M21",201,1,1
"elk-363","gamma",FALSE,"M21",202,1,0.999999999999887
"elk-363","gamma",FALSE,"M21",203,1,0.999998468066016
"elk-363","gamma",FALSE,"M21",204,1,1
"elk-363","gamma",FALSE,"M21",205,1,1
"elk-363","gamma",FALSE,"M21",206,1,1
"elk-363","gamma",FALSE,"M21",207,2,0.984598617096883
"elk-363","gamma",FALSE,"M21",208,2,0.999698690586365
"elk-363","gamma",FALSE,"M21",209,2,0.999994098042068
"elk-363","gamma",FALSE,"M21",210,2,0.999999877154754
"elk-363","gamma",FALSE,"M21",211,2,0.999999988389318
"elk-363","gamma",FALSE,"M21",212,2,0.999999999355105
"elk-363","gamma",FALSE,"M21",213,2,0.999999999521027
"elk-363","gamma",FALSE,"M21",214,2,0.999999999376727
"elk-363","gamma",FALSE,"M21",215,2,0.99999999857393
"elk-363","gamma",FALSE,"M21",216,2,0.999999957666715
"elk-363","gamma",FALSE,"M21",217,2,0.999999468642916
"elk-363","gamma",FALSE,"H2",1,1,0.999998404804321
"elk-363","gamma",FALSE,"H2",2,1,0.926219386581375
"elk-363","gamma",FALSE,"H2",3,1,0.780434603459137
"elk-363","gamma",FALSE,"H2",4,2,0.82608139715145
"elk-363","gamma",FALSE,"H2",5,2,0.504050691353437
"elk-363","gamma",FALSE,"H2",6,2,0.692231345885562
"elk-363","gamma",FALSE,"H2",7,1,0.727335016774792
"elk-363","gamma",FALSE,"H2",8,1,0.874488416755703
"elk-363","gamma",FALSE,"H2",9,1,0.866761113224522
"elk-363","gamma",FALSE,"H2",10,1,0.681515302184483
"elk-363","gamma",FALSE,"H2",11,1,0.623838811153464
"elk-363","gamma",FALSE,"H2",12,2,0.953350155682576
"elk-363","gamma",FALSE,"H2",13,1,0.531710558302067
"elk-363","gamma",FALSE,"H2",14,1,0.646963418076232
"elk-363","gamma",FALSE,"H2",15,1,0.741983350043464
"elk-363","gamma",FALSE,"H2",16,1,0.706459808527119
"elk-363","gamma",FALSE,"H2",17,1,0.695478722552937
"elk-363","gamma",FALSE,"H2",18,1,0.567305494488343
"elk-363","gamma",FALSE,"H2",19,1,0.593666361915136
"elk-363","gamma",FALSE,"H2",20,1,0.682815715044729
"elk-363","gamma",FALSE,"H2",21,1,0.747525148731742
"elk-363","gamma",FALSE,"H2",22,1,0.812484015334115
"elk-363","gamma",FALSE,"H2",23,1,0.796924452418036
"elk-363","gamma",FALSE,"H2",24,1,0.802575501412295
"elk-363","gamma",FALSE,"H2",25,1,0.850700861934071
"elk-363","gamma",FALSE,"H2",26,1,0.832785283093061
"elk-363","gamma",FALSE,"H2",27,1,0.793473582425832
"elk-363","gamma",FALSE,"H2",28,1,0.546540881279954
"elk-363","gamma",FALSE,"H2",29,1,0.56589240250704
"elk-363","gamma",FALSE,"H2",30,1,0.694869971396905
"elk-363","gamma",FALSE,"H2",31,1,0.721304236139042
"elk-363","gamma",FALSE,"H2",32,1,0.636523417197851
"elk-363","gamma",FALSE,"H2",33,2,0.999999999516751
"elk-363","gamma",FALSE,"H2",34,2,0.729523595830425
"elk-363","gamma",FALSE,"H2",35,2,0.999999999764984
"elk-363","gamma",FALSE,"H2",36,2,0.552968120819573
"elk-363","gamma",FALSE,"H2",37,2,0.638881461978621
"elk-363","gamma",FALSE,"H2",38,2,0.999885678985845
"elk-363","gamma",FALSE,"H2",39,2,0.768620659937653
"elk-363","gamma",FALSE,"H2",40,2,0.661546884859449
"elk-363","gamma",FALSE,"H2",41,2,0.999990255214375
"elk-363","gamma",FALSE,"H2",42,2,0.731962255772936
"elk-363","gamma",FALSE,"H2",43,2,0.993064841170464
"elk-363","gamma",FALSE,"H2",44,2,0.99920942105788
"elk-363","gamma",FALSE,"H2",45,1,0.675171667680291
"elk-363","gamma",FALSE,"H2",46,1,0.794126893129662
"elk-363","gamma",FALSE,"H2",47,1,0.771414582032639
"elk-363","gamma",FALSE,"H2",48,1,0.879442355825376
"elk-363","gamma",FALSE,"H2",49,1,0.924080708429653
"elk-363","gamma",FALSE,"H2",50,1,0.929325864726311
"elk-363","gamma",FALSE,"H2",51,1,0.914880766002427
"elk-363","gamma",FALSE,"H2",52,1,0.934367032152302
"elk-363","gamma",FALSE,"H2",53,1,0.926684529257459
"elk-363","gamma",FALSE,"H2",54,1,0.941000666331102
"elk-363","gamma",FALSE,"H2",55,1,0.939605162563135
"elk-363","gamma",FALSE,"H2",56,1,0.920933365836354
"elk-363","gamma",FALSE,"H2",57,1,0.849746471187291
"elk-363","gamma",FALSE,"H2",58,1,0.769220485743323
"elk-363","gamma",FALSE,"H2",59,1,0.664644918473109
"elk-363","gamma",FALSE,"H2",60,1,0.755873832957484
"elk-363","gamma",FALSE,"H2",61,1,0.575779603552498
"elk-363","gamma",FALSE,"H2",62,2,0.997578821671459
"elk-363","gamma",FALSE,"H2",63,2,0.562012525376033
"elk-363","gamma",FALSE,"H2",64,2,0.501556441357716
"elk-363","gamma",FALSE,"H2",65,2,0.999995669244596
"elk-363","gamma",FALSE,"H2",66,2,0.999999187655413
"elk-363","gamma",FALSE,"H2",67,2,0.999999999970148
"elk-363","gamma",FALSE,"H2",68,2,0.999999994889499
"elk-363","gamma",FALSE,"H2",69,1,0.709997450132185
"elk-363","gamma",FALSE,"H2",70,1,0.879428037111127
"elk-363","gamma",FALSE,"H2",71,1,0.910745021404359
"elk-363","gamma",FALSE,"H2",72,1,0.921741871863285
"elk-363","gamma",FALSE,"H2",73,1,0.878570803379406
"elk-363","gamma",FALSE,"H2",74,1,0.904806348433104
"elk-363","gamma",FALSE,"H2",75,1,0.930975915901044
"elk-363","gamma",FALSE,"H2",76,1,0.916738354156322
"elk-363","gamma",FALSE,"H2",77,1,0.861464075933702
"elk-363","gamma",FALSE,"H2",78,1,0.926347390273954
"elk-363","gamma",FALSE,"H2",79,1,0.936980790126384
"elk-363","gamma",FALSE,"H2",80,1,0.93816089647919
"elk-363","gamma",FALSE,"H2",81,1,0.919563874157246
"elk-363","gamma",FALSE,"H2",82,1,0.936898962847892
"elk-363","gamma",FALSE,"H2",83,1,0.928036524989955
"elk-363","gamma",FALSE,"H2",84,1,0.87069165085213
"elk-363","gamma",FALSE,"H2",85,1,0.918376257103201
"elk-363","gamma",FALSE,"H2",86,1,0.900870265988579
"elk-363","gamma",FALSE,"H2",87,1,0.770669720804546
"elk-363","gamma",FALSE,"H2",88,1,0.712482716244561
"elk-363","gamma",FALSE,"H2",89,1,0.723171430082837
"elk-363","gamma",FALSE,"H2",90,1,0.837900226373914
"elk-363","gamma",FALSE,"H2",91,1,0.905360667696235
"elk-363","gamma",FALSE,"H2",92,1,0.891841664729154
"elk-363","gamma",FALSE,"H2",93,1,0.854226438301292
"elk-363","gamma",FALSE,"H2",94,1,0.663084334512016
"elk-363","gamma",FALSE,"H2",95,1,0.504358081680316
"elk-363","gamma",FALSE,"H2",96,1,0.824372499534207
"elk-363","gamma",FALSE,"H2",97,1,0.918069276468874
"elk-363","gamma",FALSE,"H2",98,1,0.936152841767348
"elk-363","gamma",FALSE,"H2",99,1,0.932876037750331
"elk-363","gamma",FALSE,"H2",100,1,0.892622114972379
"elk-363","gamma",FALSE,"H2",101,1,0.909117432088498
"elk-363","gamma",FALSE,"H2",102,1,0.858108624259776
"elk-363","gamma",FALSE,"H2",103,1,0.601208437743727
"elk-363","gamma",FALSE,"H2",104,2,0.975636274305215
"elk-363","gamma",FALSE,"H2",105,1,0.690564834351425
"elk-363","gamma",FALSE,"H2",106,1,0.80504845116887
"elk-363","gamma",FALSE,"H2",107,1,0.665785259689482
"elk-363","gamma",FALSE,"H2",108,2,0.992655851190036
"elk-363","gamma",FALSE,"H2",109,1,0.544200001923639
"elk-363","gamma",FALSE,"H2",110,1,0.54334865171658
"elk-363","gamma",FALSE,"H2",111,2,0.997172877402577
"elk-363","gamma",FALSE,"H2",112,1,0.710943884104489
"elk-363","gamma",FALSE,"H2",113,1,0.865655113573746
"elk-363","gamma",FALSE,"H2",114,1,0.91432850443035
"elk-363","gamma",FALSE,"H2",115,1,0.901066541850678
"elk-363","gamma",FALSE,"H2",116,1,0.774339510604843
"elk-363","gamma",FALSE,"H2",117,2,0.802105128393044
"elk-363","gamma",FALSE,"H2",118,2,1
"elk-363","gamma",FALSE,"H2",119,2,0.999999989771257
"elk-363","gamma",FALSE,"H2",120,2,0.99850198365002
"elk-363","gamma",FALSE,"H2",121,2,0.999999999904289
"elk-363","gamma",FALSE,"H2",122,2,0.999999999999999
"elk-363","gamma",FALSE,"H2",123,2,0.596717328236161
"elk-363","gamma",FALSE,"H2",124,2,0.513772364765058
"elk-363","gamma",FALSE,"H2",125,2,0.662150691108407
"elk-363","gamma",FALSE,"H2",126,1,0.722622483199648
"elk-363","gamma",FALSE,"H2",127,1,0.800917656518756
"elk-363","gamma",FALSE,"H2",128,1,0.610379797607733
"elk-363","gamma",FALSE,"H2",129,1,0.776456716171937
"elk-363","gamma",FALSE,"H2",130,1,0.668181293127007
"elk-363","gamma",FALSE,"H2",131,2,0.994449670817787
"elk-363","gamma",FALSE,"H2",132,2,0.861999057463226
"elk-363","gamma",FALSE,"H2",133,2,0.866610335062589
"elk-363","gamma",FALSE,"H2",134,2,0.97011526662114
"elk-363","gamma",FALSE,"H2",135,2,0.909133165019362
"elk-363","gamma",FALSE,"H2",136,1,0.708578268264704
"elk-363","gamma",FALSE,"H2",137,1,0.854035736468268
"elk-363","gamma",FALSE,"H2",138,1,0.857219890908173
"elk-363","gamma",FALSE,"H2",139,1,0.774520773717413
"elk-363","gamma",FALSE,"H2",140,1,0.824380314588551
"elk-363","gamma",FALSE,"H2",141,1,0.646554630866782
"elk-363","gamma",FALSE,"H2",142,2,0.56603523657157
"elk-363","gamma",FALSE,"H2",143,2,0.674330346244844
"elk-363","gamma",FALSE,"H2",144,2,0.999999999664955
"elk-363","gamma",FALSE,"H2",145,1,0.594457949864483
"elk-363","gamma",FALSE,"H2",146,1,0.690899239935858
"elk-363","gamma",FALSE,"H2",147,1,0.768626405307426
"elk-363","gamma",FALSE,"H2",148,1,0.790102555882745
"elk-363","gamma",FALSE,"H2",149,1,0.812726091617977
"elk-363","gamma",FALSE,"H2",150,1,0.594823831814479
"elk-363","gamma",FALSE,"H2",151,1,0.561733537251856
"elk-363","gamma",FALSE,"H2",152,2,0.999999976434148
"elk-363","gamma",FALSE,"H2",153,2,0.991632264067597
"elk-363","gamma",FALSE,"H2",154,2,0.99999975475203
"elk-363","gamma",FALSE,"H2",155,1,0.664061708336919
"elk-363","gamma",FALSE,"H2",156,1,0.873263359542548
"elk-363","gamma",FALSE,"H2",157,1,0.913771214572585
"elk-363","gamma",FALSE,"H2",158,1,0.886972145592719
"elk-363","gamma",FALSE,"H2",159,1,0.91062346106387
"elk-363","gamma",FALSE,"H2",160,1,0.864798662927946
"elk-363","gamma",FALSE,"H2",161,1,0.71254923869627
"elk-363","gamma",FALSE,"H2",162,2,0.985161514432053
"elk-363","gamma",FALSE,"H2",163,1,0.731585946588907
"elk-363","gamma",FALSE,"H2",164,1,0.888698396264514
"elk-363","gamma",FALSE,"H2",165,1,0.905483230908788
"elk-363","gamma",FALSE,"H2",166,1,0.837175745192416
"elk-363","gamma",FALSE,"H2",167,1,0.807828601385145
"elk-363","gamma",FALSE,"H2",168,1,0.852152690284004
"elk-363","gamma",FALSE,"H2",169,1,0.703247093634202
"elk-363","gamma",FALSE,"H2",170,2,0.999999999982171
"elk-363","gamma",FALSE,"H2",171,2,1
"elk-363","gamma",FALSE,"H2",172,2,0.967040716044961
"elk-363","gamma",FALSE,"H2",173,2,0.541120568462462
"elk-363","gamma",FALSE,"H2",174,2,0.602117790588575
"elk-363","gamma",FALSE,"H2",175,2,0.649219622710559
"elk-363","gamma",FALSE,"H2",176,2,0.999999998740899
"elk-363","gamma",FALSE,"H2",177,1,0.683805279616445
"elk-363","gamma",FALSE,"H2",178,1,0.845404080541653
"elk-363","gamma",FALSE,"H2",179,1,0.89129789311108
"elk-363","gamma",FALSE,"H2",180,1,0.899324670325559
"elk-363","gamma",FALSE,"H2",181,1,0.808405002574862
"elk-363","gamma",FALSE,"H2",182,1,0.529753773705198
"elk-363","gamma",FALSE,"H2",183,2,0.999965700840298
"elk-363","gamma",FALSE,"H2",184,2,0.705209190375168
"elk-363","gamma",FALSE,"H2",185,2,0.998421185761298
"elk-363","gamma",FALSE,"H2",186,2,0.990471625417956
"elk-363","gamma",FALSE,"H2",187,2,0.673938810650292
"elk-363","gamma",FALSE,"H2",188,1,0.719189019282875
"elk-363","gamma",FALSE,"H2",189,1,0.776953964678393
"elk-363","gamma",FALSE,"H2",190,1,0.543842846813985
"elk-363","gamma",FALSE,"H2",191,1,0.54273451523113
"elk-363","gamma",FALSE,"H2",192,2,0.996479157143299
"elk-363","gamma",FALSE,"H2",193,1,0.675564265140196
"elk-363","gamma",FALSE,"H2",194,1,0.854907030303054
"elk-363","gamma",FALSE,"H2",195,1,0.908926225976758
"elk-363","gamma",FALSE,"H2",196,1,0.894865538443408
"elk-363","gamma",FALSE,"H2",197,1,0.80645716513872
"elk-363","gamma",FALSE,"H2",198,1,0.86835938568243
"elk-363","gamma",FALSE,"H2",199,1,0.877501269812033
"elk-363","gamma",FALSE,"H2",200,1,0.925610805792219
"elk-363","gamma",FALSE,"H2",201,1,0.920011429874562
"elk-363","gamma",FALSE,"H2",202,1,0.84847382590734
"elk-363","gamma",FALSE,"H2",203,1,0.613966499271288
"elk-363","gamma",FALSE,"H2",204,1,0.84830624570835
"elk-363","gamma",FALSE,"H2",205,1,0.86695201535475
"elk-363","gamma",FALSE,"H2",206,1,0.729307512726324
"elk-363","gamma",FALSE,"H2",207,2,0.941366518804132
"elk-363","gamma",FALSE,"H2",208,2,0.926821218055994
"elk-363","gamma",FALSE,"H2",209,2,0.920974297827371
"elk-363","gamma",FALSE,"H2",210,2,0.912993644107076
"elk-363","gamma",FALSE,"H2",211,2,0.888094148222195
"elk-363","gamma",FALSE,"H2",212,2,0.986886305366918
"elk-363","gamma",FALSE,"H2",213,2,0.988967945211236
"elk-363","gamma",FALSE,"H2",214,2,0.931289240270057
"elk-363","gamma",FALSE,"H2",215,2,0.885550494054136
"elk-363","gamma",FALSE,"H2",216,2,0.767015247989218
"elk-363","gamma",FALSE,"H2",217,2,0.675280444624251
"elk-363","gamma",FALSE,"H3",1,2,0.999979336501216
"elk-363","gamma",FALSE,"H3",2,2,0.950411214516544
"elk-363","gamma",FALSE,"H3",3,2,0.878229055846392
"elk-363","gamma",FALSE,"H3",4,3,0.861767410179105
"elk-363","gamma",FALSE,"H3",5,2,0.7650023505899
"elk-363","gamma",FALSE,"H3",6,3,0.705556045627337
"elk-363","gamma",FALSE,"H3",7,2,0.805982651586456
"elk-363","gamma",FALSE,"H3",8,2,0.934808839539818
"elk-363","gamma",FALSE,"H3",9,2,0.928251791278589
"elk-363","gamma",FALSE,"H3",10,2,0.719966979423571
"elk-363","gamma",FALSE,"H3",11,2,0.785708519472372
"elk-363","gamma",FALSE,"H3",12,3,0.969214856075392
"elk-363","gamma",FALSE,"H3",13,2,0.595149061082099
"elk-363","gamma",FALSE,"H3",14,2,0.74135656642986
"elk-363","gamma",FALSE,"H3",15,2,0.825942802824886
"elk-363","gamma",FALSE,"H3",16,2,0.784608561544556
"elk-363","gamma",FALSE,"H3",17,2,0.894609215471961
"elk-363","gamma",FALSE,"H3",18,2,0.545478765683185
"elk-363","gamma",FALSE,"H3",19,2,0.762669563543703
"elk-363","gamma",FALSE,"H3",20,3,0.732842174507012
"elk-363","gamma",FALSE,"H3",21,2,0.845375766281289
"elk-363","gamma",FALSE,"H3",22,2,0.85814745858171
"elk-363","gamma",FALSE,"H3",23,2,0.803082149309935
"elk-363","gamma",FALSE,"H3",24,2,0.798417421204571
"elk-363","gamma",FALSE,"H3",25,2,0.873257784652895
"elk-363","gamma",FALSE,"H3",26,2,0.860067464308587
"elk-363","gamma",FALSE,"H3",27,2,0.873531008122104
"elk-363","gamma",FALSE,"H3",28,3,0.57709726290962
"elk-363","gamma",FALSE,"H3",29,3,0.586067370621839
"elk-363","gamma",FALSE,"H3",30,2,0.796902434203149
"elk-363","gamma",FALSE,"H3",31,2,0.837691972234315
"elk-363","gamma",FALSE,"H3",32,2,0.859900911598821
"elk-363","gamma",FALSE,"H3",33,3,0.99999999958751
"elk-363","gamma",FALSE,"H3",34,2,0.692699880231044
"elk-363","gamma",FALSE,"H3",35,3,0.999999999743248
"elk-363","gamma",FALSE,"H3",36,2,0.816550332064973
"elk-363","gamma",FALSE,"H3",37,2,0.612054934170719
"elk-363","gamma",FALSE,"H3",38,3,0.999886818877824
"elk-363","gamma",FALSE,"H3",39,2,0.540064363378964
"elk-363","gamma",FALSE,"H3",40,2,0.781287271413401
"elk-363","gamma",FALSE,"H3",41,3,0.999988165348895
"elk-363","gamma",FALSE,"H3",42,2,0.572231134052156
"elk-363","gamma",FALSE,"H3",43,3,0.988677813719151
"elk-363","gamma",FALSE,"H3",44,3,0.999241123166442
"elk-363","gamma",FALSE,"H3",45,2,0.882960244513007
"elk-363","gamma",FALSE,"H3",46,2,0.955292524967223
"elk-363","gamma",FALSE,"H3",47,2,0.948685565378031
"elk-363","gamma",FALSE,"H3",48,2,0.961347822488752
"elk-363","gamma",FALSE,"H3",49,2,0.948437000169545
"elk-363","gamma",FALSE,"H3",50,2,0.958554324521961
"elk-363","gamma",FALSE,"H3",51,2,0.910936631074418
"elk-363","gamma",FALSE,"H3",52,2,0.949398508719082
"elk-363","gamma",FALSE,"H3",53,2,0.962384127938611
"elk-363","gamma",FALSE,"H3",54,2,0.960160091071086
"elk-363","gamma",FALSE,"H3",55,2,0.960711130520242
"elk-363","gamma",FALSE,"H3",56,2,0.954819319734814
"elk-363","gamma",FALSE,"H3",57,2,0.859459934230921
"elk-363","gamma",FALSE,"H3",58,2,0.782899543601559
"elk-363","gamma",FALSE,"H3",59,2,0.668253127545804
"elk-363","gamma",FALSE,"H3",60,2,0.913172451024642
"elk-363","gamma",FALSE,"H3",61,2,0.735903675189698
"elk-363","gamma",FALSE,"H3",62,3,0.998376382842957
"elk-363","gamma",FALSE,"H3",63,2,0.692173736966199
"elk-363","gamma",FALSE,"H3",64,2,0.83010504169858
"elk-363","gamma",FALSE,"H3",65,3,0.999995240113372
"elk-363","gamma",FALSE,"H3",66,3,0.999998722126169
"elk-363","gamma",FALSE,"H3",67,3,0.999999999955048
"elk-363","gamma",FALSE,"H3",68,3,0.999999995781884
"elk-363","gamma",FALSE,"H3",69,2,0.885306475532564
"elk-363","gamma",FALSE,"H3",70,2,0.957417687670038
"elk-363","gamma",FALSE,"H3",71,2,0.962061389855253
"elk-363","gamma",FALSE,"H3",72,2,0.944189028679029
"elk-363","gamma",FALSE,"H3",73,2,0.870562104425878
"elk-363","gamma",FALSE,"H3",74,2,0.955081904455715
"elk-363","gamma",FALSE,"H3",75,2,0.957377107071324
"elk-363","gamma",FALSE,"H3",76,2,0.95331482592388
"elk-363","gamma",FALSE,"H3",77,2,0.83441054775106
"elk-363","gamma",FALSE,"H3",78,2,0.945433697874059
"elk-363","gamma",FALSE,"H3",79,2,0.945601751491288
"elk-363","gamma",FALSE,"H3",80,2,0.948821385731938
"elk-363","gamma",FALSE,"H3",81,2,0.912276125457717
"elk-363","gamma",FALSE,"H3",82,2,0.952628895997932
"elk-363","gamma",FALSE,"H3",83,2,0.945102868062498
"elk-363","gamma",FALSE,"H3",84,2,0.844312439506817
"elk-363","gamma",FALSE,"H3",85,2,0.940889695870925
"elk-363","gamma",FALSE,"H3",86,2,0.935580129988422
"elk-363","gamma",FALSE,"H3",87,2,0.772185076604564
"elk-363","gamma",FALSE,"H3",88,2,0.755101620314014
"elk-363","gamma",FALSE,"H3",89,2,0.917532684083103
"elk-363","gamma",FALSE,"H3",90,2,0.893912990301403
"elk-363","gamma",FALSE,"H3",91,2,0.953651051318221
"elk-363","gamma",FALSE,"H3",92,2,0.91726151912029
"elk-363","gamma",FALSE,"H3",93,2,0.935566213131531
"elk-363","gamma",FALSE,"H3",94,2,0.673430671749314
"elk-363","gamma",FALSE,"H3",95,2,0.581143483282872
"elk-363","gamma",FALSE,"H3",96,2,0.9194699327323
"elk-363","gamma",FALSE,"H3",97,2,0.954050338461403
"elk-363","gamma",FALSE,"H3",98,2,0.961565116813387
"elk-363","gamma",FALSE,"H3",99,2,0.958518099935414
"elk-363","gamma",FALSE,"H3",100,2,0.959305156946949
"elk-363","gamma",FALSE,"H3",101,2,0.960464597632602
"elk-363","gamma",FALSE,"H3",102,2,0.925775951066817
"elk-363","gamma",FALSE,"H3",103,2,0.705011992063571
"elk-363","gamma",FALSE,"H3",104,3,0.986633462807067
"elk-363","gamma",FALSE,"H3",105,2,0.858313236675617
"elk-363","gamma",FALSE,"H3",106,2,0.936284797163089
"elk-363","gamma",FALSE,"H3",107,2,0.882545264019766
"elk-363","gamma",FALSE,"H3",108,3,0.995274666224052
"elk-363","gamma",FALSE,"H3",109,2,0.797289072966231
"elk-363","gamma",FALSE,"H3",110,2,0.796964367906055
"elk-363","gamma",FALSE,"H3",111,3,0.998371864593939
"elk-363","gamma",FALSE,"H3",112,2,0.852713661890681
"elk-363","gamma",FALSE,"H3",113,2,0.953723068832124
"elk-363","gamma",FALSE,"H3",114,2,0.948164299630984
"elk-363","gamma",FALSE,"H3",115,2,0.952469680500704
"elk-363","gamma",FALSE,"H3",116,2,0.889197494629632
"elk-363","gamma",FALSE,"H3",117,3,0.770314346912601
"elk-363","gamma",FALSE,"H3",118,3,1
"elk-363","gamma",FALSE,"H3",119,3,0.999999984489982
"elk-363","gamma",FALSE,"H3",120,3,0.997207336317174
"elk-363","gamma",FALSE,"H3",121,3,0.999999999856399
"elk-363","gamma",FALSE,"H3",122,3,0.999999999999999
"elk-363","gamma",FALSE,"H3",123,2,0.593977555004536
"elk-363","gamma",FALSE,"H3",124,2,0.647254338758252
"elk-363","gamma",FALSE,"H3",125,3,0.678198225379015
"elk-363","gamma",FALSE,"H3",126,2,0.827776676683608
"elk-363","gamma",FALSE,"H3",127,2,0.904622721688071
"elk-363","gamma",FALSE,"H3",128,2,0.594351015899437
"elk-363","gamma",FALSE,"H3",129,2,0.917737420231006
"elk-363","gamma",FALSE,"H3",130,2,0.844502292590204
"elk-363","gamma",FALSE,"H3",131,3,0.995202052896835
"elk-363","gamma",FALSE,"H3",132,3,0.728683409681156
"elk-363","gamma",FALSE,"H3",133,3,0.744678903684037
"elk-363","gamma",FALSE,"H3",134,3,0.957985682163776
"elk-363","gamma",FALSE,"H3",135,3,0.897658606338303
"elk-363","gamma",FALSE,"H3",136,2,0.894134122025743
"elk-363","gamma",FALSE,"H3",137,2,0.955104810244591
"elk-363","gamma",FALSE,"H3",138,2,0.922794632178319
"elk-363","gamma",FALSE,"H3",139,2,0.942348006597156
"elk-363","gamma",FALSE,"H3",140,2,0.936720059335084
"elk-363","gamma",FALSE,"H3",141,2,0.820577966058446
"elk-363","gamma",FALSE,"H3",142,2,0.906305354667526
"elk-363","gamma",FALSE,"H3",143,2,0.847402898855085
"elk-363","gamma",FALSE,"H3",144,3,0.999999999696207
"elk-363","gamma",FALSE,"H3",145,2,0.853615562956519
"elk-363","gamma",FALSE,"H3",146,2,0.794897799857286
"elk-363","gamma",FALSE,"H3",147,2,0.848417357991151
"elk-363","gamma",FALSE,"H3",148,2,0.945034642733419
"elk-363","gamma",FALSE,"H3",149,2,0.943709005170487
"elk-363","gamma",FALSE,"H3",150,2,0.920473697522583
"elk-363","gamma",FALSE,"H3",151,2,0.820298705554079
"elk-363","gamma",FALSE,"H3",152,3,0.999999977861296
"elk-363","gamma",FALSE,"H3",153,3,0.98309152725411
"elk-363","gamma",FALSE,"H3",154,3,0.999999785878817
"elk-363","gamma",FALSE,"H3",155,2,0.884918303371657
"elk-363","gamma",FALSE,"H3",156,2,0.956625588143618
"elk-363","gamma",FALSE,"H3",157,2,0.962336129244981
"elk-363","gamma",FALSE,"H3",158,2,0.959853154714888
"elk-363","gamma",FALSE,"H3",159,2,0.962801176643518
"elk-363","gamma",FALSE,"H3",160,2,0.957658934365142
"elk-363","gamma",FALSE,"H3",161,2,0.884011866448757
"elk-363","gamma",FALSE,"H3",162,3,0.992319516775248
"elk-363","gamma",FALSE,"H3",163,2,0.873329772575373
"elk-363","gamma",FALSE,"H3",164,2,0.953185325518579
"elk-363","gamma",FALSE,"H3",165,2,0.961787161514438
"elk-363","gamma",FALSE,"H3",166,2,0.956715027566274
"elk-363","gamma",FALSE,"H3",167,2,0.952592543847103
"elk-363","gamma",FALSE,"H3",168,2,0.948635591922334
"elk-363","gamma",FALSE,"H3",169,2,0.881526626062476
"elk-363","gamma",FALSE,"H3",170,3,0.999999999985196
"elk-363","gamma",FALSE,"H3",171,3,1
"elk-363","gamma",FALSE,"H3",172,2,0.598618076154677
"elk-363","gamma",FALSE,"H3",173,2,0.932553151049313
"elk-363","gamma",FALSE,"H3",174,2,0.95039517965464
"elk-363","gamma",FALSE,"H3",175,2,0.843891121453837
"elk-363","gamma",FALSE,"H3",176,3,0.99999999901336
"elk-363","gamma",FALSE,"H3",177,2,0.886457995133797
"elk-363","gamma",FALSE,"H3",178,2,0.957530702878477
"elk-363","gamma",FALSE,"H3",179,2,0.963246160429444
"elk-363","gamma",FALSE,"H3",180,2,0.962563654024157
"elk-363","gamma",FALSE,"H3",181,2,0.955950303114735
"elk-363","gamma",FALSE,"H3",182,2,0.867776873671661
"elk-363","gamma",FALSE,"H3",183,3,0.999967511524137
"elk-363","gamma",FALSE,"H3",184,2,0.642711741333601
"elk-363","gamma",FALSE,"H3",185,3,0.997604299029422
"elk-363","gamma",FALSE,"H3",186,3,0.982653022539617
"elk-363","gamma",FALSE,"H3",187,2,0.821705305991981
"elk-363","gamma",FALSE,"H3",188,2,0.948167995994914
"elk-363","gamma",FALSE,"H3",189,2,0.916173801755654
"elk-363","gamma",FALSE,"H3",190,2,0.629812547616958
"elk-363","gamma",FALSE,"H3",191,2,0.819783050313851
"elk-363","gamma",FALSE,"H3",192,3,0.997762582015065
"elk-363","gamma",FALSE,"H3",193,2,0.886773634694596
"elk-363","gamma",FALSE,"H3",194,2,0.957937504021714
"elk-363","gamma",FALSE,"H3",195,2,0.963411495499523
"elk-363","gamma",FALSE,"H3",196,2,0.963213772424465
"elk-363","gamma",FALSE,"H3",197,2,0.949593108954678
"elk-363","gamma",FALSE,"H3",198,2,0.961819425991149
"elk-363","gamma",FALSE,"H3",199,2,0.959447903533079
"elk-363","gamma",FALSE,"H3",200,2,0.958760411735646
"elk-363","gamma",FALSE,"H3",201,2,0.955801986273583
"elk-363","gamma",FALSE,"H3",202,2,0.960012008459273
"elk-363","gamma",FALSE,"H3",203,2,0.918482779820219
"elk-363","gamma",FALSE,"H3",204,2,0.957695582855669
"elk-363","gamma",FALSE,"H3",205,2,0.95473982261401
"elk-363","gamma",FALSE,"H3",206,2,0.999454797689794
"elk-363","gamma",FALSE,"H3",207,1,0.987298264052379
"elk-363","gamma",FALSE,"H3",208,1,0.999714912173325
"elk-363","gamma",FALSE,"H3",209,1,0.999993990692616
"elk-363","gamma",FALSE,"H3",210,1,0.999999866539725
"elk-363","gamma",FALSE,"H3",211,1,0.999999988585266
"elk-363","gamma",FALSE,"H3",212,1,0.999999999770137
"elk-363","gamma",FALSE,"H3",213,1,0.999999999915672
"elk-363","gamma",FALSE,"H3",214,1,0.99999999986675
"elk-363","gamma",FALSE,"H3",215,1,0.999999999373686
"elk-363","gamma",FALSE,"H3",216,1,0.999999980328186
"elk-363","gamma",FALSE,"H3",217,1,0.999999721233567
"elk-115","gamma",TRUE,"M21",1,1,0.999999968866838
"elk-115","gamma",TRUE,"M21",2,2,0.781157362996373
"elk-115","gamma",TRUE,"M21",3,2,0.997119724304202
"elk-115","gamma",TRUE,"M21",4,2,0.996324443394114
"elk-115","gamma",TRUE,"M21",5,2,0.52641121884717
"elk-115","gamma",TRUE,"M21",6,1,0.999999292138474
"elk-115","gamma",TRUE,"M21",7,2,0.995881709735395
"elk-115","gamma",TRUE,"M21",8,2,0.999963346400352
"elk-115","gamma",TRUE,"M21",9,2,0.999970510078829
"elk-115","gamma",TRUE,"M21",10,2,0.999937244418528
"elk-115","gamma",TRUE,"M21",11,2,0.999907715787709
"elk-115","gamma",TRUE,"M21",12,2,0.998332179859222
"elk-115","gamma",TRUE,"M21",13,2,0.999897954383054
"elk-115","gamma",TRUE,"M21",14,2,0.999807342526412
"elk-115","gamma",TRUE,"M21",15,2,0.999177815362816
"elk-115","gamma",TRUE,"M21",16,2,0.99993126571856
"elk-115","gamma",TRUE,"M21",17,2,0.999937253536929
"elk-115","gamma",TRUE,"M21",18,2,0.999766987309744
"elk-115","gamma",TRUE,"M21",19,2,0.999902523056365
"elk-115","gamma",TRUE,"M21",20,2,0.999955548643707
"elk-115","gamma",TRUE,"M21",21,2,0.999838633305019
"elk-115","gamma",TRUE,"M21",22,2,0.999847142706878
"elk-115","gamma",TRUE,"M21",23,2,0.999615900376016
"elk-115","gamma",TRUE,"M21",24,2,0.999976808048958
"elk-115","gamma",TRUE,"M21",25,2,0.99994655608181
"elk-115","gamma",TRUE,"M21",26,2,0.999240504838107
"elk-115","gamma",TRUE,"M21",27,2,0.999486876206871
"elk-115","gamma",TRUE,"M21",28,2,0.999391791844231
"elk-115","gamma",TRUE,"M21",29,2,0.999853297125067
"elk-115","gamma",TRUE,"M21",30,2,0.999638621412711
"elk-115","gamma",TRUE,"M21",31,2,0.999785971588359
"elk-115","gamma",TRUE,"M21",32,2,0.999518442649761
"elk-115","gamma",TRUE,"M21",33,2,0.999703267177954
"elk-115","gamma",TRUE,"M21",34,2,0.99935972836453
"elk-115","gamma",TRUE,"M21",35,2,0.999695020280796
"elk-115","gamma",TRUE,"M21",36,2,0.999113481169728
"elk-115","gamma",TRUE,"M21",37,2,0.999957927427422
"elk-115","gamma",TRUE,"M21",38,2,0.999683811916151
"elk-115","gamma",TRUE,"M21",39,2,0.872128403765304
"elk-115","gamma",TRUE,"M21",40,2,0.99946470272505
"elk-115","gamma",TRUE,"M21",41,2,0.999699646349809
"elk-115","gamma",TRUE,"M21",42,2,0.973366680035491
"elk-115","gamma",TRUE,"M21",43,2,0.999024653447312
"elk-115","gamma",TRUE,"M21",44,2,0.999736896637479
"elk-115","gamma",TRUE,"M21",45,2,0.998486047486096
"elk-115","gamma",TRUE,"M21",46,2,0.99818748975565
"elk-115","gamma",TRUE,"M21",47,2,0.974931160932553
"elk-115","gamma",TRUE,"M21",48,2,0.999907956060714
"elk-115","gamma",TRUE,"M21",49,2,0.999702991386214
"elk-115","gamma",TRUE,"M21",50,2,0.999952061064244
"elk-115","gamma",TRUE,"M21",51,2,0.999706862699703
"elk-115","gamma",TRUE,"M21",52,2,0.999575104123556
"elk-115","gamma",TRUE,"M21",53,2,0.991737641574404
"elk-115","gamma",TRUE,"M21",54,2,0.977281809648882
"elk-115","gamma",TRUE,"M21",55,2,0.999232921127406
"elk-115","gamma",TRUE,"M21",56,2,0.997221855586838
"elk-115","gamma",TRUE,"M21",57,2,0.999490522937386
"elk-115","gamma",TRUE,"M21",58,2,0.999847850490099
"elk-115","gamma",TRUE,"M21",59,2,0.999109145999811
"elk-115","gamma",TRUE,"M21",60,2,0.995051578349615
"elk-115","gamma",TRUE,"M21",61,2,0.99913080833331
"elk-115","gamma",TRUE,"M21",62,2,0.969115923358813
"elk-115","gamma",TRUE,"M21",63,2,0.97119246090244
"elk-115","gamma",TRUE,"M21",64,2,0.96170722755069
"elk-115","gamma",TRUE,"M21",65,2,0.997449193540238
"elk-115","gamma",TRUE,"M21",66,2,0.967209715367175
"elk-115","gamma",TRUE,"M21",67,2,0.998830636775615
"elk-115","gamma",TRUE,"M21",68,2,0.994326449953999
"elk-115","gamma",TRUE,"M21",69,2,0.697912637642654
"elk-115","gamma",TRUE,"M21",70,2,0.824439454550542
"elk-115","gamma",TRUE,"M21",71,1,0.999883705203721
"elk-115","gamma",TRUE,"M21",72,1,0.999974644721319
"elk-115","gamma",TRUE,"M21",73,2,0.99603302489161
"elk-115","gamma",TRUE,"M21",74,2,0.999792652263576
"elk-115","gamma",TRUE,"M21",75,2,0.999788020121873
"elk-115","gamma",TRUE,"M21",76,2,0.997225222295208
"elk-115","gamma",TRUE,"M21",77,1,0.664729687689002
"elk-115","gamma",TRUE,"M21",78,1,0.97991623322799
"elk-115","gamma",TRUE,"M21",79,1,0.997508770305856
"elk-115","gamma",TRUE,"M21",80,1,0.998535639920426
"elk-115","gamma",TRUE,"M21",81,1,0.99787395387737
"elk-115","gamma",TRUE,"M21",82,1,0.990126726699094
"elk-115","gamma",TRUE,"M21",83,1,0.999975527848494
"elk-115","gamma",TRUE,"M21",84,2,0.919140137781669
"elk-115","gamma",TRUE,"M21",85,2,0.895177491598193
"elk-115","gamma",TRUE,"M21",86,2,0.99320212370519
"elk-115","gamma",TRUE,"M21",87,2,0.999759564085999
"elk-115","gamma",TRUE,"M21",88,2,0.997418810904931
"elk-115","gamma",TRUE,"M21",89,2,0.998751031349836
"elk-115","gamma",TRUE,"M21",90,2,0.999561405415697
"elk-115","gamma",TRUE,"M21",91,2,0.99673630601865
"elk-115","gamma",TRUE,"M21",92,2,0.983963559610967
"elk-115","gamma",TRUE,"M21",93,2,0.998525268985686
"elk-115","gamma",TRUE,"M21",94,2,0.977381615475305
"elk-115","gamma",TRUE,"M21",95,2,0.99755197035528
"elk-115","gamma",TRUE,"M21",96,2,0.876623221956598
"elk-115","gamma",TRUE,"M21",97,2,0.999415156970192
"elk-115","gamma",TRUE,"M21",98,2,0.998317985568833
"elk-115","gamma",TRUE,"M21",99,1,0.619794471302003
"elk-115","gamma",TRUE,"M21",100,1,0.951383279958548
"elk-115","gamma",TRUE,"M21",101,1,0.99999999969588
"elk-115","gamma",TRUE,"M21",102,1,0.954939947770965
"elk-115","gamma",TRUE,"M21",103,1,0.962141939643014
"elk-115","gamma",TRUE,"M21",104,1,0.987269978157862
"elk-115","gamma",TRUE,"M21",105,1,0.990356336716923
"elk-115","gamma",TRUE,"M21",106,1,0.977451313972508
"elk-115","gamma",TRUE,"M21",107,2,0.997201175340602
"elk-115","gamma",TRUE,"M21",108,2,0.999264478051926
"elk-115","gamma",TRUE,"M21",109,2,0.998801465328632
"elk-115","gamma",TRUE,"M21",110,2,0.982960584371619
"elk-115","gamma",TRUE,"M21",111,2,0.995242216593091
"elk-115","gamma",TRUE,"M21",112,2,0.95348436071277
"elk-115","gamma",TRUE,"M21",113,2,0.575015429208479
"elk-115","gamma",TRUE,"M21",114,1,0.987878952692468
"elk-115","gamma",TRUE,"M21",115,1,0.970153940042863
"elk-115","gamma",TRUE,"M21",116,1,0.999032455268206
"elk-115","gamma",TRUE,"M21",117,1,0.999989269770844
"elk-115","gamma",TRUE,"M21",118,2,0.960331576517339
"elk-115","gamma",TRUE,"M21",119,2,0.999479612821111
"elk-115","gamma",TRUE,"M21",120,2,0.964024210195625
"elk-115","gamma",TRUE,"M21",121,2,0.966701915376194
"elk-115","gamma",TRUE,"M21",122,2,0.998892649009938
"elk-115","gamma",TRUE,"M21",123,2,0.999771317017213
"elk-115","gamma",TRUE,"M21",124,2,0.99664787861413
"elk-115","gamma",TRUE,"M21",125,2,0.988152042294125
"elk-115","gamma",TRUE,"M21",126,1,0.84388593242785
"elk-115","gamma",TRUE,"M21",127,1,0.999986286955195
"elk-115","gamma",TRUE,"M21",128,1,0.99994433178876
"elk-115","gamma",TRUE,"M21",129,1,0.999993845133226
"elk-115","gamma",TRUE,"M21",130,1,0.998988916120712
"elk-115","gamma",TRUE,"M21",131,1,0.997707010369793
"elk-115","gamma",TRUE,"M21",132,1,0.996045581495009
"elk-115","gamma",TRUE,"M21",133,1,0.999972460851856
"elk-115","gamma",TRUE,"M21",134,2,0.968983658097614
"elk-115","gamma",TRUE,"M21",135,2,0.999399267097721
"elk-115","gamma",TRUE,"M21",136,2,0.999669565183355
"elk-115","gamma",TRUE,"M21",137,2,0.959249779969358
"elk-115","gamma",TRUE,"M21",138,2,0.949763874413047
"elk-115","gamma",TRUE,"M21",139,2,0.998809143127234
"elk-115","gamma",TRUE,"M21",140,2,0.999843383418546
"elk-115","gamma",TRUE,"M21",141,2,0.99899949513406
"elk-115","gamma",TRUE,"M21",142,2,0.993467291608763
"elk-115","gamma",TRUE,"M21",143,2,0.994502754897092
"elk-115","gamma",TRUE,"M21",144,2,0.991814504170199
"elk-115","gamma",TRUE,"M21",145,2,0.840373040742714
"elk-115","gamma",TRUE,"M21",146,2,0.999229779223323
"elk-115","gamma",TRUE,"M21",147,2,0.999968383669735
"elk-115","gamma",TRUE,"M21",148,2,0.998298566560473
"elk-115","gamma",TRUE,"M21",149,2,0.9999608900291
"elk-115","gamma",TRUE,"M21",150,2,0.998579780694032
"elk-115","gamma",TRUE,"M21",151,2,0.999543655962769
"elk-115","gamma",TRUE,"M21",152,2,0.998977981851674
"elk-115","gamma",TRUE,"M21",153,2,0.999404778250314
"elk-115","gamma",TRUE,"M21",154,2,0.999954089430433
"elk-115","gamma",TRUE,"M21",155,2,0.999955849438588
"elk-115","gamma",TRUE,"M21",156,2,0.99996620020211
"elk-115","gamma",TRUE,"M21",157,2,0.994208566999622
"elk-115","gamma",TRUE,"M21",158,2,0.999616938424637
"elk-115","gamma",TRUE,"M21",159,2,0.99953845188208
"elk-115","gamma",TRUE,"M21",160,2,0.998919940271436
"elk-115","gamma",TRUE,"M21",161,2,0.999888880371204
"elk-115","gamma",TRUE,"M21",162,2,0.999934495071261
"elk-115","gamma",TRUE,"M21",163,2,0.99623252276141
"elk-115","gamma",TRUE,"M21",164,2,0.999764274219088
"elk-115","gamma",TRUE,"M21",165,2,0.999943768692033
"elk-115","gamma",TRUE,"M21",166,2,0.99997738733983
"elk-115","gamma",TRUE,"M21",167,2,0.99963175925277
"elk-115","gamma",TRUE,"M21",168,2,0.992220876832196
"elk-115","gamma",TRUE,"M21",169,2,0.999607350972397
"elk-115","gamma",TRUE,"M21",170,2,0.999888827344005
"elk-115","gamma",TRUE,"M21",171,2,0.999786455453524
"elk-115","gamma",TRUE,"M21",172,2,0.988623335255441
"elk-115","gamma",TRUE,"M21",173,2,0.998550820146516
"elk-115","gamma",TRUE,"M21",174,2,0.999955454236588
"elk-115","gamma",TRUE,"M21",175,2,0.997913258750924
"elk-115","gamma",TRUE,"M21",176,2,0.997612872275186
"elk-115","gamma",TRUE,"M21",177,2,0.999668408659145
"elk-115","gamma",TRUE,"M21",178,2,0.999731783804273
"elk-115","gamma",TRUE,"M21",179,2,0.999640536484432
"elk-115","gamma",TRUE,"M21",180,2,0.999966836869501
"elk-115","gamma",TRUE,"M21",181,2,0.998802063229861
"elk-115","gamma",TRUE,"M21",182,2,0.99967264775212
"elk-115","gamma",TRUE,"M21",183,2,0.999354511792617
"elk-115","gamma",TRUE,"M21",184,2,0.984637938929992
"elk-115","gamma",TRUE,"M21",185,1,0.975953880884108
"elk-115","gamma",TRUE,"M21",186,1,0.999765248255504
"elk-115","gamma",TRUE,"M21",187,1,0.99862840056451
"elk-115","gamma",TRUE,"M21",188,1,0.998989566742779
"elk-115","gamma",TRUE,"M21",189,1,0.999899590401349
"elk-115","gamma",TRUE,"M21",190,1,0.999867042363536
"elk-115","gamma",TRUE,"M21",191,1,0.999679322626814
"elk-115","gamma",TRUE,"M21",192,1,0.999764450553238
"elk-115","gamma",TRUE,"M21",193,1,0.984037644260983
"elk-115","gamma",TRUE,"H2",1,2,1
"elk-115","gamma",TRUE,"H2",2,2,1
"elk-115","gamma",TRUE,"H2",3,2,1
"elk-115","gamma",TRUE,"H2",4,2,1
"elk-115","gamma",TRUE,"H2",5,2,0.999999852280617
"elk-115","gamma",TRUE,"H2",6,2,1
"elk-115","gamma",TRUE,"H2",7,2,1
"elk-115","gamma",TRUE,"H2",8,2,1
"elk-115","gamma",TRUE,"H2",9,2,1
"elk-115","gamma",TRUE,"H2",10,2,1
"elk-115","gamma",TRUE,"H2",11,2,1
"elk-115","gamma",TRUE,"H2",12,2,1
"elk-115","gamma",TRUE,"H2",13,2,1
"elk-115","gamma",TRUE,"H2",14,2,1
"elk-115","gamma",TRUE,"H2",15,2,1
"elk-115","gamma",TRUE,"H2",16,2,1
"elk-115","gamma",TRUE,"H2",17,2,1
"elk-115","gamma",TRUE,"H2",18,2,1
"elk-115","gamma",TRUE,"H2",19,2,1
"elk-115","gamma",TRUE,"H2",20,2,1
"elk-115","gamma",TRUE,"H2",21,2,1
"elk-115","gamma",TRUE,"H2",22,2,1
"elk-115","gamma",TRUE,"H2",23,2,1
"elk-115","gamma",TRUE,"H2",24,2,1
"elk-115","gamma",TRUE,"H2",25,2,1
"elk-115","gamma",TRUE,"H2",26,2,1
"elk-115","gamma",TRUE,"H2",27,2,0.999999999999989
"elk-115","gamma",TRUE,"H2",28,2,1
"elk-115","gamma",TRUE,"H2",29,2,1
"elk-115","gamma",TRUE,"H2",30,2,1
"elk-115","gamma",TRUE,"H2",31,2,1
"elk-115","gamma",TRUE,"H2",32,2,1
"elk-115","gamma",TRUE,"H2",33,2,1
"elk-115","gamma",TRUE,"H2",34,2,1
"elk-115","gamma",TRUE,"H2",35,2,1
"elk-115","gamma",TRUE,"H2",36,2,0.999999999999852
"elk-115","gamma",TRUE,"H2",37,2,1
"elk-115","gamma",TRUE,"H2",38,2,1
"elk-115","gamma",TRUE,"H2",39,2,0.99735474772938
"elk-115","gamma",TRUE,"H2",40,2,1
"elk-115","gamma",TRUE,"H2",41,2,1
"elk-115","gamma",TRUE,"H2",42,2,0.999558488126731
"elk-115","gamma",TRUE,"H2",43,2,1
"elk-115","gamma",TRUE,"H2",44,2,1
"elk-115","gamma",TRUE,"H2",45,2,1
"elk-115","gamma",TRUE,"H2",46,2,1
"elk-115","gamma",TRUE,"H2",47,2,0.999997346512705
"elk-115","gamma",TRUE,"H2",48,2,1
"elk-115","gamma",TRUE,"H2",49,2,1
"elk-115","gamma",TRUE,"H2",50,2,1
"elk-115","gamma",TRUE,"H2",51,2,1
"elk-115","gamma",TRUE,"H2",52,2,1
"elk-115","gamma",TRUE,"H2",53,2,0.999999921010676
"elk-115","gamma",TRUE,"H2",54,2,0.999999409482806
"elk-115","gamma",TRUE,"H2",55,2,0.999999999999994
"elk-115","gamma",TRUE,"H2",56,2,0.99999999901481
"elk-115","gamma",TRUE,"H2",57,2,1
"elk-115","gamma",TRUE,"H2",58,2,1
"elk-115","gamma",TRUE,"H2",59,2,0.999999999988354
"elk-115","gamma",TRUE,"H2",60,2,0.999999995127212
"elk-115","gamma",TRUE,"H2",61,2,0.999999999999993
"elk-115","gamma",TRUE,"H2",62,2,1
"elk-115","gamma",TRUE,"H2",63,2,1
"elk-115","gamma",TRUE,"H2",64,2,0.999992420091128
"elk-115","gamma",TRUE,"H2",65,2,1
"elk-115","gamma",TRUE,"H2",66,2,1
"elk-115","gamma",TRUE,"H2",67,2,1
"elk-115","gamma",TRUE,"H2",68,2,1
"elk-115","gamma",TRUE,"H2",69,2,0.992059816735155
"elk-115","gamma",TRUE,"H2",70,2,1
"elk-115","gamma",TRUE,"H2",71,2,1
"elk-115","gamma",TRUE,"H2",72,2,1
"elk-115","gamma",TRUE,"H2",73,2,1
"elk-115","gamma",TRUE,"H2",74,2,1
"elk-115","gamma",TRUE,"H2",75,2,1
"elk-115","gamma",TRUE,"H2",76,2,1
"elk-115","gamma",TRUE,"H2",77,2,0.686672790832924
"elk-115","gamma",TRUE,"H2",78,1,0.910605875209912
"elk-115","gamma",TRUE,"H2",79,1,0.979996774875535
"elk-115","gamma",TRUE,"H2",80,1,0.977165881398759
"elk-115","gamma",TRUE,"H2",81,1,0.917369659561881
"elk-115","gamma",TRUE,"H2",82,2,1
"elk-115","gamma",TRUE,"H2",83,2,1
"elk-115","gamma",TRUE,"H2",84,2,1
"elk-115","gamma",TRUE,"H2",85,2,0.999957569171856
"elk-115","gamma",TRUE,"H2",86,2,1
"elk-115","gamma",TRUE,"H2",87,2,1
"elk-115","gamma",TRUE,"H2",88,2,1
"elk-115","gamma",TRUE,"H2",89,2,1
"elk-115","gamma",TRUE,"H2",90,2,1
"elk-115","gamma",TRUE,"H2",91,2,1
"elk-115","gamma",TRUE,"H2",92,2,1
"elk-115","gamma",TRUE,"H2",93,2,1
"elk-115","gamma",TRUE,"H2",94,2,0.999997175694309
"elk-115","gamma",TRUE,"H2",95,2,1
"elk-115","gamma",TRUE,"H2",96,2,1
"elk-115","gamma",TRUE,"H2",97,2,1
"elk-115","gamma",TRUE,"H2",98,2,1
"elk-115","gamma",TRUE,"H2",99,2,1
"elk-115","gamma",TRUE,"H2",100,2,0.997921369434363
"elk-115","gamma",TRUE,"H2",101,2,1
"elk-115","gamma",TRUE,"H2",102,2,0.999999965559055
"elk-115","gamma",TRUE,"H2",103,2,1
"elk-115","gamma",TRUE,"H2",104,2,0.997567181305821
"elk-115","gamma",TRUE,"H2",105,2,0.984474036478089
"elk-115","gamma",TRUE,"H2",106,2,0.969153723566463
"elk-115","gamma",TRUE,"H2",107,2,1
"elk-115","gamma",TRUE,"H2",108,2,0.999999999996971
"elk-115","gamma",TRUE,"H2",109,2,0.999999999999998
"elk-115","gamma",TRUE,"H2",110,2,0.999999343509027
"elk-115","gamma",TRUE,"H2",111,2,0.999999999996886
"elk-115","gamma",TRUE,"H2",112,2,1
"elk-115","gamma",TRUE,"H2",113,2,0.999999966350482
"elk-115","gamma",TRUE,"H2",114,2,1
"elk-115","gamma",TRUE,"H2",115,2,1
"elk-115","gamma",TRUE,"H2",116,2,1
"elk-115","gamma",TRUE,"H2",117,2,1
"elk-115","gamma",TRUE,"H2",118,2,0.999999999999797
"elk-115","gamma",TRUE,"H2",119,2,1
"elk-115","gamma",TRUE,"H2",120,2,1
"elk-115","gamma",TRUE,"H2",121,2,1
"elk-115","gamma",TRUE,"H2",122,2,1
"elk-115","gamma",TRUE,"H2",123,2,1
"elk-115","gamma",TRUE,"H2",124,2,1
"elk-115","gamma",TRUE,"H2",125,2,1
"elk-115","gamma",TRUE,"H2",126,2,0.998156741484573
"elk-115","gamma",TRUE,"H2",127,2,1
"elk-115","gamma",TRUE,"H2",128,2,1
"elk-115","gamma",TRUE,"H2",129,2,1
"elk-115","gamma",TRUE,"H2",130,2,1
"elk-115","gamma",TRUE,"H2",131,2,1
"elk-115","gamma",TRUE,"H2",132,2,1
"elk-115","gamma",TRUE,"H2",133,2,1
"elk-115","gamma",TRUE,"H2",134,2,0.999999999999993
"elk-115","gamma",TRUE,"H2",135,2,0.999999999999994
"elk-115","gamma",TRUE,"H2",136,2,1
"elk-115","gamma",TRUE,"H2",137,2,1
"elk-115","gamma",TRUE,"H2",138,2,1
"elk-115","gamma",TRUE,"H2",139,2,1
"elk-115","gamma",TRUE,"H2",140,2,1
"elk-115","gamma",TRUE,"H2",141,2,0.999999999999989
"elk-115","gamma",TRUE,"H2",142,2,0.999999998660845
"elk-115","gamma",TRUE,"H2",143,2,1
"elk-115","gamma",TRUE,"H2",144,2,1
"elk-115","gamma",TRUE,"H2",145,2,0.983591927677584
"elk-115","gamma",TRUE,"H2",146,2,1
"elk-115","gamma",TRUE,"H2",147,2,1
"elk-115","gamma",TRUE,"H2",148,2,0.999999999995476
"elk-115","gamma",TRUE,"H2",149,2,1
"elk-115","gamma",TRUE,"H2",150,2,0.999999999995512
"elk-115","gamma",TRUE,"H2",151,2,0.999999999999998
"elk-115","gamma",TRUE,"H2",152,2,1
"elk-115","gamma",TRUE,"H2",153,2,1
"elk-115","gamma",TRUE,"H2",154,2,1
"elk-115","gamma",TRUE,"H2",155,2,1
"elk-115","gamma",TRUE,"H2",156,2,1
"elk-115","gamma",TRUE,"H2",157,2,0.999999998442687
"elk-115","gamma",TRUE,"H2",158,2,1
"elk-115","gamma",TRUE,"H2",159,2,1
"elk-115","gamma",TRUE,"H2",160,2,1
"elk-115","gamma",TRUE,"H2",161,2,1
"elk-115","gamma",TRUE,"H2",162,2,1
"elk-115","gamma",TRUE,"H2",163,2,1
"elk-115","gamma",TRUE,"H2",164,2,1
"elk-115","gamma",TRUE,"H2",165,2,1
"elk-115","gamma",TRUE,"H2",166,2,1
"elk-115","gamma",TRUE,"H2",167,2,0.999999999999973
"elk-115","gamma",TRUE,"H2",168,2,0.999999645171769
"elk-115","gamma",TRUE,"H2",169,2,1
"elk-115","gamma",TRUE,"H2",170,2,1
"elk-115","gamma",TRUE,"H2",171,2,1
"elk-115","gamma",TRUE,"H2",172,2,0.999998448904805
"elk-115","gamma",TRUE,"H2",173,2,1
"elk-115","gamma",TRUE,"H2",174,2,1
"elk-115","gamma",TRUE,"H2",175,2,1
"elk-115","gamma",TRUE,"H2",176,2,1
"elk-115","gamma",TRUE,"H2",177,2,1
"elk-115","gamma",TRUE,"H2",178,2,1
"elk-115","gamma",TRUE,"H2",179,2,1
"elk-115","gamma",TRUE,"H2",180,2,1
"elk-115","gamma",TRUE,"H2",181,2,1
"elk-115","gamma",TRUE,"H2",182,2,1
"elk-115","gamma",TRUE,"H2",183,2,1
"elk-115","gamma",TRUE,"H2",184,2,1
"elk-115","gamma",TRUE,"H2",185,1,0.963608548596378
"elk-115","gamma",TRUE,"H2",186,1,0.998610684377272
"elk-115","gamma",TRUE,"H2",187,1,0.999868276946183
"elk-115","gamma",TRUE,"H2",188,1,0.999946833747561
"elk-115","gamma",TRUE,"H2",189,1,0.999947443582416
"elk-115","gamma",TRUE,"H2",190,1,0.999935712521862
"elk-115","gamma",TRUE,"H2",191,1,0.99991905006866
"elk-115","gamma",TRUE,"H2",192,1,0.999758812776176
"elk-115","gamma",TRUE,"H2",193,1,0.994092199210712
"elk-115","gamma",TRUE,"H3",1,3,0.999999880759891
"elk-115","gamma",TRUE,"H3",2,2,0.745197808727678
"elk-115","gamma",TRUE,"H3",3,2,0.999899132914151
"elk-115","gamma",TRUE,"H3",4,2,0.999877626411578
"elk-115","gamma",TRUE,"H3",5,2,0.999798407353085
"elk-115","gamma",TRUE,"H3",6,3,0.999995632908028
"elk-115","gamma",TRUE,"H3",7,2,0.996874298482238
"elk-115","gamma",TRUE,"H3",8,2,0.999983682941004
"elk-115","gamma",TRUE,"H3",9,2,0.999984382175198
"elk-115","gamma",TRUE,"H3",10,2,0.999902345201125
"elk-115","gamma",TRUE,"H3",11,2,0.999850288291636
"elk-115","gamma",TRUE,"H3",12,2,0.996815249476879
"elk-115","gamma",TRUE,"H3",13,2,0.999835554849923
"elk-115","gamma",TRUE,"H3",14,2,0.999709188302924
"elk-115","gamma",TRUE,"H3",15,2,0.998446745163236
"elk-115","gamma",TRUE,"H3",16,2,0.999892052806854
"elk-115","gamma",TRUE,"H3",17,2,0.99990797154797
"elk-115","gamma",TRUE,"H3",18,2,0.999618747157895
"elk-115","gamma",TRUE,"H3",19,2,0.999841607210851
"elk-115","gamma",TRUE,"H3",20,2,0.999940099259327
"elk-115","gamma",TRUE,"H3",21,2,0.999844994905423
"elk-115","gamma",TRUE,"H3",22,2,0.999771753163938
"elk-115","gamma",TRUE,"H3",23,2,0.999907145065672
"elk-115","gamma",TRUE,"H3",24,2,0.999973156463221
"elk-115","gamma",TRUE,"H3",25,2,0.999935373347893
"elk-115","gamma",TRUE,"H3",26,2,0.998845401419614
"elk-115","gamma",TRUE,"H3",27,2,0.999989087572656
"elk-115","gamma",TRUE,"H3",28,2,0.998971696619608
"elk-115","gamma",TRUE,"H3",29,2,0.999990692509012
"elk-115","gamma",TRUE,"H3",30,2,0.9993950032521
"elk-115","gamma",TRUE,"H3",31,2,0.999681584581527
"elk-115","gamma",TRUE,"H3",32,2,0.999280363487176
"elk-115","gamma",TRUE,"H3",33,2,0.999551681605007
"elk-115","gamma",TRUE,"H3",34,2,0.998866342929841
"elk-115","gamma",TRUE,"H3",35,2,0.999475722506804
"elk-115","gamma",TRUE,"H3",36,2,0.999912772407127
"elk-115","gamma",TRUE,"H3",37,2,0.999985279795179
"elk-115","gamma",TRUE,"H3",38,2,0.999955967224566
"elk-115","gamma",TRUE,"H3",39,2,0.999979569146873
"elk-115","gamma",TRUE,"H3",40,2,0.999899614627373
"elk-115","gamma",TRUE,"H3",41,2,0.999847698225418
"elk-115","gamma",TRUE,"H3",42,2,0.999978296624955
"elk-115","gamma",TRUE,"H3",43,2,0.999403894708658
"elk-115","gamma",TRUE,"H3",44,2,0.999902812710981
"elk-115","gamma",TRUE,"H3",45,2,0.997250890688333
"elk-115","gamma",TRUE,"H3",46,2,0.998691592639305
"elk-115","gamma",TRUE,"H3",47,2,0.999996337242095
"elk-115","gamma",TRUE,"H3",48,2,0.999953313311279
"elk-115","gamma",TRUE,"H3",49,2,0.999556687946736
"elk-115","gamma",TRUE,"H3",50,2,0.999956282970548
"elk-115","gamma",TRUE,"H3",51,2,0.999849998886778
"elk-115","gamma",TRUE,"H3",52,2,0.999518206256783
"elk-115","gamma",TRUE,"H3",53,2,0.99999828464343
"elk-115","gamma",TRUE,"H3",54,2,0.999994236085908
"elk-115","gamma",TRUE,"H3",55,2,0.99998474699917
"elk-115","gamma",TRUE,"H3",56,2,0.999987860323682
"elk-115","gamma",TRUE,"H3",57,2,0.9993791072749
"elk-115","gamma",TRUE,"H3",58,2,0.999825797059425
"elk-115","gamma",TRUE,"H3",59,2,0.999996511084165
"elk-115","gamma",TRUE,"H3",60,2,0.999976097776588
"elk-115","gamma",TRUE,"H3",61,2,0.999983027707099
"elk-115","gamma",TRUE,"H3",62,2,0.950694324074113
"elk-115","gamma",TRUE,"H3",63,2,0.97526767259815
"elk-115","gamma",TRUE,"H3",64,2,0.99998096198043
"elk-115","gamma",TRUE,"H3",65,2,0.998910325416329
"elk-115","gamma",TRUE,"H3",66,2,0.944731219554176
"elk-115","gamma",TRUE,"H3",67,2,0.998551944724942
"elk-115","gamma",TRUE,"H3",68,2,0.999532908470029
"elk-115","gamma",TRUE,"H3",69,2,0.993554040980514
"elk-115","gamma",TRUE,"H3",70,2,0.98444791933923
"elk-115","gamma",TRUE,"H3",71,3,0.99979224086666
"elk-115","gamma",TRUE,"H3",72,3,0.999953621139331
"elk-115","gamma",TRUE,"H3",73,2,0.997083348182232
"elk-115","gamma",TRUE,"H3",74,2,0.9997231678826
"elk-115","gamma",TRUE,"H3",75,2,0.999989460976042
"elk-115","gamma",TRUE,"H3",76,2,0.999991857609082
"elk-115","gamma",TRUE,"H3",77,2,0.53135995815199
"elk-115","gamma",TRUE,"H3",78,1,0.969637938230502
"elk-115","gamma",TRUE,"H3",79,1,0.999200374308388
"elk-115","gamma",TRUE,"H3",80,1,0.99991854153847
"elk-115","gamma",TRUE,"H3",81,1,0.99995940274983
"elk-115","gamma",TRUE,"H3",82,3,0.999986912483026
"elk-115","gamma",TRUE,"H3",83,3,0.999944413508715
"elk-115","gamma",TRUE,"H3",84,2,0.979248442237616
"elk-115","gamma",TRUE,"H3",85,2,0.999983336802227
"elk-115","gamma",TRUE,"H3",86,2,0.998337572828012
"elk-115","gamma",TRUE,"H3",87,2,0.999692196644525
"elk-115","gamma",TRUE,"H3",88,2,0.994272644748746
"elk-115","gamma",TRUE,"H3",89,2,0.997602843968302
"elk-115","gamma",TRUE,"H3",90,2,0.999348934231373
"elk-115","gamma",TRUE,"H3",91,2,0.99434585368175
"elk-115","gamma",TRUE,"H3",92,2,0.972728107817001
"elk-115","gamma",TRUE,"H3",93,2,0.999048442803183
"elk-115","gamma",TRUE,"H3",94,2,0.999997054674558
"elk-115","gamma",TRUE,"H3",95,2,0.998300321738153
"elk-115","gamma",TRUE,"H3",96,2,0.752593816800587
"elk-115","gamma",TRUE,"H3",97,2,0.999119867526269
"elk-115","gamma",TRUE,"H3",98,2,0.999868048571389
"elk-115","gamma",TRUE,"H3",99,2,0.963670420842042
"elk-115","gamma",TRUE,"H3",100,2,0.845173545667729
"elk-115","gamma",TRUE,"H3",101,3,0.999999287707494
"elk-115","gamma",TRUE,"H3",102,2,0.999662656907581
"elk-115","gamma",TRUE,"H3",103,2,0.970560058788905
"elk-115","gamma",TRUE,"H3",104,2,0.999896263281878
"elk-115","gamma",TRUE,"H3",105,2,0.999662776943568
"elk-115","gamma",TRUE,"H3",106,2,0.999506946034547
"elk-115","gamma",TRUE,"H3",107,2,0.999460711631226
"elk-115","gamma",TRUE,"H3",108,2,0.999996255841798
"elk-115","gamma",TRUE,"H3",109,2,0.999978353244763
"elk-115","gamma",TRUE,"H3",110,2,0.999997834254415
"elk-115","gamma",TRUE,"H3",111,2,0.999995929105073
"elk-115","gamma",TRUE,"H3",112,2,0.997291240046918
"elk-115","gamma",TRUE,"H3",113,2,0.999767304991161
"elk-115","gamma",TRUE,"H3",114,3,0.98315901233442
"elk-115","gamma",TRUE,"H3",115,3,0.957487266922708
"elk-115","gamma",TRUE,"H3",116,3,0.998388673860192
"elk-115","gamma",TRUE,"H3",117,3,0.999958397427797
"elk-115","gamma",TRUE,"H3",118,2,0.999751003334915
"elk-115","gamma",TRUE,"H3",119,2,0.999780762895655
"elk-115","gamma",TRUE,"H3",120,2,0.92264471124711
"elk-115","gamma",TRUE,"H3",121,2,0.935323532345637
"elk-115","gamma",TRUE,"H3",122,2,0.997953549754023
"elk-115","gamma",TRUE,"H3",123,2,0.999631067568759
"elk-115","gamma",TRUE,"H3",124,2,0.996314134199037
"elk-115","gamma",TRUE,"H3",125,2,0.999709421037808
"elk-115","gamma",TRUE,"H3",126,2,0.857470218753281
"elk-115","gamma",TRUE,"H3",127,3,0.99989203270616
"elk-115","gamma",TRUE,"H3",128,3,0.999900232860128
"elk-115","gamma",TRUE,"H3",129,3,0.999975744227892
"elk-115","gamma",TRUE,"H3",130,3,0.998098409402473
"elk-115","gamma",TRUE,"H3",131,3,0.995669323522935
"elk-115","gamma",TRUE,"H3",132,3,0.992428087024937
"elk-115","gamma",TRUE,"H3",133,3,0.999937910614419
"elk-115","gamma",TRUE,"H3",134,2,0.997549222287604
"elk-115","gamma",TRUE,"H3",135,2,0.999993107056524
"elk-115","gamma",TRUE,"H3",136,2,0.999469488842352
"elk-115","gamma",TRUE,"H3",137,2,0.918744864852052
"elk-115","gamma",TRUE,"H3",138,2,0.909816037765943
"elk-115","gamma",TRUE,"H3",139,2,0.998255130869732
"elk-115","gamma",TRUE,"H3",140,2,0.999820850246279
"elk-115","gamma",TRUE,"H3",141,2,0.999979139193646
"elk-115","gamma",TRUE,"H3",142,2,0.999957519310619
"elk-115","gamma",TRUE,"H3",143,2,0.993397729257281
"elk-115","gamma",TRUE,"H3",144,2,0.998683419336541
"elk-115","gamma",TRUE,"H3",145,2,0.999854135906676
"elk-115","gamma",TRUE,"H3",146,2,0.999758761782028
"elk-115","gamma",TRUE,"H3",147,2,0.999964350917105
"elk-115","gamma",TRUE,"H3",148,2,0.999990428449655
"elk-115","gamma",TRUE,"H3",149,2,0.999969229171878
"elk-115","gamma",TRUE,"H3",150,2,0.999993124067488
"elk-115","gamma",TRUE,"H3",151,2,0.99998722905299
"elk-115","gamma",TRUE,"H3",152,2,0.998144148884278
"elk-115","gamma",TRUE,"H3",153,2,0.99887650045572
"elk-115","gamma",TRUE,"H3",154,2,0.999988459365841
"elk-115","gamma",TRUE,"H3",155,2,0.999945453327315
"elk-115","gamma",TRUE,"H3",156,2,0.999972860490898
"elk-115","gamma",TRUE,"H3",157,2,0.999985019001073
"elk-115","gamma",TRUE,"H3",158,2,0.999559905388747
"elk-115","gamma",TRUE,"H3",159,2,0.999178730661138
"elk-115","gamma",TRUE,"H3",160,2,0.997918241224062
"elk-115","gamma",TRUE,"H3",161,2,0.999816889984697
"elk-115","gamma",TRUE,"H3",162,2,0.99989847877572
"elk-115","gamma",TRUE,"H3",163,2,0.991925122349919
"elk-115","gamma",TRUE,"H3",164,2,0.999631381198872
"elk-115","gamma",TRUE,"H3",165,2,0.999918128143215
"elk-115","gamma",TRUE,"H3",166,2,0.999981609672679
"elk-115","gamma",TRUE,"H3",167,2,0.999993793132169
"elk-115","gamma",TRUE,"H3",168,2,0.999995379972223
"elk-115","gamma",TRUE,"H3",169,2,0.999566329166546
"elk-115","gamma",TRUE,"H3",170,2,0.999818945230112
"elk-115","gamma",TRUE,"H3",171,2,0.99981219083889
"elk-115","gamma",TRUE,"H3",172,2,0.999995272071017
"elk-115","gamma",TRUE,"H3",173,2,0.998593386798414
"elk-115","gamma",TRUE,"H3",174,2,0.999942752177314
"elk-115","gamma",TRUE,"H3",175,2,0.995888739371023
"elk-115","gamma",TRUE,"H3",176,2,0.995740284429768
"elk-115","gamma",TRUE,"H3",177,2,0.999411190365616
"elk-115","gamma",TRUE,"H3",178,2,0.99959381697262
"elk-115","gamma",TRUE,"H3",179,2,0.999462948174605
"elk-115","gamma",TRUE,"H3",180,2,0.999982101920515
"elk-115","gamma",TRUE,"H3",181,2,0.997745262667293
"elk-115","gamma",TRUE,"H3",182,2,0.99940678659736
"elk-115","gamma",TRUE,"H3",183,2,0.999419377544672
"elk-115","gamma",TRUE,"H3",184,2,0.999993583930833
"elk-115","gamma",TRUE,"H3",185,1,0.983487194310131
"elk-115","gamma",TRUE,"H3",186,1,0.999865218738965
"elk-115","gamma",TRUE,"H3",187,1,0.999996084146606
"elk-115","gamma",TRUE,"H3",188,1,0.999999910679302
"elk-115","gamma",TRUE,"H3",189,1,0.999999999091676
"elk-115","gamma",TRUE,"H3",190,1,0.999999999873001
"elk-115","gamma",TRUE,"H3",191,1,0.999999999832561
"elk-115","gamma",TRUE,"H3",192,1,0.999999999741247
"elk-115","gamma",TRUE,"H3",193,1,0.999999972432648
"elk-163","gamma",TRUE,"M21",1,1,1
"elk-163","gamma",TRUE,"M21",2,1,0.999984898996882
"elk-163","gamma",TRUE,"M21",3,1,0.986021636597902
"elk-163","gamma",TRUE,"M21",4,1,0.957308014068946
"elk-163","gamma",TRUE,"M21",5,1,0.999249490534093
"elk-163","gamma",TRUE,"M21",6,1,0.999999637556454
"elk-163","gamma",TRUE,"M21",7,1,0.998160327963746
"elk-163","gamma",TRUE,"M21",8,1,1
"elk-163","gamma",TRUE,"M21",9,1,0.999999999995718
"elk-163","gamma",TRUE,"M21",10,1,1
"elk-163","gamma",TRUE,"M21",11,1,0.999997936589302
"elk-163","gamma",TRUE,"M21",12,1,0.990990457401677
"elk-163","gamma",TRUE,"M21",13,1,0.988348465815062
"elk-163","gamma",TRUE,"M21",14,1,1
"elk-163","gamma",TRUE,"M21",15,2,0.63608156755298
"elk-163","gamma",TRUE,"M21",16,2,0.758823667122449
"elk-163","gamma",TRUE,"M21",17,2,0.81755443453546
"elk-163","gamma",TRUE,"M21",18,2,0.791468220691358
"elk-163","gamma",TRUE,"M21",19,2,0.735897498644352
"elk-163","gamma",TRUE,"M21",20,2,0.575905803267367
"elk-163","gamma",TRUE,"M21",21,1,0.999999048120686
"elk-163","gamma",TRUE,"M21",22,1,0.992710304722556
"elk-163","gamma",TRUE,"M21",23,1,1
"elk-163","gamma",TRUE,"M21",24,1,1
"elk-163","gamma",TRUE,"M21",25,1,0.999952538374277
"elk-163","gamma",TRUE,"M21",26,1,0.993772183039594
"elk-163","gamma",TRUE,"M21",27,1,0.991157043757177
"elk-163","gamma",TRUE,"M21",28,1,1
"elk-163","gamma",TRUE,"M21",29,1,0.999917990003427
"elk-163","gamma",TRUE,"M21",30,1,0.999999999999994
"elk-163","gamma",TRUE,"M21",31,1,1
"elk-163","gamma",TRUE,"M21",32,1,1
"elk-163","gamma",TRUE,"M21",33,1,1
"elk-163","gamma",TRUE,"M21",34,1,0.976927908804068
"elk-163","gamma",TRUE,"M21",35,1,0.998758144952099
"elk-163","gamma",TRUE,"M21",36,1,0.999517042663325
"elk-163","gamma",TRUE,"M21",37,1,0.995049954614996
"elk-163","gamma",TRUE,"M21",38,1,1
"elk-163","gamma",TRUE,"M21",39,1,0.827614941980248
"elk-163","gamma",TRUE,"M21",40,1,0.763821182635443
"elk-163","gamma",TRUE,"M21",41,1,0.816162510963904
"elk-163","gamma",TRUE,"M21",42,1,1
"elk-163","gamma",TRUE,"M21",43,1,1
"elk-163","gamma",TRUE,"M21",44,1,0.938340657737216
"elk-163","gamma",TRUE,"M21",45,1,0.91033000874252
"elk-163","gamma",TRUE,"M21",46,1,1
"elk-163","gamma",TRUE,"M21",47,1,1
"elk-163","gamma",TRUE,"M21",48,1,0.977743430230668
"elk-163","gamma",TRUE,"M21",49,1,0.971368657794525
"elk-163","gamma",TRUE,"M21",50,1,1
"elk-163","gamma",TRUE,"M21",51,1,0.621079518648951
"elk-163","gamma",TRUE,"M21",52,1,0.748140453920316
"elk-163","gamma",TRUE,"M21",53,1,0.731736073395408
"elk-163","gamma",TRUE,"M21",54,1,0.719568824880612
"elk-163","gamma",TRUE,"M21",55,1,0.511564816126117
"elk-163","gamma",TRUE,"M21",56,1,0.592900701800704
"elk-163","gamma",TRUE,"M21",57,1,0.624087765864326
"elk-163","gamma",TRUE,"M21",58,1,0.77451853365506
"elk-163","gamma",TRUE,"M21",59,1,0.888031729785271
"elk-163","gamma",TRUE,"M21",60,1,0.971782196743677
"elk-163","gamma",TRUE,"M21",61,1,0.979502475772087
"elk-163","gamma",TRUE,"M21",62,1,0.986869864224803
"elk-163","gamma",TRUE,"M21",63,1,0.966885206678888
"elk-163","gamma",TRUE,"M21",64,1,0.992484682355619
"elk-163","gamma",TRUE,"M21",65,1,1
"elk-163","gamma",TRUE,"M21",66,1,0.960352497659523
"elk-163","gamma",TRUE,"M21",67,1,1
"elk-163","gamma",TRUE,"M21",68,1,1
"elk-163","gamma",TRUE,"M21",69,2,0.723793259712854
"elk-163","gamma",TRUE,"M21",70,2,0.915239490491342
"elk-163","gamma",TRUE,"M21",71,2,0.964072395126803
"elk-163","gamma",TRUE,"M21",72,2,0.978140947653114
"elk-163","gamma",TRUE,"M21",73,2,0.990619275447043
"elk-163","gamma",TRUE,"M21",74,2,0.9971396509058
"elk-163","gamma",TRUE,"M21",75,2,0.998005127116446
"elk-163","gamma",TRUE,"M21",76,2,0.998158992297854
"elk-163","gamma",TRUE,"M21",77,2,0.997646975190038
"elk-163","gamma",TRUE,"M21",78,2,0.996757828217951
"elk-163","gamma",TRUE,"M21",79,2,0.996958015137606
"elk-163","gamma",TRUE,"M21",80,2,0.995099271266137
"elk-163","gamma",TRUE,"M21",81,2,0.996839604499916
"elk-163","gamma",TRUE,"M21",82,2,0.997199215942951
"elk-163","gamma",TRUE,"M21",83,2,0.996199418545734
"elk-163","gamma",TRUE,"M21",84,2,0.991329198617175
"elk-163","gamma",TRUE,"M21",85,2,0.994838877865198
"elk-163","gamma",TRUE,"M21",86,2,0.990756588826957
"elk-163","gamma",TRUE,"M21",87,2,0.986202983155902
"elk-163","gamma",TRUE,"M21",88,2,0.938789303454771
"elk-163","gamma",TRUE,"M21",89,2,0.754498784789049
"elk-163","gamma",TRUE,"M21",90,1,0.999999999886908
"elk-163","gamma",TRUE,"M21",91,1,0.983842790656481
"elk-163","gamma",TRUE,"M21",92,1,0.98016827724396
"elk-163","gamma",TRUE,"M21",93,1,0.954454543853772
"elk-163","gamma",TRUE,"M21",94,1,0.999999999590731
"elk-163","gamma",TRUE,"M21",95,1,0.976680530794953
"elk-163","gamma",TRUE,"M21",96,1,0.999982864878999
"elk-163","gamma",TRUE,"M21",97,1,0.996662705486946
"elk-163","gamma",TRUE,"M21",98,1,1
"elk-163","gamma",TRUE,"M21",99,1,0.999234876277493
"elk-163","gamma",TRUE,"M21",100,1,0.985595232670959
"elk-163","gamma",TRUE,"M21",101,1,0.983016055879319
"elk-163","gamma",TRUE,"M21",102,1,0.999999999999993
"elk-163","gamma",TRUE,"M21",103,1,0.978501969324422
"elk-163","gamma",TRUE,"M21",104,1,0.940404760157531
"elk-163","gamma",TRUE,"M21",105,1,0.921305441203762
"elk-163","gamma",TRUE,"M21",106,1,0.999898749016295
"elk-163","gamma",TRUE,"M21",107,1,0.961457606429123
"elk-163","gamma",TRUE,"M21",108,1,0.999233715298143
"elk-163","gamma",TRUE,"M21",109,1,0.990021156234445
"elk-163","gamma",TRUE,"M21",110,1,0.975306265090647
"elk-163","gamma",TRUE,"M21",111,1,0.999999999938454
"elk-163","gamma",TRUE,"M21",112,1,0.99999567162546
"elk-163","gamma",TRUE,"M21",113,1,0.927851012412795
"elk-163","gamma",TRUE,"M21",114,1,0.957656217332043
"elk-163","gamma",TRUE,"M21",115,1,1
"elk-163","gamma",TRUE,"M21",116,2,0.814216420259555
"elk-163","gamma",TRUE,"M21",117,2,0.953483858475581
"elk-163","gamma",TRUE,"M21",118,2,0.974024003444012
"elk-163","gamma",TRUE,"M21",119,2,0.964513604568862
"elk-163","gamma",TRUE,"M21",120,2,0.986264269127574
"elk-163","gamma",TRUE,"M21",121,2,0.99601065786436
"elk-163","gamma",TRUE,"M21",122,2,0.997511291027855
"elk-163","gamma",TRUE,"M21",123,2,0.998025050135563
"elk-163","gamma",TRUE,"M21",124,2,0.997291804035642
"elk-163","gamma",TRUE,"M21",125,2,0.996820966802654
"elk-163","gamma",TRUE,"M21",126,2,0.990616712047806
"elk-163","gamma",TRUE,"M21",127,2,0.9615036359617
"elk-163","gamma",TRUE,"M21",128,2,0.94450285876576
"elk-163","gamma",TRUE,"M21",129,2,0.929569955235213
"elk-163","gamma",TRUE,"M21",130,2,0.97270957578326
"elk-163","gamma",TRUE,"M21",131,2,0.990163675980929
"elk-163","gamma",TRUE,"M21",132,2,0.994723858739493
"elk-163","gamma",TRUE,"M21",133,2,0.991471277754823
"elk-163","gamma",TRUE,"M21",134,2,0.987926489843069
"elk-163","gamma",TRUE,"M21",135,2,0.961387916538142
"elk-163","gamma",TRUE,"M21",136,2,0.95807135635817
"elk-163","gamma",TRUE,"M21",137,2,0.970351086911411
"elk-163","gamma",TRUE,"M21",138,2,0.933316475711785
"elk-163","gamma",TRUE,"M21",139,2,0.937680516887944
"elk-163","gamma",TRUE,"M21",140,2,0.893388572556265
"elk-163","gamma",TRUE,"M21",141,2,0.859181526401885
"elk-163","gamma",TRUE,"M21",142,2,0.746300005387113
"elk-163","gamma",TRUE,"M21",143,2,0.681111432022196
"elk-163","gamma",TRUE,"M21",144,2,0.557873278911711
"elk-163","gamma",TRUE,"M21",145,2,0.640816112648516
"elk-163","gamma",TRUE,"M21",146,1,0.977129252184956
"elk-163","gamma",TRUE,"M21",147,1,0.998200569787014
"elk-163","gamma",TRUE,"M21",148,1,0.999690713178149
"elk-163","gamma",TRUE,"M21",149,1,0.999999999797287
"elk-163","gamma",TRUE,"M21",150,2,0.799950900438861
"elk-163","gamma",TRUE,"M21",151,2,0.921296813106552
"elk-163","gamma",TRUE,"M21",152,2,0.926475228085094
"elk-163","gamma",TRUE,"M21",153,2,0.836244641131897
"elk-163","gamma",TRUE,"M21",154,2,0.618561540873777
"elk-163","gamma",TRUE,"M21",155,2,0.598355387507464
"elk-163","gamma",TRUE,"M21",156,2,0.70581298664203
"elk-163","gamma",TRUE,"M21",157,2,0.723065686628108
"elk-163","gamma",TRUE,"M21",158,2,0.714176718191828
"elk-163","gamma",TRUE,"H2",1,1,1
"elk-163","gamma",TRUE,"H2",2,1,0.999791108686424
"elk-163","gamma",TRUE,"H2",3,1,0.966416115736327
"elk-163","gamma",TRUE,"H2",4,1,0.934946684167319
"elk-163","gamma",TRUE,"H2",5,1,0.996900819205079
"elk-163","gamma",TRUE,"H2",6,1,0.999983588768714
"elk-163","gamma",TRUE,"H2",7,1,0.994455920450794
"elk-163","gamma",TRUE,"H2",8,1,1
"elk-163","gamma",TRUE,"H2",9,1,0.999999999163834
"elk-163","gamma",TRUE,"H2",10,1,1
"elk-163","gamma",TRUE,"H2",11,1,0.999969327807142
"elk-163","gamma",TRUE,"H2",12,1,0.97804683300671
"elk-163","gamma",TRUE,"H2",13,1,0.956719506902547
"elk-163","gamma",TRUE,"H2",14,1,1
"elk-163","gamma",TRUE,"H2",15,2,0.760309955618655
"elk-163","gamma",TRUE,"H2",16,2,0.892291108182581
"elk-163","gamma",TRUE,"H2",17,2,0.921320576867353
"elk-163","gamma",TRUE,"H2",18,2,0.892189839512782
"elk-163","gamma",TRUE,"H2",19,2,0.83423280879857
"elk-163","gamma",TRUE,"H2",20,2,0.644468486360986
"elk-163","gamma",TRUE,"H2",21,1,0.999949870046011
"elk-163","gamma",TRUE,"H2",22,1,0.985683261459316
"elk-163","gamma",TRUE,"H2",23,1,1
"elk-163","gamma",TRUE,"H2",24,1,1
"elk-163","gamma",TRUE,"H2",25,1,0.99910521983931
"elk-163","gamma",TRUE,"H2",26,1,0.973176629883999
"elk-163","gamma",TRUE,"H2",27,1,0.953739048394846
"elk-163","gamma",TRUE,"H2",28,1,0.999999999999999
"elk-163","gamma",TRUE,"H2",29,1,0.999495992600388
"elk-163","gamma",TRUE,"H2",30,1,0.999999999987598
"elk-163","gamma",TRUE,"H2",31,1,0.999999999999999
"elk-163","gamma",TRUE,"H2",32,1,1
"elk-163","gamma",TRUE,"H2",33,1,1
"elk-163","gamma",TRUE,"H2",34,1,0.958151951368665
"elk-163","gamma",TRUE,"H2",35,1,0.990917764490518
"elk-163","gamma",TRUE,"H2",36,1,0.993028410485159
"elk-163","gamma",TRUE,"H2",37,1,0.975950231179255
"elk-163","gamma",TRUE,"H2",38,1,0.999999999999993
"elk-163","gamma",TRUE,"H2",39,1,0.787547480281597
"elk-163","gamma",TRUE,"H2",40,1,0.724329880374054
"elk-163","gamma",TRUE,"H2",41,1,0.776554390108029
"elk-163","gamma",TRUE,"H2",42,1,0.999999999999997
"elk-163","gamma",TRUE,"H2",43,1,0.999999999999995
"elk-163","gamma",TRUE,"H2",44,1,0.825144345179287
"elk-163","gamma",TRUE,"H2",45,1,0.807463657839696
"elk-163","gamma",TRUE,"H2",46,1,1
"elk-163","gamma",TRUE,"H2",47,1,1
"elk-163","gamma",TRUE,"H2",48,1,0.934088178394395
"elk-163","gamma",TRUE,"H2",49,1,0.923492030891454
"elk-163","gamma",TRUE,"H2",50,1,1
"elk-163","gamma",TRUE,"H2",51,2,0.70312010222988
"elk-163","gamma",TRUE,"H2",52,2,0.919675218033233
"elk-163","gamma",TRUE,"H2",53,2,0.970303664244207
"elk-163","gamma",TRUE,"H2",54,2,0.983803306244279
"elk-163","gamma",TRUE,"H2",55,2,0.968226748131086
"elk-163","gamma",TRUE,"H2",56,2,0.950518085143996
"elk-163","gamma",TRUE,"H2",57,2,0.936755203092632
"elk-163","gamma",TRUE,"H2",58,2,0.895842324972491
"elk-163","gamma",TRUE,"H2",59,2,0.810279518233536
"elk-163","gamma",TRUE,"H2",60,2,0.715493694573186
"elk-163","gamma",TRUE,"H2",61,2,0.669375063633231
"elk-163","gamma",TRUE,"H2",62,2,0.502769125023472
"elk-163","gamma",TRUE,"H2",63,2,0.560356837022619
"elk-163","gamma",TRUE,"H2",64,1,0.886488998410743
"elk-163","gamma",TRUE,"H2",65,1,1
"elk-163","gamma",TRUE,"H2",66,1,0.956675765672291
"elk-163","gamma",TRUE,"H2",67,1,1
"elk-163","gamma",TRUE,"H2",68,1,1
"elk-163","gamma",TRUE,"H2",69,2,0.743438810277967
"elk-163","gamma",TRUE,"H2",70,2,0.931988958285296
"elk-163","gamma",TRUE,"H2",71,2,0.979576868883376
"elk-163","gamma",TRUE,"H2",72,2,0.991281649224234
"elk-163","gamma",TRUE,"H2",73,2,0.995581168719028
"elk-163","gamma",TRUE,"H2",74,2,0.997618708031412
"elk-163","gamma",TRUE,"H2",75,2,0.997958888666524
"elk-163","gamma",TRUE,"H2",76,2,0.997933896212916
"elk-163","gamma",TRUE,"H2",77,2,0.99693203287721
"elk-163","gamma",TRUE,"H2",78,2,0.996880382480614
"elk-163","gamma",TRUE,"H2",79,2,0.996344351174869
"elk-163","gamma",TRUE,"H2",80,2,0.99108007681517
"elk-163","gamma",TRUE,"H2",81,2,0.994707314755063
"elk-163","gamma",TRUE,"H2",82,2,0.996846752538643
"elk-163","gamma",TRUE,"H2",83,2,0.996969058515977
"elk-163","gamma",TRUE,"H2",84,2,0.995392179583762
"elk-163","gamma",TRUE,"H2",85,2,0.996405285392851
"elk-163","gamma",TRUE,"H2",86,2,0.993161977555779
"elk-163","gamma",TRUE,"H2",87,2,0.984813449299281
"elk-163","gamma",TRUE,"H2",88,2,0.933238982349913
"elk-163","gamma",TRUE,"H2",89,2,0.692869310779805
"elk-163","gamma",TRUE,"H2",90,1,0.999999580277316
"elk-163","gamma",TRUE,"H2",91,1,0.854893050661198
"elk-163","gamma",TRUE,"H2",92,1,0.839633110378297
"elk-163","gamma",TRUE,"H2",93,1,0.856189927145654
"elk-163","gamma",TRUE,"H2",94,1,0.999999696492645
"elk-163","gamma",TRUE,"H2",95,1,0.962657640809513
"elk-163","gamma",TRUE,"H2",96,1,0.999711015488826
"elk-163","gamma",TRUE,"H2",97,1,0.989227032396032
"elk-163","gamma",TRUE,"H2",98,1,0.999999999999989
"elk-163","gamma",TRUE,"H2",99,1,0.988969251450604
"elk-163","gamma",TRUE,"H2",100,1,0.939290373071713
"elk-163","gamma",TRUE,"H2",101,1,0.931136021568428
"elk-163","gamma",TRUE,"H2",102,1,0.999999999920663
"elk-163","gamma",TRUE,"H2",103,1,0.950939735714877
"elk-163","gamma",TRUE,"H2",104,1,0.916526144221487
"elk-163","gamma",TRUE,"H2",105,1,0.910415508758794
"elk-163","gamma",TRUE,"H2",106,1,0.998934378350129
"elk-163","gamma",TRUE,"H2",107,1,0.956471786223097
"elk-163","gamma",TRUE,"H2",108,1,0.9918411515057
"elk-163","gamma",TRUE,"H2",109,1,0.936074989745617
"elk-163","gamma",TRUE,"H2",110,1,0.922730226873026
"elk-163","gamma",TRUE,"H2",111,1,0.999999954910848
"elk-163","gamma",TRUE,"H2",112,1,0.99984474082628
"elk-163","gamma",TRUE,"H2",113,1,0.873913151063847
"elk-163","gamma",TRUE,"H2",114,1,0.905512801047185
"elk-163","gamma",TRUE,"H2",115,1,1
"elk-163","gamma",TRUE,"H2",116,2,0.760735100452167
"elk-163","gamma",TRUE,"H2",117,2,0.936649988086468
"elk-163","gamma",TRUE,"H2",118,2,0.974959591699728
"elk-163","gamma",TRUE,"H2",119,2,0.977266680977396
"elk-163","gamma",TRUE,"H2",120,2,0.987341201452595
"elk-163","gamma",TRUE,"H2",121,2,0.99572828894785
"elk-163","gamma",TRUE,"H2",122,2,0.996007682615717
"elk-163","gamma",TRUE,"H2",123,2,0.996655678811258
"elk-163","gamma",TRUE,"H2",124,2,0.99622785786024
"elk-163","gamma",TRUE,"H2",125,2,0.997661271833821
"elk-163","gamma",TRUE,"H2",126,2,0.996700636879288
"elk-163","gamma",TRUE,"H2",127,2,0.994192506086477
"elk-163","gamma",TRUE,"H2",128,2,0.993204733573998
"elk-163","gamma",TRUE,"H2",129,2,0.989632226791746
"elk-163","gamma",TRUE,"H2",130,2,0.994334733303699
"elk-163","gamma",TRUE,"H2",131,2,0.996051547523481
"elk-163","gamma",TRUE,"H2",132,2,0.995557533085764
"elk-163","gamma",TRUE,"H2",133,2,0.995018295901484
"elk-163","gamma",TRUE,"H2",134,2,0.995647992480768
"elk-163","gamma",TRUE,"H2",135,2,0.992256455436705
"elk-163","gamma",TRUE,"H2",136,2,0.990006133583398
"elk-163","gamma",TRUE,"H2",137,2,0.994345843913387
"elk-163","gamma",TRUE,"H2",138,2,0.989190564612641
"elk-163","gamma",TRUE,"H2",139,2,0.990999351898721
"elk-163","gamma",TRUE,"H2",140,2,0.978352200907916
"elk-163","gamma",TRUE,"H2",141,2,0.96425138518574
"elk-163","gamma",TRUE,"H2",142,2,0.942038372134212
"elk-163","gamma",TRUE,"H2",143,2,0.915102270615068
"elk-163","gamma",TRUE,"H2",144,2,0.770662867825784
"elk-163","gamma",TRUE,"H2",145,2,0.659031665856674
"elk-163","gamma",TRUE,"H2",146,1,0.877223400196069
"elk-163","gamma",TRUE,"H2",147,1,0.965037757648899
"elk-163","gamma",TRUE,"H2",148,1,0.994360054916867
"elk-163","gamma",TRUE,"H2",149,1,0.999999842955412
"elk-163","gamma",TRUE,"H2",150,2,0.823845645636923
"elk-163","gamma",TRUE,"H2",151,2,0.965034662046583
"elk-163","gamma",TRUE,"H2",152,2,0.984962581609014
"elk-163","gamma",TRUE,"H2",153,2,0.974510482366293
"elk-163","gamma",TRUE,"H2",154,2,0.953177620075768
"elk-163","gamma",TRUE,"H2",155,2,0.86785368102448
"elk-163","gamma",TRUE,"H2",156,2,0.815032888418285
"elk-163","gamma",TRUE,"H2",157,2,0.784676250024699
"elk-163","gamma",TRUE,"H2",158,2,0.815490602229136
"elk-163","gamma",TRUE,"H3",1,2,0.999999997895065
"elk-163","gamma",TRUE,"H3",2,1,0.879634107395187
"elk-163","gamma",TRUE,"H3",3,1,0.992865350654401
"elk-163","gamma",TRUE,"H3",4,1,0.998837655757425
"elk-163","gamma",TRUE,"H3",5,1,0.981284563897777
"elk-163","gamma",TRUE,"H3",6,1,0.866623018057186
"elk-163","gamma",TRUE,"H3",7,1,0.976239542954685
"elk-163","gamma",TRUE,"H3",8,2,0.999999998454464
"elk-163","gamma",TRUE,"H3",9,2,0.890976530151632
"elk-163","gamma",TRUE,"H3",10,2,0.999999585456453
"elk-163","gamma",TRUE,"H3",11,1,0.846132780272361
"elk-163","gamma",TRUE,"H3",12,1,0.98899053455557
"elk-163","gamma",TRUE,"H3",13,1,0.991688443551785
"elk-163","gamma",TRUE,"H3",14,2,0.999999991123682
"elk-163","gamma",TRUE,"H3",15,1,0.515124630504101
"elk-163","gamma",TRUE,"H3",16,1,0.571837787138514
"elk-163","gamma",TRUE,"H3",17,1,0.726201472788785
"elk-163","gamma",TRUE,"H3",18,1,0.909188925414438
"elk-163","gamma",TRUE,"H3",19,1,0.949013432781747
"elk-163","gamma",TRUE,"H3",20,1,0.97063692101809
"elk-163","gamma",TRUE,"H3",21,1,0.790229544034768
"elk-163","gamma",TRUE,"H3",22,1,0.988329620856763
"elk-163","gamma",TRUE,"H3",23,2,0.999999999998714
"elk-163","gamma",TRUE,"H3",24,2,0.999227730591198
"elk-163","gamma",TRUE,"H3",25,1,0.899681637077821
"elk-163","gamma",TRUE,"H3",26,1,0.996836265708784
"elk-163","gamma",TRUE,"H3",27,1,0.998845954441112
"elk-163","gamma",TRUE,"H3",28,2,0.979738252572004
"elk-163","gamma",TRUE,"H3",29,1,0.917118360808538
"elk-163","gamma",TRUE,"H3",30,2,0.949973810288861
"elk-163","gamma",TRUE,"H3",31,2,0.997639564449403
"elk-163","gamma",TRUE,"H3",32,2,0.999999988568006
"elk-163","gamma",TRUE,"H3",33,2,0.999970809005067
"elk-163","gamma",TRUE,"H3",34,1,0.884696372962316
"elk-163","gamma",TRUE,"H3",35,1,0.991493498806389
"elk-163","gamma",TRUE,"H3",36,1,0.98193242016788
"elk-163","gamma",TRUE,"H3",37,1,0.997726781007265
"elk-163","gamma",TRUE,"H3",38,2,0.99435216835788
"elk-163","gamma",TRUE,"H3",39,1,0.584593407776269
"elk-163","gamma",TRUE,"H3",40,1,0.638031501199101
"elk-163","gamma",TRUE,"H3",41,1,0.790382585078267
"elk-163","gamma",TRUE,"H3",42,2,0.995209074762516
"elk-163","gamma",TRUE,"H3",43,2,0.997596751948329
"elk-163","gamma",TRUE,"H3",44,1,0.586430605736145
"elk-163","gamma",TRUE,"H3",45,1,0.652654208307125
"elk-163","gamma",TRUE,"H3",46,2,0.999997975575779
"elk-163","gamma",TRUE,"H3",47,2,0.999999934729527
"elk-163","gamma",TRUE,"H3",48,1,0.788187016477471
"elk-163","gamma",TRUE,"H3",49,1,0.843576013995306
"elk-163","gamma",TRUE,"H3",50,2,0.999947768326342
"elk-163","gamma",TRUE,"H3",51,3,0.903945080048405
"elk-163","gamma",TRUE,"H3",52,3,0.892498247806062
"elk-163","gamma",TRUE,"H3",53,3,0.852126217149629
"elk-163","gamma",TRUE,"H3",54,3,0.748367132865878
"elk-163","gamma",TRUE,"H3",55,1,0.60641517841882
"elk-163","gamma",TRUE,"H3",56,1,0.699740267805037
"elk-163","gamma",TRUE,"H3",57,1,0.78672357620791
"elk-163","gamma",TRUE,"H3",58,1,0.93142202743133
"elk-163","gamma",TRUE,"H3",59,1,0.992190789416781
"elk-163","gamma",TRUE,"H3",60,1,0.997188536693023
"elk-163","gamma",TRUE,"H3",61,1,0.999412573344397
"elk-163","gamma",TRUE,"H3",62,1,0.990447268865675
"elk-163","gamma",TRUE,"H3",63,1,0.998398450710043
"elk-163","gamma",TRUE,"H3",64,1,0.999870094635369
"elk-163","gamma",TRUE,"H3",65,2,0.995656494521128
"elk-163","gamma",TRUE,"H3",66,1,0.842951900106286
"elk-163","gamma",TRUE,"H3",67,2,0.999998356537324
"elk-163","gamma",TRUE,"H3",68,2,0.999999999998023
"elk-163","gamma",TRUE,"H3",69,3,0.999937861758387
"elk-163","gamma",TRUE,"H3",70,3,0.999960966272363
"elk-163","gamma",TRUE,"H3",71,3,0.999948592282434
"elk-163","gamma",TRUE,"H3",72,3,0.999989784129479
"elk-163","gamma",TRUE,"H3",73,3,0.999984650369675
"elk-163","gamma",TRUE,"H3",74,3,0.999992698123453
"elk-163","gamma",TRUE,"H3",75,3,0.999991289657996
"elk-163","gamma",TRUE,"H3",76,3,0.999982089629682
"elk-163","gamma",TRUE,"H3",77,3,0.999946164963047
"elk-163","gamma",TRUE,"H3",78,3,0.999888666053679
"elk-163","gamma",TRUE,"H3",79,3,0.999887651683373
"elk-163","gamma",TRUE,"H3",80,3,0.999782146680588
"elk-163","gamma",TRUE,"H3",81,3,0.999648044309933
"elk-163","gamma",TRUE,"H3",82,3,0.99926990863123
"elk-163","gamma",TRUE,"H3",83,3,0.998524328477703
"elk-163","gamma",TRUE,"H3",84,3,0.99632404407572
"elk-163","gamma",TRUE,"H3",85,3,0.994332627748504
"elk-163","gamma",TRUE,"H3",86,3,0.987691450364138
"elk-163","gamma",TRUE,"H3",87,3,0.968637103095022
"elk-163","gamma",TRUE,"H3",88,3,0.889323074413275
"elk-163","gamma",TRUE,"H3",89,3,0.655963590662764
"elk-163","gamma",TRUE,"H3",90,2,0.802358755269586
"elk-163","gamma",TRUE,"H3",91,1,0.880087446821135
"elk-163","gamma",TRUE,"H3",92,1,0.951806227570265
"elk-163","gamma",TRUE,"H3",93,1,0.964460680828113
"elk-163","gamma",TRUE,"H3",94,2,0.573400458039795
"elk-163","gamma",TRUE,"H3",95,1,0.963560625224006
"elk-163","gamma",TRUE,"H3",96,1,0.94686767792376
"elk-163","gamma",TRUE,"H3",97,1,0.99739224715956
"elk-163","gamma",TRUE,"H3",98,2,0.959537244184767
"elk-163","gamma",TRUE,"H3",99,1,0.982715467597013
"elk-163","gamma",TRUE,"H3",100,1,0.9981839621604
"elk-163","gamma",TRUE,"H3",101,1,0.999186875188281
"elk-163","gamma",TRUE,"H3",102,2,0.870160939213829
"elk-163","gamma",TRUE,"H3",103,1,0.982133776784704
"elk-163","gamma",TRUE,"H3",104,1,0.990428396371985
"elk-163","gamma",TRUE,"H3",105,1,0.992875990933211
"elk-163","gamma",TRUE,"H3",106,1,0.917469215938357
"elk-163","gamma",TRUE,"H3",107,1,0.989877695983928
"elk-163","gamma",TRUE,"H3",108,1,0.982873462108473
"elk-163","gamma",TRUE,"H3",109,1,0.998732384324394
"elk-163","gamma",TRUE,"H3",110,1,0.997198184335855
"elk-163","gamma",TRUE,"H3",111,2,0.64087789292714
"elk-163","gamma",TRUE,"H3",112,1,0.739629246357627
"elk-163","gamma",TRUE,"H3",113,1,0.947389110832498
"elk-163","gamma",TRUE,"H3",114,1,0.983767295080754
"elk-163","gamma",TRUE,"H3",115,2,0.999999999997093
"elk-163","gamma",TRUE,"H3",116,3,0.99996050211284
"elk-163","gamma",TRUE,"H3",117,3,0.999991746156365
"elk-163","gamma",TRUE,"H3",118,3,0.999992985133694
"elk-163","gamma",TRUE,"H3",119,3,0.999988449307115
"elk-163","gamma",TRUE,"H3",120,3,0.999984409577667
"elk-163","gamma",TRUE,"H3",121,3,0.999976262871952
"elk-163","gamma",TRUE,"H3",122,3,0.999973498682626
"elk-163","gamma",TRUE,"H3",123,3,0.999933625455202
"elk-163","gamma",TRUE,"H3",124,3,0.99980605181211
"elk-163","gamma",TRUE,"H3",125,3,0.999436588614511
"elk-163","gamma",TRUE,"H3",126,3,0.997887296064635
"elk-163","gamma",TRUE,"H3",127,3,0.991583429611938
"elk-163","gamma",TRUE,"H3",128,3,0.977304183723508
"elk-163","gamma",TRUE,"H3",129,3,0.943021354408979
"elk-163","gamma",TRUE,"H3",130,3,0.936207613839129
"elk-163","gamma",TRUE,"H3",131,3,0.930796836468339
"elk-163","gamma",TRUE,"H3",132,3,0.919515597998792
"elk-163","gamma",TRUE,"H3",133,3,0.885689873550971
"elk-163","gamma",TRUE,"H3",134,3,0.802339651544332
"elk-163","gamma",TRUE,"H3",135,1,0.530761076944508
"elk-163","gamma",TRUE,"H3",136,1,0.754646910692366
"elk-163","gamma",TRUE,"H3",137,1,0.784225430593311
"elk-163","gamma",TRUE,"H3",138,1,0.900408800719802
"elk-163","gamma",TRUE,"H3",139,1,0.930986244033051
"elk-163","gamma",TRUE,"H3",140,1,0.97708823329738
"elk-163","gamma",TRUE,"H3",141,1,0.986603684438298
"elk-163","gamma",TRUE,"H3",142,1,0.99485556942736
"elk-163","gamma",TRUE,"H3",143,1,0.996695698358255
"elk-163","gamma",TRUE,"H3",144,1,0.993819309559893
"elk-163","gamma",TRUE,"H3",145,1,0.999055795125774
"elk-163","gamma",TRUE,"H3",146,1,0.989459937016892
"elk-163","gamma",TRUE,"H3",147,1,0.995393773462358
"elk-163","gamma",TRUE,"H3",148,1,0.953709644707893
"elk-163","gamma",TRUE,"H3",149,2,0.983085133606249
"elk-163","gamma",TRUE,"H3",150,3,0.945419621619987
"elk-163","gamma",TRUE,"H3",151,3,0.938089663376832
"elk-163","gamma",TRUE,"H3",152,3,0.902392751228455
"elk-163","gamma",TRUE,"H3",153,3,0.768247176996304
"elk-163","gamma",TRUE,"H3",154,3,0.543738478309812
"elk-163","gamma",TRUE,"H3",155,1,0.977448670080491
"elk-163","gamma",TRUE,"H3",156,1,0.989033611533758
"elk-163","gamma",TRUE,"H3",157,1,0.995193476552578
"elk-163","gamma",TRUE,"H3",158,1,0.995235584119708
"elk-287","gamma",TRUE,"M21",1,1,0.999999996271286
"elk-287","gamma",TRUE,"M21",2,1,0.999999839505087
"elk-287","gamma",TRUE,"M21",3,1,0.999999818268902
"elk-287","gamma",TRUE,"M21",4,1,0.999999904237825
"elk-287","gamma",TRUE,"M21",5,1,1
"elk-287","gamma",TRUE,"M21",6,1,1
"elk-287","gamma",TRUE,"M21",7,1,1
"elk-287","gamma",TRUE,"M21",8,1,1
"elk-287","gamma",TRUE,"M21",9,1,0.999999999802139
"elk-287","gamma",TRUE,"M21",10,1,0.999999999999998
"elk-287","gamma",TRUE,"M21",11,1,0.999999968704262
"elk-287","gamma",TRUE,"M21",12,1,0.999999933118099
"elk-287","gamma",TRUE,"M21",13,1,0.999999834404572
"elk-287","gamma",TRUE,"M21",14,1,0.999999999884958
"elk-287","gamma",TRUE,"M21",15,1,0.999998442912996
"elk-287","gamma",TRUE,"M21",16,1,0.999974313431455
"elk-287","gamma",TRUE,"M21",17,1,0.999963922643758
"elk-287","gamma",TRUE,"M21",18,1,0.999971889150578
"elk-287","gamma",TRUE,"M21",19,1,0.999974071263393
"elk-287","gamma",TRUE,"M21",20,1,0.999977904741196
"elk-287","gamma",TRUE,"M21",21,1,0.999978851532522
"elk-287","gamma",TRUE,"M21",22,1,0.999983182556072
"elk-287","gamma",TRUE,"M21",23,1,0.999988809135642
"elk-287","gamma",TRUE,"M21",24,1,0.99999487373183
"elk-287","gamma",TRUE,"M21",25,1,0.999997519088768
"elk-287","gamma",TRUE,"M21",26,1,0.999999644024785
"elk-287","gamma",TRUE,"M21",27,1,0.999999999999335
"elk-287","gamma",TRUE,"M21",28,1,0.999999933649155
"elk-287","gamma",TRUE,"M21",29,1,1
"elk-287","gamma",TRUE,"M21",30,1,1
"elk-287","gamma",TRUE,"M21",31,1,1
"elk-287","gamma",TRUE,"M21",32,1,0.999999706349546
"elk-287","gamma",TRUE,"M21",33,1,0.999999551242906
"elk-287","gamma",TRUE,"M21",34,1,0.999999999996672
"elk-287","gamma",TRUE,"M21",35,1,0.999999952844618
"elk-287","gamma",TRUE,"M21",36,1,0.999999997704027
"elk-287","gamma",TRUE,"M21",37,1,0.999999985393728
"elk-287","gamma",TRUE,"M21",38,1,0.999999944102816
"elk-287","gamma",TRUE,"M21",39,1,0.999999999320758
"elk-287","gamma",TRUE,"M21",40,1,0.999999409369178
"elk-287","gamma",TRUE,"M21",41,1,0.999999170898965
"elk-287","gamma",TRUE,"M21",42,1,0.999999751008081
"elk-287","gamma",TRUE,"M21",43,1,0.999999901838453
"elk-287","gamma",TRUE,"M21",44,1,0.999999889335784
"elk-287","gamma",TRUE,"M21",45,1,0.999999918344739
"elk-287","gamma",TRUE,"M21",46,1,0.999999832602314
"elk-287","gamma",TRUE,"M21",47,1,0.999999890698341
"elk-287","gamma",TRUE,"M21",48,1,0.999999920397629
"elk-287","gamma",TRUE,"M21",49,1,0.99999997101251
"elk-287","gamma",TRUE,"M21",50,1,1
"elk-287","gamma",TRUE,"M21",51,1,0.999999854247015
"elk-287","gamma",TRUE,"M21",52,1,0.999999999999729
"elk-287","gamma",TRUE,"M21",53,1,1
"elk-287","gamma",TRUE,"M21",54,1,1
"elk-287","gamma",TRUE,"M21",55,1,0.999999947038191
"elk-287","gamma",TRUE,"M21",56,1,0.999999909915214
"elk-287","gamma",TRUE,"M21",57,1,0.999999841890702
"elk-287","gamma",TRUE,"M21",58,1,0.999999697700972
"elk-287","gamma",TRUE,"M21",59,1,0.999999673059788
"elk-287","gamma",TRUE,"M21",60,1,0.999999380285878
"elk-287","gamma",TRUE,"M21",61,1,0.999999609774188
"elk-287","gamma",TRUE,"M21",62,1,0.999999738705158
"elk-287","gamma",TRUE,"M21",63,1,0.999999582139911
"elk-287","gamma",TRUE,"M21",64,1,0.999999596039908
"elk-287","gamma",TRUE,"M21",65,1,0.999999443019622
"elk-287","gamma",TRUE,"M21",66,1,0.999998983747755
"elk-287","gamma",TRUE,"M21",67,1,0.999999305704864
"elk-287","gamma",TRUE,"M21",68,1,0.99999950705872
"elk-287","gamma",TRUE,"M21",69,1,0.999999536576514
"elk-287","gamma",TRUE,"M21",70,1,0.999999193754521
"elk-287","gamma",TRUE,"M21",71,1,0.9999999999999
"elk-287","gamma",TRUE,"M21",72,1,0.999999923503362
"elk-287","gamma",TRUE,"M21",73,1,1
"elk-287","gamma",TRUE,"M21",74,1,1
"elk-287","gamma",TRUE,"M21",75,1,0.99999999969182
"elk-287","gamma",TRUE,"M21",76,1,0.999999816821122
"elk-287","gamma",TRUE,"M21",77,1,0.999999999999999
"elk-287","gamma",TRUE,"M21",78,1,0.999999949406031
"elk-287","gamma",TRUE,"M21",79,1,1
"elk-287","gamma",TRUE,"M21",80,1,0.999999917426302
"elk-287","gamma",TRUE,"M21",81,1,0.999999809698225
"elk-287","gamma",TRUE,"M21",82,1,0.999999742536807
"elk-287","gamma",TRUE,"M21",83,1,0.999999273427605
"elk-287","gamma",TRUE,"M21",84,1,0.999998716045633
"elk-287","gamma",TRUE,"M21",85,1,0.999998159617388
"elk-287","gamma",TRUE,"M21",86,1,0.999998607877334
"elk-287","gamma",TRUE,"M21",87,1,0.999999126059707
"elk-287","gamma",TRUE,"M21",88,1,0.999999999999313
"elk-287","gamma",TRUE,"M21",89,1,0.999999999999998
"elk-287","gamma",TRUE,"M21",90,1,0.853345287090704
"elk-287","gamma",TRUE,"M21",91,1,0.675300469663002
"elk-287","gamma",TRUE,"M21",92,2,0.561763290750506
"elk-287","gamma",TRUE,"M21",93,2,0.599009191742839
"elk-287","gamma",TRUE,"M21",94,2,0.652851581483165
"elk-287","gamma",TRUE,"M21",95,2,0.702754581341511
"elk-287","gamma",TRUE,"M21",96,2,0.784227264454079
"elk-287","gamma",TRUE,"M21",97,2,0.967291814917656
"elk-287","gamma",TRUE,"M21",98,2,0.999382444315872
"elk-287","gamma",TRUE,"M21",99,2,0.99993764709983
"elk-287","gamma",TRUE,"M21",100,2,0.999950016714628
"elk-287","gamma",TRUE,"M21",101,2,0.999953428847217
"elk-287","gamma",TRUE,"M21",102,2,0.999953256369106
"elk-287","gamma",TRUE,"M21",103,2,0.999955619808574
"elk-287","gamma",TRUE,"M21",104,2,0.999968529169749
"elk-287","gamma",TRUE,"M21",105,2,0.999986941649959
"elk-287","gamma",TRUE,"M21",106,2,0.999994623159454
"elk-287","gamma",TRUE,"M21",107,2,0.999998017932202
"elk-287","gamma",TRUE,"M21",108,2,0.999999920704193
"elk-287","gamma",TRUE,"M21",109,2,0.999999993586509
"elk-287","gamma",TRUE,"M21",110,2,0.999999962200582
"elk-287","gamma",TRUE,"M21",111,2,0.999999979098617
"elk-287","gamma",TRUE,"M21",112,2,0.99999998593226
"elk-287","gamma",TRUE,"M21",113,2,0.999999993073047
"elk-287","gamma",TRUE,"M21",114,2,0.999999972361548
"elk-287","gamma",TRUE,"M21",115,2,0.999999985676773
"elk-287","gamma",TRUE,"M21",116,2,0.999999995462708
"elk-287","gamma",TRUE,"M21",117,2,0.99999997327266
"elk-287","gamma",TRUE,"M21",118,2,0.999999987772059
"elk-287","gamma",TRUE,"M21",119,2,0.999999985205886
"elk-287","gamma",TRUE,"M21",120,2,0.999999995899864
"elk-287","gamma",TRUE,"M21",121,2,0.999999985036076
"elk-287","gamma",TRUE,"M21",122,2,0.99999998025144
"elk-287","gamma",TRUE,"M21",123,2,0.999999853927381
"elk-287","gamma",TRUE,"M21",124,2,0.999998964610801
"elk-287","gamma",TRUE,"M21",125,2,0.999998992735209
"elk-287","gamma",TRUE,"M21",126,2,0.999999694639258
"elk-287","gamma",TRUE,"M21",127,2,0.999999600893047
"elk-287","gamma",TRUE,"M21",128,2,0.999999880750434
"elk-287","gamma",TRUE,"M21",129,2,0.999999954778043
"elk-287","gamma",TRUE,"M21",130,2,0.999999983321955
"elk-287","gamma",TRUE,"M21",131,2,0.999999995245749
"elk-287","gamma",TRUE,"M21",132,2,0.999999878525859
"elk-287","gamma",TRUE,"M21",133,2,0.999999974724726
"elk-287","gamma",TRUE,"M21",134,2,0.999999998266508
"elk-287","gamma",TRUE,"M21",135,2,0.99999999229432
"elk-287","gamma",TRUE,"M21",136,2,0.99999999767481
"elk-287","gamma",TRUE,"M21",137,2,0.999999995607714
"elk-287","gamma",TRUE,"M21",138,2,0.999999867192125
"elk-287","gamma",TRUE,"M21",139,2,0.999999989307916
"elk-287","gamma",TRUE,"M21",140,2,0.999999998349029
"elk-287","gamma",TRUE,"M21",141,2,0.999999995724243
"elk-287","gamma",TRUE,"M21",142,2,0.999999990467656
"elk-287","gamma",TRUE,"M21",143,2,0.999999952351191
"elk-287","gamma",TRUE,"M21",144,2,0.999999541303581
"elk-287","gamma",TRUE,"M21",145,2,0.99999967978461
"elk-287","gamma",TRUE,"M21",146,2,0.999999935394397
"elk-287","gamma",TRUE,"M21",147,2,0.999999898438148
"elk-287","gamma",TRUE,"M21",148,2,0.999999991086092
"elk-287","gamma",TRUE,"M21",149,2,0.999999985516279
"elk-287","gamma",TRUE,"M21",150,2,0.999999409585603
"elk-287","gamma",TRUE,"M21",151,2,0.999999409372588
"elk-287","gamma",TRUE,"M21",152,2,0.999999515067008
"elk-287","gamma",TRUE,"M21",153,2,0.999999458708504
"elk-287","gamma",TRUE,"M21",154,2,0.999999907155485
"elk-287","gamma",TRUE,"M21",155,2,0.999999675797748
"elk-287","gamma",TRUE,"M21",156,2,0.999999603903781
"elk-287","gamma",TRUE,"M21",157,2,0.999999687420221
"elk-287","gamma",TRUE,"M21",158,2,0.99999985244349
"elk-287","gamma",TRUE,"M21",159,2,0.999999769269181
"elk-287","gamma",TRUE,"M21",160,2,0.999999980271116
"elk-287","gamma",TRUE,"M21",161,2,0.999999781795874
"elk-287","gamma",TRUE,"M21",162,2,0.999999687060282
"elk-287","gamma",TRUE,"M21",163,2,0.999991464571044
"elk-287","gamma",TRUE,"H2",1,1,0.999997548745871
"elk-287","gamma",TRUE,"H2",2,1,0.99578762760801
"elk-287","gamma",TRUE,"H2",3,1,0.999577116287643
"elk-287","gamma",TRUE,"H2",4,1,0.995764951315284
"elk-287","gamma",TRUE,"H2",5,2,1
"elk-287","gamma",TRUE,"H2",6,2,0.999999999689756
"elk-287","gamma",TRUE,"H2",7,2,0.999999999997117
"elk-287","gamma",TRUE,"H2",8,2,0.999999999816321
"elk-287","gamma",TRUE,"H2",9,2,0.999903859301521
"elk-287","gamma",TRUE,"H2",10,2,0.999999967012313
"elk-287","gamma",TRUE,"H2",11,1,0.856603460314139
"elk-287","gamma",TRUE,"H2",12,1,0.997112121069062
"elk-287","gamma",TRUE,"H2",13,1,0.994403351226932
"elk-287","gamma",TRUE,"H2",14,2,0.999959301460563
"elk-287","gamma",TRUE,"H2",15,2,0.960832524955686
"elk-287","gamma",TRUE,"H2",16,1,0.95785028477309
"elk-287","gamma",TRUE,"H2",17,1,0.994477934300607
"elk-287","gamma",TRUE,"H2",18,1,0.998221132154044
"elk-287","gamma",TRUE,"H2",19,1,0.977591414052765
"elk-287","gamma",TRUE,"H2",20,1,0.995902494551392
"elk-287","gamma",TRUE,"H2",21,1,0.999614866179751
"elk-287","gamma",TRUE,"H2",22,1,0.999152851509076
"elk-287","gamma",TRUE,"H2",23,1,0.999680613738766
"elk-287","gamma",TRUE,"H2",24,1,0.999011209209263
"elk-287","gamma",TRUE,"H2",25,1,0.99131960851944
"elk-287","gamma",TRUE,"H2",26,2,0.900509049945786
"elk-287","gamma",TRUE,"H2",27,2,0.999997738033714
"elk-287","gamma",TRUE,"H2",28,1,0.925009165674029
"elk-287","gamma",TRUE,"H2",29,2,0.999999999997428
"elk-287","gamma",TRUE,"H2",30,2,1
"elk-287","gamma",TRUE,"H2",31,2,0.999999999946992
"elk-287","gamma",TRUE,"H2",32,1,0.929090330749003
"elk-287","gamma",TRUE,"H2",33,1,0.663946815272693
"elk-287","gamma",TRUE,"H2",34,2,0.99999454492185
"elk-287","gamma",TRUE,"H2",35,2,0.984616076761182
"elk-287","gamma",TRUE,"H2",36,2,0.998743517965345
"elk-287","gamma",TRUE,"H2",37,2,0.94594670561582
"elk-287","gamma",TRUE,"H2",38,1,0.922233639675587
"elk-287","gamma",TRUE,"H2",39,2,0.990147829983499
"elk-287","gamma",TRUE,"H2",40,1,0.988161881093802
"elk-287","gamma",TRUE,"H2",41,1,0.97166806174147
"elk-287","gamma",TRUE,"H2",42,1,0.986265964524296
"elk-287","gamma",TRUE,"H2",43,1,0.991838039624756
"elk-287","gamma",TRUE,"H2",44,1,0.999850710846371
"elk-287","gamma",TRUE,"H2",45,1,0.999108491345595
"elk-287","gamma",TRUE,"H2",46,1,0.999573271214486
"elk-287","gamma",TRUE,"H2",47,1,0.999800445205457
"elk-287","gamma",TRUE,"H2",48,1,0.996081830861368
"elk-287","gamma",TRUE,"H2",49,1,0.952289190613097
"elk-287","gamma",TRUE,"H2",50,2,1
"elk-287","gamma",TRUE,"H2",51,2,0.685041987692433
"elk-287","gamma",TRUE,"H2",52,2,0.999999229660828
"elk-287","gamma",TRUE,"H2",53,2,0.99999999999851
"elk-287","gamma",TRUE,"H2",54,2,0.999999995458427
"elk-287","gamma",TRUE,"H2",55,1,0.99311717693597
"elk-287","gamma",TRUE,"H2",56,1,0.999301627336252
"elk-287","gamma",TRUE,"H2",57,1,0.996266927797963
"elk-287","gamma",TRUE,"H2",58,1,0.999754532806176
"elk-287","gamma",TRUE,"H2",59,1,0.999730374382596
"elk-287","gamma",TRUE,"H2",60,1,0.999497313924834
"elk-287","gamma",TRUE,"H2",61,1,0.999729379886176
"elk-287","gamma",TRUE,"H2",62,1,0.999040017341374
"elk-287","gamma",TRUE,"H2",63,1,0.993226135388715
"elk-287","gamma",TRUE,"H2",64,1,0.999239739478797
"elk-287","gamma",TRUE,"H2",65,1,0.999177892521255
"elk-287","gamma",TRUE,"H2",66,1,0.997509346362026
"elk-287","gamma",TRUE,"H2",67,1,0.82650560583748
"elk-287","gamma",TRUE,"H2",68,1,0.977821214230542
"elk-287","gamma",TRUE,"H2",69,1,0.996527786542737
"elk-287","gamma",TRUE,"H2",70,1,0.720912580842181
"elk-287","gamma",TRUE,"H2",71,2,0.999998909280819
"elk-287","gamma",TRUE,"H2",72,1,0.909773233870972
"elk-287","gamma",TRUE,"H2",73,2,1
"elk-287","gamma",TRUE,"H2",74,2,0.999999999991977
"elk-287","gamma",TRUE,"H2",75,2,0.999910656178102
"elk-287","gamma",TRUE,"H2",76,2,0.913168948880599
"elk-287","gamma",TRUE,"H2",77,2,0.999999991086067
"elk-287","gamma",TRUE,"H2",78,1,0.663331678775833
"elk-287","gamma",TRUE,"H2",79,2,1
"elk-287","gamma",TRUE,"H2",80,1,0.822632928416215
"elk-287","gamma",TRUE,"H2",81,1,0.999326731020813
"elk-287","gamma",TRUE,"H2",82,1,0.998236271466413
"elk-287","gamma",TRUE,"H2",83,1,0.999827618416944
"elk-287","gamma",TRUE,"H2",84,1,0.99702346690942
"elk-287","gamma",TRUE,"H2",85,1,0.99951794675714
"elk-287","gamma",TRUE,"H2",86,1,0.99896630217957
"elk-287","gamma",TRUE,"H2",87,1,0.995196043118391
"elk-287","gamma",TRUE,"H2",88,2,0.999998551967768
"elk-287","gamma",TRUE,"H2",89,2,0.999999999999893
"elk-287","gamma",TRUE,"H2",90,1,0.995389462770133
"elk-287","gamma",TRUE,"H2",91,1,0.999293757012137
"elk-287","gamma",TRUE,"H2",92,1,0.999248049660824
"elk-287","gamma",TRUE,"H2",93,1,0.963664715333165
"elk-287","gamma",TRUE,"H2",94,1,0.893682033726741
"elk-287","gamma",TRUE,"H2",95,1,0.998862261060446
"elk-287","gamma",TRUE,"H2",96,1,0.99953686228656
"elk-287","gamma",TRUE,"H2",97,1,0.999162228698944
"elk-287","gamma",TRUE,"H2",98,1,0.998299567353787
"elk-287","gamma",TRUE,"H2",99,1,0.997313445294541
"elk-287","gamma",TRUE,"H2",100,1,0.998947778998988
"elk-287","gamma",TRUE,"H2",101,1,0.999555201113428
"elk-287","gamma",TRUE,"H2",102,1,0.999312876419474
"elk-287","gamma",TRUE,"H2",103,1,0.998646883788763
"elk-287","gamma",TRUE,"H2",104,1,0.999829647433725
"elk-287","gamma",TRUE,"H2",105,1,0.99968944928639
"elk-287","gamma",TRUE,"H2",106,1,0.999430850379268
"elk-287","gamma",TRUE,"H2",107,1,0.999470942377785
"elk-287","gamma",TRUE,"H2",108,1,0.994931988995527
"elk-287","gamma",TRUE,"H2",109,1,0.996185890717814
"elk-287","gamma",TRUE,"H2",110,1,0.999496389663598
"elk-287","gamma",TRUE,"H2",111,1,0.999458249690536
"elk-287","gamma",TRUE,"H2",112,1,0.981754841742552
"elk-287","gamma",TRUE,"H2",113,1,0.989731370965708
"elk-287","gamma",TRUE,"H2",114,1,0.998403718563357
"elk-287","gamma",TRUE,"H2",115,1,0.985578595133781
"elk-287","gamma",TRUE,"H2",116,1,0.993542948003739
"elk-287","gamma",TRUE,"H2",117,1,0.995993211976146
"elk-287","gamma",TRUE,"H2",118,1,0.999191651726489
"elk-287","gamma",TRUE,"H2",119,1,0.999563915908045
"elk-287","gamma",TRUE,"H2",120,1,0.995799965106716
"elk-287","gamma",TRUE,"H2",121,1,0.999244489642141
"elk-287","gamma",TRUE,"H2",122,1,0.999138024924252
"elk-287","gamma",TRUE,"H2",123,1,0.996325116450288
"elk-287","gamma",TRUE,"H2",124,1,0.997581217550882
"elk-287","gamma",TRUE,"H2",125,1,0.999502089740367
"elk-287","gamma",TRUE,"H2",126,1,0.997901618904189
"elk-287","gamma",TRUE,"H2",127,1,0.988705231804603
"elk-287","gamma",TRUE,"H2",128,1,0.996166724458714
"elk-287","gamma",TRUE,"H2",129,1,0.99935273870927
"elk-287","gamma",TRUE,"H2",130,1,0.98576971310343
"elk-287","gamma",TRUE,"H2",131,1,0.99702982967247
"elk-287","gamma",TRUE,"H2",132,1,0.999760604523697
"elk-287","gamma",TRUE,"H2",133,1,0.990007808763601
"elk-287","gamma",TRUE,"H2",134,1,0.99808979801109
"elk-287","gamma",TRUE,"H2",135,1,0.996160401998134
"elk-287","gamma",TRUE,"H2",136,1,0.997865617524534
"elk-287","gamma",TRUE,"H2",137,1,0.997872699633659
"elk-287","gamma",TRUE,"H2",138,1,0.99912110643381
"elk-287","gamma",TRUE,"H2",139,1,0.998705249377259
"elk-287","gamma",TRUE,"H2",140,1,0.998584654411338
"elk-287","gamma",TRUE,"H2",141,1,0.999306761636568
"elk-287","gamma",TRUE,"H2",142,1,0.99603556863036
"elk-287","gamma",TRUE,"H2",143,1,0.998973374002965
"elk-287","gamma",TRUE,"H2",144,1,0.999512915228693
"elk-287","gamma",TRUE,"H2",145,1,0.999077358811261
"elk-287","gamma",TRUE,"H2",146,1,0.999397674078279
"elk-287","gamma",TRUE,"H2",147,1,0.99829620311977
"elk-287","gamma",TRUE,"H2",148,1,0.99805847223595
"elk-287","gamma",TRUE,"H2",149,1,0.99881805070939
"elk-287","gamma",TRUE,"H2",150,1,0.999179884431192
"elk-287","gamma",TRUE,"H2",151,1,0.99807351000677
"elk-287","gamma",TRUE,"H2",152,1,0.99539590938677
"elk-287","gamma",TRUE,"H2",153,1,0.999746459021873
"elk-287","gamma",TRUE,"H2",154,1,0.997339197396188
"elk-287","gamma",TRUE,"H2",155,1,0.999778855932479
"elk-287","gamma",TRUE,"H2",156,1,0.994601437927126
"elk-287","gamma",TRUE,"H2",157,1,0.999699320999661
"elk-287","gamma",TRUE,"H2",158,1,0.985100106818282
"elk-287","gamma",TRUE,"H2",159,1,0.994123174372678
"elk-287","gamma",TRUE,"H2",160,1,0.998183121431801
"elk-287","gamma",TRUE,"H2",161,1,0.99748123764182
"elk-287","gamma",TRUE,"H2",162,1,0.997922106847547
"elk-287","gamma",TRUE,"H2",163,1,0.999393760079912
"elk-287","gamma",TRUE,"H3",1,1,0.999962520771371
"elk-287","gamma",TRUE,"H3",2,1,0.96918461489676
"elk-287","gamma",TRUE,"H3",3,1,0.997421736266588
"elk-287","gamma",TRUE,"H3",4,1,0.994699412488078
"elk-287","gamma",TRUE,"H3",5,3,1
"elk-287","gamma",TRUE,"H3",6,3,1
"elk-287","gamma",TRUE,"H3",7,3,1
"elk-287","gamma",TRUE,"H3",8,3,1
"elk-287","gamma",TRUE,"H3",9,3,0.99999999999993
"elk-287","gamma",TRUE,"H3",10,3,1
"elk-287","gamma",TRUE,"H3",11,1,0.916287356006905
"elk-287","gamma",TRUE,"H3",12,1,0.996264053558691
"elk-287","gamma",TRUE,"H3",13,1,0.988652296324802
"elk-287","gamma",TRUE,"H3",14,3,0.999999999891934
"elk-287","gamma",TRUE,"H3",15,3,0.999999998974587
"elk-287","gamma",TRUE,"H3",16,1,0.653650300755361
"elk-287","gamma",TRUE,"H3",17,3,0.936067345420969
"elk-287","gamma",TRUE,"H3",18,1,0.970741334569225
"elk-287","gamma",TRUE,"H3",19,1,0.806541171909583
"elk-287","gamma",TRUE,"H3",20,1,0.983046983700043
"elk-287","gamma",TRUE,"H3",21,1,0.995395519697054
"elk-287","gamma",TRUE,"H3",22,1,0.992667326303889
"elk-287","gamma",TRUE,"H3",23,1,0.997716285687481
"elk-287","gamma",TRUE,"H3",24,1,0.996182311867875
"elk-287","gamma",TRUE,"H3",25,1,0.987393124609141
"elk-287","gamma",TRUE,"H3",26,3,0.999999703828613
"elk-287","gamma",TRUE,"H3",27,3,0.99999999999944
"elk-287","gamma",TRUE,"H3",28,1,0.973750204841418
"elk-287","gamma",TRUE,"H3",29,3,1
"elk-287","gamma",TRUE,"H3",30,3,1
"elk-287","gamma",TRUE,"H3",31,3,1
"elk-287","gamma",TRUE,"H3",32,1,0.929877049380895
"elk-287","gamma",TRUE,"H3",33,3,0.979433434287573
"elk-287","gamma",TRUE,"H3",34,3,0.999999999996806
"elk-287","gamma",TRUE,"H3",35,3,0.999918316415431
"elk-287","gamma",TRUE,"H3",36,3,0.99999999999369
"elk-287","gamma",TRUE,"H3",37,3,0.999999855409003
"elk-287","gamma",TRUE,"H3",38,1,0.974335281541178
"elk-287","gamma",TRUE,"H3",39,3,0.99999999859287
"elk-287","gamma",TRUE,"H3",40,1,0.93169901771917
"elk-287","gamma",TRUE,"H3",41,3,0.999463574517282
"elk-287","gamma",TRUE,"H3",42,1,0.910944088465233
"elk-287","gamma",TRUE,"H3",43,1,0.97237984095614
"elk-287","gamma",TRUE,"H3",44,1,0.998381188347056
"elk-287","gamma",TRUE,"H3",45,1,0.994188203860445
"elk-287","gamma",TRUE,"H3",46,1,0.997048112241804
"elk-287","gamma",TRUE,"H3",47,1,0.998588303454572
"elk-287","gamma",TRUE,"H3",48,1,0.988940666344619
"elk-287","gamma",TRUE,"H3",49,1,0.903083619063499
"elk-287","gamma",TRUE,"H3",50,3,1
"elk-287","gamma",TRUE,"H3",51,3,0.584889824280768
"elk-287","gamma",TRUE,"H3",52,3,0.999999999999848
"elk-287","gamma",TRUE,"H3",53,3,1
"elk-287","gamma",TRUE,"H3",54,3,1
"elk-287","gamma",TRUE,"H3",55,1,0.977190298322083
"elk-287","gamma",TRUE,"H3",56,1,0.996768327306618
"elk-287","gamma",TRUE,"H3",57,1,0.986073674480996
"elk-287","gamma",TRUE,"H3",58,1,0.998387052371724
"elk-287","gamma",TRUE,"H3",59,1,0.996263815736775
"elk-287","gamma",TRUE,"H3",60,1,0.992998912808361
"elk-287","gamma",TRUE,"H3",61,1,0.998567368261821
"elk-287","gamma",TRUE,"H3",62,1,0.995732120825219
"elk-287","gamma",TRUE,"H3",63,1,0.955913390357908
"elk-287","gamma",TRUE,"H3",64,1,0.996688198921817
"elk-287","gamma",TRUE,"H3",65,1,0.996070118268237
"elk-287","gamma",TRUE,"H3",66,1,0.961424060614665
"elk-287","gamma",TRUE,"H3",67,3,0.999998311591877
"elk-287","gamma",TRUE,"H3",68,1,0.923474316621166
"elk-287","gamma",TRUE,"H3",69,1,0.989181369935099
"elk-287","gamma",TRUE,"H3",70,3,0.999982801278932
"elk-287","gamma",TRUE,"H3",71,3,0.999999999999569
"elk-287","gamma",TRUE,"H3",72,1,0.96657791100355
"elk-287","gamma",TRUE,"H3",73,3,1
"elk-287","gamma",TRUE,"H3",74,3,1
"elk-287","gamma",TRUE,"H3",75,3,0.999999999999906
"elk-287","gamma",TRUE,"H3",76,3,0.957201235605396
"elk-287","gamma",TRUE,"H3",77,3,1
"elk-287","gamma",TRUE,"H3",78,1,0.880013346260188
"elk-287","gamma",TRUE,"H3",79,3,1
"elk-287","gamma",TRUE,"H3",80,1,0.883674331797626
"elk-287","gamma",TRUE,"H3",81,1,0.998342184944639
"elk-287","gamma",TRUE,"H3",82,1,0.993517246812643
"elk-287","gamma",TRUE,"H3",83,1,0.998763605984309
"elk-287","gamma",TRUE,"H3",84,1,0.980472288584156
"elk-287","gamma",TRUE,"H3",85,1,0.99205668174942
"elk-287","gamma",TRUE,"H3",86,1,0.993699003057912
"elk-287","gamma",TRUE,"H3",87,1,0.991882167660604
"elk-287","gamma",TRUE,"H3",88,3,0.999999999998463
"elk-287","gamma",TRUE,"H3",89,3,1
"elk-287","gamma",TRUE,"H3",90,1,0.994767697763576
"elk-287","gamma",TRUE,"H3",91,1,0.794943604629576
"elk-287","gamma",TRUE,"H3",92,2,0.535411039477792
"elk-287","gamma",TRUE,"H3",93,2,0.595749775356165
"elk-287","gamma",TRUE,"H3",94,2,0.684819363930761
"elk-287","gamma",TRUE,"H3",95,2,0.685223823315942
"elk-287","gamma",TRUE,"H3",96,2,0.759289255073715
"elk-287","gamma",TRUE,"H3",97,2,0.960291388814528
"elk-287","gamma",TRUE,"H3",98,2,0.999763056927454
"elk-287","gamma",TRUE,"H3",99,2,0.999898925573952
"elk-287","gamma",TRUE,"H3",100,2,0.999898924601228
"elk-287","gamma",TRUE,"H3",101,2,0.999901932081437
"elk-287","gamma",TRUE,"H3",102,2,0.999902741525527
"elk-287","gamma",TRUE,"H3",103,2,0.999906513189945
"elk-287","gamma",TRUE,"H3",104,2,0.999927030230572
"elk-287","gamma",TRUE,"H3",105,2,0.99996439588299
"elk-287","gamma",TRUE,"H3",106,2,0.999983426571301
"elk-287","gamma",TRUE,"H3",107,2,0.999993404825965
"elk-287","gamma",TRUE,"H3",108,2,0.999999996329368
"elk-287","gamma",TRUE,"H3",109,2,0.999999994123793
"elk-287","gamma",TRUE,"H3",110,2,0.999999983652448
"elk-287","gamma",TRUE,"H3",111,2,0.999999993429914
"elk-287","gamma",TRUE,"H3",112,2,0.999999999095565
"elk-287","gamma",TRUE,"H3",113,2,0.9999999955778
"elk-287","gamma",TRUE,"H3",114,2,0.999999989598003
"elk-287","gamma",TRUE,"H3",115,2,0.999999999388574
"elk-287","gamma",TRUE,"H3",116,2,0.999999996982014
"elk-287","gamma",TRUE,"H3",117,2,0.999999989707917
"elk-287","gamma",TRUE,"H3",118,2,0.999999994760784
"elk-287","gamma",TRUE,"H3",119,2,0.999999995338247
"elk-287","gamma",TRUE,"H3",120,2,0.999999998342802
"elk-287","gamma",TRUE,"H3",121,2,0.999999993843511
"elk-287","gamma",TRUE,"H3",122,2,0.999999987203219
"elk-287","gamma",TRUE,"H3",123,2,0.999999803422977
"elk-287","gamma",TRUE,"H3",124,2,0.99999943827444
"elk-287","gamma",TRUE,"H3",125,2,0.999999471735329
"elk-287","gamma",TRUE,"H3",126,2,0.999999837504924
"elk-287","gamma",TRUE,"H3",127,2,0.999999817693363
"elk-287","gamma",TRUE,"H3",128,2,0.999999942551205
"elk-287","gamma",TRUE,"H3",129,2,0.99999997926346
"elk-287","gamma",TRUE,"H3",130,2,0.999999998300686
"elk-287","gamma",TRUE,"H3",131,2,0.999999992184306
"elk-287","gamma",TRUE,"H3",132,2,0.999999960262098
"elk-287","gamma",TRUE,"H3",133,2,0.999999999622979
"elk-287","gamma",TRUE,"H3",134,2,0.999999999701431
"elk-287","gamma",TRUE,"H3",135,2,0.999999998822753
"elk-287","gamma",TRUE,"H3",136,2,0.999999999499571
"elk-287","gamma",TRUE,"H3",137,2,0.999999992436471
"elk-287","gamma",TRUE,"H3",138,2,0.999999954352617
"elk-287","gamma",TRUE,"H3",139,2,0.999999997283361
"elk-287","gamma",TRUE,"H3",140,2,0.999999999709207
"elk-287","gamma",TRUE,"H3",141,2,0.999999998715011
"elk-287","gamma",TRUE,"H3",142,2,0.999999990439452
"elk-287","gamma",TRUE,"H3",143,2,0.999999960260872
"elk-287","gamma",TRUE,"H3",144,2,0.99999981537955
"elk-287","gamma",TRUE,"H3",145,2,0.999999867536998
"elk-287","gamma",TRUE,"H3",146,2,0.999999969961302
"elk-287","gamma",TRUE,"H3",147,2,0.999999964044979
"elk-287","gamma",TRUE,"H3",148,2,0.999999996836878
"elk-287","gamma",TRUE,"H3",149,2,0.999999973668447
"elk-287","gamma",TRUE,"H3",150,2,0.999999755454057
"elk-287","gamma",TRUE,"H3",151,2,0.999999746796344
"elk-287","gamma",TRUE,"H3",152,2,0.999999755216614
"elk-287","gamma",TRUE,"H3",153,2,0.999999745814457
"elk-287","gamma",TRUE,"H3",154,2,0.999999952785263
"elk-287","gamma",TRUE,"H3",155,2,0.999999869961035
"elk-287","gamma",TRUE,"H3",156,2,0.999999841307847
"elk-287","gamma",TRUE,"H3",157,2,0.999999879647957
"elk-287","gamma",TRUE,"H3",158,2,0.999999921642026
"elk-287","gamma",TRUE,"H3",159,2,0.99999988874784
"elk-287","gamma",TRUE,"H3",160,2,0.999999991832893
"elk-287","gamma",TRUE,"H3",161,2,0.999999942408186
"elk-287","gamma",TRUE,"H3",162,2,0.999999710935155
"elk-287","gamma",TRUE,"H3",163,2,0.999998141327808
"elk-363","gamma",TRUE,"M21",1,1,1
"elk-363","gamma",TRUE,"M21",2,1,1
"elk-363","gamma",TRUE,"M21",3,1,1
"elk-363","gamma",TRUE,"M21",4,1,1
"elk-363","gamma",TRUE,"M21",5,1,1
"elk-363","gamma",TRUE,"M21",6,1,1
"elk-363","gamma",TRUE,"M21",7,1,1
"elk-363","gamma",TRUE,"M21",8,1,1
"elk-363","gamma",TRUE,"M21",9,1,1
"elk-363","gamma",TRUE,"M21",10,1,1
"elk-363","gamma",TRUE,"M21",11,1,1
"elk-363","gamma",TRUE,"M21",12,1,1
"elk-363","gamma",TRUE,"M21",13,1,1
"elk-363","gamma",TRUE,"M21",14,1,1
"elk-363","gamma",TRUE,"M21",15,1,1
"elk-363","gamma",TRUE,"M21",16,1,1
"elk-363","gamma",TRUE,"M21",17,1,0.999999999999459
"elk-363","gamma",TRUE,"M21",18,1,1
"elk-363","gamma",TRUE,"M21",19,1,1
"elk-363","gamma",TRUE,"M21",20,1,1
"elk-363","gamma",TRUE,"M21",21,1,1
"elk-363","gamma",TRUE,"M21",22,1,1
"elk-363","gamma",TRUE,"M21",23,1,1
"elk-363","gamma",TRUE,"M21",24,1,1
"elk-363","gamma",TRUE,"M21",25,1,1
"elk-363","gamma",TRUE,"M21",26,1,1
"elk-363","gamma",TRUE,"M21",27,1,1
"elk-363","gamma",TRUE,"M21",28,1,1
"elk-363","gamma",TRUE,"M21",29,1,1
"elk-363","gamma",TRUE,"M21",30,1,1
"elk-363","gamma",TRUE,"M21",31,1,1
"elk-363","gamma",TRUE,"M21",32,1,1
"elk-363","gamma",TRUE,"M21",33,1,1
"elk-363","gamma",TRUE,"M21",34,1,1
"elk-363","gamma",TRUE,"M21",35,1,1
"elk-363","gamma",TRUE,"M21",36,1,1
"elk-363","gamma",TRUE,"M21",37,1,1
"elk-363","gamma",TRUE,"M21",38,1,1
"elk-363","gamma",TRUE,"M21",39,1,1
"elk-363","gamma",TRUE,"M21",40,1,0.99999999999955
"elk-363","gamma",TRUE,"M21",41,1,1
"elk-363","gamma",TRUE,"M21",42,1,1
"elk-363","gamma",TRUE,"M21",43,1,1
"elk-363","gamma",TRUE,"M21",44,1,1
"elk-363","gamma",TRUE,"M21",45,1,1
"elk-363","gamma",TRUE,"M21",46,1,0.999999999993321
"elk-363","gamma",TRUE,"M21",47,1,0.999999943527069
"elk-363","gamma",TRUE,"M21",48,1,0.99999999999929
"elk-363","gamma",TRUE,"M21",49,1,1
"elk-363","gamma",TRUE,"M21",50,1,1
"elk-363","gamma",TRUE,"M21",51,1,1
"elk-363","gamma",TRUE,"M21",52,1,1
"elk-363","gamma",TRUE,"M21",53,1,0.999999999999908
"elk-363","gamma",TRUE,"M21",54,1,1
"elk-363","gamma",TRUE,"M21",55,1,1
"elk-363","gamma",TRUE,"M21",56,1,1
"elk-363","gamma",TRUE,"M21",57,1,1
"elk-363","gamma",TRUE,"M21",58,1,1
"elk-363","gamma",TRUE,"M21",59,1,1
"elk-363","gamma",TRUE,"M21",60,1,1
"elk-363","gamma",TRUE,"M21",61,1,1
"elk-363","gamma",TRUE,"M21",62,1,1
"elk-363","gamma",TRUE,"M21",63,1,1
"elk-363","gamma",TRUE,"M21",64,1,1
"elk-363","gamma",TRUE,"M21",65,1,1
"elk-363","gamma",TRUE,"M21",66,1,1
"elk-363","gamma",TRUE,"M21",67,1,1
"elk-363","gamma",TRUE,"M21",68,1,1
"elk-363","gamma",TRUE,"M21",69,1,1
"elk-363","gamma",TRUE,"M21",70,1,1
"elk-363","gamma",TRUE,"M21",71,1,0.99999999999999
"elk-363","gamma",TRUE,"M21",72,1,1
"elk-363","gamma",TRUE,"M21",73,1,1
"elk-363","gamma",TRUE,"M21",74,1,0.99999999999965
"elk-363","gamma",TRUE,"M21",75,1,1
"elk-363","gamma",TRUE,"M21",76,1,1
"elk-363","gamma",TRUE,"M21",77,1,1
"elk-363","gamma",TRUE,"M21",78,1,1
"elk-363","gamma",TRUE,"M21",79,1,1
"elk-363","gamma",TRUE,"M21",80,1,1
"elk-363","gamma",TRUE,"M21",81,1,1
"elk-363","gamma",TRUE,"M21",82,1,1
"elk-363","gamma",TRUE,"M21",83,1,1
"elk-363","gamma",TRUE,"M21",84,1,1
"elk-363","gamma",TRUE,"M21",85,1,1
"elk-363","gamma",TRUE,"M21",86,1,1
"elk-363","gamma",TRUE,"M21",87,1,1
"elk-363","gamma",TRUE,"M21",88,1,1
"elk-363","gamma",TRUE,"M21",89,1,0.99999995334807
"elk-363","gamma",TRUE,"M21",90,1,1
"elk-363","gamma",TRUE,"M21",91,1,1
"elk-363","gamma",TRUE,"M21",92,1,1
"elk-363","gamma",TRUE,"M21",93,1,1
"elk-363","gamma",TRUE,"M21",94,1,1
"elk-363","gamma",TRUE,"M21",95,1,1
"elk-363","gamma",TRUE,"M21",96,1,1
"elk-363","gamma",TRUE,"M21",97,1,1
"elk-363","gamma",TRUE,"M21",98,1,1
"elk-363","gamma",TRUE,"M21",99,1,1
"elk-363","gamma",TRUE,"M21",100,1,0.99999999973258
"elk-363","gamma",TRUE,"M21",101,1,1
"elk-363","gamma",TRUE,"M21",102,1,1
"elk-363","gamma",TRUE,"M21",103,1,1
"elk-363","gamma",TRUE,"M21",104,1,1
"elk-363","gamma",TRUE,"M21",105,1,1
"elk-363","gamma",TRUE,"M21",106,1,1
"elk-363","gamma",TRUE,"M21",107,1,1
"elk-363","gamma",TRUE,"M21",108,1,1
"elk-363","gamma",TRUE,"M21",109,1,1
"elk-363","gamma",TRUE,"M21",110,1,1
"elk-363","gamma",TRUE,"M21",111,1,1
"elk-363","gamma",TRUE,"M21",112,1,1
"elk-363","gamma",TRUE,"M21",113,1,0.999999999999993
"elk-363","gamma",TRUE,"M21",114,1,1
"elk-363","gamma",TRUE,"M21",115,1,1
"elk-363","gamma",TRUE,"M21",116,1,1
"elk-363","gamma",TRUE,"M21",117,1,1
"elk-363","gamma",TRUE,"M21",118,1,1
"elk-363","gamma",TRUE,"M21",119,1,1
"elk-363","gamma",TRUE,"M21",120,1,1
"elk-363","gamma",TRUE,"M21",121,1,1
"elk-363","gamma",TRUE,"M21",122,1,1
"elk-363","gamma",TRUE,"M21",123,1,1
"elk-363","gamma",TRUE,"M21",124,1,1
"elk-363","gamma",TRUE,"M21",125,1,1
"elk-363","gamma",TRUE,"M21",126,1,1
"elk-363","gamma",TRUE,"M21",127,1,1
"elk-363","gamma",TRUE,"M21",128,1,1
"elk-363","gamma",TRUE,"M21",129,1,1
"elk-363","gamma",TRUE,"M21",130,1,1
"elk-363","gamma",TRUE,"M21",131,1,1
"elk-363","gamma",TRUE,"M21",132,1,1
"elk-363","gamma",TRUE,"M21",133,1,1
"elk-363","gamma",TRUE,"M21",134,1,1
"elk-363","gamma",TRUE,"M21",135,1,1
"elk-363","gamma",TRUE,"M21",136,1,1
"elk-363","gamma",TRUE,"M21",137,1,0.999999999999999
"elk-363","gamma",TRUE,"M21",138,1,1
"elk-363","gamma",TRUE,"M21",139,1,0.999999966126404
"elk-363","gamma",TRUE,"M21",140,1,1
"elk-363","gamma",TRUE,"M21",141,1,1
"elk-363","gamma",TRUE,"M21",142,1,0.999999709059976
"elk-363","gamma",TRUE,"M21",143,1,0.999999949168161
"elk-363","gamma",TRUE,"M21",144,1,1
"elk-363","gamma",TRUE,"M21",145,1,0.999999999999996
"elk-363","gamma",TRUE,"M21",146,1,1
"elk-363","gamma",TRUE,"M21",147,1,1
"elk-363","gamma",TRUE,"M21",148,1,0.999999999108106
"elk-363","gamma",TRUE,"M21",149,1,1
"elk-363","gamma",TRUE,"M21",150,1,0.999999817982188
"elk-363","gamma",TRUE,"M21",151,1,1
"elk-363","gamma",TRUE,"M21",152,1,1
"elk-363","gamma",TRUE,"M21",153,1,1
"elk-363","gamma",TRUE,"M21",154,1,1
"elk-363","gamma",TRUE,"M21",155,1,0.999999999999695
"elk-363","gamma",TRUE,"M21",156,1,1
"elk-363","gamma",TRUE,"M21",157,1,1
"elk-363","gamma",TRUE,"M21",158,1,0.999999999828884
"elk-363","gamma",TRUE,"M21",159,1,1
"elk-363","gamma",TRUE,"M21",160,1,0.999999999999987
"elk-363","gamma",TRUE,"M21",161,1,1
"elk-363","gamma",TRUE,"M21",162,1,1
"elk-363","gamma",TRUE,"M21",163,1,1
"elk-363","gamma",TRUE,"M21",164,1,1
"elk-363","gamma",TRUE,"M21",165,1,1
"elk-363","gamma",TRUE,"M21",166,1,0.999999995867146
"elk-363","gamma",TRUE,"M21",167,1,0.999999993351752
"elk-363","gamma",TRUE,"M21",168,1,1
"elk-363","gamma",TRUE,"M21",169,1,1
"elk-363","gamma",TRUE,"M21",170,1,1
"elk-363","gamma",TRUE,"M21",171,1,1
"elk-363","gamma",TRUE,"M21",172,1,0.999999586364277
"elk-363","gamma",TRUE,"M21",173,1,0.999999999997895
"elk-363","gamma",TRUE,"M21",174,1,0.999999999999153
"elk-363","gamma",TRUE,"M21",175,1,0.999999967873094
"elk-363","gamma",TRUE,"M21",176,1,1
"elk-363","gamma",TRUE,"M21",177,1,1
"elk-363","gamma",TRUE,"M21",178,1,0.999999999999953
"elk-363","gamma",TRUE,"M21",179,1,0.999999999999672
"elk-363","gamma",TRUE,"M21",180,1,1
"elk-363","gamma",TRUE,"M21",181,1,0.99999999999995
"elk-363","gamma",TRUE,"M21",182,1,0.999999999012625
"elk-363","gamma",TRUE,"M21",183,1,1
"elk-363","gamma",TRUE,"M21",184,1,1
"elk-363","gamma",TRUE,"M21",185,1,1
"elk-363","gamma",TRUE,"M21",186,1,1
"elk-363","gamma",TRUE,"M21",187,1,0.999999079403335
"elk-363","gamma",TRUE,"M21",188,1,0.999999999999819
"elk-363","gamma",TRUE,"M21",189,1,1
"elk-363","gamma",TRUE,"M21",190,1,1
"elk-363","gamma",TRUE,"M21",191,1,1
"elk-363","gamma",TRUE,"M21",192,1,1
"elk-363","gamma",TRUE,"M21",193,1,0.999999999999999
"elk-363","gamma",TRUE,"M21",194,1,0.999999999999993
"elk-363","gamma",TRUE,"M21",195,1,1
"elk-363","gamma",TRUE,"M21",196,1,1
"elk-363","gamma",TRUE,"M21",197,1,0.999999939439603
"elk-363","gamma",TRUE,"M21",198,1,0.999999999998687
"elk-363","gamma",TRUE,"M21",199,1,0.999999999683594
"elk-363","gamma",TRUE,"M21",200,1,1
"elk-363","gamma",TRUE,"M21",201,1,1
"elk-363","gamma",TRUE,"M21",202,1,0.999999999999908
"elk-363","gamma",TRUE,"M21",203,1,0.999996955615245
"elk-363","gamma",TRUE,"M21",204,1,1
"elk-363","gamma",TRUE,"M21",205,1,1
"elk-363","gamma",TRUE,"M21",206,1,1
"elk-363","gamma",TRUE,"M21",207,2,0.988543397283981
"elk-363","gamma",TRUE,"M21",208,2,0.999561391776247
"elk-363","gamma",TRUE,"M21",209,2,0.999984412933732
"elk-363","gamma",TRUE,"M21",210,2,0.999999845942993
"elk-363","gamma",TRUE,"M21",211,2,0.999999973318004
"elk-363","gamma",TRUE,"M21",212,2,0.999999998002966
"elk-363","gamma",TRUE,"M21",213,2,0.999999999034143
"elk-363","gamma",TRUE,"M21",214,2,0.999999999309407
"elk-363","gamma",TRUE,"M21",215,2,0.999999999165088
"elk-363","gamma",TRUE,"M21",216,2,0.999999991269672
"elk-363","gamma",TRUE,"M21",217,2,0.999999814465257
"elk-363","gamma",TRUE,"H2",1,1,0.999998430962241
"elk-363","gamma",TRUE,"H2",2,1,0.991554330833148
"elk-363","gamma",TRUE,"H2",3,1,0.963476299019084
"elk-363","gamma",TRUE,"H2",4,2,0.752642127420836
"elk-363","gamma",TRUE,"H2",5,1,0.712248767213459
"elk-363","gamma",TRUE,"H2",6,1,0.571473042972177
"elk-363","gamma",TRUE,"H2",7,1,0.914769378701835
"elk-363","gamma",TRUE,"H2",8,1,0.964380821913154
"elk-363","gamma",TRUE,"H2",9,1,0.98740697945026
"elk-363","gamma",TRUE,"H2",10,1,0.951907685933028
"elk-363","gamma",TRUE,"H2",11,1,0.833606945457161
"elk-363","gamma",TRUE,"H2",12,1,0.572791089835102
"elk-363","gamma",TRUE,"H2",13,1,0.75367390762914
"elk-363","gamma",TRUE,"H2",14,1,0.509049351816538
"elk-363","gamma",TRUE,"H2",15,1,0.604001419894855
"elk-363","gamma",TRUE,"H2",16,1,0.87878784436143
"elk-363","gamma",TRUE,"H2",17,1,0.872896022210049
"elk-363","gamma",TRUE,"H2",18,1,0.570478501118598
"elk-363","gamma",TRUE,"H2",19,1,0.594379716714486
"elk-363","gamma",TRUE,"H2",20,1,0.721842722378376
"elk-363","gamma",TRUE,"H2",21,1,0.55970730244649
"elk-363","gamma",TRUE,"H2",22,1,0.619733061245327
"elk-363","gamma",TRUE,"H2",23,1,0.949436391122563
"elk-363","gamma",TRUE,"H2",24,1,0.980395176105047
"elk-363","gamma",TRUE,"H2",25,1,0.986099305420975
"elk-363","gamma",TRUE,"H2",26,1,0.984517744947162
"elk-363","gamma",TRUE,"H2",27,1,0.977042782131717
"elk-363","gamma",TRUE,"H2",28,1,0.952270555544116
"elk-363","gamma",TRUE,"H2",29,1,0.938279753580043
"elk-363","gamma",TRUE,"H2",30,1,0.895232871207661
"elk-363","gamma",TRUE,"H2",31,1,0.971298133340685
"elk-363","gamma",TRUE,"H2",32,1,0.933013287259701
"elk-363","gamma",TRUE,"H2",33,2,0.999998780289299
"elk-363","gamma",TRUE,"H2",34,2,0.870028213219075
"elk-363","gamma",TRUE,"H2",35,2,0.999992267932008
"elk-363","gamma",TRUE,"H2",36,1,0.686221559183365
"elk-363","gamma",TRUE,"H2",37,2,0.709734236806068
"elk-363","gamma",TRUE,"H2",38,2,0.997903761416771
"elk-363","gamma",TRUE,"H2",39,1,0.548421485650159
"elk-363","gamma",TRUE,"H2",40,1,0.874966907379194
"elk-363","gamma",TRUE,"H2",41,2,0.992828936163933
"elk-363","gamma",TRUE,"H2",42,2,0.885140441399063
"elk-363","gamma",TRUE,"H2",43,2,0.960797105257474
"elk-363","gamma",TRUE,"H2",44,2,0.994635811831292
"elk-363","gamma",TRUE,"H2",45,1,0.870942783589832
"elk-363","gamma",TRUE,"H2",46,1,0.943785072687252
"elk-363","gamma",TRUE,"H2",47,1,0.833750316750026
"elk-363","gamma",TRUE,"H2",48,1,0.916069352422944
"elk-363","gamma",TRUE,"H2",49,1,0.980243960315708
"elk-363","gamma",TRUE,"H2",50,1,0.937474033842377
"elk-363","gamma",TRUE,"H2",51,1,0.837820974875966
"elk-363","gamma",TRUE,"H2",52,1,0.815358853215725
"elk-363","gamma",TRUE,"H2",53,1,0.86484747009273
"elk-363","gamma",TRUE,"H2",54,1,0.958413231706238
"elk-363","gamma",TRUE,"H2",55,1,0.989844862399997
"elk-363","gamma",TRUE,"H2",56,1,0.987066338694534
"elk-363","gamma",TRUE,"H2",57,1,0.974467626849586
"elk-363","gamma",TRUE,"H2",58,1,0.940731027594989
"elk-363","gamma",TRUE,"H2",59,1,0.893114139864643
"elk-363","gamma",TRUE,"H2",60,1,0.954154196083737
"elk-363","gamma",TRUE,"H2",61,2,0.606436185764322
"elk-363","gamma",TRUE,"H2",62,2,0.990841430844053
"elk-363","gamma",TRUE,"H2",63,2,0.652184307075018
"elk-363","gamma",TRUE,"H2",64,1,0.774313578251309
"elk-363","gamma",TRUE,"H2",65,2,0.999671217642832
"elk-363","gamma",TRUE,"H2",66,2,0.999966624119647
"elk-363","gamma",TRUE,"H2",67,2,0.999999869237465
"elk-363","gamma",TRUE,"H2",68,2,0.999994195747547
"elk-363","gamma",TRUE,"H2",69,1,0.51668499478844
"elk-363","gamma",TRUE,"H2",70,1,0.97685418497395
"elk-363","gamma",TRUE,"H2",71,1,0.991028930295043
"elk-363","gamma",TRUE,"H2",72,1,0.93036419346878
"elk-363","gamma",TRUE,"H2",73,1,0.854700706809208
"elk-363","gamma",TRUE,"H2",74,1,0.977887169899128
"elk-363","gamma",TRUE,"H2",75,1,0.904962970010122
"elk-363","gamma",TRUE,"H2",76,1,0.990233395364329
"elk-363","gamma",TRUE,"H2",77,1,0.980630397138859
"elk-363","gamma",TRUE,"H2",78,1,0.98996714672419
"elk-363","gamma",TRUE,"H2",79,1,0.920013289689283
"elk-363","gamma",TRUE,"H2",80,1,0.9098954520287
"elk-363","gamma",TRUE,"H2",81,1,0.98244156975962
"elk-363","gamma",TRUE,"H2",82,1,0.987123925436289
"elk-363","gamma",TRUE,"H2",83,1,0.987268158847906
"elk-363","gamma",TRUE,"H2",84,1,0.963806365280262
"elk-363","gamma",TRUE,"H2",85,1,0.887399289692893
"elk-363","gamma",TRUE,"H2",86,1,0.985948956537551
"elk-363","gamma",TRUE,"H2",87,1,0.972511934300468
"elk-363","gamma",TRUE,"H2",88,1,0.972227145531237
"elk-363","gamma",TRUE,"H2",89,1,0.933466197347252
"elk-363","gamma",TRUE,"H2",90,1,0.97120496353094
"elk-363","gamma",TRUE,"H2",91,1,0.984958796595561
"elk-363","gamma",TRUE,"H2",92,1,0.779914381149386
"elk-363","gamma",TRUE,"H2",93,1,0.623618867227172
"elk-363","gamma",TRUE,"H2",94,1,0.507601679298997
"elk-363","gamma",TRUE,"H2",95,1,0.693525639526695
"elk-363","gamma",TRUE,"H2",96,1,0.790348408107185
"elk-363","gamma",TRUE,"H2",97,1,0.973452813208543
"elk-363","gamma",TRUE,"H2",98,1,0.990150814190194
"elk-363","gamma",TRUE,"H2",99,1,0.96445860983055
"elk-363","gamma",TRUE,"H2",100,1,0.99176854752763
"elk-363","gamma",TRUE,"H2",101,1,0.993861512286996
"elk-363","gamma",TRUE,"H2",102,1,0.984955722557227
"elk-363","gamma",TRUE,"H2",103,1,0.851515906513675
"elk-363","gamma",TRUE,"H2",104,2,0.795980192813271
"elk-363","gamma",TRUE,"H2",105,1,0.587396055574635
"elk-363","gamma",TRUE,"H2",106,1,0.959845869124883
"elk-363","gamma",TRUE,"H2",107,1,0.857216478178864
"elk-363","gamma",TRUE,"H2",108,2,0.979375389444785
"elk-363","gamma",TRUE,"H2",109,2,0.639256814673391
"elk-363","gamma",TRUE,"H2",110,1,0.683518814788287
"elk-363","gamma",TRUE,"H2",111,2,0.982068617976649
"elk-363","gamma",TRUE,"H2",112,1,0.842056206279115
"elk-363","gamma",TRUE,"H2",113,1,0.978576180439455
"elk-363","gamma",TRUE,"H2",114,1,0.8921984228122
"elk-363","gamma",TRUE,"H2",115,1,0.978301403998615
"elk-363","gamma",TRUE,"H2",116,1,0.796600095550932
"elk-363","gamma",TRUE,"H2",117,1,0.550031841870672
"elk-363","gamma",TRUE,"H2",118,2,0.999999999999978
"elk-363","gamma",TRUE,"H2",119,2,0.999997180203675
"elk-363","gamma",TRUE,"H2",120,2,0.993920352974414
"elk-363","gamma",TRUE,"H2",121,2,0.999999761857053
"elk-363","gamma",TRUE,"H2",122,2,0.999999998497084
"elk-363","gamma",TRUE,"H2",123,1,0.813308582770343
"elk-363","gamma",TRUE,"H2",124,1,0.949589390583494
"elk-363","gamma",TRUE,"H2",125,1,0.819709639414723
"elk-363","gamma",TRUE,"H2",126,1,0.967140785947144
"elk-363","gamma",TRUE,"H2",127,1,0.851890508703204
"elk-363","gamma",TRUE,"H2",128,1,0.749905794495468
"elk-363","gamma",TRUE,"H2",129,1,0.978512802978866
"elk-363","gamma",TRUE,"H2",130,1,0.960102982240978
"elk-363","gamma",TRUE,"H2",131,1,0.521748052304607
"elk-363","gamma",TRUE,"H2",132,1,0.760803294922842
"elk-363","gamma",TRUE,"H2",133,1,0.542074824382111
"elk-363","gamma",TRUE,"H2",134,1,0.631503574822434
"elk-363","gamma",TRUE,"H2",135,1,0.597105657234242
"elk-363","gamma",TRUE,"H2",136,1,0.978323306328634
"elk-363","gamma",TRUE,"H2",137,1,0.981187222579328
"elk-363","gamma",TRUE,"H2",138,1,0.988843356406965
"elk-363","gamma",TRUE,"H2",139,1,0.986150838479765
"elk-363","gamma",TRUE,"H2",140,1,0.932702259560355
"elk-363","gamma",TRUE,"H2",141,1,0.896091889007827
"elk-363","gamma",TRUE,"H2",142,1,0.807064287193137
"elk-363","gamma",TRUE,"H2",143,1,0.91972975082698
"elk-363","gamma",TRUE,"H2",144,2,0.999952040286245
"elk-363","gamma",TRUE,"H2",145,1,0.643660232342392
"elk-363","gamma",TRUE,"H2",146,1,0.851552164821462
"elk-363","gamma",TRUE,"H2",147,1,0.97571850738957
"elk-363","gamma",TRUE,"H2",148,1,0.987155061310611
"elk-363","gamma",TRUE,"H2",149,1,0.986990827675683
"elk-363","gamma",TRUE,"H2",150,1,0.959709635295313
"elk-363","gamma",TRUE,"H2",151,2,0.573320190948506
"elk-363","gamma",TRUE,"H2",152,2,0.999927607972931
"elk-363","gamma",TRUE,"H2",153,2,0.899628977041567
"elk-363","gamma",TRUE,"H2",154,2,0.999669509564568
"elk-363","gamma",TRUE,"H2",155,1,0.797321254529908
"elk-363","gamma",TRUE,"H2",156,1,0.954940444158371
"elk-363","gamma",TRUE,"H2",157,1,0.991217041391642
"elk-363","gamma",TRUE,"H2",158,1,0.992484089221104
"elk-363","gamma",TRUE,"H2",159,1,0.951309267457894
"elk-363","gamma",TRUE,"H2",160,1,0.990012721864169
"elk-363","gamma",TRUE,"H2",161,1,0.95416777307992
"elk-363","gamma",TRUE,"H2",162,1,0.510720373584232
"elk-363","gamma",TRUE,"H2",163,1,0.804899727877132
"elk-363","gamma",TRUE,"H2",164,1,0.960129601867168
"elk-363","gamma",TRUE,"H2",165,1,0.988565269228848
"elk-363","gamma",TRUE,"H2",166,1,0.940173222281981
"elk-363","gamma",TRUE,"H2",167,1,0.963310829542175
"elk-363","gamma",TRUE,"H2",168,1,0.762692758907166
"elk-363","gamma",TRUE,"H2",169,1,0.552058747962211
"elk-363","gamma",TRUE,"H2",170,2,0.999999877238674
"elk-363","gamma",TRUE,"H2",171,2,0.999999999999811
"elk-363","gamma",TRUE,"H2",172,2,0.741732007273891
"elk-363","gamma",TRUE,"H2",173,1,0.651201457668861
"elk-363","gamma",TRUE,"H2",174,1,0.977849014157785
"elk-363","gamma",TRUE,"H2",175,1,0.940917611650037
"elk-363","gamma",TRUE,"H2",176,2,0.999962483265155
"elk-363","gamma",TRUE,"H2",177,1,0.81746585373973
"elk-363","gamma",TRUE,"H2",178,1,0.985949056422507
"elk-363","gamma",TRUE,"H2",179,1,0.974612112051924
"elk-363","gamma",TRUE,"H2",180,1,0.981904717456023
"elk-363","gamma",TRUE,"H2",181,1,0.986776949981233
"elk-363","gamma",TRUE,"H2",182,1,0.899480867396036
"elk-363","gamma",TRUE,"H2",183,2,0.98678319974356
"elk-363","gamma",TRUE,"H2",184,1,0.775436570081996
"elk-363","gamma",TRUE,"H2",185,2,0.816627797965916
"elk-363","gamma",TRUE,"H2",186,2,0.581624735989684
"elk-363","gamma",TRUE,"H2",187,1,0.859441394774341
"elk-363","gamma",TRUE,"H2",188,1,0.968465037354643
"elk-363","gamma",TRUE,"H2",189,1,0.953674419196401
"elk-363","gamma",TRUE,"H2",190,1,0.593114366965839
"elk-363","gamma",TRUE,"H2",191,1,0.510611334182888
"elk-363","gamma",TRUE,"H2",192,2,0.981208422670282
"elk-363","gamma",TRUE,"H2",193,1,0.960791080593751
"elk-363","gamma",TRUE,"H2",194,1,0.992821659351955
"elk-363","gamma",TRUE,"H2",195,1,0.994069439984971
"elk-363","gamma",TRUE,"H2",196,1,0.989575425612911
"elk-363","gamma",TRUE,"H2",197,1,0.882082598543004
"elk-363","gamma",TRUE,"H2",198,1,0.985594885052867
"elk-363","gamma",TRUE,"H2",199,1,0.902029043936334
"elk-363","gamma",TRUE,"H2",200,1,0.990079722983039
"elk-363","gamma",TRUE,"H2",201,1,0.992814312407961
"elk-363","gamma",TRUE,"H2",202,1,0.991258628901111
"elk-363","gamma",TRUE,"H2",203,1,0.941092876913398
"elk-363","gamma",TRUE,"H2",204,1,0.898969354918199
"elk-363","gamma",TRUE,"H2",205,1,0.985730836953573
"elk-363","gamma",TRUE,"H2",206,1,0.965996482773076
"elk-363","gamma",TRUE,"H2",207,1,0.953744869498068
"elk-363","gamma",TRUE,"H2",208,1,0.98852305089825
"elk-363","gamma",TRUE,"H2",209,1,0.972278892931172
"elk-363","gamma",TRUE,"H2",210,1,0.97905141016938
"elk-363","gamma",TRUE,"H2",211,1,0.978395386903269
"elk-363","gamma",TRUE,"H2",212,1,0.842179781854618
"elk-363","gamma",TRUE,"H2",213,1,0.900685618806811
"elk-363","gamma",TRUE,"H2",214,1,0.947287978431865
"elk-363","gamma",TRUE,"H2",215,1,0.985704487878072
"elk-363","gamma",TRUE,"H2",216,1,0.93951497638293
"elk-363","gamma",TRUE,"H2",217,1,0.94136870070973
"elk-363","gamma",TRUE,"H3",1,3,0.9999984301355
"elk-363","gamma",TRUE,"H3",2,3,0.987293176289246
"elk-363","gamma",TRUE,"H3",3,3,0.95605797541436
"elk-363","gamma",TRUE,"H3",4,1,0.954359105348757
"elk-363","gamma",TRUE,"H3",5,3,0.622795788249971
"elk-363","gamma",TRUE,"H3",6,1,0.859186275232975
"elk-363","gamma",TRUE,"H3",7,3,0.864284552633035
"elk-363","gamma",TRUE,"H3",8,3,0.942163401462833
"elk-363","gamma",TRUE,"H3",9,3,0.978639743542352
"elk-363","gamma",TRUE,"H3",10,3,0.885962508043444
"elk-363","gamma",TRUE,"H3",11,3,0.72586664472774
"elk-363","gamma",TRUE,"H3",12,1,0.952003354224263
"elk-363","gamma",TRUE,"H3",13,3,0.607269939140258
"elk-363","gamma",TRUE,"H3",14,3,0.643390024781691
"elk-363","gamma",TRUE,"H3",15,3,0.523553029755199
"elk-363","gamma",TRUE,"H3",16,3,0.776620679296344
"elk-363","gamma",TRUE,"H3",17,3,0.743703516499083
"elk-363","gamma",TRUE,"H3",18,1,0.744052277946235
"elk-363","gamma",TRUE,"H3",19,1,0.552777125262828
"elk-363","gamma",TRUE,"H3",20,1,0.923913716808941
"elk-363","gamma",TRUE,"H3",21,1,0.618231850164581
"elk-363","gamma",TRUE,"H3",22,1,0.551061231157582
"elk-363","gamma",TRUE,"H3",23,3,0.921055151354456
"elk-363","gamma",TRUE,"H3",24,3,0.96070831666428
"elk-363","gamma",TRUE,"H3",25,3,0.974284070983272
"elk-363","gamma",TRUE,"H3",26,3,0.97037392867922
"elk-363","gamma",TRUE,"H3",27,3,0.95108286709707
"elk-363","gamma",TRUE,"H3",28,3,0.833562879078314
"elk-363","gamma",TRUE,"H3",29,3,0.79887379121193
"elk-363","gamma",TRUE,"H3",30,3,0.795832436865579
"elk-363","gamma",TRUE,"H3",31,3,0.94962460240007
"elk-363","gamma",TRUE,"H3",32,3,0.925056134618157
"elk-363","gamma",TRUE,"H3",33,1,0.999999999944811
"elk-363","gamma",TRUE,"H3",34,1,0.802438102134575
"elk-363","gamma",TRUE,"H3",35,1,0.999999999754012
"elk-363","gamma",TRUE,"H3",36,3,0.722601228183241
"elk-363","gamma",TRUE,"H3",37,1,0.725543465535247
"elk-363","gamma",TRUE,"H3",38,1,0.999981275503176
"elk-363","gamma",TRUE,"H3",39,1,0.573244015633807
"elk-363","gamma",TRUE,"H3",40,3,0.86374097744006
"elk-363","gamma",TRUE,"H3",41,1,0.999974415699582
"elk-363","gamma",TRUE,"H3",42,1,0.834339182465117
"elk-363","gamma",TRUE,"H3",43,1,0.993111708897446
"elk-363","gamma",TRUE,"H3",44,1,0.999825659141815
"elk-363","gamma",TRUE,"H3",45,3,0.837792415537561
"elk-363","gamma",TRUE,"H3",46,3,0.87546271475107
"elk-363","gamma",TRUE,"H3",47,3,0.616414752631297
"elk-363","gamma",TRUE,"H3",48,3,0.816011850914874
"elk-363","gamma",TRUE,"H3",49,3,0.964026188220175
"elk-363","gamma",TRUE,"H3",50,3,0.891702436361782
"elk-363","gamma",TRUE,"H3",51,3,0.752462764433033
"elk-363","gamma",TRUE,"H3",52,3,0.746771031213477
"elk-363","gamma",TRUE,"H3",53,3,0.786130562857701
"elk-363","gamma",TRUE,"H3",54,3,0.930193582399955
"elk-363","gamma",TRUE,"H3",55,3,0.983315731449372
"elk-363","gamma",TRUE,"H3",56,3,0.976171116168175
"elk-363","gamma",TRUE,"H3",57,3,0.943545816629345
"elk-363","gamma",TRUE,"H3",58,3,0.854210154382545
"elk-363","gamma",TRUE,"H3",59,3,0.727955897423167
"elk-363","gamma",TRUE,"H3",60,3,0.935047220727759
"elk-363","gamma",TRUE,"H3",61,1,0.614094765664048
"elk-363","gamma",TRUE,"H3",62,1,0.999750318783752
"elk-363","gamma",TRUE,"H3",63,1,0.64721883446583
"elk-363","gamma",TRUE,"H3",64,3,0.813490511148334
"elk-363","gamma",TRUE,"H3",65,1,0.999998516849647
"elk-363","gamma",TRUE,"H3",66,1,0.999999762865429
"elk-363","gamma",TRUE,"H3",67,1,0.999999999990549
"elk-363","gamma",TRUE,"H3",68,1,0.999999998869723
"elk-363","gamma",TRUE,"H3",69,3,0.536353678514804
"elk-363","gamma",TRUE,"H3",70,3,0.97394007199384
"elk-363","gamma",TRUE,"H3",71,3,0.983462373301827
"elk-363","gamma",TRUE,"H3",72,3,0.883093420202385
"elk-363","gamma",TRUE,"H3",73,3,0.739371401237016
"elk-363","gamma",TRUE,"H3",74,3,0.955758234723143
"elk-363","gamma",TRUE,"H3",75,3,0.861884276609101
"elk-363","gamma",TRUE,"H3",76,3,0.983420113490319
"elk-363","gamma",TRUE,"H3",77,3,0.957170157977994
"elk-363","gamma",TRUE,"H3",78,3,0.984403425514246
"elk-363","gamma",TRUE,"H3",79,3,0.877926129881385
"elk-363","gamma",TRUE,"H3",80,3,0.867577651425078
"elk-363","gamma",TRUE,"H3",81,3,0.971383318130846
"elk-363","gamma",TRUE,"H3",82,3,0.978795712819381
"elk-363","gamma",TRUE,"H3",83,3,0.978693397844608
"elk-363","gamma",TRUE,"H3",84,3,0.926533601562224
"elk-363","gamma",TRUE,"H3",85,3,0.840786474770647
"elk-363","gamma",TRUE,"H3",86,3,0.978609869411428
"elk-363","gamma",TRUE,"H3",87,3,0.934875644899004
"elk-363","gamma",TRUE,"H3",88,3,0.922896026222298
"elk-363","gamma",TRUE,"H3",89,3,0.790469544350328
"elk-363","gamma",TRUE,"H3",90,3,0.931784282891351
"elk-363","gamma",TRUE,"H3",91,3,0.976899916810161
"elk-363","gamma",TRUE,"H3",92,3,0.702407714940424
"elk-363","gamma",TRUE,"H3",93,3,0.521934162594779
"elk-363","gamma",TRUE,"H3",94,3,0.719010951537502
"elk-363","gamma",TRUE,"H3",95,3,0.608453161702405
"elk-363","gamma",TRUE,"H3",96,3,0.660392954865703
"elk-363","gamma",TRUE,"H3",97,3,0.957797837827529
"elk-363","gamma",TRUE,"H3",98,3,0.983101506289151
"elk-363","gamma",TRUE,"H3",99,3,0.938416518800493
"elk-363","gamma",TRUE,"H3",100,3,0.978896772398078
"elk-363","gamma",TRUE,"H3",101,3,0.989442899914433
"elk-363","gamma",TRUE,"H3",102,3,0.97796342955569
"elk-363","gamma",TRUE,"H3",103,3,0.776334977498924
"elk-363","gamma",TRUE,"H3",104,1,0.988373559550751
"elk-363","gamma",TRUE,"H3",105,3,0.548169205938526
"elk-363","gamma",TRUE,"H3",106,3,0.95980492958214
"elk-363","gamma",TRUE,"H3",107,3,0.828873526054832
"elk-363","gamma",TRUE,"H3",108,1,0.999122501324045
"elk-363","gamma",TRUE,"H3",109,3,0.578365896909078
"elk-363","gamma",TRUE,"H3",110,3,0.753653372332953
"elk-363","gamma",TRUE,"H3",111,1,0.999550961091443
"elk-363","gamma",TRUE,"H3",112,3,0.823869941858932
"elk-363","gamma",TRUE,"H3",113,3,0.968401999902585
"elk-363","gamma",TRUE,"H3",114,3,0.850842089765038
"elk-363","gamma",TRUE,"H3",115,3,0.972114578620999
"elk-363","gamma",TRUE,"H3",116,3,0.728393160122635
"elk-363","gamma",TRUE,"H3",117,1,0.7677547906821
"elk-363","gamma",TRUE,"H3",118,1,1
"elk-363","gamma",TRUE,"H3",119,1,0.999999997198216
"elk-363","gamma",TRUE,"H3",120,1,0.999041739777586
"elk-363","gamma",TRUE,"H3",121,1,0.999999999971628
"elk-363","gamma",TRUE,"H3",122,1,1
"elk-363","gamma",TRUE,"H3",123,3,0.748404039946581
"elk-363","gamma",TRUE,"H3",124,3,0.89038979539105
"elk-363","gamma",TRUE,"H3",125,3,0.518188882398497
"elk-363","gamma",TRUE,"H3",126,3,0.928738546887832
"elk-363","gamma",TRUE,"H3",127,3,0.742931216484234
"elk-363","gamma",TRUE,"H3",128,3,0.539149872046824
"elk-363","gamma",TRUE,"H3",129,3,0.958316667937344
"elk-363","gamma",TRUE,"H3",130,3,0.932547449257053
"elk-363","gamma",TRUE,"H3",131,1,0.969077546020474
"elk-363","gamma",TRUE,"H3",132,1,0.50480744095762
"elk-363","gamma",TRUE,"H3",133,1,0.834307107872228
"elk-363","gamma",TRUE,"H3",134,1,0.958713098652162
"elk-363","gamma",TRUE,"H3",135,1,0.82012175781477
"elk-363","gamma",TRUE,"H3",136,3,0.956590718086814
"elk-363","gamma",TRUE,"H3",137,3,0.961179057808767
"elk-363","gamma",TRUE,"H3",138,3,0.979099874699359
"elk-363","gamma",TRUE,"H3",139,3,0.95056282374528
"elk-363","gamma",TRUE,"H3",140,3,0.86625996918133
"elk-363","gamma",TRUE,"H3",141,3,0.734654452820911
"elk-363","gamma",TRUE,"H3",142,3,0.513114424768874
"elk-363","gamma",TRUE,"H3",143,3,0.827537546051883
"elk-363","gamma",TRUE,"H3",144,1,0.999999999095456
"elk-363","gamma",TRUE,"H3",145,3,0.58107388820709
"elk-363","gamma",TRUE,"H3",146,3,0.757406028364056
"elk-363","gamma",TRUE,"H3",147,3,0.953849184598914
"elk-363","gamma",TRUE,"H3",148,3,0.963828407305734
"elk-363","gamma",TRUE,"H3",149,3,0.976033989763211
"elk-363","gamma",TRUE,"H3",150,3,0.895918943477496
"elk-363","gamma",TRUE,"H3",151,1,0.554106692020118
"elk-363","gamma",TRUE,"H3",152,1,0.999999980791121
"elk-363","gamma",TRUE,"H3",153,1,0.964933095287
"elk-363","gamma",TRUE,"H3",154,1,0.999999800621656
"elk-363","gamma",TRUE,"H3",155,3,0.73702103038569
"elk-363","gamma",TRUE,"H3",156,3,0.92877091280779
"elk-363","gamma",TRUE,"H3",157,3,0.984716065577279
"elk-363","gamma",TRUE,"H3",158,3,0.981518892937902
"elk-363","gamma",TRUE,"H3",159,3,0.916023655959226
"elk-363","gamma",TRUE,"H3",160,3,0.979632905961838
"elk-363","gamma",TRUE,"H3",161,3,0.910117081169731
"elk-363","gamma",TRUE,"H3",162,1,0.966720901080065
"elk-363","gamma",TRUE,"H3",163,3,0.673600211233057
"elk-363","gamma",TRUE,"H3",164,3,0.93018856175241
"elk-363","gamma",TRUE,"H3",165,3,0.977230284945747
"elk-363","gamma",TRUE,"H3",166,3,0.842257854668732
"elk-363","gamma",TRUE,"H3",167,3,0.906378943897644
"elk-363","gamma",TRUE,"H3",168,3,0.740354169955618
"elk-363","gamma",TRUE,"H3",169,3,0.52751662512266
"elk-363","gamma",TRUE,"H3",170,1,0.999999999997715
"elk-363","gamma",TRUE,"H3",171,1,1
"elk-363","gamma",TRUE,"H3",172,1,0.95697614309724
"elk-363","gamma",TRUE,"H3",173,3,0.542629721439429
"elk-363","gamma",TRUE,"H3",174,3,0.960657157450769
"elk-363","gamma",TRUE,"H3",175,3,0.877900115863891
"elk-363","gamma",TRUE,"H3",176,1,0.999999998897386
"elk-363","gamma",TRUE,"H3",177,3,0.780822072129282
"elk-363","gamma",TRUE,"H3",178,3,0.976073667933639
"elk-363","gamma",TRUE,"H3",179,3,0.944471081833193
"elk-363","gamma",TRUE,"H3",180,3,0.96488608369813
"elk-363","gamma",TRUE,"H3",181,3,0.972926602363946
"elk-363","gamma",TRUE,"H3",182,3,0.826576671379483
"elk-363","gamma",TRUE,"H3",183,1,0.999954199766595
"elk-363","gamma",TRUE,"H3",184,3,0.815606381958958
"elk-363","gamma",TRUE,"H3",185,1,0.995016549260507
"elk-363","gamma",TRUE,"H3",186,1,0.948953656215713
"elk-363","gamma",TRUE,"H3",187,3,0.559838598143329
"elk-363","gamma",TRUE,"H3",188,3,0.914479044071503
"elk-363","gamma",TRUE,"H3",189,3,0.922061235543516
"elk-363","gamma",TRUE,"H3",190,1,0.621528367590561
"elk-363","gamma",TRUE,"H3",191,1,0.562047866978838
"elk-363","gamma",TRUE,"H3",192,1,0.999540981898082
"elk-363","gamma",TRUE,"H3",193,3,0.952952837695012
"elk-363","gamma",TRUE,"H3",194,3,0.987138137119289
"elk-363","gamma",TRUE,"H3",195,3,0.989762775927152
"elk-363","gamma",TRUE,"H3",196,3,0.977884377657555
"elk-363","gamma",TRUE,"H3",197,3,0.711297346853804
"elk-363","gamma",TRUE,"H3",198,3,0.963721693896501
"elk-363","gamma",TRUE,"H3",199,3,0.80252952421063
"elk-363","gamma",TRUE,"H3",200,3,0.983417409058743
"elk-363","gamma",TRUE,"H3",201,3,0.988316196542654
"elk-363","gamma",TRUE,"H3",202,3,0.975673968409595
"elk-363","gamma",TRUE,"H3",203,3,0.709857304945996
"elk-363","gamma",TRUE,"H3",204,3,0.800969807195774
"elk-363","gamma",TRUE,"H3",205,3,0.979971258537273
"elk-363","gamma",TRUE,"H3",206,3,0.999770135021938
"elk-363","gamma",TRUE,"H3",207,2,0.996134397704577
"elk-363","gamma",TRUE,"H3",208,2,0.999722033007501
"elk-363","gamma",TRUE,"H3",209,2,0.999991171678594
"elk-363","gamma",TRUE,"H3",210,2,0.999999897233357
"elk-363","gamma",TRUE,"H3",211,2,0.999999953209412
"elk-363","gamma",TRUE,"H3",212,2,0.999999999056657
"elk-363","gamma",TRUE,"H3",213,2,0.999999998442624
"elk-363","gamma",TRUE,"H3",214,2,0.999999997287621
"elk-363","gamma",TRUE,"H3",215,2,0.999999995200566
"elk-363","gamma",TRUE,"H3",216,2,0.999999973514195
"elk-363","gamma",TRUE,"H3",217,2,0.999999373527666
"elk-115","weibull",FALSE,"M21",1,1,0.999999987062818
"elk-115","weibull",FALSE,"M21",2,2,0.863171493589748
"elk-115","weibull",FALSE,"M21",3,2,0.996109015255638
"elk-115","weibull",FALSE,"M21",4,2,0.994195207382233
"elk-115","weibull",FALSE,"M21",5,2,0.743313676162762
"elk-115","weibull",FALSE,"M21",6,1,0.999999962801404
"elk-115","weibull",FALSE,"M21",7,2,0.977195908680267
"elk-115","weibull",FALSE,"M21",8,2,0.999421240096153
"elk-115","weibull",FALSE,"M21",9,2,0.99975236337241
"elk-115","weibull",FALSE,"M21",10,2,0.999465439410323
"elk-115","weibull",FALSE,"M21",11,2,0.999161550959136
"elk-115","weibull",FALSE,"M21",12,2,0.993776275913908
"elk-115","weibull",FALSE,"M21",13,2,0.99916821032455
"elk-115","weibull",FALSE,"M21",14,2,0.999599030727878
"elk-115","weibull",FALSE,"M21",15,2,0.999216788854642
"elk-115","weibull",FALSE,"M21",16,2,0.999448168664658
"elk-115","weibull",FALSE,"M21",17,2,0.9995431628222
"elk-115","weibull",FALSE,"M21",18,2,0.999082281045375
"elk-115","weibull",FALSE,"M21",19,2,0.99931264001946
"elk-115","weibull",FALSE,"M21",20,2,0.999650347446855
"elk-115","weibull",FALSE,"M21",21,2,0.999756553166665
"elk-115","weibull",FALSE,"M21",22,2,0.999504897403514
"elk-115","weibull",FALSE,"M21",23,2,0.999681197298925
"elk-115","weibull",FALSE,"M21",24,2,0.999722843048317
"elk-115","weibull",FALSE,"M21",25,2,0.999703780434515
"elk-115","weibull",FALSE,"M21",26,2,0.999333548236055
"elk-115","weibull",FALSE,"M21",27,2,0.999541878086527
"elk-115","weibull",FALSE,"M21",28,2,0.999619009120659
"elk-115","weibull",FALSE,"M21",29,2,0.999674912258536
"elk-115","weibull",FALSE,"M21",30,2,0.999294050400712
"elk-115","weibull",FALSE,"M21",31,2,0.999681643571592
"elk-115","weibull",FALSE,"M21",32,2,0.999362785344088
"elk-115","weibull",FALSE,"M21",33,2,0.999234232533057
"elk-115","weibull",FALSE,"M21",34,2,0.997871305735526
"elk-115","weibull",FALSE,"M21",35,2,0.998356493107817
"elk-115","weibull",FALSE,"M21",36,2,0.999336262146349
"elk-115","weibull",FALSE,"M21",37,2,0.999726950224768
"elk-115","weibull",FALSE,"M21",38,2,0.998287538374564
"elk-115","weibull",FALSE,"M21",39,2,0.935776926237668
"elk-115","weibull",FALSE,"M21",40,2,0.997466300062845
"elk-115","weibull",FALSE,"M21",41,2,0.997899779677401
"elk-115","weibull",FALSE,"M21",42,2,0.957788402567025
"elk-115","weibull",FALSE,"M21",43,2,0.998004194796241
"elk-115","weibull",FALSE,"M21",44,2,0.999667039766156
"elk-115","weibull",FALSE,"M21",45,2,0.999174056265157
"elk-115","weibull",FALSE,"M21",46,2,0.995219976271373
"elk-115","weibull",FALSE,"M21",47,2,0.988640584108326
"elk-115","weibull",FALSE,"M21",48,2,0.999392845038341
"elk-115","weibull",FALSE,"M21",49,2,0.999343282250527
"elk-115","weibull",FALSE,"M21",50,2,0.999739603353012
"elk-115","weibull",FALSE,"M21",51,2,0.999699691659305
"elk-115","weibull",FALSE,"M21",52,2,0.998089138190986
"elk-115","weibull",FALSE,"M21",53,2,0.992005228979696
"elk-115","weibull",FALSE,"M21",54,2,0.990452660858713
"elk-115","weibull",FALSE,"M21",55,2,0.999208678035916
"elk-115","weibull",FALSE,"M21",56,2,0.997617981595574
"elk-115","weibull",FALSE,"M21",57,2,0.999520704319613
"elk-115","weibull",FALSE,"M21",58,2,0.999664902976958
"elk-115","weibull",FALSE,"M21",59,2,0.998675912038225
"elk-115","weibull",FALSE,"M21",60,2,0.996678093332833
"elk-115","weibull",FALSE,"M21",61,2,0.998651991317026
"elk-115","weibull",FALSE,"M21",62,2,0.97450927575227
"elk-115","weibull",FALSE,"M21",63,2,0.94047315237249
"elk-115","weibull",FALSE,"M21",64,2,0.959088865788822
"elk-115","weibull",FALSE,"M21",65,2,0.99790844397511
"elk-115","weibull",FALSE,"M21",66,2,0.980619850847181
"elk-115","weibull",FALSE,"M21",67,2,0.995240773500177
"elk-115","weibull",FALSE,"M21",68,2,0.981319233529119
"elk-115","weibull",FALSE,"M21",69,2,0.802056140471163
"elk-115","weibull",FALSE,"M21",70,2,0.886667786104665
"elk-115","weibull",FALSE,"M21",71,1,0.999892716155597
"elk-115","weibull",FALSE,"M21",72,1,0.999983334771568
"elk-115","weibull",FALSE,"M21",73,2,0.979842878527343
"elk-115","weibull",FALSE,"M21",74,2,0.998848676622491
"elk-115","weibull",FALSE,"M21",75,2,0.999425834087143
"elk-115","weibull",FALSE,"M21",76,2,0.988087355151338
"elk-115","weibull",FALSE,"M21",77,1,0.708164757634354
"elk-115","weibull",FALSE,"M21",78,1,0.96171105181777
"elk-115","weibull",FALSE,"M21",79,1,0.996273251800735
"elk-115","weibull",FALSE,"M21",80,1,0.997036802833523
"elk-115","weibull",FALSE,"M21",81,1,0.996192866439508
"elk-115","weibull",FALSE,"M21",82,1,0.960502949669726
"elk-115","weibull",FALSE,"M21",83,1,0.999998362396552
"elk-115","weibull",FALSE,"M21",84,2,0.848101603240886
"elk-115","weibull",FALSE,"M21",85,2,0.897725564681452
"elk-115","weibull",FALSE,"M21",86,2,0.994125358740376
"elk-115","weibull",FALSE,"M21",87,2,0.998777654588523
"elk-115","weibull",FALSE,"M21",88,2,0.998480555521718
"elk-115","weibull",FALSE,"M21",89,2,0.996073840207235
"elk-115","weibull",FALSE,"M21",90,2,0.999378738582927
"elk-115","weibull",FALSE,"M21",91,2,0.98711280408203
"elk-115","weibull",FALSE,"M21",92,2,0.942484586667452
"elk-115","weibull",FALSE,"M21",93,2,0.996412460571074
"elk-115","weibull",FALSE,"M21",94,2,0.988203067070107
"elk-115","weibull",FALSE,"M21",95,2,0.99709879623951
"elk-115","weibull",FALSE,"M21",96,2,0.958398560509422
"elk-115","weibull",FALSE,"M21",97,2,0.996490780440666
"elk-115","weibull",FALSE,"M21",98,2,0.978777703029288
"elk-115","weibull",FALSE,"M21",99,1,0.817802819185495
"elk-115","weibull",FALSE,"M21",100,1,0.962911743993231
"elk-115","weibull",FALSE,"M21",101,1,0.999999999999797
"elk-115","weibull",FALSE,"M21",102,1,0.83409353231694
"elk-115","weibull",FALSE,"M21",103,1,0.851901664971737
"elk-115","weibull",FALSE,"M21",104,1,0.912839435610256
"elk-115","weibull",FALSE,"M21",105,1,0.948543794619299
"elk-115","weibull",FALSE,"M21",106,1,0.951447264061716
"elk-115","weibull",FALSE,"M21",107,2,0.981230220086101
"elk-115","weibull",FALSE,"M21",108,2,0.998051496827112
"elk-115","weibull",FALSE,"M21",109,2,0.999363267582762
"elk-115","weibull",FALSE,"M21",110,2,0.991981746783
"elk-115","weibull",FALSE,"M21",111,2,0.996775850781274
"elk-115","weibull",FALSE,"M21",112,2,0.974471766446836
"elk-115","weibull",FALSE,"M21",113,2,0.789788891097029
"elk-115","weibull",FALSE,"M21",114,1,0.945201145354423
"elk-115","weibull",FALSE,"M21",115,1,0.92976068097614
"elk-115","weibull",FALSE,"M21",116,1,0.996054707071745
"elk-115","weibull",FALSE,"M21",117,1,0.999999496918879
"elk-115","weibull",FALSE,"M21",118,2,0.960277639935703
"elk-115","weibull",FALSE,"M21",119,2,0.997228369063144
"elk-115","weibull",FALSE,"M21",120,2,0.976632532063652
"elk-115","weibull",FALSE,"M21",121,2,0.930770462720626
"elk-115","weibull",FALSE,"M21",122,2,0.994028140565051
"elk-115","weibull",FALSE,"M21",123,2,0.996777657574021
"elk-115","weibull",FALSE,"M21",124,2,0.974544662869736
"elk-115","weibull",FALSE,"M21",125,2,0.938540557015269
"elk-115","weibull",FALSE,"M21",126,1,0.8233550578725
"elk-115","weibull",FALSE,"M21",127,1,0.99998603331684
"elk-115","weibull",FALSE,"M21",128,1,0.999845123386479
"elk-115","weibull",FALSE,"M21",129,1,0.999999290915914
"elk-115","weibull",FALSE,"M21",130,1,0.99919432060112
"elk-115","weibull",FALSE,"M21",131,1,0.998761134904885
"elk-115","weibull",FALSE,"M21",132,1,0.999053821458456
"elk-115","weibull",FALSE,"M21",133,1,0.99998728876916
"elk-115","weibull",FALSE,"M21",134,2,0.971408686503952
"elk-115","weibull",FALSE,"M21",135,2,0.998620239146156
"elk-115","weibull",FALSE,"M21",136,2,0.997631028750894
"elk-115","weibull",FALSE,"M21",137,2,0.944751158541891
"elk-115","weibull",FALSE,"M21",138,2,0.874105067426049
"elk-115","weibull",FALSE,"M21",139,2,0.995120388601355
"elk-115","weibull",FALSE,"M21",140,2,0.999583790268613
"elk-115","weibull",FALSE,"M21",141,2,0.999481858146576
"elk-115","weibull",FALSE,"M21",142,2,0.997223891599056
"elk-115","weibull",FALSE,"M21",143,2,0.996197564121651
"elk-115","weibull",FALSE,"M21",144,2,0.964661430578664
"elk-115","weibull",FALSE,"M21",145,2,0.778788971109324
"elk-115","weibull",FALSE,"M21",146,2,0.992987207968149
"elk-115","weibull",FALSE,"M21",147,2,0.99954051675596
"elk-115","weibull",FALSE,"M21",148,2,0.999089941365282
"elk-115","weibull",FALSE,"M21",149,2,0.999730153120347
"elk-115","weibull",FALSE,"M21",150,2,0.9990894271166
"elk-115","weibull",FALSE,"M21",151,2,0.999531103959687
"elk-115","weibull",FALSE,"M21",152,2,0.997167449238103
"elk-115","weibull",FALSE,"M21",153,2,0.997042622323335
"elk-115","weibull",FALSE,"M21",154,2,0.999706783932906
"elk-115","weibull",FALSE,"M21",155,2,0.999703172526702
"elk-115","weibull",FALSE,"M21",156,2,0.999694805595463
"elk-115","weibull",FALSE,"M21",157,2,0.997681512217536
"elk-115","weibull",FALSE,"M21",158,2,0.999526900303427
"elk-115","weibull",FALSE,"M21",159,2,0.998265970020599
"elk-115","weibull",FALSE,"M21",160,2,0.994939306433028
"elk-115","weibull",FALSE,"M21",161,2,0.999118131136385
"elk-115","weibull",FALSE,"M21",162,2,0.999509638301365
"elk-115","weibull",FALSE,"M21",163,2,0.998610138596513
"elk-115","weibull",FALSE,"M21",164,2,0.99962204169314
"elk-115","weibull",FALSE,"M21",165,2,0.999566015576336
"elk-115","weibull",FALSE,"M21",166,2,0.99974456120499
"elk-115","weibull",FALSE,"M21",167,2,0.999253611272502
"elk-115","weibull",FALSE,"M21",168,2,0.992556564434086
"elk-115","weibull",FALSE,"M21",169,2,0.998742964239309
"elk-115","weibull",FALSE,"M21",170,2,0.999204122981421
"elk-115","weibull",FALSE,"M21",171,2,0.998958746303853
"elk-115","weibull",FALSE,"M21",172,2,0.989964709272198
"elk-115","weibull",FALSE,"M21",173,2,0.999163619920497
"elk-115","weibull",FALSE,"M21",174,2,0.999621334973373
"elk-115","weibull",FALSE,"M21",175,2,0.997760214380555
"elk-115","weibull",FALSE,"M21",176,2,0.996125090797324
"elk-115","weibull",FALSE,"M21",177,2,0.998377760740715
"elk-115","weibull",FALSE,"M21",178,2,0.999712602262908
"elk-115","weibull",FALSE,"M21",179,2,0.9993544474592
"elk-115","weibull",FALSE,"M21",180,2,0.999701183644617
"elk-115","weibull",FALSE,"M21",181,2,0.996223384184359
"elk-115","weibull",FALSE,"M21",182,2,0.997331734756662
"elk-115","weibull",FALSE,"M21",183,2,0.992408101122762
"elk-115","weibull",FALSE,"M21",184,2,0.942662917584469
"elk-115","weibull",FALSE,"M21",185,1,0.941984418459784
"elk-115","weibull",FALSE,"M21",186,1,0.998426186116774
"elk-115","weibull",FALSE,"M21",187,1,0.998874849088444
"elk-115","weibull",FALSE,"M21",188,1,0.998947661350865
"elk-115","weibull",FALSE,"M21",189,1,0.999659028975173
"elk-115","weibull",FALSE,"M21",190,1,0.999673471830146
"elk-115","weibull",FALSE,"M21",191,1,0.999668115961067
"elk-115","weibull",FALSE,"M21",192,1,0.99939186153653
"elk-115","weibull",FALSE,"M21",193,1,0.985893040321358
"elk-115","weibull",FALSE,"H2",1,2,1
"elk-115","weibull",FALSE,"H2",2,2,1
"elk-115","weibull",FALSE,"H2",3,2,1
"elk-115","weibull",FALSE,"H2",4,2,1
"elk-115","weibull",FALSE,"H2",5,2,0.999999997247123
"elk-115","weibull",FALSE,"H2",6,2,1
"elk-115","weibull",FALSE,"H2",7,2,1
"elk-115","weibull",FALSE,"H2",8,2,1
"elk-115","weibull",FALSE,"H2",9,2,1
"elk-115","weibull",FALSE,"H2",10,2,1
"elk-115","weibull",FALSE,"H2",11,2,1
"elk-115","weibull",FALSE,"H2",12,2,1
"elk-115","weibull",FALSE,"H2",13,2,1
"elk-115","weibull",FALSE,"H2",14,2,1
"elk-115","weibull",FALSE,"H2",15,2,1
"elk-115","weibull",FALSE,"H2",16,2,1
"elk-115","weibull",FALSE,"H2",17,2,1
"elk-115","weibull",FALSE,"H2",18,2,1
"elk-115","weibull",FALSE,"H2",19,2,1
"elk-115","weibull",FALSE,"H2",20,2,1
"elk-115","weibull",FALSE,"H2",21,2,1
"elk-115","weibull",FALSE,"H2",22,2,1
"elk-115","weibull",FALSE,"H2",23,2,1
"elk-115","weibull",FALSE,"H2",24,2,1
"elk-115","weibull",FALSE,"H2",25,2,1
"elk-115","weibull",FALSE,"H2",26,2,1
"elk-115","weibull",FALSE,"H2",27,2,1
"elk-115","weibull",FALSE,"H2",28,2,1
"elk-115","weibull",FALSE,"H2",29,2,1
"elk-115","weibull",FALSE,"H2",30,2,1
"elk-115","weibull",FALSE,"H2",31,2,1
"elk-115","weibull",FALSE,"H2",32,2,1
"elk-115","weibull",FALSE,"H2",33,2,1
"elk-115","weibull",FALSE,"H2",34,2,1
"elk-115","weibull",FALSE,"H2",35,2,1
"elk-115","weibull",FALSE,"H2",36,2,1
"elk-115","weibull",FALSE,"H2",37,2,1
"elk-115","weibull",FALSE,"H2",38,2,1
"elk-115","weibull",FALSE,"H2",39,2,0.998248349237609
"elk-115","weibull",FALSE,"H2",40,2,1
"elk-115","weibull",FALSE,"H2",41,2,1
"elk-115","weibull",FALSE,"H2",42,2,0.999653968007827
"elk-115","weibull",FALSE,"H2",43,2,1
"elk-115","weibull",FALSE,"H2",44,2,1
"elk-115","weibull",FALSE,"H2",45,2,1
"elk-115","weibull",FALSE,"H2",46,2,1
"elk-115","weibull",FALSE,"H2",47,2,0.999999817132248
"elk-115","weibull",FALSE,"H2",48,2,1
"elk-115","weibull",FALSE,"H2",49,2,1
"elk-115","weibull",FALSE,"H2",50,2,1
"elk-115","weibull",FALSE,"H2",51,2,1
"elk-115","weibull",FALSE,"H2",52,2,1
"elk-115","weibull",FALSE,"H2",53,2,0.999999997247065
"elk-115","weibull",FALSE,"H2",54,2,0.999999976921796
"elk-115","weibull",FALSE,"H2",55,2,1
"elk-115","weibull",FALSE,"H2",56,2,0.999999999996506
"elk-115","weibull",FALSE,"H2",57,2,1
"elk-115","weibull",FALSE,"H2",58,2,1
"elk-115","weibull",FALSE,"H2",59,2,0.999999999999997
"elk-115","weibull",FALSE,"H2",60,2,0.999999999966259
"elk-115","weibull",FALSE,"H2",61,2,1
"elk-115","weibull",FALSE,"H2",62,2,1
"elk-115","weibull",FALSE,"H2",63,2,1
"elk-115","weibull",FALSE,"H2",64,2,0.999998639380875
"elk-115","weibull",FALSE,"H2",65,2,1
"elk-115","weibull",FALSE,"H2",66,2,1
"elk-115","weibull",FALSE,"H2",67,2,1
"elk-115","weibull",FALSE,"H2",68,2,1
"elk-115","weibull",FALSE,"H2",69,2,0.992634199969795
"elk-115","weibull",FALSE,"H2",70,2,1
"elk-115","weibull",FALSE,"H2",71,2,1
"elk-115","weibull",FALSE,"H2",72,2,1
"elk-115","weibull",FALSE,"H2",73,2,1
"elk-115","weibull",FALSE,"H2",74,2,1
"elk-115","weibull",FALSE,"H2",75,2,1
"elk-115","weibull",FALSE,"H2",76,2,1
"elk-115","weibull",FALSE,"H2",77,2,0.791789546010717
"elk-115","weibull",FALSE,"H2",78,1,0.867833119601655
"elk-115","weibull",FALSE,"H2",79,1,0.965007630949187
"elk-115","weibull",FALSE,"H2",80,1,0.963048444672009
"elk-115","weibull",FALSE,"H2",81,1,0.919305203411594
"elk-115","weibull",FALSE,"H2",82,2,1
"elk-115","weibull",FALSE,"H2",83,2,1
"elk-115","weibull",FALSE,"H2",84,2,1
"elk-115","weibull",FALSE,"H2",85,2,0.999990575475473
"elk-115","weibull",FALSE,"H2",86,2,1
"elk-115","weibull",FALSE,"H2",87,2,1
"elk-115","weibull",FALSE,"H2",88,2,1
"elk-115","weibull",FALSE,"H2",89,2,1
"elk-115","weibull",FALSE,"H2",90,2,1
"elk-115","weibull",FALSE,"H2",91,2,1
"elk-115","weibull",FALSE,"H2",92,2,1
"elk-115","weibull",FALSE,"H2",93,2,1
"elk-115","weibull",FALSE,"H2",94,2,0.999999817132248
"elk-115","weibull",FALSE,"H2",95,2,1
"elk-115","weibull",FALSE,"H2",96,2,1
"elk-115","weibull",FALSE,"H2",97,2,1
"elk-115","weibull",FALSE,"H2",98,2,1
"elk-115","weibull",FALSE,"H2",99,2,1
"elk-115","weibull",FALSE,"H2",100,2,0.998248349237609
"elk-115","weibull",FALSE,"H2",101,2,1
"elk-115","weibull",FALSE,"H2",102,2,0.999999999687998
"elk-115","weibull",FALSE,"H2",103,2,1
"elk-115","weibull",FALSE,"H2",104,2,0.999497116378774
"elk-115","weibull",FALSE,"H2",105,2,0.991459717514933
"elk-115","weibull",FALSE,"H2",106,2,0.967212754450004
"elk-115","weibull",FALSE,"H2",107,2,1
"elk-115","weibull",FALSE,"H2",108,2,1
"elk-115","weibull",FALSE,"H2",109,2,1
"elk-115","weibull",FALSE,"H2",110,2,0.999999976921854
"elk-115","weibull",FALSE,"H2",111,2,1
"elk-115","weibull",FALSE,"H2",112,2,1
"elk-115","weibull",FALSE,"H2",113,2,0.999999999687998
"elk-115","weibull",FALSE,"H2",114,2,1
"elk-115","weibull",FALSE,"H2",115,2,1
"elk-115","weibull",FALSE,"H2",116,2,1
"elk-115","weibull",FALSE,"H2",117,2,1
"elk-115","weibull",FALSE,"H2",118,2,1
"elk-115","weibull",FALSE,"H2",119,2,1
"elk-115","weibull",FALSE,"H2",120,2,1
"elk-115","weibull",FALSE,"H2",121,2,1
"elk-115","weibull",FALSE,"H2",122,2,1
"elk-115","weibull",FALSE,"H2",123,2,1
"elk-115","weibull",FALSE,"H2",124,2,1
"elk-115","weibull",FALSE,"H2",125,2,1
"elk-115","weibull",FALSE,"H2",126,2,0.998248349237609
"elk-115","weibull",FALSE,"H2",127,2,1
"elk-115","weibull",FALSE,"H2",128,2,1
"elk-115","weibull",FALSE,"H2",129,2,1
"elk-115","weibull",FALSE,"H2",130,2,1
"elk-115","weibull",FALSE,"H2",131,2,1
"elk-115","weibull",FALSE,"H2",132,2,1
"elk-115","weibull",FALSE,"H2",133,2,1
"elk-115","weibull",FALSE,"H2",134,2,1
"elk-115","weibull",FALSE,"H2",135,2,1
"elk-115","weibull",FALSE,"H2",136,2,1
"elk-115","weibull",FALSE,"H2",137,2,1
"elk-115","weibull",FALSE,"H2",138,2,1
"elk-115","weibull",FALSE,"H2",139,2,1
"elk-115","weibull",FALSE,"H2",140,2,1
"elk-115","weibull",FALSE,"H2",141,2,1
"elk-115","weibull",FALSE,"H2",142,2,0.999999999996506
"elk-115","weibull",FALSE,"H2",143,2,1
"elk-115","weibull",FALSE,"H2",144,2,1
"elk-115","weibull",FALSE,"H2",145,2,0.977889392316575
"elk-115","weibull",FALSE,"H2",146,2,1
"elk-115","weibull",FALSE,"H2",147,2,1
"elk-115","weibull",FALSE,"H2",148,2,1
"elk-115","weibull",FALSE,"H2",149,2,1
"elk-115","weibull",FALSE,"H2",150,2,1
"elk-115","weibull",FALSE,"H2",151,2,1
"elk-115","weibull",FALSE,"H2",152,2,1
"elk-115","weibull",FALSE,"H2",153,2,1
"elk-115","weibull",FALSE,"H2",154,2,1
"elk-115","weibull",FALSE,"H2",155,2,1
"elk-115","weibull",FALSE,"H2",156,2,1
"elk-115","weibull",FALSE,"H2",157,2,0.999999999996506
"elk-115","weibull",FALSE,"H2",158,2,1
"elk-115","weibull",FALSE,"H2",159,2,1
"elk-115","weibull",FALSE,"H2",160,2,1
"elk-115","weibull",FALSE,"H2",161,2,1
"elk-115","weibull",FALSE,"H2",162,2,1
"elk-115","weibull",FALSE,"H2",163,2,1
"elk-115","weibull",FALSE,"H2",164,2,1
"elk-115","weibull",FALSE,"H2",165,2,1
"elk-115","weibull",FALSE,"H2",166,2,1
"elk-115","weibull",FALSE,"H2",167,2,1
"elk-115","weibull",FALSE,"H2",168,2,0.999999976921854
"elk-115","weibull",FALSE,"H2",169,2,1
"elk-115","weibull",FALSE,"H2",170,2,1
"elk-115","weibull",FALSE,"H2",171,2,1
"elk-115","weibull",FALSE,"H2",172,2,0.999999817132248
"elk-115","weibull",FALSE,"H2",173,2,1
"elk-115","weibull",FALSE,"H2",174,2,1
"elk-115","weibull",FALSE,"H2",175,2,1
"elk-115","weibull",FALSE,"H2",176,2,1
"elk-115","weibull",FALSE,"H2",177,2,1
"elk-115","weibull",FALSE,"H2",178,2,1
"elk-115","weibull",FALSE,"H2",179,2,1
"elk-115","weibull",FALSE,"H2",180,2,1
"elk-115","weibull",FALSE,"H2",181,2,1
"elk-115","weibull",FALSE,"H2",182,2,1
"elk-115","weibull",FALSE,"H2",183,2,1
"elk-115","weibull",FALSE,"H2",184,2,1
"elk-115","weibull",FALSE,"H2",185,1,0.951737024505389
"elk-115","weibull",FALSE,"H2",186,1,0.997860752961618
"elk-115","weibull",FALSE,"H2",187,1,0.999840457257417
"elk-115","weibull",FALSE,"H2",188,1,0.999936699926868
"elk-115","weibull",FALSE,"H2",189,1,0.999947839745
"elk-115","weibull",FALSE,"H2",190,1,0.999947983182131
"elk-115","weibull",FALSE,"H2",191,1,0.999940180480219
"elk-115","weibull",FALSE,"H2",192,1,0.999758504389752
"elk-115","weibull",FALSE,"H2",193,1,0.995539547807538
"elk-115","weibull",FALSE,"H3",1,3,0.999999999999963
"elk-115","weibull",FALSE,"H3",2,3,0.993133409050022
"elk-115","weibull",FALSE,"H3",3,3,0.986855444263454
"elk-115","weibull",FALSE,"H3",4,3,0.986030375237481
"elk-115","weibull",FALSE,"H3",5,3,0.992240281034525
"elk-115","weibull",FALSE,"H3",6,3,1
"elk-115","weibull",FALSE,"H3",7,2,0.563039693166667
"elk-115","weibull",FALSE,"H3",8,2,0.783875241683809
"elk-115","weibull",FALSE,"H3",9,2,0.884855459983566
"elk-115","weibull",FALSE,"H3",10,2,0.93080367490214
"elk-115","weibull",FALSE,"H3",11,2,0.948511995855026
"elk-115","weibull",FALSE,"H3",12,2,0.953887234669737
"elk-115","weibull",FALSE,"H3",13,2,0.980253847817577
"elk-115","weibull",FALSE,"H3",14,2,0.991424110859306
"elk-115","weibull",FALSE,"H3",15,2,0.99572610204861
"elk-115","weibull",FALSE,"H3",16,2,0.997797720979227
"elk-115","weibull",FALSE,"H3",17,2,0.99861758350214
"elk-115","weibull",FALSE,"H3",18,2,0.998827707409862
"elk-115","weibull",FALSE,"H3",19,2,0.99904859138406
"elk-115","weibull",FALSE,"H3",20,2,0.999177168269413
"elk-115","weibull",FALSE,"H3",21,2,0.999152542726534
"elk-115","weibull",FALSE,"H3",22,2,0.99916856083858
"elk-115","weibull",FALSE,"H3",23,2,0.999057064699166
"elk-115","weibull",FALSE,"H3",24,2,0.99916771154254
"elk-115","weibull",FALSE,"H3",25,2,0.999180981002291
"elk-115","weibull",FALSE,"H3",26,2,0.999087561969924
"elk-115","weibull",FALSE,"H3",27,2,0.998932166061299
"elk-115","weibull",FALSE,"H3",28,2,0.999072201813088
"elk-115","weibull",FALSE,"H3",29,2,0.998967555602393
"elk-115","weibull",FALSE,"H3",30,2,0.999039063181798
"elk-115","weibull",FALSE,"H3",31,2,0.999060470655134
"elk-115","weibull",FALSE,"H3",32,2,0.998862195439944
"elk-115","weibull",FALSE,"H3",33,2,0.998391201995349
"elk-115","weibull",FALSE,"H3",34,2,0.997364159229634
"elk-115","weibull",FALSE,"H3",35,2,0.99721140175038
"elk-115","weibull",FALSE,"H3",36,2,0.997313242517481
"elk-115","weibull",FALSE,"H3",37,2,0.99734163683773
"elk-115","weibull",FALSE,"H3",38,2,0.9966226183028
"elk-115","weibull",FALSE,"H3",39,2,0.993229925033346
"elk-115","weibull",FALSE,"H3",40,2,0.995219578232208
"elk-115","weibull",FALSE,"H3",41,2,0.99555602837621
"elk-115","weibull",FALSE,"H3",42,2,0.993812165686475
"elk-115","weibull",FALSE,"H3",43,2,0.995974387716735
"elk-115","weibull",FALSE,"H3",44,2,0.996431644525592
"elk-115","weibull",FALSE,"H3",45,2,0.996100672161637
"elk-115","weibull",FALSE,"H3",46,2,0.994183827324975
"elk-115","weibull",FALSE,"H3",47,2,0.994535110256959
"elk-115","weibull",FALSE,"H3",48,2,0.996555073779574
"elk-115","weibull",FALSE,"H3",49,2,0.996818509960597
"elk-115","weibull",FALSE,"H3",50,2,0.995883288250811
"elk-115","weibull",FALSE,"H3",51,2,0.992964353742769
"elk-115","weibull",FALSE,"H3",52,2,0.987155820424472
"elk-115","weibull",FALSE,"H3",53,2,0.978546647966227
"elk-115","weibull",FALSE,"H3",54,2,0.970620018069664
"elk-115","weibull",FALSE,"H3",55,2,0.964218305439211
"elk-115","weibull",FALSE,"H3",56,2,0.951595100163228
"elk-115","weibull",FALSE,"H3",57,2,0.935929149091825
"elk-115","weibull",FALSE,"H3",58,2,0.893523747771643
"elk-115","weibull",FALSE,"H3",59,2,0.78618188332194
"elk-115","weibull",FALSE,"H3",60,2,0.629209750794305
"elk-115","weibull",FALSE,"H3",61,2,0.558148152890826
"elk-115","weibull",FALSE,"H3",62,3,0.887442916731569
"elk-115","weibull",FALSE,"H3",63,3,0.976937051848635
"elk-115","weibull",FALSE,"H3",64,3,0.978521273515235
"elk-115","weibull",FALSE,"H3",65,3,0.979654070383927
"elk-115","weibull",FALSE,"H3",66,3,0.989889168935843
"elk-115","weibull",FALSE,"H3",67,3,0.984792612737058
"elk-115","weibull",FALSE,"H3",68,3,0.984467529670073
"elk-115","weibull",FALSE,"H3",69,3,0.988826705272679
"elk-115","weibull",FALSE,"H3",70,3,0.995169997192102
"elk-115","weibull",FALSE,"H3",71,3,0.999999999996933
"elk-115","weibull",FALSE,"H3",72,3,0.999999999997995
"elk-115","weibull",FALSE,"H3",73,2,0.599044976971808
"elk-115","weibull",FALSE,"H3",74,2,0.837883502107992
"elk-115","weibull",FALSE,"H3",75,2,0.934332953635648
"elk-115","weibull",FALSE,"H3",76,2,0.985372166934038
"elk-115","weibull",FALSE,"H3",77,1,0.660340792519003
"elk-115","weibull",FALSE,"H3",78,1,0.982721153069131
"elk-115","weibull",FALSE,"H3",79,1,0.993972862290514
"elk-115","weibull",FALSE,"H3",80,1,0.988966573305667
"elk-115","weibull",FALSE,"H3",81,1,0.94275876352332
"elk-115","weibull",FALSE,"H3",82,3,0.99998818768775
"elk-115","weibull",FALSE,"H3",83,3,1
"elk-115","weibull",FALSE,"H3",84,3,0.974279291514775
"elk-115","weibull",FALSE,"H3",85,3,0.959970436436225
"elk-115","weibull",FALSE,"H3",86,3,0.940148934242395
"elk-115","weibull",FALSE,"H3",87,3,0.934323540648318
"elk-115","weibull",FALSE,"H3",88,3,0.938463704021834
"elk-115","weibull",FALSE,"H3",89,3,0.951114391255029
"elk-115","weibull",FALSE,"H3",90,3,0.957533671669667
"elk-115","weibull",FALSE,"H3",91,3,0.98045482529798
"elk-115","weibull",FALSE,"H3",92,3,0.99701791107608
"elk-115","weibull",FALSE,"H3",93,3,0.9905172474889
"elk-115","weibull",FALSE,"H3",94,3,0.990508570284012
"elk-115","weibull",FALSE,"H3",95,3,0.991101674236906
"elk-115","weibull",FALSE,"H3",96,3,0.998373873075649
"elk-115","weibull",FALSE,"H3",97,3,0.993131341342581
"elk-115","weibull",FALSE,"H3",98,3,0.99350725729324
"elk-115","weibull",FALSE,"H3",99,3,0.999924536338163
"elk-115","weibull",FALSE,"H3",100,3,0.999709919561052
"elk-115","weibull",FALSE,"H3",101,3,1
"elk-115","weibull",FALSE,"H3",102,3,0.998760149587057
"elk-115","weibull",FALSE,"H3",103,3,0.998934442309476
"elk-115","weibull",FALSE,"H3",104,3,0.996321016996163
"elk-115","weibull",FALSE,"H3",105,3,0.994767763245728
"elk-115","weibull",FALSE,"H3",106,3,0.993734680758542
"elk-115","weibull",FALSE,"H3",107,3,0.965772217517968
"elk-115","weibull",FALSE,"H3",108,3,0.955349316152981
"elk-115","weibull",FALSE,"H3",109,3,0.951298560961862
"elk-115","weibull",FALSE,"H3",110,3,0.954680985697832
"elk-115","weibull",FALSE,"H3",111,3,0.958787225091222
"elk-115","weibull",FALSE,"H3",112,3,0.969136860442055
"elk-115","weibull",FALSE,"H3",113,3,0.983034511604407
"elk-115","weibull",FALSE,"H3",114,3,0.999997641512873
"elk-115","weibull",FALSE,"H3",115,3,0.999834924569517
"elk-115","weibull",FALSE,"H3",116,3,0.999999637000206
"elk-115","weibull",FALSE,"H3",117,3,1
"elk-115","weibull",FALSE,"H3",118,3,0.99538191577065
"elk-115","weibull",FALSE,"H3",119,3,0.994158611058045
"elk-115","weibull",FALSE,"H3",120,3,0.997914300322269
"elk-115","weibull",FALSE,"H3",121,3,0.999653640435641
"elk-115","weibull",FALSE,"H3",122,3,0.993563583518086
"elk-115","weibull",FALSE,"H3",123,3,0.991985704309841
"elk-115","weibull",FALSE,"H3",124,3,0.994434923813535
"elk-115","weibull",FALSE,"H3",125,3,0.993356386243618
"elk-115","weibull",FALSE,"H3",126,3,0.996682214262845
"elk-115","weibull",FALSE,"H3",127,3,0.99999999999963
"elk-115","weibull",FALSE,"H3",128,3,0.999999988303313
"elk-115","weibull",FALSE,"H3",129,3,0.999999999999974
"elk-115","weibull",FALSE,"H3",130,3,0.999999702957088
"elk-115","weibull",FALSE,"H3",131,3,0.999999354793968
"elk-115","weibull",FALSE,"H3",132,3,0.999999593788276
"elk-115","weibull",FALSE,"H3",133,3,0.999999999999983
"elk-115","weibull",FALSE,"H3",134,3,0.988646572422441
"elk-115","weibull",FALSE,"H3",135,3,0.983801012311775
"elk-115","weibull",FALSE,"H3",136,3,0.983888127384495
"elk-115","weibull",FALSE,"H3",137,3,0.991890650917432
"elk-115","weibull",FALSE,"H3",138,3,0.991493485559095
"elk-115","weibull",FALSE,"H3",139,2,0.561329395767234
"elk-115","weibull",FALSE,"H3",140,2,0.615506421939688
"elk-115","weibull",FALSE,"H3",141,2,0.68432490931745
"elk-115","weibull",FALSE,"H3",142,2,0.721786097997828
"elk-115","weibull",FALSE,"H3",143,2,0.750472803707194
"elk-115","weibull",FALSE,"H3",144,2,0.763014501215676
"elk-115","weibull",FALSE,"H3",145,2,0.773896279361888
"elk-115","weibull",FALSE,"H3",146,2,0.895249000116357
"elk-115","weibull",FALSE,"H3",147,2,0.946247333110369
"elk-115","weibull",FALSE,"H3",148,2,0.966121150409429
"elk-115","weibull",FALSE,"H3",149,2,0.979278298020411
"elk-115","weibull",FALSE,"H3",150,2,0.984159243177696
"elk-115","weibull",FALSE,"H3",151,2,0.987130321132922
"elk-115","weibull",FALSE,"H3",152,2,0.987802639186208
"elk-115","weibull",FALSE,"H3",153,2,0.990206931162672
"elk-115","weibull",FALSE,"H3",154,2,0.994736089713659
"elk-115","weibull",FALSE,"H3",155,2,0.996924804975498
"elk-115","weibull",FALSE,"H3",156,2,0.997497838133443
"elk-115","weibull",FALSE,"H3",157,2,0.997034290788453
"elk-115","weibull",FALSE,"H3",158,2,0.997143279157668
"elk-115","weibull",FALSE,"H3",159,2,0.995857186059036
"elk-115","weibull",FALSE,"H3",160,2,0.994289886668125
"elk-115","weibull",FALSE,"H3",161,2,0.996946349317902
"elk-115","weibull",FALSE,"H3",162,2,0.998082131178702
"elk-115","weibull",FALSE,"H3",163,2,0.998276866952908
"elk-115","weibull",FALSE,"H3",164,2,0.998821405051505
"elk-115","weibull",FALSE,"H3",165,2,0.99891781088656
"elk-115","weibull",FALSE,"H3",166,2,0.998662227733854
"elk-115","weibull",FALSE,"H3",167,2,0.998031458714264
"elk-115","weibull",FALSE,"H3",168,2,0.997392590219951
"elk-115","weibull",FALSE,"H3",169,2,0.998046121625276
"elk-115","weibull",FALSE,"H3",170,2,0.99829092670887
"elk-115","weibull",FALSE,"H3",171,2,0.998084751469966
"elk-115","weibull",FALSE,"H3",172,2,0.997159092752626
"elk-115","weibull",FALSE,"H3",173,2,0.997761727735177
"elk-115","weibull",FALSE,"H3",174,2,0.997401618384087
"elk-115","weibull",FALSE,"H3",175,2,0.995680510768826
"elk-115","weibull",FALSE,"H3",176,2,0.994585656795151
"elk-115","weibull",FALSE,"H3",177,2,0.99616943572112
"elk-115","weibull",FALSE,"H3",178,2,0.997513519655608
"elk-115","weibull",FALSE,"H3",179,2,0.997778605511766
"elk-115","weibull",FALSE,"H3",180,2,0.997250907755328
"elk-115","weibull",FALSE,"H3",181,2,0.995731227282404
"elk-115","weibull",FALSE,"H3",182,2,0.996798784664556
"elk-115","weibull",FALSE,"H3",183,2,0.998159535774767
"elk-115","weibull",FALSE,"H3",184,2,0.999979749084891
"elk-115","weibull",FALSE,"H3",185,1,0.99133990854671
"elk-115","weibull",FALSE,"H3",186,1,0.999977684360897
"elk-115","weibull",FALSE,"H3",187,1,0.999999661054272
"elk-115","weibull",FALSE,"H3",188,1,0.999999915230275
"elk-115","weibull",FALSE,"H3",189,1,0.999999923755098
"elk-115","weibull",FALSE,"H3",190,1,0.999999462340633
"elk-115","weibull",FALSE,"H3",191,1,0.99998986254792
"elk-115","weibull",FALSE,"H3",192,1,0.999790358929268
"elk-115","weibull",FALSE,"H3",193,1,0.995674330664201
"elk-163","weibull",FALSE,"M21",1,1,1
"elk-163","weibull",FALSE,"M21",2,1,0.99999999995055
"elk-163","weibull",FALSE,"M21",3,1,0.99981990490141
"elk-163","weibull",FALSE,"M21",4,1,0.99377731988997
"elk-163","weibull",FALSE,"M21",5,1,0.999999811511111
"elk-163","weibull",FALSE,"M21",6,1,0.999999999999959
"elk-163","weibull",FALSE,"M21",7,1,0.999961351001224
"elk-163","weibull",FALSE,"M21",8,1,1
"elk-163","weibull",FALSE,"M21",9,1,1
"elk-163","weibull",FALSE,"M21",10,1,1
"elk-163","weibull",FALSE,"M21",11,1,0.999999999997646
"elk-163","weibull",FALSE,"M21",12,1,0.990883209215243
"elk-163","weibull",FALSE,"M21",13,1,0.983462169049075
"elk-163","weibull",FALSE,"M21",14,1,1
"elk-163","weibull",FALSE,"M21",15,1,0.933411563974342
"elk-163","weibull",FALSE,"M21",16,1,0.909259580606197
"elk-163","weibull",FALSE,"M21",17,1,0.928862144531101
"elk-163","weibull",FALSE,"M21",18,1,0.964440738180705
"elk-163","weibull",FALSE,"M21",19,1,0.972203573375729
"elk-163","weibull",FALSE,"M21",20,1,0.976009113048159
"elk-163","weibull",FALSE,"M21",21,1,1
"elk-163","weibull",FALSE,"M21",22,1,0.999380623833292
"elk-163","weibull",FALSE,"M21",23,1,1
"elk-163","weibull",FALSE,"M21",24,1,1
"elk-163","weibull",FALSE,"M21",25,1,0.999999995725772
"elk-163","weibull",FALSE,"M21",26,1,0.999141731516945
"elk-163","weibull",FALSE,"M21",27,1,0.991763518405045
"elk-163","weibull",FALSE,"M21",28,1,1
"elk-163","weibull",FALSE,"M21",29,1,0.999999730175779
"elk-163","weibull",FALSE,"M21",30,1,1
"elk-163","weibull",FALSE,"M21",31,1,1
"elk-163","weibull",FALSE,"M21",32,1,1
"elk-163","weibull",FALSE,"M21",33,1,1
"elk-163","weibull",FALSE,"M21",34,1,0.990193643187647
"elk-163","weibull",FALSE,"M21",35,1,0.999989291385606
"elk-163","weibull",FALSE,"M21",36,1,0.999998785623012
"elk-163","weibull",FALSE,"M21",37,1,0.996525647742195
"elk-163","weibull",FALSE,"M21",38,1,1
"elk-163","weibull",FALSE,"M21",39,1,0.945272551900218
"elk-163","weibull",FALSE,"M21",40,1,0.935113885986411
"elk-163","weibull",FALSE,"M21",41,1,0.953875090003623
"elk-163","weibull",FALSE,"M21",42,1,1
"elk-163","weibull",FALSE,"M21",43,1,1
"elk-163","weibull",FALSE,"M21",44,1,0.962487486681635
"elk-163","weibull",FALSE,"M21",45,1,0.963024083994896
"elk-163","weibull",FALSE,"M21",46,1,1
"elk-163","weibull",FALSE,"M21",47,1,1
"elk-163","weibull",FALSE,"M21",48,1,0.972132423779105
"elk-163","weibull",FALSE,"M21",49,1,0.969601056785882
"elk-163","weibull",FALSE,"M21",50,1,1
"elk-163","weibull",FALSE,"M21",51,1,0.613198801279156
"elk-163","weibull",FALSE,"M21",52,1,0.530949806950896
"elk-163","weibull",FALSE,"M21",53,1,0.574830135309046
"elk-163","weibull",FALSE,"M21",54,1,0.551407407417093
"elk-163","weibull",FALSE,"M21",55,1,0.55867582576187
"elk-163","weibull",FALSE,"M21",56,1,0.608335845258984
"elk-163","weibull",FALSE,"M21",57,1,0.699681559673442
"elk-163","weibull",FALSE,"M21",58,1,0.852694844038304
"elk-163","weibull",FALSE,"M21",59,1,0.98574531121741
"elk-163","weibull",FALSE,"M21",60,1,0.997669633066471
"elk-163","weibull",FALSE,"M21",61,1,0.993394425477386
"elk-163","weibull",FALSE,"M21",62,1,0.999893916640215
"elk-163","weibull",FALSE,"M21",63,1,0.99463843076756
"elk-163","weibull",FALSE,"M21",64,1,0.995472054664359
"elk-163","weibull",FALSE,"M21",65,1,1
"elk-163","weibull",FALSE,"M21",66,1,0.990921047776484
"elk-163","weibull",FALSE,"M21",67,1,1
"elk-163","weibull",FALSE,"M21",68,1,1
"elk-163","weibull",FALSE,"M21",69,2,0.633896750596772
"elk-163","weibull",FALSE,"M21",70,2,0.855354829042644
"elk-163","weibull",FALSE,"M21",71,2,0.932006827160789
"elk-163","weibull",FALSE,"M21",72,2,0.974412213466494
"elk-163","weibull",FALSE,"M21",73,2,0.98811147536312
"elk-163","weibull",FALSE,"M21",74,2,0.993921346534882
"elk-163","weibull",FALSE,"M21",75,2,0.995681444775422
"elk-163","weibull",FALSE,"M21",76,2,0.995590081232962
"elk-163","weibull",FALSE,"M21",77,2,0.993930653819156
"elk-163","weibull",FALSE,"M21",78,2,0.991584785967694
"elk-163","weibull",FALSE,"M21",79,2,0.993094502677021
"elk-163","weibull",FALSE,"M21",80,2,0.992844977192277
"elk-163","weibull",FALSE,"M21",81,2,0.994731913332196
"elk-163","weibull",FALSE,"M21",82,2,0.993557875202411
"elk-163","weibull",FALSE,"M21",83,2,0.993138593018043
"elk-163","weibull",FALSE,"M21",84,2,0.989543610555587
"elk-163","weibull",FALSE,"M21",85,2,0.988239635804246
"elk-163","weibull",FALSE,"M21",86,2,0.979388445347675
"elk-163","weibull",FALSE,"M21",87,2,0.950066074045045
"elk-163","weibull",FALSE,"M21",88,2,0.857844375947104
"elk-163","weibull",FALSE,"M21",89,2,0.590067833099713
"elk-163","weibull",FALSE,"M21",90,1,1
"elk-163","weibull",FALSE,"M21",91,1,0.978648117253939
"elk-163","weibull",FALSE,"M21",92,1,0.984942536872676
"elk-163","weibull",FALSE,"M21",93,1,0.98077582589246
"elk-163","weibull",FALSE,"M21",94,1,1
"elk-163","weibull",FALSE,"M21",95,1,0.995745592797031
"elk-163","weibull",FALSE,"M21",96,1,0.99999999994751
"elk-163","weibull",FALSE,"M21",97,1,0.994833508365606
"elk-163","weibull",FALSE,"M21",98,1,1
"elk-163","weibull",FALSE,"M21",99,1,0.999979655579564
"elk-163","weibull",FALSE,"M21",100,1,0.993328153091337
"elk-163","weibull",FALSE,"M21",101,1,0.985803061729352
"elk-163","weibull",FALSE,"M21",102,1,1
"elk-163","weibull",FALSE,"M21",103,1,0.997746940858264
"elk-163","weibull",FALSE,"M21",104,1,0.980009231974074
"elk-163","weibull",FALSE,"M21",105,1,0.977260810462554
"elk-163","weibull",FALSE,"M21",106,1,0.999999999948258
"elk-163","weibull",FALSE,"M21",107,1,0.990201473529213
"elk-163","weibull",FALSE,"M21",108,1,0.999999884025577
"elk-163","weibull",FALSE,"M21",109,1,0.996920700443771
"elk-163","weibull",FALSE,"M21",110,1,0.996177719788741
"elk-163","weibull",FALSE,"M21",111,1,1
"elk-163","weibull",FALSE,"M21",112,1,0.999999999999431
"elk-163","weibull",FALSE,"M21",113,1,0.986212094268358
"elk-163","weibull",FALSE,"M21",114,1,0.994603203453784
"elk-163","weibull",FALSE,"M21",115,1,1
"elk-163","weibull",FALSE,"M21",116,2,0.650588818556105
"elk-163","weibull",FALSE,"M21",117,2,0.866163890522185
"elk-163","weibull",FALSE,"M21",118,2,0.941013692725808
"elk-163","weibull",FALSE,"M21",119,2,0.965594381482369
"elk-163","weibull",FALSE,"M21",120,2,0.983068393965498
"elk-163","weibull",FALSE,"M21",121,2,0.991549180933917
"elk-163","weibull",FALSE,"M21",122,2,0.995353503960477
"elk-163","weibull",FALSE,"M21",123,2,0.996379676414483
"elk-163","weibull",FALSE,"M21",124,2,0.995848720732188
"elk-163","weibull",FALSE,"M21",125,2,0.995934497237979
"elk-163","weibull",FALSE,"M21",126,2,0.994431167085928
"elk-163","weibull",FALSE,"M21",127,2,0.990725953323578
"elk-163","weibull",FALSE,"M21",128,2,0.97950638675091
"elk-163","weibull",FALSE,"M21",129,2,0.943813800482806
"elk-163","weibull",FALSE,"M21",130,2,0.942616844140991
"elk-163","weibull",FALSE,"M21",131,2,0.951826260949847
"elk-163","weibull",FALSE,"M21",132,2,0.949304835212976
"elk-163","weibull",FALSE,"M21",133,2,0.921518525707904
"elk-163","weibull",FALSE,"M21",134,2,0.829740347183635
"elk-163","weibull",FALSE,"M21",135,2,0.589468816371002
"elk-163","weibull",FALSE,"M21",136,1,0.690394823612715
"elk-163","weibull",FALSE,"M21",137,1,0.70572482854761
"elk-163","weibull",FALSE,"M21",138,1,0.811272127519412
"elk-163","weibull",FALSE,"M21",139,1,0.864400605692619
"elk-163","weibull",FALSE,"M21",140,1,0.950192102921034
"elk-163","weibull",FALSE,"M21",141,1,0.953583496088673
"elk-163","weibull",FALSE,"M21",142,1,0.97533019438893
"elk-163","weibull",FALSE,"M21",143,1,0.98305805799314
"elk-163","weibull",FALSE,"M21",144,1,0.998153901357174
"elk-163","weibull",FALSE,"M21",145,1,0.989575884605655
"elk-163","weibull",FALSE,"M21",146,1,0.999990620759138
"elk-163","weibull",FALSE,"M21",147,1,0.99997235293716
"elk-163","weibull",FALSE,"M21",148,1,0.999999402929971
"elk-163","weibull",FALSE,"M21",149,1,1
"elk-163","weibull",FALSE,"M21",150,1,0.654421629142484
"elk-163","weibull",FALSE,"M21",151,1,0.549847215662193
"elk-163","weibull",FALSE,"M21",152,1,0.536854905076748
"elk-163","weibull",FALSE,"M21",153,1,0.588035004048152
"elk-163","weibull",FALSE,"M21",154,1,0.68136467418165
"elk-163","weibull",FALSE,"M21",155,1,0.983598510588993
"elk-163","weibull",FALSE,"M21",156,1,0.993111056978905
"elk-163","weibull",FALSE,"M21",157,1,0.926287852891425
"elk-163","weibull",FALSE,"M21",158,1,0.83571661830134
"elk-163","weibull",FALSE,"H2",1,2,1
"elk-163","weibull",FALSE,"H2",2,2,0.999952113527053
"elk-163","weibull",FALSE,"H2",3,2,0.986472454853271
"elk-163","weibull",FALSE,"H2",4,2,0.966013292686484
"elk-163","weibull",FALSE,"H2",5,2,0.998782581806519
"elk-163","weibull",FALSE,"H2",6,2,0.999997458599728
"elk-163","weibull",FALSE,"H2",7,2,0.997352283058463
"elk-163","weibull",FALSE,"H2",8,2,1
"elk-163","weibull",FALSE,"H2",9,2,0.99999999991619
"elk-163","weibull",FALSE,"H2",10,2,1
"elk-163","weibull",FALSE,"H2",11,2,0.999983706277021
"elk-163","weibull",FALSE,"H2",12,2,0.976884488169471
"elk-163","weibull",FALSE,"H2",13,2,0.954408510070265
"elk-163","weibull",FALSE,"H2",14,2,1
"elk-163","weibull",FALSE,"H2",15,1,0.586674641799742
"elk-163","weibull",FALSE,"H2",16,1,0.755312398139928
"elk-163","weibull",FALSE,"H2",17,1,0.781567146667469
"elk-163","weibull",FALSE,"H2",18,1,0.741050194128202
"elk-163","weibull",FALSE,"H2",19,1,0.672417935686106
"elk-163","weibull",FALSE,"H2",20,1,0.520360196264261
"elk-163","weibull",FALSE,"H2",21,2,0.999992825444338
"elk-163","weibull",FALSE,"H2",22,2,0.99153824846424
"elk-163","weibull",FALSE,"H2",23,2,1
"elk-163","weibull",FALSE,"H2",24,2,1
"elk-163","weibull",FALSE,"H2",25,2,0.999663784014058
"elk-163","weibull",FALSE,"H2",26,2,0.974392129973455
"elk-163","weibull",FALSE,"H2",27,2,0.955092729290852
"elk-163","weibull",FALSE,"H2",28,2,1
"elk-163","weibull",FALSE,"H2",29,2,0.999619415162708
"elk-163","weibull",FALSE,"H2",30,2,0.999999999999737
"elk-163","weibull",FALSE,"H2",31,2,1
"elk-163","weibull",FALSE,"H2",32,2,1
"elk-163","weibull",FALSE,"H2",33,2,1
"elk-163","weibull",FALSE,"H2",34,2,0.968026310831921
"elk-163","weibull",FALSE,"H2",35,2,0.994644920225536
"elk-163","weibull",FALSE,"H2",36,2,0.997232988297728
"elk-163","weibull",FALSE,"H2",37,2,0.980002126984334
"elk-163","weibull",FALSE,"H2",38,2,1
"elk-163","weibull",FALSE,"H2",39,2,0.808908161599428
"elk-163","weibull",FALSE,"H2",40,2,0.768675019657309
"elk-163","weibull",FALSE,"H2",41,2,0.808001504952744
"elk-163","weibull",FALSE,"H2",42,2,1
"elk-163","weibull",FALSE,"H2",43,2,1
"elk-163","weibull",FALSE,"H2",44,2,0.881165839189657
"elk-163","weibull",FALSE,"H2",45,2,0.881308344154252
"elk-163","weibull",FALSE,"H2",46,2,1
"elk-163","weibull",FALSE,"H2",47,2,1
"elk-163","weibull",FALSE,"H2",48,2,0.917403561301433
"elk-163","weibull",FALSE,"H2",49,2,0.908801544617475
"elk-163","weibull",FALSE,"H2",50,2,1
"elk-163","weibull",FALSE,"H2",51,1,0.671751656533678
"elk-163","weibull",FALSE,"H2",52,1,0.889129353885739
"elk-163","weibull",FALSE,"H2",53,1,0.95934921392441
"elk-163","weibull",FALSE,"H2",54,1,0.974217532655262
"elk-163","weibull",FALSE,"H2",55,1,0.963741549390779
"elk-163","weibull",FALSE,"H2",56,1,0.94559830300816
"elk-163","weibull",FALSE,"H2",57,1,0.912989634471021
"elk-163","weibull",FALSE,"H2",58,1,0.853092614496369
"elk-163","weibull",FALSE,"H2",59,1,0.710406856379908
"elk-163","weibull",FALSE,"H2",60,1,0.599152568507326
"elk-163","weibull",FALSE,"H2",61,1,0.534781217470454
"elk-163","weibull",FALSE,"H2",62,2,0.711814584799665
"elk-163","weibull",FALSE,"H2",63,2,0.749900598148072
"elk-163","weibull",FALSE,"H2",64,2,0.895543300817313
"elk-163","weibull",FALSE,"H2",65,2,1
"elk-163","weibull",FALSE,"H2",66,2,0.972664067045935
"elk-163","weibull",FALSE,"H2",67,2,1
"elk-163","weibull",FALSE,"H2",68,2,1
"elk-163","weibull",FALSE,"H2",69,1,0.703827010856272
"elk-163","weibull",FALSE,"H2",70,1,0.909823019589255
"elk-163","weibull",FALSE,"H2",71,1,0.970060911229954
"elk-163","weibull",FALSE,"H2",72,1,0.989020784615422
"elk-163","weibull",FALSE,"H2",73,1,0.994323260056039
"elk-163","weibull",FALSE,"H2",74,1,0.995930251151336
"elk-163","weibull",FALSE,"H2",75,1,0.996290207122811
"elk-163","weibull",FALSE,"H2",76,1,0.996176558685444
"elk-163","weibull",FALSE,"H2",77,1,0.995520777550954
"elk-163","weibull",FALSE,"H2",78,1,0.994394634098932
"elk-163","weibull",FALSE,"H2",79,1,0.994490371201857
"elk-163","weibull",FALSE,"H2",80,1,0.991945838956268
"elk-163","weibull",FALSE,"H2",81,1,0.994779405342747
"elk-163","weibull",FALSE,"H2",82,1,0.995193920854825
"elk-163","weibull",FALSE,"H2",83,1,0.995586992904043
"elk-163","weibull",FALSE,"H2",84,1,0.994544882287854
"elk-163","weibull",FALSE,"H2",85,1,0.994269238239709
"elk-163","weibull",FALSE,"H2",86,1,0.989771315052554
"elk-163","weibull",FALSE,"H2",87,1,0.97324099934292
"elk-163","weibull",FALSE,"H2",88,1,0.908325684432933
"elk-163","weibull",FALSE,"H2",89,1,0.655403470448659
"elk-163","weibull",FALSE,"H2",90,2,0.999999980721775
"elk-163","weibull",FALSE,"H2",91,2,0.844608019671322
"elk-163","weibull",FALSE,"H2",92,2,0.832936082264419
"elk-163","weibull",FALSE,"H2",93,2,0.855863925482949
"elk-163","weibull",FALSE,"H2",94,2,0.999999982055562
"elk-163","weibull",FALSE,"H2",95,2,0.980138443830573
"elk-163","weibull",FALSE,"H2",96,2,0.999901716578823
"elk-163","weibull",FALSE,"H2",97,2,0.986723228615128
"elk-163","weibull",FALSE,"H2",98,2,1
"elk-163","weibull",FALSE,"H2",99,2,0.98915820932304
"elk-163","weibull",FALSE,"H2",100,2,0.93644083921957
"elk-163","weibull",FALSE,"H2",101,2,0.928171378288399
"elk-163","weibull",FALSE,"H2",102,2,0.999999999998096
"elk-163","weibull",FALSE,"H2",103,2,0.950829795814797
"elk-163","weibull",FALSE,"H2",104,2,0.908890149790731
"elk-163","weibull",FALSE,"H2",105,2,0.911225240824109
"elk-163","weibull",FALSE,"H2",106,2,0.999636056568354
"elk-163","weibull",FALSE,"H2",107,2,0.968815031613054
"elk-163","weibull",FALSE,"H2",108,2,0.996015406829132
"elk-163","weibull",FALSE,"H2",109,2,0.956622082520822
"elk-163","weibull",FALSE,"H2",110,2,0.955496676122983
"elk-163","weibull",FALSE,"H2",111,2,0.999999997990575
"elk-163","weibull",FALSE,"H2",112,2,0.999976896746138
"elk-163","weibull",FALSE,"H2",113,2,0.930536962795821
"elk-163","weibull",FALSE,"H2",114,2,0.945764552748149
"elk-163","weibull",FALSE,"H2",115,2,1
"elk-163","weibull",FALSE,"H2",116,1,0.712205977019302
"elk-163","weibull",FALSE,"H2",117,1,0.907404674193083
"elk-163","weibull",FALSE,"H2",118,1,0.963710384098725
"elk-163","weibull",FALSE,"H2",119,1,0.977356591317445
"elk-163","weibull",FALSE,"H2",120,1,0.988231070702563
"elk-163","weibull",FALSE,"H2",121,1,0.993983736913374
"elk-163","weibull",FALSE,"H2",122,1,0.99547410001735
"elk-163","weibull",FALSE,"H2",123,1,0.995803492075421
"elk-163","weibull",FALSE,"H2",124,1,0.994588142124506
"elk-163","weibull",FALSE,"H2",125,1,0.995694247810763
"elk-163","weibull",FALSE,"H2",126,1,0.995128976852584
"elk-163","weibull",FALSE,"H2",127,1,0.99519516998981
"elk-163","weibull",FALSE,"H2",128,1,0.994560001509831
"elk-163","weibull",FALSE,"H2",129,1,0.990017407897647
"elk-163","weibull",FALSE,"H2",130,1,0.991514556492221
"elk-163","weibull",FALSE,"H2",131,1,0.994309389376435
"elk-163","weibull",FALSE,"H2",132,1,0.995104260281179
"elk-163","weibull",FALSE,"H2",133,1,0.995047914216018
"elk-163","weibull",FALSE,"H2",134,1,0.993082684814689
"elk-163","weibull",FALSE,"H2",135,1,0.98869137629315
"elk-163","weibull",FALSE,"H2",136,1,0.979717370803622
"elk-163","weibull",FALSE,"H2",137,1,0.986124364929762
"elk-163","weibull",FALSE,"H2",138,1,0.978304316530475
"elk-163","weibull",FALSE,"H2",139,1,0.968479971785469
"elk-163","weibull",FALSE,"H2",140,1,0.932963501563239
"elk-163","weibull",FALSE,"H2",141,1,0.909391515300089
"elk-163","weibull",FALSE,"H2",142,1,0.861811243005571
"elk-163","weibull",FALSE,"H2",143,1,0.782380405602775
"elk-163","weibull",FALSE,"H2",144,1,0.569955313532853
"elk-163","weibull",FALSE,"H2",145,1,0.522656790412512
"elk-163","weibull",FALSE,"H2",146,2,0.935757817979974
"elk-163","weibull",FALSE,"H2",147,2,0.981620981636712
"elk-163","weibull",FALSE,"H2",148,2,0.998307403630781
"elk-163","weibull",FALSE,"H2",149,2,0.999999994668742
"elk-163","weibull",FALSE,"H2",150,1,0.71167770265357
"elk-163","weibull",FALSE,"H2",151,1,0.894065259614174
"elk-163","weibull",FALSE,"H2",152,1,0.935951862619746
"elk-163","weibull",FALSE,"H2",153,1,0.927002669848879
"elk-163","weibull",FALSE,"H2",154,1,0.902001432034578
"elk-163","weibull",FALSE,"H2",155,1,0.769586297363597
"elk-163","weibull",FALSE,"H2",156,1,0.711307589511311
"elk-163","weibull",FALSE,"H2",157,1,0.72248554325603
"elk-163","weibull",FALSE,"H2",158,1,0.773386287317155
"elk-163","weibull",FALSE,"H3",1,3,0.999999596213996
"elk-163","weibull",FALSE,"H3",2,2,0.921619692690053
"elk-163","weibull",FALSE,"H3",3,2,0.996926418887717
"elk-163","weibull",FALSE,"H3",4,2,0.999214112344627
"elk-163","weibull",FALSE,"H3",5,2,0.994398834094134
"elk-163","weibull",FALSE,"H3",6,2,0.979725589127013
"elk-163","weibull",FALSE,"H3",7,2,0.983859893614202
"elk-163","weibull",FALSE,"H3",8,3,0.998859158348512
"elk-163","weibull",FALSE,"H3",9,3,0.864634554607034
"elk-163","weibull",FALSE,"H3",10,3,0.996161960657486
"elk-163","weibull",FALSE,"H3",11,2,0.838483958107596
"elk-163","weibull",FALSE,"H3",12,2,0.938087530900586
"elk-163","weibull",FALSE,"H3",13,2,0.942372419794317
"elk-163","weibull",FALSE,"H3",14,3,0.997841958728435
"elk-163","weibull",FALSE,"H3",15,2,0.633208916977048
"elk-163","weibull",FALSE,"H3",16,2,0.563243503348894
"elk-163","weibull",FALSE,"H3",17,2,0.654769284222847
"elk-163","weibull",FALSE,"H3",18,2,0.893667099495177
"elk-163","weibull",FALSE,"H3",19,2,0.941203377696356
"elk-163","weibull",FALSE,"H3",20,2,0.9615804059165
"elk-163","weibull",FALSE,"H3",21,2,0.95848794426872
"elk-163","weibull",FALSE,"H3",22,2,0.989792945006589
"elk-163","weibull",FALSE,"H3",23,3,0.999763608792456
"elk-163","weibull",FALSE,"H3",24,3,0.946177446259327
"elk-163","weibull",FALSE,"H3",25,2,0.94820115933999
"elk-163","weibull",FALSE,"H3",26,2,0.996491822556797
"elk-163","weibull",FALSE,"H3",27,2,0.997360859909518
"elk-163","weibull",FALSE,"H3",28,2,0.511820623983375
"elk-163","weibull",FALSE,"H3",29,2,0.913851445668309
"elk-163","weibull",FALSE,"H3",30,3,0.632369862091854
"elk-163","weibull",FALSE,"H3",31,3,0.934483231282262
"elk-163","weibull",FALSE,"H3",32,3,0.999779434325134
"elk-163","weibull",FALSE,"H3",33,3,0.991663495894882
"elk-163","weibull",FALSE,"H3",34,2,0.760004571160619
"elk-163","weibull",FALSE,"H3",35,2,0.995014551479181
"elk-163","weibull",FALSE,"H3",36,2,0.995064974558822
"elk-163","weibull",FALSE,"H3",37,2,0.996194742500142
"elk-163","weibull",FALSE,"H3",38,3,0.830411513830929
"elk-163","weibull",FALSE,"H3",39,1,0.652065423733172
"elk-163","weibull",FALSE,"H3",40,1,0.60509800149476
"elk-163","weibull",FALSE,"H3",41,1,0.506009036786974
"elk-163","weibull",FALSE,"H3",42,3,0.914472975573838
"elk-163","weibull",FALSE,"H3",43,3,0.95980516567734
"elk-163","weibull",FALSE,"H3",44,1,0.761861111494978
"elk-163","weibull",FALSE,"H3",45,1,0.69761187262664
"elk-163","weibull",FALSE,"H3",46,3,0.99797077366113
"elk-163","weibull",FALSE,"H3",47,3,0.999509019677535
"elk-163","weibull",FALSE,"H3",48,1,0.724587576063418
"elk-163","weibull",FALSE,"H3",49,1,0.66549105849158
"elk-163","weibull",FALSE,"H3",50,3,0.995214753996696
"elk-163","weibull",FALSE,"H3",51,1,0.951228069379796
"elk-163","weibull",FALSE,"H3",52,1,0.939711813183521
"elk-163","weibull",FALSE,"H3",53,1,0.909880964907793
"elk-163","weibull",FALSE,"H3",54,1,0.814599680414967
"elk-163","weibull",FALSE,"H3",55,2,0.546689937827032
"elk-163","weibull",FALSE,"H3",56,2,0.551145840770833
"elk-163","weibull",FALSE,"H3",57,2,0.686363808766872
"elk-163","weibull",FALSE,"H3",58,2,0.872125633108586
"elk-163","weibull",FALSE,"H3",59,2,0.993184258746784
"elk-163","weibull",FALSE,"H3",60,2,0.998259615762414
"elk-163","weibull",FALSE,"H3",61,2,0.999349132607117
"elk-163","weibull",FALSE,"H3",62,2,0.997346792658599
"elk-163","weibull",FALSE,"H3",63,2,0.999078711358846
"elk-163","weibull",FALSE,"H3",64,2,0.999667664398181
"elk-163","weibull",FALSE,"H3",65,3,0.785627499396292
"elk-163","weibull",FALSE,"H3",66,1,0.594938261401033
"elk-163","weibull",FALSE,"H3",67,3,0.996902172552607
"elk-163","weibull",FALSE,"H3",68,3,0.999999957306447
"elk-163","weibull",FALSE,"H3",69,1,0.9998850581667
"elk-163","weibull",FALSE,"H3",70,1,0.999965415240652
"elk-163","weibull",FALSE,"H3",71,1,0.999917148592523
"elk-163","weibull",FALSE,"H3",72,1,0.999984434993944
"elk-163","weibull",FALSE,"H3",73,1,0.999963490642523
"elk-163","weibull",FALSE,"H3",74,1,0.999975866463558
"elk-163","weibull",FALSE,"H3",75,1,0.999970908566455
"elk-163","weibull",FALSE,"H3",76,1,0.999951774946074
"elk-163","weibull",FALSE,"H3",77,1,0.999893057077544
"elk-163","weibull",FALSE,"H3",78,1,0.999763643456757
"elk-163","weibull",FALSE,"H3",79,1,0.999821425486223
"elk-163","weibull",FALSE,"H3",80,1,0.999746181209649
"elk-163","weibull",FALSE,"H3",81,1,0.999582811871525
"elk-163","weibull",FALSE,"H3",82,1,0.999055704154422
"elk-163","weibull",FALSE,"H3",83,1,0.998281258788248
"elk-163","weibull",FALSE,"H3",84,1,0.996078215303574
"elk-163","weibull",FALSE,"H3",85,1,0.993546972259544
"elk-163","weibull",FALSE,"H3",86,1,0.986187315454813
"elk-163","weibull",FALSE,"H3",87,1,0.963362733597925
"elk-163","weibull",FALSE,"H3",88,1,0.88997697690706
"elk-163","weibull",FALSE,"H3",89,1,0.672870361123969
"elk-163","weibull",FALSE,"H3",90,2,0.642969388958633
"elk-163","weibull",FALSE,"H3",91,2,0.86586750380734
"elk-163","weibull",FALSE,"H3",92,2,0.93853531187923
"elk-163","weibull",FALSE,"H3",93,2,0.953742034517403
"elk-163","weibull",FALSE,"H3",94,2,0.903902651111146
"elk-163","weibull",FALSE,"H3",95,2,0.989375774454686
"elk-163","weibull",FALSE,"H3",96,2,0.984279941048766
"elk-163","weibull",FALSE,"H3",97,2,0.996420363327947
"elk-163","weibull",FALSE,"H3",98,2,0.598206661280083
"elk-163","weibull",FALSE,"H3",99,2,0.988437399427776
"elk-163","weibull",FALSE,"H3",100,2,0.997048391336372
"elk-163","weibull",FALSE,"H3",101,2,0.997930575062227
"elk-163","weibull",FALSE,"H3",102,2,0.768006471481156
"elk-163","weibull",FALSE,"H3",103,2,0.989043216205585
"elk-163","weibull",FALSE,"H3",104,2,0.992829663980184
"elk-163","weibull",FALSE,"H3",105,2,0.994746327045665
"elk-163","weibull",FALSE,"H3",106,2,0.981909717748547
"elk-163","weibull",FALSE,"H3",107,2,0.995494290077875
"elk-163","weibull",FALSE,"H3",108,2,0.993698950251436
"elk-163","weibull",FALSE,"H3",109,2,0.998980471941343
"elk-163","weibull",FALSE,"H3",110,2,0.999015427633659
"elk-163","weibull",FALSE,"H3",111,2,0.908875381972348
"elk-163","weibull",FALSE,"H3",112,2,0.959052653313474
"elk-163","weibull",FALSE,"H3",113,2,0.984003746224852
"elk-163","weibull",FALSE,"H3",114,2,0.986961065945254
"elk-163","weibull",FALSE,"H3",115,3,0.999999757259876
"elk-163","weibull",FALSE,"H3",116,1,0.999878133685896
"elk-163","weibull",FALSE,"H3",117,1,0.999986386357584
"elk-163","weibull",FALSE,"H3",118,1,0.999987506139181
"elk-163","weibull",FALSE,"H3",119,1,0.999984672333169
"elk-163","weibull",FALSE,"H3",120,1,0.999974965919411
"elk-163","weibull",FALSE,"H3",121,1,0.999940580461201
"elk-163","weibull",FALSE,"H3",122,1,0.999938885560108
"elk-163","weibull",FALSE,"H3",123,1,0.999847871634908
"elk-163","weibull",FALSE,"H3",124,1,0.999578805183988
"elk-163","weibull",FALSE,"H3",125,1,0.998987952304172
"elk-163","weibull",FALSE,"H3",126,1,0.997288764748195
"elk-163","weibull",FALSE,"H3",127,1,0.992876887696584
"elk-163","weibull",FALSE,"H3",128,1,0.980100462609826
"elk-163","weibull",FALSE,"H3",129,1,0.938374956261823
"elk-163","weibull",FALSE,"H3",130,1,0.928086118466888
"elk-163","weibull",FALSE,"H3",131,1,0.921478403374799
"elk-163","weibull",FALSE,"H3",132,1,0.908053278305603
"elk-163","weibull",FALSE,"H3",133,1,0.868753557875979
"elk-163","weibull",FALSE,"H3",134,1,0.747180641479425
"elk-163","weibull",FALSE,"H3",135,2,0.565748944349128
"elk-163","weibull",FALSE,"H3",136,2,0.868174381824469
"elk-163","weibull",FALSE,"H3",137,2,0.887870608919357
"elk-163","weibull",FALSE,"H3",138,2,0.945559786907064
"elk-163","weibull",FALSE,"H3",139,2,0.967273599187681
"elk-163","weibull",FALSE,"H3",140,2,0.992947966628765
"elk-163","weibull",FALSE,"H3",141,2,0.995846014602987
"elk-163","weibull",FALSE,"H3",142,2,0.997897554125858
"elk-163","weibull",FALSE,"H3",143,2,0.998884088051853
"elk-163","weibull",FALSE,"H3",144,2,0.998029295718101
"elk-163","weibull",FALSE,"H3",145,2,0.999411529752767
"elk-163","weibull",FALSE,"H3",146,2,0.996932186568172
"elk-163","weibull",FALSE,"H3",147,2,0.99772559821288
"elk-163","weibull",FALSE,"H3",148,2,0.978045835776063
"elk-163","weibull",FALSE,"H3",149,3,0.715425357782545
"elk-163","weibull",FALSE,"H3",150,1,0.683218360167479
"elk-163","weibull",FALSE,"H3",151,1,0.6728978020637
"elk-163","weibull",FALSE,"H3",152,1,0.638970894844472
"elk-163","weibull",FALSE,"H3",153,1,0.543703546356829
"elk-163","weibull",FALSE,"H3",154,1,0.587441887489965
"elk-163","weibull",FALSE,"H3",155,2,0.990891541642432
"elk-163","weibull",FALSE,"H3",156,2,0.995170988425847
"elk-163","weibull",FALSE,"H3",157,2,0.996815469201519
"elk-163","weibull",FALSE,"H3",158,2,0.996595211159266
"elk-287","weibull",FALSE,"M21",1,1,0.999999998901047
"elk-287","weibull",FALSE,"M21",2,1,0.999999803626971
"elk-287","weibull",FALSE,"M21",3,1,0.999999850900849
"elk-287","weibull",FALSE,"M21",4,1,0.999999922425973
"elk-287","weibull",FALSE,"M21",5,1,1
"elk-287","weibull",FALSE,"M21",6,1,1
"elk-287","weibull",FALSE,"M21",7,1,1
"elk-287","weibull",FALSE,"M21",8,1,1
"elk-287","weibull",FALSE,"M21",9,1,0.999999999967226
"elk-287","weibull",FALSE,"M21",10,1,1
"elk-287","weibull",FALSE,"M21",11,1,0.99999994021912
"elk-287","weibull",FALSE,"M21",12,1,0.999999913394754
"elk-287","weibull",FALSE,"M21",13,1,0.999999897546637
"elk-287","weibull",FALSE,"M21",14,1,0.999999999999974
"elk-287","weibull",FALSE,"M21",15,1,0.999998246258584
"elk-287","weibull",FALSE,"M21",16,1,0.99998316341662
"elk-287","weibull",FALSE,"M21",17,1,0.999977438889579
"elk-287","weibull",FALSE,"M21",18,1,0.999978973151892
"elk-287","weibull",FALSE,"M21",19,1,0.999978972362958
"elk-287","weibull",FALSE,"M21",20,1,0.999983293164406
"elk-287","weibull",FALSE,"M21",21,1,0.999985470222131
"elk-287","weibull",FALSE,"M21",22,1,0.999988460863894
"elk-287","weibull",FALSE,"M21",23,1,0.999992895886746
"elk-287","weibull",FALSE,"M21",24,1,0.99999627359539
"elk-287","weibull",FALSE,"M21",25,1,0.999998293734034
"elk-287","weibull",FALSE,"M21",26,1,0.999999893364866
"elk-287","weibull",FALSE,"M21",27,1,0.999999999999999
"elk-287","weibull",FALSE,"M21",28,1,0.999999964658209
"elk-287","weibull",FALSE,"M21",29,1,1
"elk-287","weibull",FALSE,"M21",30,1,1
"elk-287","weibull",FALSE,"M21",31,1,1
"elk-287","weibull",FALSE,"M21",32,1,0.999999322023121
"elk-287","weibull",FALSE,"M21",33,1,0.999998535535557
"elk-287","weibull",FALSE,"M21",34,1,0.999999999999974
"elk-287","weibull",FALSE,"M21",35,1,0.999999561150465
"elk-287","weibull",FALSE,"M21",36,1,0.99999996036734
"elk-287","weibull",FALSE,"M21",37,1,0.999999908503256
"elk-287","weibull",FALSE,"M21",38,1,0.999999933379276
"elk-287","weibull",FALSE,"M21",39,1,0.99999999994001
"elk-287","weibull",FALSE,"M21",40,1,0.999999555866437
"elk-287","weibull",FALSE,"M21",41,1,0.999999297430528
"elk-287","weibull",FALSE,"M21",42,1,0.999999611114887
"elk-287","weibull",FALSE,"M21",43,1,0.999999759765622
"elk-287","weibull",FALSE,"M21",44,1,0.999999817786743
"elk-287","weibull",FALSE,"M21",45,1,0.999999834798086
"elk-287","weibull",FALSE,"M21",46,1,0.999999821306353
"elk-287","weibull",FALSE,"M21",47,1,0.999999860752707
"elk-287","weibull",FALSE,"M21",48,1,0.999999873378672
"elk-287","weibull",FALSE,"M21",49,1,0.999999921746087
"elk-287","weibull",FALSE,"M21",50,1,1
"elk-287","weibull",FALSE,"M21",51,1,0.999999777980826
"elk-287","weibull",FALSE,"M21",52,1,1
"elk-287","weibull",FALSE,"M21",53,1,1
"elk-287","weibull",FALSE,"M21",54,1,1
"elk-287","weibull",FALSE,"M21",55,1,0.99999991564378
"elk-287","weibull",FALSE,"M21",56,1,0.999999855451115
"elk-287","weibull",FALSE,"M21",57,1,0.999999754870132
"elk-287","weibull",FALSE,"M21",58,1,0.999999664645095
"elk-287","weibull",FALSE,"M21",59,1,0.999999539854815
"elk-287","weibull",FALSE,"M21",60,1,0.999999283519556
"elk-287","weibull",FALSE,"M21",61,1,0.999999468291726
"elk-287","weibull",FALSE,"M21",62,1,0.999999503671515
"elk-287","weibull",FALSE,"M21",63,1,0.9999993626217
"elk-287","weibull",FALSE,"M21",64,1,0.999999540789031
"elk-287","weibull",FALSE,"M21",65,1,0.99999962798985
"elk-287","weibull",FALSE,"M21",66,1,0.999999604714576
"elk-287","weibull",FALSE,"M21",67,1,0.999999969280599
"elk-287","weibull",FALSE,"M21",68,1,0.999999896261162
"elk-287","weibull",FALSE,"M21",69,1,0.999999879881716
"elk-287","weibull",FALSE,"M21",70,1,0.999999846013871
"elk-287","weibull",FALSE,"M21",71,1,1
"elk-287","weibull",FALSE,"M21",72,1,0.999999959831735
"elk-287","weibull",FALSE,"M21",73,1,1
"elk-287","weibull",FALSE,"M21",74,1,1
"elk-287","weibull",FALSE,"M21",75,1,0.999999998933042
"elk-287","weibull",FALSE,"M21",76,1,0.999999030135403
"elk-287","weibull",FALSE,"M21",77,1,1
"elk-287","weibull",FALSE,"M21",78,1,0.999999949001026
"elk-287","weibull",FALSE,"M21",79,1,1
"elk-287","weibull",FALSE,"M21",80,1,0.999999896757575
"elk-287","weibull",FALSE,"M21",81,1,0.99999984549328
"elk-287","weibull",FALSE,"M21",82,1,0.999999748153287
"elk-287","weibull",FALSE,"M21",83,1,0.999999538841949
"elk-287","weibull",FALSE,"M21",84,1,0.999999072096842
"elk-287","weibull",FALSE,"M21",85,1,0.999998867388532
"elk-287","weibull",FALSE,"M21",86,1,0.999999260223991
"elk-287","weibull",FALSE,"M21",87,1,0.999999669489766
"elk-287","weibull",FALSE,"M21",88,1,1
"elk-287","weibull",FALSE,"M21",89,1,1
"elk-287","weibull",FALSE,"M21",90,1,0.88570637232036
"elk-287","weibull",FALSE,"M21",91,1,0.65342699781982
"elk-287","weibull",FALSE,"M21",92,2,0.712468845120824
"elk-287","weibull",FALSE,"M21",93,2,0.824736222176422
"elk-287","weibull",FALSE,"M21",94,2,0.926326681764218
"elk-287","weibull",FALSE,"M21",95,2,0.936830222506449
"elk-287","weibull",FALSE,"M21",96,2,0.958177386049051
"elk-287","weibull",FALSE,"M21",97,2,0.990706961834149
"elk-287","weibull",FALSE,"M21",98,2,0.998411755493661
"elk-287","weibull",FALSE,"M21",99,2,0.999038371899869
"elk-287","weibull",FALSE,"M21",100,2,0.99912143039243
"elk-287","weibull",FALSE,"M21",101,2,0.999152946882357
"elk-287","weibull",FALSE,"M21",102,2,0.999174826759961
"elk-287","weibull",FALSE,"M21",103,2,0.999220460753678
"elk-287","weibull",FALSE,"M21",104,2,0.999323024379209
"elk-287","weibull",FALSE,"M21",105,2,0.999554886758443
"elk-287","weibull",FALSE,"M21",106,2,0.999764801791169
"elk-287","weibull",FALSE,"M21",107,2,0.999871666277404
"elk-287","weibull",FALSE,"M21",108,2,0.999968480990476
"elk-287","weibull",FALSE,"M21",109,2,0.999991841175723
"elk-287","weibull",FALSE,"M21",110,2,0.999996047100687
"elk-287","weibull",FALSE,"M21",111,2,0.999998499690975
"elk-287","weibull",FALSE,"M21",112,2,0.99999934717358
"elk-287","weibull",FALSE,"M21",113,2,0.999999707565239
"elk-287","weibull",FALSE,"M21",114,2,0.999999884897919
"elk-287","weibull",FALSE,"M21",115,2,0.999999920770045
"elk-287","weibull",FALSE,"M21",116,2,0.999999964110308
"elk-287","weibull",FALSE,"M21",117,2,0.999999972133308
"elk-287","weibull",FALSE,"M21",118,2,0.999999979432164
"elk-287","weibull",FALSE,"M21",119,2,0.999999967051933
"elk-287","weibull",FALSE,"M21",120,2,0.999999986454388
"elk-287","weibull",FALSE,"M21",121,2,0.99999998322551
"elk-287","weibull",FALSE,"M21",122,2,0.9999999873428
"elk-287","weibull",FALSE,"M21",123,2,0.999999951983704
"elk-287","weibull",FALSE,"M21",124,2,0.999999525170096
"elk-287","weibull",FALSE,"M21",125,2,0.999999512355312
"elk-287","weibull",FALSE,"M21",126,2,0.999999907819859
"elk-287","weibull",FALSE,"M21",127,2,0.99999983442812
"elk-287","weibull",FALSE,"M21",128,2,0.99999995942971
"elk-287","weibull",FALSE,"M21",129,2,0.999999949220994
"elk-287","weibull",FALSE,"M21",130,2,0.999999978486921
"elk-287","weibull",FALSE,"M21",131,2,0.999999966523624
"elk-287","weibull",FALSE,"M21",132,2,0.999999816073265
"elk-287","weibull",FALSE,"M21",133,2,0.999999974615221
"elk-287","weibull",FALSE,"M21",134,2,0.999999992054673
"elk-287","weibull",FALSE,"M21",135,2,0.999999994877558
"elk-287","weibull",FALSE,"M21",136,2,0.999999993027815
"elk-287","weibull",FALSE,"M21",137,2,0.999999981225954
"elk-287","weibull",FALSE,"M21",138,2,0.999999882753548
"elk-287","weibull",FALSE,"M21",139,2,0.999999987903172
"elk-287","weibull",FALSE,"M21",140,2,0.999999993707119
"elk-287","weibull",FALSE,"M21",141,2,0.999999992354708
"elk-287","weibull",FALSE,"M21",142,2,0.999999992161651
"elk-287","weibull",FALSE,"M21",143,2,0.999999948685891
"elk-287","weibull",FALSE,"M21",144,2,0.999999605060317
"elk-287","weibull",FALSE,"M21",145,2,0.999999669939013
"elk-287","weibull",FALSE,"M21",146,2,0.999999905931755
"elk-287","weibull",FALSE,"M21",147,2,0.999999904379324
"elk-287","weibull",FALSE,"M21",148,2,0.999999985696783
"elk-287","weibull",FALSE,"M21",149,2,0.999999963508051
"elk-287","weibull",FALSE,"M21",150,2,0.999999544642369
"elk-287","weibull",FALSE,"M21",151,2,0.999999568699988
"elk-287","weibull",FALSE,"M21",152,2,0.999999693926834
"elk-287","weibull",FALSE,"M21",153,2,0.999999500604982
"elk-287","weibull",FALSE,"M21",154,2,0.999999751854156
"elk-287","weibull",FALSE,"M21",155,2,0.999999319769409
"elk-287","weibull",FALSE,"M21",156,2,0.999999339794039
"elk-287","weibull",FALSE,"M21",157,2,0.999999407206756
"elk-287","weibull",FALSE,"M21",158,2,0.999999864822599
"elk-287","weibull",FALSE,"M21",159,2,0.999999700699224
"elk-287","weibull",FALSE,"M21",160,2,0.999999731301354
"elk-287","weibull",FALSE,"M21",161,2,0.999998689592836
"elk-287","weibull",FALSE,"M21",162,2,0.999997523631158
"elk-287","weibull",FALSE,"M21",163,2,0.999984337971974
"elk-287","weibull",FALSE,"H2",1,2,0.999998377012563
"elk-287","weibull",FALSE,"H2",2,2,0.994239474526168
"elk-287","weibull",FALSE,"H2",3,2,0.977086290267535
"elk-287","weibull",FALSE,"H2",4,2,0.85455000318366
"elk-287","weibull",FALSE,"H2",5,1,1
"elk-287","weibull",FALSE,"H2",6,1,0.999999999967674
"elk-287","weibull",FALSE,"H2",7,1,0.999999999999967
"elk-287","weibull",FALSE,"H2",8,1,0.99999999998024
"elk-287","weibull",FALSE,"H2",9,1,0.999979903749738
"elk-287","weibull",FALSE,"H2",10,1,0.999999985211131
"elk-287","weibull",FALSE,"H2",11,2,0.754126936858406
"elk-287","weibull",FALSE,"H2",12,2,0.845010126900219
"elk-287","weibull",FALSE,"H2",13,2,0.750105644220397
"elk-287","weibull",FALSE,"H2",14,1,0.999996434789919
"elk-287","weibull",FALSE,"H2",15,1,0.962471058538636
"elk-287","weibull",FALSE,"H2",16,2,0.771603743931579
"elk-287","weibull",FALSE,"H2",17,2,0.89003814896645
"elk-287","weibull",FALSE,"H2",18,2,0.981310866162161
"elk-287","weibull",FALSE,"H2",19,2,0.993156719893543
"elk-287","weibull",FALSE,"H2",20,2,0.996320072494114
"elk-287","weibull",FALSE,"H2",21,2,0.996387660582307
"elk-287","weibull",FALSE,"H2",22,2,0.996023348383072
"elk-287","weibull",FALSE,"H2",23,2,0.993960338195198
"elk-287","weibull",FALSE,"H2",24,2,0.977496517168772
"elk-287","weibull",FALSE,"H2",25,2,0.85872531195355
"elk-287","weibull",FALSE,"H2",26,1,0.97232738462079
"elk-287","weibull",FALSE,"H2",27,1,0.999999721265079
"elk-287","weibull",FALSE,"H2",28,1,0.898160805776907
"elk-287","weibull",FALSE,"H2",29,1,1
"elk-287","weibull",FALSE,"H2",30,1,1
"elk-287","weibull",FALSE,"H2",31,1,0.999999999998083
"elk-287","weibull",FALSE,"H2",32,1,0.749307504294529
"elk-287","weibull",FALSE,"H2",33,1,0.804423123898648
"elk-287","weibull",FALSE,"H2",34,1,0.999999621610776
"elk-287","weibull",FALSE,"H2",35,1,0.981543253496904
"elk-287","weibull",FALSE,"H2",36,1,0.998104974712285
"elk-287","weibull",FALSE,"H2",37,1,0.976905790350434
"elk-287","weibull",FALSE,"H2",38,1,0.879016224878857
"elk-287","weibull",FALSE,"H2",39,1,0.998108606162726
"elk-287","weibull",FALSE,"H2",40,2,0.682831604676073
"elk-287","weibull",FALSE,"H2",41,2,0.761745412273294
"elk-287","weibull",FALSE,"H2",42,2,0.96284163598164
"elk-287","weibull",FALSE,"H2",43,2,0.990709067019851
"elk-287","weibull",FALSE,"H2",44,2,0.994842884330838
"elk-287","weibull",FALSE,"H2",45,2,0.995610234602484
"elk-287","weibull",FALSE,"H2",46,2,0.995960770252813
"elk-287","weibull",FALSE,"H2",47,2,0.9918867828923
"elk-287","weibull",FALSE,"H2",48,2,0.968484229053668
"elk-287","weibull",FALSE,"H2",49,2,0.797723626597597
"elk-287","weibull",FALSE,"H2",50,1,1
"elk-287","weibull",FALSE,"H2",51,1,0.919628109487138
"elk-287","weibull",FALSE,"H2",52,1,0.999999961276008
"elk-287","weibull",FALSE,"H2",53,1,0.999999999999953
"elk-287","weibull",FALSE,"H2",54,1,0.999999999544089
"elk-287","weibull",FALSE,"H2",55,2,0.797018897298302
"elk-287","weibull",FALSE,"H2",56,2,0.967547541762292
"elk-287","weibull",FALSE,"H2",57,2,0.992694432502744
"elk-287","weibull",FALSE,"H2",58,2,0.996035869795606
"elk-287","weibull",FALSE,"H2",59,2,0.99503309987517
"elk-287","weibull",FALSE,"H2",60,2,0.996026770855971
"elk-287","weibull",FALSE,"H2",61,2,0.996716283708536
"elk-287","weibull",FALSE,"H2",62,2,0.996481041381551
"elk-287","weibull",FALSE,"H2",63,2,0.996081791521598
"elk-287","weibull",FALSE,"H2",64,2,0.994692778617678
"elk-287","weibull",FALSE,"H2",65,2,0.981735161903738
"elk-287","weibull",FALSE,"H2",66,2,0.889780328342853
"elk-287","weibull",FALSE,"H2",67,1,0.663093537706696
"elk-287","weibull",FALSE,"H2",68,1,0.6503842760463
"elk-287","weibull",FALSE,"H2",69,1,0.622552042165417
"elk-287","weibull",FALSE,"H2",70,1,0.851061415209638
"elk-287","weibull",FALSE,"H2",71,1,0.999999961174837
"elk-287","weibull",FALSE,"H2",72,1,0.898399052160571
"elk-287","weibull",FALSE,"H2",73,1,1
"elk-287","weibull",FALSE,"H2",74,1,0.999999999999892
"elk-287","weibull",FALSE,"H2",75,1,0.999852316697556
"elk-287","weibull",FALSE,"H2",76,1,0.942490903970502
"elk-287","weibull",FALSE,"H2",77,1,0.999999999099483
"elk-287","weibull",FALSE,"H2",78,1,0.900511856998367
"elk-287","weibull",FALSE,"H2",79,1,1
"elk-287","weibull",FALSE,"H2",80,2,0.855344526427763
"elk-287","weibull",FALSE,"H2",81,2,0.975145899491785
"elk-287","weibull",FALSE,"H2",82,2,0.993493105147073
"elk-287","weibull",FALSE,"H2",83,2,0.996094336169514
"elk-287","weibull",FALSE,"H2",84,2,0.995849992264484
"elk-287","weibull",FALSE,"H2",85,2,0.992692486324083
"elk-287","weibull",FALSE,"H2",86,2,0.975856189231124
"elk-287","weibull",FALSE,"H2",87,2,0.85589392578111
"elk-287","weibull",FALSE,"H2",88,1,0.99999995571791
"elk-287","weibull",FALSE,"H2",89,1,0.999999999999999
"elk-287","weibull",FALSE,"H2",90,2,0.856517556195085
"elk-287","weibull",FALSE,"H2",91,2,0.976103996230344
"elk-287","weibull",FALSE,"H2",92,2,0.991873172846256
"elk-287","weibull",FALSE,"H2",93,2,0.994174240850329
"elk-287","weibull",FALSE,"H2",94,2,0.986370089974766
"elk-287","weibull",FALSE,"H2",95,2,0.994341808415293
"elk-287","weibull",FALSE,"H2",96,2,0.990694859116084
"elk-287","weibull",FALSE,"H2",97,2,0.991870252951347
"elk-287","weibull",FALSE,"H2",98,2,0.982413845654104
"elk-287","weibull",FALSE,"H2",99,2,0.977787631164718
"elk-287","weibull",FALSE,"H2",100,2,0.992887371712901
"elk-287","weibull",FALSE,"H2",101,2,0.995922463308962
"elk-287","weibull",FALSE,"H2",102,2,0.996755067625812
"elk-287","weibull",FALSE,"H2",103,2,0.996764451254287
"elk-287","weibull",FALSE,"H2",104,2,0.996647010266869
"elk-287","weibull",FALSE,"H2",105,2,0.996347854426057
"elk-287","weibull",FALSE,"H2",106,2,0.995032250353603
"elk-287","weibull",FALSE,"H2",107,2,0.989155916436936
"elk-287","weibull",FALSE,"H2",108,2,0.94838370956329
"elk-287","weibull",FALSE,"H2",109,2,0.949736729679259
"elk-287","weibull",FALSE,"H2",110,2,0.978778339763973
"elk-287","weibull",FALSE,"H2",111,2,0.962440923739851
"elk-287","weibull",FALSE,"H2",112,2,0.842597487585383
"elk-287","weibull",FALSE,"H2",113,2,0.823341031489139
"elk-287","weibull",FALSE,"H2",114,2,0.898505140127927
"elk-287","weibull",FALSE,"H2",115,2,0.85290692008049
"elk-287","weibull",FALSE,"H2",116,2,0.89614980449579
"elk-287","weibull",FALSE,"H2",117,2,0.976009312618504
"elk-287","weibull",FALSE,"H2",118,2,0.990543427946488
"elk-287","weibull",FALSE,"H2",119,2,0.992552342791218
"elk-287","weibull",FALSE,"H2",120,2,0.983773062191373
"elk-287","weibull",FALSE,"H2",121,2,0.992456363736368
"elk-287","weibull",FALSE,"H2",122,2,0.993414663593523
"elk-287","weibull",FALSE,"H2",123,2,0.99401468295587
"elk-287","weibull",FALSE,"H2",124,2,0.996452263475353
"elk-287","weibull",FALSE,"H2",125,2,0.99648556208473
"elk-287","weibull",FALSE,"H2",126,2,0.994291814004892
"elk-287","weibull",FALSE,"H2",127,2,0.996056653374027
"elk-287","weibull",FALSE,"H2",128,2,0.994185992210899
"elk-287","weibull",FALSE,"H2",129,2,0.991871334703102
"elk-287","weibull",FALSE,"H2",130,2,0.973389849322229
"elk-287","weibull",FALSE,"H2",131,2,0.974561548152814
"elk-287","weibull",FALSE,"H2",132,2,0.990121906831424
"elk-287","weibull",FALSE,"H2",133,2,0.980124739809005
"elk-287","weibull",FALSE,"H2",134,2,0.980835635516341
"elk-287","weibull",FALSE,"H2",135,2,0.985557673224135
"elk-287","weibull",FALSE,"H2",136,2,0.982369859130329
"elk-287","weibull",FALSE,"H2",137,2,0.98212094668576
"elk-287","weibull",FALSE,"H2",138,2,0.993666405530788
"elk-287","weibull",FALSE,"H2",139,2,0.991025298795936
"elk-287","weibull",FALSE,"H2",140,2,0.988184797887553
"elk-287","weibull",FALSE,"H2",141,2,0.991917288826228
"elk-287","weibull",FALSE,"H2",142,2,0.991644644366606
"elk-287","weibull",FALSE,"H2",143,2,0.994079751139829
"elk-287","weibull",FALSE,"H2",144,2,0.996408384830112
"elk-287","weibull",FALSE,"H2",145,2,0.996434021680745
"elk-287","weibull",FALSE,"H2",146,2,0.995170518896866
"elk-287","weibull",FALSE,"H2",147,2,0.995311716800203
"elk-287","weibull",FALSE,"H2",148,2,0.990691889986013
"elk-287","weibull",FALSE,"H2",149,2,0.990437012236931
"elk-287","weibull",FALSE,"H2",150,2,0.9958778321837
"elk-287","weibull",FALSE,"H2",151,2,0.99629609906
"elk-287","weibull",FALSE,"H2",152,2,0.995478162213798
"elk-287","weibull",FALSE,"H2",153,2,0.995376565937337
"elk-287","weibull",FALSE,"H2",154,2,0.989035360395984
"elk-287","weibull",FALSE,"H2",155,2,0.995738404663329
"elk-287","weibull",FALSE,"H2",156,2,0.996313553576788
"elk-287","weibull",FALSE,"H2",157,2,0.996116169032588
"elk-287","weibull",FALSE,"H2",158,2,0.991840924556554
"elk-287","weibull",FALSE,"H2",159,2,0.994649088042334
"elk-287","weibull",FALSE,"H2",160,2,0.988027002605496
"elk-287","weibull",FALSE,"H2",161,2,0.992572741916014
"elk-287","weibull",FALSE,"H2",162,2,0.982014147943605
"elk-287","weibull",FALSE,"H2",163,2,0.980820065770359
"elk-287","weibull",FALSE,"H3",1,1,0.999946666093634
"elk-287","weibull",FALSE,"H3",2,1,0.98411878902595
"elk-287","weibull",FALSE,"H3",3,1,0.993959992032608
"elk-287","weibull",FALSE,"H3",4,1,0.976590862496739
"elk-287","weibull",FALSE,"H3",5,3,1
"elk-287","weibull",FALSE,"H3",6,3,1
"elk-287","weibull",FALSE,"H3",7,3,1
"elk-287","weibull",FALSE,"H3",8,3,1
"elk-287","weibull",FALSE,"H3",9,3,0.999999999999989
"elk-287","weibull",FALSE,"H3",10,3,1
"elk-287","weibull",FALSE,"H3",11,1,0.976624699883356
"elk-287","weibull",FALSE,"H3",12,1,0.994329258922187
"elk-287","weibull",FALSE,"H3",13,1,0.957407278990835
"elk-287","weibull",FALSE,"H3",14,3,0.999999999999979
"elk-287","weibull",FALSE,"H3",15,3,0.999999999793787
"elk-287","weibull",FALSE,"H3",16,1,0.541353684480484
"elk-287","weibull",FALSE,"H3",17,3,0.999926156008486
"elk-287","weibull",FALSE,"H3",18,1,0.970838963021951
"elk-287","weibull",FALSE,"H3",19,1,0.945351800955495
"elk-287","weibull",FALSE,"H3",20,1,0.993713224539878
"elk-287","weibull",FALSE,"H3",21,1,0.987257069992538
"elk-287","weibull",FALSE,"H3",22,1,0.985456565095828
"elk-287","weibull",FALSE,"H3",23,1,0.99283102270335
"elk-287","weibull",FALSE,"H3",24,1,0.993909220164449
"elk-287","weibull",FALSE,"H3",25,1,0.96511132784352
"elk-287","weibull",FALSE,"H3",26,3,0.999999923230666
"elk-287","weibull",FALSE,"H3",27,3,1
"elk-287","weibull",FALSE,"H3",28,1,0.883651631688579
"elk-287","weibull",FALSE,"H3",29,3,1
"elk-287","weibull",FALSE,"H3",30,3,1
"elk-287","weibull",FALSE,"H3",31,3,1
"elk-287","weibull",FALSE,"H3",32,1,0.841682860582975
"elk-287","weibull",FALSE,"H3",33,3,0.999193560922754
"elk-287","weibull",FALSE,"H3",34,3,0.999999999999984
"elk-287","weibull",FALSE,"H3",35,3,0.999999856759826
"elk-287","weibull",FALSE,"H3",36,3,0.999999999992442
"elk-287","weibull",FALSE,"H3",37,3,0.999999999963232
"elk-287","weibull",FALSE,"H3",38,1,0.883651631670088
"elk-287","weibull",FALSE,"H3",39,3,0.999999999905449
"elk-287","weibull",FALSE,"H3",40,1,0.771958530155679
"elk-287","weibull",FALSE,"H3",41,3,0.999999813807865
"elk-287","weibull",FALSE,"H3",42,1,0.976603939273187
"elk-287","weibull",FALSE,"H3",43,1,0.994094360199452
"elk-287","weibull",FALSE,"H3",44,1,0.993432303293128
"elk-287","weibull",FALSE,"H3",45,1,0.993421419662603
"elk-287","weibull",FALSE,"H3",46,1,0.993677384370602
"elk-287","weibull",FALSE,"H3",47,1,0.994486135717709
"elk-287","weibull",FALSE,"H3",48,1,0.99369623375511
"elk-287","weibull",FALSE,"H3",49,1,0.953606840037635
"elk-287","weibull",FALSE,"H3",50,3,1
"elk-287","weibull",FALSE,"H3",51,3,0.54699856588774
"elk-287","weibull",FALSE,"H3",52,3,1
"elk-287","weibull",FALSE,"H3",53,3,1
"elk-287","weibull",FALSE,"H3",54,3,1
"elk-287","weibull",FALSE,"H3",55,1,0.953735140978073
"elk-287","weibull",FALSE,"H3",56,1,0.994512775617361
"elk-287","weibull",FALSE,"H3",57,1,0.994201415042313
"elk-287","weibull",FALSE,"H3",58,1,0.994499880477974
"elk-287","weibull",FALSE,"H3",59,1,0.990120556457853
"elk-287","weibull",FALSE,"H3",60,1,0.977797491380897
"elk-287","weibull",FALSE,"H3",61,1,0.995015707475971
"elk-287","weibull",FALSE,"H3",62,1,0.994836850236132
"elk-287","weibull",FALSE,"H3",63,1,0.983841064528437
"elk-287","weibull",FALSE,"H3",64,1,0.994679166006949
"elk-287","weibull",FALSE,"H3",65,1,0.993555602839181
"elk-287","weibull",FALSE,"H3",66,1,0.89576812552919
"elk-287","weibull",FALSE,"H3",67,3,0.999999934567093
"elk-287","weibull",FALSE,"H3",68,1,0.968195432098843
"elk-287","weibull",FALSE,"H3",69,1,0.972290908708203
"elk-287","weibull",FALSE,"H3",70,3,0.999999543337056
"elk-287","weibull",FALSE,"H3",71,3,1
"elk-287","weibull",FALSE,"H3",72,1,0.871811489498356
"elk-287","weibull",FALSE,"H3",73,3,1
"elk-287","weibull",FALSE,"H3",74,3,1
"elk-287","weibull",FALSE,"H3",75,3,0.999999999999711
"elk-287","weibull",FALSE,"H3",76,3,0.961741481126213
"elk-287","weibull",FALSE,"H3",77,3,1
"elk-287","weibull",FALSE,"H3",78,1,0.841582544828985
"elk-287","weibull",FALSE,"H3",79,3,1
"elk-287","weibull",FALSE,"H3",80,1,0.970594998948681
"elk-287","weibull",FALSE,"H3",81,1,0.994573958909478
"elk-287","weibull",FALSE,"H3",82,1,0.995322888892113
"elk-287","weibull",FALSE,"H3",83,1,0.99517447902977
"elk-287","weibull",FALSE,"H3",84,1,0.986739630719353
"elk-287","weibull",FALSE,"H3",85,1,0.973266949763465
"elk-287","weibull",FALSE,"H3",86,1,0.990908411991997
"elk-287","weibull",FALSE,"H3",87,1,0.970199238446966
"elk-287","weibull",FALSE,"H3",88,3,1
"elk-287","weibull",FALSE,"H3",89,3,1
"elk-287","weibull",FALSE,"H3",90,1,0.981586693983082
"elk-287","weibull",FALSE,"H3",91,1,0.777579223166628
"elk-287","weibull",FALSE,"H3",92,2,0.671342626686263
"elk-287","weibull",FALSE,"H3",93,2,0.803725886814194
"elk-287","weibull",FALSE,"H3",94,2,0.952340791310186
"elk-287","weibull",FALSE,"H3",95,2,0.952345719392141
"elk-287","weibull",FALSE,"H3",96,2,0.967244995644489
"elk-287","weibull",FALSE,"H3",97,2,0.992928250203436
"elk-287","weibull",FALSE,"H3",98,2,0.99835990443018
"elk-287","weibull",FALSE,"H3",99,2,0.9983601425028
"elk-287","weibull",FALSE,"H3",100,2,0.998359301680095
"elk-287","weibull",FALSE,"H3",101,2,0.998378495747378
"elk-287","weibull",FALSE,"H3",102,2,0.998397061144987
"elk-287","weibull",FALSE,"H3",103,2,0.998447472155573
"elk-287","weibull",FALSE,"H3",104,2,0.998592351633208
"elk-287","weibull",FALSE,"H3",105,2,0.999012199451692
"elk-287","weibull",FALSE,"H3",106,2,0.999465931534437
"elk-287","weibull",FALSE,"H3",107,2,0.999716975567295
"elk-287","weibull",FALSE,"H3",108,2,0.999993094632166
"elk-287","weibull",FALSE,"H3",109,2,0.999993080320825
"elk-287","weibull",FALSE,"H3",110,2,0.999993066909622
"elk-287","weibull",FALSE,"H3",111,2,0.999998045567692
"elk-287","weibull",FALSE,"H3",112,2,0.999999921670426
"elk-287","weibull",FALSE,"H3",113,2,0.999999905009226
"elk-287","weibull",FALSE,"H3",114,2,0.999999900380082
"elk-287","weibull",FALSE,"H3",115,2,0.999999989835266
"elk-287","weibull",FALSE,"H3",116,2,0.999999981508386
"elk-287","weibull",FALSE,"H3",117,2,0.999999976234917
"elk-287","weibull",FALSE,"H3",118,2,0.999999989910446
"elk-287","weibull",FALSE,"H3",119,2,0.999999989300564
"elk-287","weibull",FALSE,"H3",120,2,0.999999996654386
"elk-287","weibull",FALSE,"H3",121,2,0.999999992963511
"elk-287","weibull",FALSE,"H3",122,2,0.999999989322132
"elk-287","weibull",FALSE,"H3",123,2,0.999999917973128
"elk-287","weibull",FALSE,"H3",124,2,0.999999743106272
"elk-287","weibull",FALSE,"H3",125,2,0.999999759049796
"elk-287","weibull",FALSE,"H3",126,2,0.999999962064116
"elk-287","weibull",FALSE,"H3",127,2,0.99999993406791
"elk-287","weibull",FALSE,"H3",128,2,0.999999986395155
"elk-287","weibull",FALSE,"H3",129,2,0.999999983715331
"elk-287","weibull",FALSE,"H3",130,2,0.999999985591161
"elk-287","weibull",FALSE,"H3",131,2,0.999999934079627
"elk-287","weibull",FALSE,"H3",132,2,0.999999886312901
"elk-287","weibull",FALSE,"H3",133,2,0.999999999943855
"elk-287","weibull",FALSE,"H3",134,2,0.999999999788526
"elk-287","weibull",FALSE,"H3",135,2,0.999999999257303
"elk-287","weibull",FALSE,"H3",136,2,0.999999995330633
"elk-287","weibull",FALSE,"H3",137,2,0.999999966038662
"elk-287","weibull",FALSE,"H3",138,2,0.999999933705284
"elk-287","weibull",FALSE,"H3",139,2,0.99999999907861
"elk-287","weibull",FALSE,"H3",140,2,0.999999999269217
"elk-287","weibull",FALSE,"H3",141,2,0.999999997640642
"elk-287","weibull",FALSE,"H3",142,2,0.999999989112636
"elk-287","weibull",FALSE,"H3",143,2,0.999999930587873
"elk-287","weibull",FALSE,"H3",144,2,0.999999795218358
"elk-287","weibull",FALSE,"H3",145,2,0.999999837293564
"elk-287","weibull",FALSE,"H3",146,2,0.999999958458984
"elk-287","weibull",FALSE,"H3",147,2,0.999999961383785
"elk-287","weibull",FALSE,"H3",148,2,0.999999987981469
"elk-287","weibull",FALSE,"H3",149,2,0.999999896888194
"elk-287","weibull",FALSE,"H3",150,2,0.99999973072142
"elk-287","weibull",FALSE,"H3",151,2,0.999999765119669
"elk-287","weibull",FALSE,"H3",152,2,0.999999835538217
"elk-287","weibull",FALSE,"H3",153,2,0.999999787164806
"elk-287","weibull",FALSE,"H3",154,2,0.999999795095935
"elk-287","weibull",FALSE,"H3",155,2,0.999999599240812
"elk-287","weibull",FALSE,"H3",156,2,0.999999625315784
"elk-287","weibull",FALSE,"H3",157,2,0.999999694661454
"elk-287","weibull",FALSE,"H3",158,2,0.999999966414531
"elk-287","weibull",FALSE,"H3",159,2,0.999999929354126
"elk-287","weibull",FALSE,"H3",160,2,0.999999885655536
"elk-287","weibull",FALSE,"H3",161,2,0.999999653226661
"elk-287","weibull",FALSE,"H3",162,2,0.999997445944568
"elk-287","weibull",FALSE,"H3",163,2,0.999994325315717
"elk-363","weibull",FALSE,"M21",1,1,1
"elk-363","weibull",FALSE,"M21",2,1,1
"elk-363","weibull",FALSE,"M21",3,1,1
"elk-363","weibull",FALSE,"M21",4,1,1
"elk-363","weibull",FALSE,"M21",5,1,1
"elk-363","weibull",FALSE,"M21",6,1,1
"elk-363","weibull",FALSE,"M21",7,1,1
"elk-363","weibull",FALSE,"M21",8,1,1
"elk-363","weibull",FALSE,"M21",9,1,1
"elk-363","weibull",FALSE,"M21",10,1,1
"elk-363","weibull",FALSE,"M21",11,1,1
"elk-363","weibull",FALSE,"M21",12,1,1
"elk-363","weibull",FALSE,"M21",13,1,1
"elk-363","weibull",FALSE,"M21",14,1,1
"elk-363","weibull",FALSE,"M21",15,1,1
"elk-363","weibull",FALSE,"M21",16,1,1
"elk-363","weibull",FALSE,"M21",17,1,1
"elk-363","weibull",FALSE,"M21",18,1,1
"elk-363","weibull",FALSE,"M21",19,1,1
"elk-363","weibull",FALSE,"M21",20,1,1
"elk-363","weibull",FALSE,"M21",21,1,1
"elk-363","weibull",FALSE,"M21",22,1,1
"elk-363","weibull",FALSE,"M21",23,1,1
"elk-363","weibull",FALSE,"M21",24,1,1
"elk-363","weibull",FALSE,"M21",25,1,1
"elk-363","weibull",FALSE,"M21",26,1,1
"elk-363","weibull",FALSE,"M21",27,1,1
"elk-363","weibull",FALSE,"M21",28,1,1
"elk-363","weibull",FALSE,"M21",29,1,1
"elk-363","weibull",FALSE,"M21",30,1,1
"elk-363","weibull",FALSE,"M21",31,1,1
"elk-363","weibull",FALSE,"M21",32,1,1
"elk-363","weibull",FALSE,"M21",33,1,1
"elk-363","weibull",FALSE,"M21",34,1,1
"elk-363","weibull",FALSE,"M21",35,1,1
"elk-363","weibull",FALSE,"M21",36,1,1
"elk-363","weibull",FALSE,"M21",37,1,1
"elk-363","weibull",FALSE,"M21",38,1,1
"elk-363","weibull",FALSE,"M21",39,1,1
"elk-363","weibull",FALSE,"M21",40,1,1
"elk-363","weibull",FALSE,"M21",41,1,1
"elk-363","weibull",FALSE,"M21",42,1,1
"elk-363","weibull",FALSE,"M21",43,1,1
"elk-363","weibull",FALSE,"M21",44,1,1
"elk-363","weibull",FALSE,"M21",45,1,1
"elk-363","weibull",FALSE,"M21",46,1,1
"elk-363","weibull",FALSE,"M21",47,1,0.999999948763575
"elk-363","weibull",FALSE,"M21",48,1,1
"elk-363","weibull",FALSE,"M21",49,1,1
"elk-363","weibull",FALSE,"M21",50,1,1
"elk-363","weibull",FALSE,"M21",51,1,1
"elk-363","weibull",FALSE,"M21",52,1,1
"elk-363","weibull",FALSE,"M21",53,1,1
"elk-363","weibull",FALSE,"M21",54,1,1
"elk-363","weibull",FALSE,"M21",55,1,1
"elk-363","weibull",FALSE,"M21",56,1,1
"elk-363","weibull",FALSE,"M21",57,1,1
"elk-363","weibull",FALSE,"M21",58,1,1
"elk-363","weibull",FALSE,"M21",59,1,1
"elk-363","weibull",FALSE,"M21",60,1,1
"elk-363","weibull",FALSE,"M21",61,1,1
"elk-363","weibull",FALSE,"M21",62,1,1
"elk-363","weibull",FALSE,"M21",63,1,1
"elk-363","weibull",FALSE,"M21",64,1,1
"elk-363","weibull",FALSE,"M21",65,1,1
"elk-363","weibull",FALSE,"M21",66,1,1
"elk-363","weibull",FALSE,"M21",67,1,1
"elk-363","weibull",FALSE,"M21",68,1,1
"elk-363","weibull",FALSE,"M21",69,1,1
"elk-363","weibull",FALSE,"M21",70,1,1
"elk-363","weibull",FALSE,"M21",71,1,1
"elk-363","weibull",FALSE,"M21",72,1,1
"elk-363","weibull",FALSE,"M21",73,1,1
"elk-363","weibull",FALSE,"M21",74,1,1
"elk-363","weibull",FALSE,"M21",75,1,1
"elk-363","weibull",FALSE,"M21",76,1,1
"elk-363","weibull",FALSE,"M21",77,1,1
"elk-363","weibull",FALSE,"M21",78,1,1
"elk-363","weibull",FALSE,"M21",79,1,1
"elk-363","weibull",FALSE,"M21",80,1,1
"elk-363","weibull",FALSE,"M21",81,1,1
"elk-363","weibull",FALSE,"M21",82,1,1
"elk-363","weibull",FALSE,"M21",83,1,1
"elk-363","weibull",FALSE,"M21",84,1,1
"elk-363","weibull",FALSE,"M21",85,1,1
"elk-363","weibull",FALSE,"M21",86,1,1
"elk-363","weibull",FALSE,"M21",87,1,1
"elk-363","weibull",FALSE,"M21",88,1,1
"elk-363","weibull",FALSE,"M21",89,1,0.999999948763575
"elk-363","weibull",FALSE,"M21",90,1,1
"elk-363","weibull",FALSE,"M21",91,1,1
"elk-363","weibull",FALSE,"M21",92,1,1
"elk-363","weibull",FALSE,"M21",93,1,1
"elk-363","weibull",FALSE,"M21",94,1,1
"elk-363","weibull",FALSE,"M21",95,1,1
"elk-363","weibull",FALSE,"M21",96,1,1
"elk-363","weibull",FALSE,"M21",97,1,1
"elk-363","weibull",FALSE,"M21",98,1,1
"elk-363","weibull",FALSE,"M21",99,1,1
"elk-363","weibull",FALSE,"M21",100,1,0.99999999999448
"elk-363","weibull",FALSE,"M21",101,1,1
"elk-363","weibull",FALSE,"M21",102,1,1
"elk-363","weibull",FALSE,"M21",103,1,1
"elk-363","weibull",FALSE,"M21",104,1,1
"elk-363","weibull",FALSE,"M21",105,1,1
"elk-363","weibull",FALSE,"M21",106,1,1
"elk-363","weibull",FALSE,"M21",107,1,1
"elk-363","weibull",FALSE,"M21",108,1,1
"elk-363","weibull",FALSE,"M21",109,1,1
"elk-363","weibull",FALSE,"M21",110,1,1
"elk-363","weibull",FALSE,"M21",111,1,1
"elk-363","weibull",FALSE,"M21",112,1,1
"elk-363","weibull",FALSE,"M21",113,1,1
"elk-363","weibull",FALSE,"M21",114,1,1
"elk-363","weibull",FALSE,"M21",115,1,1
"elk-363","weibull",FALSE,"M21",116,1,1
"elk-363","weibull",FALSE,"M21",117,1,1
"elk-363","weibull",FALSE,"M21",118,1,1
"elk-363","weibull",FALSE,"M21",119,1,1
"elk-363","weibull",FALSE,"M21",120,1,1
"elk-363","weibull",FALSE,"M21",121,1,1
"elk-363","weibull",FALSE,"M21",122,1,1
"elk-363","weibull",FALSE,"M21",123,1,1
"elk-363","weibull",FALSE,"M21",124,1,1
"elk-363","weibull",FALSE,"M21",125,1,1
"elk-363","weibull",FALSE,"M21",126,1,1
"elk-363","weibull",FALSE,"M21",127,1,1
"elk-363","weibull",FALSE,"M21",128,1,1
"elk-363","weibull",FALSE,"M21",129,1,1
"elk-363","weibull",FALSE,"M21",130,1,1
"elk-363","weibull",FALSE,"M21",131,1,1
"elk-363","weibull",FALSE,"M21",132,1,1
"elk-363","weibull",FALSE,"M21",133,1,1
"elk-363","weibull",FALSE,"M21",134,1,1
"elk-363","weibull",FALSE,"M21",135,1,1
"elk-363","weibull",FALSE,"M21",136,1,1
"elk-363","weibull",FALSE,"M21",137,1,1
"elk-363","weibull",FALSE,"M21",138,1,1
"elk-363","weibull",FALSE,"M21",139,1,0.999999948763575
"elk-363","weibull",FALSE,"M21",140,1,1
"elk-363","weibull",FALSE,"M21",141,1,1
"elk-363","weibull",FALSE,"M21",142,1,0.999999576267403
"elk-363","weibull",FALSE,"M21",143,1,0.999999946809277
"elk-363","weibull",FALSE,"M21",144,1,1
"elk-363","weibull",FALSE,"M21",145,1,1
"elk-363","weibull",FALSE,"M21",146,1,1
"elk-363","weibull",FALSE,"M21",147,1,1
"elk-363","weibull",FALSE,"M21",148,1,0.999999999815483
"elk-363","weibull",FALSE,"M21",149,1,1
"elk-363","weibull",FALSE,"M21",150,1,0.999999625516702
"elk-363","weibull",FALSE,"M21",151,1,1
"elk-363","weibull",FALSE,"M21",152,1,1
"elk-363","weibull",FALSE,"M21",153,1,1
"elk-363","weibull",FALSE,"M21",154,1,1
"elk-363","weibull",FALSE,"M21",155,1,1
"elk-363","weibull",FALSE,"M21",156,1,1
"elk-363","weibull",FALSE,"M21",157,1,1
"elk-363","weibull",FALSE,"M21",158,1,0.99999999999448
"elk-363","weibull",FALSE,"M21",159,1,1
"elk-363","weibull",FALSE,"M21",160,1,1
"elk-363","weibull",FALSE,"M21",161,1,1
"elk-363","weibull",FALSE,"M21",162,1,1
"elk-363","weibull",FALSE,"M21",163,1,1
"elk-363","weibull",FALSE,"M21",164,1,1
"elk-363","weibull",FALSE,"M21",165,1,1
"elk-363","weibull",FALSE,"M21",166,1,0.999999999791216
"elk-363","weibull",FALSE,"M21",167,1,0.999999996034328
"elk-363","weibull",FALSE,"M21",168,1,1
"elk-363","weibull",FALSE,"M21",169,1,1
"elk-363","weibull",FALSE,"M21",170,1,1
"elk-363","weibull",FALSE,"M21",171,1,1
"elk-363","weibull",FALSE,"M21",172,1,0.99999856244652
"elk-363","weibull",FALSE,"M21",173,1,1
"elk-363","weibull",FALSE,"M21",174,1,1
"elk-363","weibull",FALSE,"M21",175,1,0.999999948763575
"elk-363","weibull",FALSE,"M21",176,1,1
"elk-363","weibull",FALSE,"M21",177,1,1
"elk-363","weibull",FALSE,"M21",178,1,1
"elk-363","weibull",FALSE,"M21",179,1,1
"elk-363","weibull",FALSE,"M21",180,1,1
"elk-363","weibull",FALSE,"M21",181,1,1
"elk-363","weibull",FALSE,"M21",182,1,0.999999999815483
"elk-363","weibull",FALSE,"M21",183,1,1
"elk-363","weibull",FALSE,"M21",184,1,1
"elk-363","weibull",FALSE,"M21",185,1,1
"elk-363","weibull",FALSE,"M21",186,1,1
"elk-363","weibull",FALSE,"M21",187,1,0.999999625516702
"elk-363","weibull",FALSE,"M21",188,1,1
"elk-363","weibull",FALSE,"M21",189,1,1
"elk-363","weibull",FALSE,"M21",190,1,1
"elk-363","weibull",FALSE,"M21",191,1,1
"elk-363","weibull",FALSE,"M21",192,1,1
"elk-363","weibull",FALSE,"M21",193,1,1
"elk-363","weibull",FALSE,"M21",194,1,1
"elk-363","weibull",FALSE,"M21",195,1,1
"elk-363","weibull",FALSE,"M21",196,1,1
"elk-363","weibull",FALSE,"M21",197,1,0.999999948763575
"elk-363","weibull",FALSE,"M21",198,1,1
"elk-363","weibull",FALSE,"M21",199,1,0.99999999999448
"elk-363","weibull",FALSE,"M21",200,1,1
"elk-363","weibull",FALSE,"M21",201,1,1
"elk-363","weibull",FALSE,"M21",202,1,1
"elk-363","weibull",FALSE,"M21",203,1,0.999998704498045
"elk-363","weibull",FALSE,"M21",204,1,1
"elk-363","weibull",FALSE,"M21",205,1,1
"elk-363","weibull",FALSE,"M21",206,1,1
"elk-363","weibull",FALSE,"M21",207,2,0.979104490562071
"elk-363","weibull",FALSE,"M21",208,2,0.999516594914669
"elk-363","weibull",FALSE,"M21",209,2,0.999988802019428
"elk-363","weibull",FALSE,"M21",210,2,0.999999725867614
"elk-363","weibull",FALSE,"M21",211,2,0.999999976837552
"elk-363","weibull",FALSE,"M21",212,2,0.99999999887894
"elk-363","weibull",FALSE,"M21",213,2,0.9999999993365
"elk-363","weibull",FALSE,"M21",214,2,0.999999999252389
"elk-363","weibull",FALSE,"M21",215,2,0.999999998297094
"elk-363","weibull",FALSE,"M21",216,2,0.999999957064552
"elk-363","weibull",FALSE,"M21",217,2,0.99999946540565
"elk-363","weibull",FALSE,"H2",1,2,0.999998467000255
"elk-363","weibull",FALSE,"H2",2,2,0.974720119567038
"elk-363","weibull",FALSE,"H2",3,2,0.94078186979235
"elk-363","weibull",FALSE,"H2",4,1,0.552775044313113
"elk-363","weibull",FALSE,"H2",5,2,0.904329678329625
"elk-363","weibull",FALSE,"H2",6,2,0.609087172920282
"elk-363","weibull",FALSE,"H2",7,2,0.901890012710123
"elk-363","weibull",FALSE,"H2",8,2,0.968924752681002
"elk-363","weibull",FALSE,"H2",9,2,0.966348470644757
"elk-363","weibull",FALSE,"H2",10,2,0.852137076735714
"elk-363","weibull",FALSE,"H2",11,2,0.874164397140332
"elk-363","weibull",FALSE,"H2",12,1,0.798299528292912
"elk-363","weibull",FALSE,"H2",13,2,0.740923538519645
"elk-363","weibull",FALSE,"H2",14,2,0.85928475308943
"elk-363","weibull",FALSE,"H2",15,2,0.91131213127366
"elk-363","weibull",FALSE,"H2",16,2,0.893999778637324
"elk-363","weibull",FALSE,"H2",17,2,0.973091294716591
"elk-363","weibull",FALSE,"H2",18,2,0.727264849325411
"elk-363","weibull",FALSE,"H2",19,2,0.895418455971548
"elk-363","weibull",FALSE,"H2",20,2,0.585278372768906
"elk-363","weibull",FALSE,"H2",21,2,0.925938385841132
"elk-363","weibull",FALSE,"H2",22,2,0.927076356335828
"elk-363","weibull",FALSE,"H2",23,2,0.897319455413695
"elk-363","weibull",FALSE,"H2",24,2,0.894503916576448
"elk-363","weibull",FALSE,"H2",25,2,0.933796773907552
"elk-363","weibull",FALSE,"H2",26,2,0.926565510414387
"elk-363","weibull",FALSE,"H2",27,2,0.941760937651243
"elk-363","weibull",FALSE,"H2",28,2,0.695226438480619
"elk-363","weibull",FALSE,"H2",29,2,0.68851676888499
"elk-363","weibull",FALSE,"H2",30,2,0.899408972072239
"elk-363","weibull",FALSE,"H2",31,2,0.915344486366861
"elk-363","weibull",FALSE,"H2",32,2,0.923510641961237
"elk-363","weibull",FALSE,"H2",33,1,0.999997169946274
"elk-363","weibull",FALSE,"H2",34,2,0.782679612579221
"elk-363","weibull",FALSE,"H2",35,1,0.999997873430907
"elk-363","weibull",FALSE,"H2",36,2,0.89839713851892
"elk-363","weibull",FALSE,"H2",37,2,0.715581505555826
"elk-363","weibull",FALSE,"H2",38,1,0.993942527568887
"elk-363","weibull",FALSE,"H2",39,2,0.610918244229625
"elk-363","weibull",FALSE,"H2",40,2,0.900026887706026
"elk-363","weibull",FALSE,"H2",41,1,0.998554108535063
"elk-363","weibull",FALSE,"H2",42,2,0.614744927819291
"elk-363","weibull",FALSE,"H2",43,1,0.940816167490633
"elk-363","weibull",FALSE,"H2",44,1,0.986691152850436
"elk-363","weibull",FALSE,"H2",45,2,0.934613887006794
"elk-363","weibull",FALSE,"H2",46,2,0.987199091525198
"elk-363","weibull",FALSE,"H2",47,2,0.99199332060577
"elk-363","weibull",FALSE,"H2",48,2,0.98812510482537
"elk-363","weibull",FALSE,"H2",49,2,0.973096051563207
"elk-363","weibull",FALSE,"H2",50,2,0.983596369437714
"elk-363","weibull",FALSE,"H2",51,2,0.950525465964979
"elk-363","weibull",FALSE,"H2",52,2,0.974422548484532
"elk-363","weibull",FALSE,"H2",53,2,0.987746696550315
"elk-363","weibull",FALSE,"H2",54,2,0.981363509831185
"elk-363","weibull",FALSE,"H2",55,2,0.982156995469251
"elk-363","weibull",FALSE,"H2",56,2,0.981678025757973
"elk-363","weibull",FALSE,"H2",57,2,0.926431733667484
"elk-363","weibull",FALSE,"H2",58,2,0.889869919942843
"elk-363","weibull",FALSE,"H2",59,2,0.833492958217337
"elk-363","weibull",FALSE,"H2",60,2,0.968284359164429
"elk-363","weibull",FALSE,"H2",61,2,0.812559634090902
"elk-363","weibull",FALSE,"H2",62,1,0.966381908792486
"elk-363","weibull",FALSE,"H2",63,2,0.776325395792121
"elk-363","weibull",FALSE,"H2",64,2,0.899222359359734
"elk-363","weibull",FALSE,"H2",65,1,0.999559208040212
"elk-363","weibull",FALSE,"H2",66,1,0.999905563391356
"elk-363","weibull",FALSE,"H2",67,1,0.999999828458184
"elk-363","weibull",FALSE,"H2",68,1,0.999994296219834
"elk-363","weibull",FALSE,"H2",69,2,0.937497728354864
"elk-363","weibull",FALSE,"H2",70,2,0.983127998692177
"elk-363","weibull",FALSE,"H2",71,2,0.9872180524749
"elk-363","weibull",FALSE,"H2",72,2,0.972060699449142
"elk-363","weibull",FALSE,"H2",73,2,0.930315210593928
"elk-363","weibull",FALSE,"H2",74,2,0.986518579935852
"elk-363","weibull",FALSE,"H2",75,2,0.980080297226593
"elk-363","weibull",FALSE,"H2",76,2,0.982765911383807
"elk-363","weibull",FALSE,"H2",77,2,0.912114117745883
"elk-363","weibull",FALSE,"H2",78,2,0.974378670068442
"elk-363","weibull",FALSE,"H2",79,2,0.97108327981499
"elk-363","weibull",FALSE,"H2",80,2,0.973911987647889
"elk-363","weibull",FALSE,"H2",81,2,0.950893505857023
"elk-363","weibull",FALSE,"H2",82,2,0.977128886279489
"elk-363","weibull",FALSE,"H2",83,2,0.973493875401889
"elk-363","weibull",FALSE,"H2",84,2,0.915935630050355
"elk-363","weibull",FALSE,"H2",85,2,0.971201813545015
"elk-363","weibull",FALSE,"H2",86,2,0.969859521589158
"elk-363","weibull",FALSE,"H2",87,2,0.883945256177395
"elk-363","weibull",FALSE,"H2",88,2,0.880900883882135
"elk-363","weibull",FALSE,"H2",89,2,0.987550289214967
"elk-363","weibull",FALSE,"H2",90,2,0.946521601372616
"elk-363","weibull",FALSE,"H2",91,2,0.981228845370944
"elk-363","weibull",FALSE,"H2",92,2,0.955884252465527
"elk-363","weibull",FALSE,"H2",93,2,0.978639998267767
"elk-363","weibull",FALSE,"H2",94,2,0.838994090654962
"elk-363","weibull",FALSE,"H2",95,2,0.697573495099269
"elk-363","weibull",FALSE,"H2",96,2,0.973778763242785
"elk-363","weibull",FALSE,"H2",97,2,0.978611080566447
"elk-363","weibull",FALSE,"H2",98,2,0.983095057790706
"elk-363","weibull",FALSE,"H2",99,2,0.980330490587327
"elk-363","weibull",FALSE,"H2",100,2,0.990069037081435
"elk-363","weibull",FALSE,"H2",101,2,0.984388566636452
"elk-363","weibull",FALSE,"H2",102,2,0.960588694677742
"elk-363","weibull",FALSE,"H2",103,2,0.797687712712774
"elk-363","weibull",FALSE,"H2",104,1,0.874888571754993
"elk-363","weibull",FALSE,"H2",105,2,0.912510531424676
"elk-363","weibull",FALSE,"H2",106,2,0.968603993287314
"elk-363","weibull",FALSE,"H2",107,2,0.942493588227096
"elk-363","weibull",FALSE,"H2",108,1,0.93167754405738
"elk-363","weibull",FALSE,"H2",109,2,0.857154229080583
"elk-363","weibull",FALSE,"H2",110,2,0.854280959672059
"elk-363","weibull",FALSE,"H2",111,1,0.965442399598509
"elk-363","weibull",FALSE,"H2",112,2,0.901220519622583
"elk-363","weibull",FALSE,"H2",113,2,0.983812002222796
"elk-363","weibull",FALSE,"H2",114,2,0.973055577657857
"elk-363","weibull",FALSE,"H2",115,2,0.977834982366239
"elk-363","weibull",FALSE,"H2",116,2,0.940026770607234
"elk-363","weibull",FALSE,"H2",117,1,0.597245421420015
"elk-363","weibull",FALSE,"H2",118,1,0.999999999999989
"elk-363","weibull",FALSE,"H2",119,1,0.999993666190276
"elk-363","weibull",FALSE,"H2",120,1,0.986428323413282
"elk-363","weibull",FALSE,"H2",121,1,0.999999637784885
"elk-363","weibull",FALSE,"H2",122,1,0.99999999953082
"elk-363","weibull",FALSE,"H2",123,2,0.706825329311919
"elk-363","weibull",FALSE,"H2",124,2,0.801799957940039
"elk-363","weibull",FALSE,"H2",125,2,0.616563627038488
"elk-363","weibull",FALSE,"H2",126,2,0.91474587184676
"elk-363","weibull",FALSE,"H2",127,2,0.960224454000974
"elk-363","weibull",FALSE,"H2",128,2,0.797941758618719
"elk-363","weibull",FALSE,"H2",129,2,0.968899129805506
"elk-363","weibull",FALSE,"H2",130,2,0.899883390181177
"elk-363","weibull",FALSE,"H2",131,1,0.938031720018038
"elk-363","weibull",FALSE,"H2",132,1,0.568528392436052
"elk-363","weibull",FALSE,"H2",133,1,0.557380062535852
"elk-363","weibull",FALSE,"H2",134,1,0.80239136213192
"elk-363","weibull",FALSE,"H2",135,1,0.687022441942458
"elk-363","weibull",FALSE,"H2",136,2,0.955934464101847
"elk-363","weibull",FALSE,"H2",137,2,0.984385213875531
"elk-363","weibull",FALSE,"H2",138,2,0.960103790949752
"elk-363","weibull",FALSE,"H2",139,2,0.990740864620627
"elk-363","weibull",FALSE,"H2",140,2,0.971067452909331
"elk-363","weibull",FALSE,"H2",141,2,0.91296458218847
"elk-363","weibull",FALSE,"H2",142,2,0.989972809232344
"elk-363","weibull",FALSE,"H2",143,2,0.962849267320114
"elk-363","weibull",FALSE,"H2",144,1,0.999997437028282
"elk-363","weibull",FALSE,"H2",145,2,0.932210709476891
"elk-363","weibull",FALSE,"H2",146,2,0.894683302028016
"elk-363","weibull",FALSE,"H2",147,2,0.922797103544238
"elk-363","weibull",FALSE,"H2",148,2,0.988405660776913
"elk-363","weibull",FALSE,"H2",149,2,0.974391254190566
"elk-363","weibull",FALSE,"H2",150,2,0.989435370685688
"elk-363","weibull",FALSE,"H2",151,2,0.878835885527391
"elk-363","weibull",FALSE,"H2",152,1,0.999982398910958
"elk-363","weibull",FALSE,"H2",153,1,0.954326841198781
"elk-363","weibull",FALSE,"H2",154,1,0.999926702884234
"elk-363","weibull",FALSE,"H2",155,2,0.949612711320484
"elk-363","weibull",FALSE,"H2",156,2,0.982373163436826
"elk-363","weibull",FALSE,"H2",157,2,0.984377948731557
"elk-363","weibull",FALSE,"H2",158,2,0.990225556759839
"elk-363","weibull",FALSE,"H2",159,2,0.985088592960566
"elk-363","weibull",FALSE,"H2",160,2,0.985936158300232
"elk-363","weibull",FALSE,"H2",161,2,0.938461850078517
"elk-363","weibull",FALSE,"H2",162,1,0.907011273013009
"elk-363","weibull",FALSE,"H2",163,2,0.924219853989973
"elk-363","weibull",FALSE,"H2",164,2,0.978347718277732
"elk-363","weibull",FALSE,"H2",165,2,0.984209073504031
"elk-363","weibull",FALSE,"H2",166,2,0.990915856775998
"elk-363","weibull",FALSE,"H2",167,2,0.991179631640459
"elk-363","weibull",FALSE,"H2",168,2,0.975692264565299
"elk-363","weibull",FALSE,"H2",169,2,0.931872272095543
"elk-363","weibull",FALSE,"H2",170,1,0.999999814351773
"elk-363","weibull",FALSE,"H2",171,1,0.999999999999694
"elk-363","weibull",FALSE,"H2",172,2,0.977470694320919
"elk-363","weibull",FALSE,"H2",173,2,0.988139260631866
"elk-363","weibull",FALSE,"H2",174,2,0.98816314206505
"elk-363","weibull",FALSE,"H2",175,2,0.965022526133033
"elk-363","weibull",FALSE,"H2",176,1,0.999994797736382
"elk-363","weibull",FALSE,"H2",177,2,0.942253980682154
"elk-363","weibull",FALSE,"H2",178,2,0.986784297379669
"elk-363","weibull",FALSE,"H2",179,2,0.988358832153799
"elk-363","weibull",FALSE,"H2",180,2,0.984534616575345
"elk-363","weibull",FALSE,"H2",181,2,0.987327334672421
"elk-363","weibull",FALSE,"H2",182,2,0.960442951751715
"elk-363","weibull",FALSE,"H2",183,1,0.997158040271052
"elk-363","weibull",FALSE,"H2",184,2,0.690185145659656
"elk-363","weibull",FALSE,"H2",185,1,0.972221539522443
"elk-363","weibull",FALSE,"H2",186,1,0.904402014779248
"elk-363","weibull",FALSE,"H2",187,2,0.969948336495214
"elk-363","weibull",FALSE,"H2",188,2,0.985682455497139
"elk-363","weibull",FALSE,"H2",189,2,0.961936203726263
"elk-363","weibull",FALSE,"H2",190,2,0.813090491397707
"elk-363","weibull",FALSE,"H2",191,2,0.914255793545785
"elk-363","weibull",FALSE,"H2",192,1,0.955217956446649
"elk-363","weibull",FALSE,"H2",193,2,0.948080244963304
"elk-363","weibull",FALSE,"H2",194,2,0.986344416710611
"elk-363","weibull",FALSE,"H2",195,2,0.985478922218853
"elk-363","weibull",FALSE,"H2",196,2,0.987167316866764
"elk-363","weibull",FALSE,"H2",197,2,0.992023249961335
"elk-363","weibull",FALSE,"H2",198,2,0.989245151686527
"elk-363","weibull",FALSE,"H2",199,2,0.990241621594489
"elk-363","weibull",FALSE,"H2",200,2,0.980651747110022
"elk-363","weibull",FALSE,"H2",201,2,0.978015607077306
"elk-363","weibull",FALSE,"H2",202,2,0.987401872477634
"elk-363","weibull",FALSE,"H2",203,2,0.99340852933643
"elk-363","weibull",FALSE,"H2",204,2,0.982993405593245
"elk-363","weibull",FALSE,"H2",205,2,0.973860135459563
"elk-363","weibull",FALSE,"H2",206,2,0.978756928812814
"elk-363","weibull",FALSE,"H2",207,2,0.994851951606575
"elk-363","weibull",FALSE,"H2",208,2,0.993813629140661
"elk-363","weibull",FALSE,"H2",209,2,0.993790474325505
"elk-363","weibull",FALSE,"H2",210,2,0.993772614275337
"elk-363","weibull",FALSE,"H2",211,2,0.992981101705011
"elk-363","weibull",FALSE,"H2",212,2,0.995121861761789
"elk-363","weibull",FALSE,"H2",213,2,0.995136099816476
"elk-363","weibull",FALSE,"H2",214,2,0.993819411603476
"elk-363","weibull",FALSE,"H2",215,2,0.993769993521283
"elk-363","weibull",FALSE,"H2",216,2,0.992832527942106
"elk-363","weibull",FALSE,"H2",217,2,0.989134174146662
"elk-363","weibull",FALSE,"H3",1,2,0.99998236129148
"elk-363","weibull",FALSE,"H3",2,2,0.959885538578051
"elk-363","weibull",FALSE,"H3",3,2,0.902820033112917
"elk-363","weibull",FALSE,"H3",4,3,0.875427257379746
"elk-363","weibull",FALSE,"H3",5,2,0.818002446834515
"elk-363","weibull",FALSE,"H3",6,3,0.695933346480045
"elk-363","weibull",FALSE,"H3",7,2,0.841260257444463
"elk-363","weibull",FALSE,"H3",8,2,0.950366641851781
"elk-363","weibull",FALSE,"H3",9,2,0.945592723426463
"elk-363","weibull",FALSE,"H3",10,2,0.759263032671785
"elk-363","weibull",FALSE,"H3",11,2,0.832407320311257
"elk-363","weibull",FALSE,"H3",12,3,0.977205712030418
"elk-363","weibull",FALSE,"H3",13,2,0.659732963923995
"elk-363","weibull",FALSE,"H3",14,2,0.795077618731072
"elk-363","weibull",FALSE,"H3",15,2,0.866622046902178
"elk-363","weibull",FALSE,"H3",16,2,0.824437256770989
"elk-363","weibull",FALSE,"H3",17,2,0.931942489097393
"elk-363","weibull",FALSE,"H3",18,2,0.515521079084598
"elk-363","weibull",FALSE,"H3",19,2,0.812426875859052
"elk-363","weibull",FALSE,"H3",20,3,0.729801183733405
"elk-363","weibull",FALSE,"H3",21,2,0.879110682288579
"elk-363","weibull",FALSE,"H3",22,2,0.889381219139564
"elk-363","weibull",FALSE,"H3",23,2,0.840173763081768
"elk-363","weibull",FALSE,"H3",24,2,0.835022631010878
"elk-363","weibull",FALSE,"H3",25,2,0.901193596591479
"elk-363","weibull",FALSE,"H3",26,2,0.888197410879307
"elk-363","weibull",FALSE,"H3",27,2,0.904649474096724
"elk-363","weibull",FALSE,"H3",28,2,0.535963095518831
"elk-363","weibull",FALSE,"H3",29,2,0.541516098966106
"elk-363","weibull",FALSE,"H3",30,2,0.842088427700279
"elk-363","weibull",FALSE,"H3",31,2,0.87385569630042
"elk-363","weibull",FALSE,"H3",32,2,0.898325067845635
"elk-363","weibull",FALSE,"H3",33,3,0.99999999999941
"elk-363","weibull",FALSE,"H3",34,2,0.771564790807892
"elk-363","weibull",FALSE,"H3",35,3,0.999999999999695
"elk-363","weibull",FALSE,"H3",36,2,0.873022878915496
"elk-363","weibull",FALSE,"H3",37,2,0.67814909578902
"elk-363","weibull",FALSE,"H3",38,3,0.99997566247922
"elk-363","weibull",FALSE,"H3",39,2,0.528794675632996
"elk-363","weibull",FALSE,"H3",40,2,0.856238946241795
"elk-363","weibull",FALSE,"H3",41,3,0.999998865997894
"elk-363","weibull",FALSE,"H3",42,2,0.647368029437956
"elk-363","weibull",FALSE,"H3",43,3,0.990979345924412
"elk-363","weibull",FALSE,"H3",44,3,0.999706150567148
"elk-363","weibull",FALSE,"H3",45,2,0.911912809705272
"elk-363","weibull",FALSE,"H3",46,2,0.970604156460394
"elk-363","weibull",FALSE,"H3",47,2,0.972151169244262
"elk-363","weibull",FALSE,"H3",48,2,0.972999722154498
"elk-363","weibull",FALSE,"H3",49,2,0.957724807880202
"elk-363","weibull",FALSE,"H3",50,2,0.968698773177663
"elk-363","weibull",FALSE,"H3",51,2,0.924995808227425
"elk-363","weibull",FALSE,"H3",52,2,0.959263995819813
"elk-363","weibull",FALSE,"H3",53,2,0.972847946727747
"elk-363","weibull",FALSE,"H3",54,2,0.967979896561104
"elk-363","weibull",FALSE,"H3",55,2,0.96874672713214
"elk-363","weibull",FALSE,"H3",56,2,0.966124756800826
"elk-363","weibull",FALSE,"H3",57,2,0.886299575708476
"elk-363","weibull",FALSE,"H3",58,2,0.82364881967408
"elk-363","weibull",FALSE,"H3",59,2,0.709263701443024
"elk-363","weibull",FALSE,"H3",60,2,0.941841791964749
"elk-363","weibull",FALSE,"H3",61,2,0.784629183644276
"elk-363","weibull",FALSE,"H3",62,3,0.999390481047675
"elk-363","weibull",FALSE,"H3",63,2,0.751289664239882
"elk-363","weibull",FALSE,"H3",64,2,0.879404173893407
"elk-363","weibull",FALSE,"H3",65,3,0.99999955455694
"elk-363","weibull",FALSE,"H3",66,3,0.999999879637105
"elk-363","weibull",FALSE,"H3",67,3,0.999999999999929
"elk-363","weibull",FALSE,"H3",68,3,0.999999999973257
"elk-363","weibull",FALSE,"H3",69,2,0.914218637845333
"elk-363","weibull",FALSE,"H3",70,2,0.968549296521717
"elk-363","weibull",FALSE,"H3",71,2,0.972469649885477
"elk-363","weibull",FALSE,"H3",72,2,0.955514194708538
"elk-363","weibull",FALSE,"H3",73,2,0.889730920601634
"elk-363","weibull",FALSE,"H3",74,2,0.968994451155316
"elk-363","weibull",FALSE,"H3",75,2,0.966120782193689
"elk-363","weibull",FALSE,"H3",76,2,0.965627695952635
"elk-363","weibull",FALSE,"H3",77,2,0.856023107342273
"elk-363","weibull",FALSE,"H3",78,2,0.957419155170705
"elk-363","weibull",FALSE,"H3",79,2,0.95554159995762
"elk-363","weibull",FALSE,"H3",80,2,0.958902193830021
"elk-363","weibull",FALSE,"H3",81,2,0.926244256269683
"elk-363","weibull",FALSE,"H3",82,2,0.962488063431892
"elk-363","weibull",FALSE,"H3",83,2,0.956843661077699
"elk-363","weibull",FALSE,"H3",84,2,0.865638200125699
"elk-363","weibull",FALSE,"H3",85,2,0.953841616881857
"elk-363","weibull",FALSE,"H3",86,2,0.950833791421011
"elk-363","weibull",FALSE,"H3",87,2,0.808547232795406
"elk-363","weibull",FALSE,"H3",88,2,0.797044808685078
"elk-363","weibull",FALSE,"H3",89,2,0.957533692966904
"elk-363","weibull",FALSE,"H3",90,2,0.915047397693849
"elk-363","weibull",FALSE,"H3",91,2,0.965442252641285
"elk-363","weibull",FALSE,"H3",92,2,0.932202614934639
"elk-363","weibull",FALSE,"H3",93,2,0.955329764539268
"elk-363","weibull",FALSE,"H3",94,2,0.718424202445826
"elk-363","weibull",FALSE,"H3",95,2,0.557563221487199
"elk-363","weibull",FALSE,"H3",96,2,0.942059095414935
"elk-363","weibull",FALSE,"H3",97,2,0.963759170341507
"elk-363","weibull",FALSE,"H3",98,2,0.969658572978425
"elk-363","weibull",FALSE,"H3",99,2,0.966707456663495
"elk-363","weibull",FALSE,"H3",100,2,0.97343257188666
"elk-363","weibull",FALSE,"H3",101,2,0.970327656093267
"elk-363","weibull",FALSE,"H3",102,2,0.943302760140352
"elk-363","weibull",FALSE,"H3",103,2,0.752306430622811
"elk-363","weibull",FALSE,"H3",104,3,0.992290425420958
"elk-363","weibull",FALSE,"H3",105,2,0.888502412140662
"elk-363","weibull",FALSE,"H3",106,2,0.952492489703685
"elk-363","weibull",FALSE,"H3",107,2,0.914190311072793
"elk-363","weibull",FALSE,"H3",108,3,0.997907901831629
"elk-363","weibull",FALSE,"H3",109,2,0.843802850752214
"elk-363","weibull",FALSE,"H3",110,2,0.84367424348455
"elk-363","weibull",FALSE,"H3",111,3,0.999440593961084
"elk-363","weibull",FALSE,"H3",112,2,0.883285682866461
"elk-363","weibull",FALSE,"H3",113,2,0.967711198692946
"elk-363","weibull",FALSE,"H3",114,2,0.957879428531931
"elk-363","weibull",FALSE,"H3",115,2,0.963279491699817
"elk-363","weibull",FALSE,"H3",116,2,0.914319039600255
"elk-363","weibull",FALSE,"H3",117,3,0.748278114029967
"elk-363","weibull",FALSE,"H3",118,3,1
"elk-363","weibull",FALSE,"H3",119,3,0.999999999706561
"elk-363","weibull",FALSE,"H3",120,3,0.997957716215049
"elk-363","weibull",FALSE,"H3",121,3,0.999999999999618
"elk-363","weibull",FALSE,"H3",122,3,1
"elk-363","weibull",FALSE,"H3",123,2,0.667465020642906
"elk-363","weibull",FALSE,"H3",124,2,0.716099469042919
"elk-363","weibull",FALSE,"H3",125,3,0.65548801584124
"elk-363","weibull",FALSE,"H3",126,2,0.863860433038556
"elk-363","weibull",FALSE,"H3",127,2,0.929458553031305
"elk-363","weibull",FALSE,"H3",128,2,0.620959352348008
"elk-363","weibull",FALSE,"H3",129,2,0.941456343515156
"elk-363","weibull",FALSE,"H3",130,2,0.878465003701806
"elk-363","weibull",FALSE,"H3",131,3,0.997326672233873
"elk-363","weibull",FALSE,"H3",132,3,0.668883992628962
"elk-363","weibull",FALSE,"H3",133,3,0.689262857651918
"elk-363","weibull",FALSE,"H3",134,3,0.956920896069446
"elk-363","weibull",FALSE,"H3",135,3,0.897984406494341
"elk-363","weibull",FALSE,"H3",136,2,0.922259292795566
"elk-363","weibull",FALSE,"H3",137,2,0.968095185734045
"elk-363","weibull",FALSE,"H3",138,2,0.937829554095235
"elk-363","weibull",FALSE,"H3",139,2,0.968945331471987
"elk-363","weibull",FALSE,"H3",140,2,0.952374417470254
"elk-363","weibull",FALSE,"H3",141,2,0.85356786568215
"elk-363","weibull",FALSE,"H3",142,2,0.959180831316765
"elk-363","weibull",FALSE,"H3",143,2,0.915973693214892
"elk-363","weibull",FALSE,"H3",144,3,0.99999999999965
"elk-363","weibull",FALSE,"H3",145,2,0.898399913664194
"elk-363","weibull",FALSE,"H3",146,2,0.833465420735522
"elk-363","weibull",FALSE,"H3",147,2,0.878274399283203
"elk-363","weibull",FALSE,"H3",148,2,0.967350101361928
"elk-363","weibull",FALSE,"H3",149,2,0.957809287744568
"elk-363","weibull",FALSE,"H3",150,2,0.962805116285915
"elk-363","weibull",FALSE,"H3",151,2,0.861649178793819
"elk-363","weibull",FALSE,"H3",152,3,0.999999999719184
"elk-363","weibull",FALSE,"H3",153,3,0.983259470649451
"elk-363","weibull",FALSE,"H3",154,3,0.99999999363213
"elk-363","weibull",FALSE,"H3",155,2,0.919424594084802
"elk-363","weibull",FALSE,"H3",156,2,0.967733608630107
"elk-363","weibull",FALSE,"H3",157,2,0.970858743798844
"elk-363","weibull",FALSE,"H3",158,2,0.973728265557723
"elk-363","weibull",FALSE,"H3",159,2,0.971487556461793
"elk-363","weibull",FALSE,"H3",160,2,0.970205824727925
"elk-363","weibull",FALSE,"H3",161,2,0.912054600917601
"elk-363","weibull",FALSE,"H3",162,3,0.996331329183798
"elk-363","weibull",FALSE,"H3",163,2,0.90101314432423
"elk-363","weibull",FALSE,"H3",164,2,0.964050143226525
"elk-363","weibull",FALSE,"H3",165,2,0.970619874698186
"elk-363","weibull",FALSE,"H3",166,2,0.973483785021157
"elk-363","weibull",FALSE,"H3",167,2,0.972482537085976
"elk-363","weibull",FALSE,"H3",168,2,0.960892295434949
"elk-363","weibull",FALSE,"H3",169,2,0.910378127460639
"elk-363","weibull",FALSE,"H3",170,3,0.999999999999993
"elk-363","weibull",FALSE,"H3",171,3,1
"elk-363","weibull",FALSE,"H3",172,2,0.874390845466888
"elk-363","weibull",FALSE,"H3",173,2,0.968267041722854
"elk-363","weibull",FALSE,"H3",174,2,0.970548869828936
"elk-363","weibull",FALSE,"H3",175,2,0.915205524788938
"elk-363","weibull",FALSE,"H3",176,3,0.999999999998097
"elk-363","weibull",FALSE,"H3",177,2,0.916809418157107
"elk-363","weibull",FALSE,"H3",178,2,0.970819720163961
"elk-363","weibull",FALSE,"H3",179,2,0.973665474635049
"elk-363","weibull",FALSE,"H3",180,2,0.971040527195929
"elk-363","weibull",FALSE,"H3",181,2,0.970789120184001
"elk-363","weibull",FALSE,"H3",182,2,0.919147238934179
"elk-363","weibull",FALSE,"H3",183,3,0.9999960255384
"elk-363","weibull",FALSE,"H3",184,2,0.714939411061669
"elk-363","weibull",FALSE,"H3",185,3,0.998666619398971
"elk-363","weibull",FALSE,"H3",186,3,0.985919165894283
"elk-363","weibull",FALSE,"H3",187,2,0.911260107531684
"elk-363","weibull",FALSE,"H3",188,2,0.967682943358686
"elk-363","weibull",FALSE,"H3",189,2,0.936324048181525
"elk-363","weibull",FALSE,"H3",190,2,0.668458190716834
"elk-363","weibull",FALSE,"H3",191,2,0.870130310808395
"elk-363","weibull",FALSE,"H3",192,3,0.999176568881559
"elk-363","weibull",FALSE,"H3",193,2,0.918622620994902
"elk-363","weibull",FALSE,"H3",194,2,0.970599838846968
"elk-363","weibull",FALSE,"H3",195,2,0.971916681788041
"elk-363","weibull",FALSE,"H3",196,2,0.973069112566197
"elk-363","weibull",FALSE,"H3",197,2,0.972355952845679
"elk-363","weibull",FALSE,"H3",198,2,0.974029422358978
"elk-363","weibull",FALSE,"H3",199,2,0.973659235518399
"elk-363","weibull",FALSE,"H3",200,2,0.967053668810986
"elk-363","weibull",FALSE,"H3",201,2,0.96415902125283
"elk-363","weibull",FALSE,"H3",202,2,0.972623709665762
"elk-363","weibull",FALSE,"H3",203,2,0.967120660613827
"elk-363","weibull",FALSE,"H3",204,2,0.96901293101682
"elk-363","weibull",FALSE,"H3",205,2,0.96195605598785
"elk-363","weibull",FALSE,"H3",206,2,0.99920774924025
"elk-363","weibull",FALSE,"H3",207,1,0.977116940089567
"elk-363","weibull",FALSE,"H3",208,1,0.999414686390958
"elk-363","weibull",FALSE,"H3",209,1,0.999985139801643
"elk-363","weibull",FALSE,"H3",210,1,0.999999600794641
"elk-363","weibull",FALSE,"H3",211,1,0.999999966869572
"elk-363","weibull",FALSE,"H3",212,1,0.999999999132965
"elk-363","weibull",FALSE,"H3",213,1,0.999999999870052
"elk-363","weibull",FALSE,"H3",214,1,0.999999999867345
"elk-363","weibull",FALSE,"H3",215,1,0.999999999546274
"elk-363","weibull",FALSE,"H3",216,1,0.999999987768778
"elk-363","weibull",FALSE,"H3",217,1,0.999999829971933
"elk-115","weibull",TRUE,"M21",1,1,0.999999987111689
"elk-115","weibull",TRUE,"M21",2,2,0.746394576559209
"elk-115","weibull",TRUE,"M21",3,2,0.988893648687175
"elk-115","weibull",TRUE,"M21",4,2,0.984410605438336
"elk-115","weibull",TRUE,"M21",5,2,0.518371360473927
"elk-115","weibull",TRUE,"M21",6,1,0.999999992948851
"elk-115","weibull",TRUE,"M21",7,2,0.989201207329435
"elk-115","weibull",TRUE,"M21",8,2,0.99980943541871
"elk-115","weibull",TRUE,"M21",9,2,0.999887768840323
"elk-115","weibull",TRUE,"M21",10,2,0.999878059029055
"elk-115","weibull",TRUE,"M21",11,2,0.999836489058551
"elk-115","weibull",TRUE,"M21",12,2,0.998409447047454
"elk-115","weibull",TRUE,"M21",13,2,0.999815501876931
"elk-115","weibull",TRUE,"M21",14,2,0.999502598631742
"elk-115","weibull",TRUE,"M21",15,2,0.998633562915367
"elk-115","weibull",TRUE,"M21",16,2,0.999863812911919
"elk-115","weibull",TRUE,"M21",17,2,0.999860657046246
"elk-115","weibull",TRUE,"M21",18,2,0.99965315062401
"elk-115","weibull",TRUE,"M21",19,2,0.999833808078753
"elk-115","weibull",TRUE,"M21",20,2,0.999875234507206
"elk-115","weibull",TRUE,"M21",21,2,0.999337768936717
"elk-115","weibull",TRUE,"M21",22,2,0.99966478430036
"elk-115","weibull",TRUE,"M21",23,2,0.99890219042985
"elk-115","weibull",TRUE,"M21",24,2,0.999915628638952
"elk-115","weibull",TRUE,"M21",25,2,0.999813051614369
"elk-115","weibull",TRUE,"M21",26,2,0.998627706405916
"elk-115","weibull",TRUE,"M21",27,2,0.998978640453948
"elk-115","weibull",TRUE,"M21",28,2,0.998401364997922
"elk-115","weibull",TRUE,"M21",29,2,0.999638932233167
"elk-115","weibull",TRUE,"M21",30,2,0.999368501874666
"elk-115","weibull",TRUE,"M21",31,2,0.999324769113412
"elk-115","weibull",TRUE,"M21",32,2,0.99910319474515
"elk-115","weibull",TRUE,"M21",33,2,0.999481444070574
"elk-115","weibull",TRUE,"M21",34,2,0.99925247054082
"elk-115","weibull",TRUE,"M21",35,2,0.999597753767316
"elk-115","weibull",TRUE,"M21",36,2,0.998178251145023
"elk-115","weibull",TRUE,"M21",37,2,0.999840280813369
"elk-115","weibull",TRUE,"M21",38,2,0.999258292003396
"elk-115","weibull",TRUE,"M21",39,2,0.893403047623245
"elk-115","weibull",TRUE,"M21",40,2,0.999008258821249
"elk-115","weibull",TRUE,"M21",41,2,0.999460335357749
"elk-115","weibull",TRUE,"M21",42,2,0.978254009740925
"elk-115","weibull",TRUE,"M21",43,2,0.998263334525624
"elk-115","weibull",TRUE,"M21",44,2,0.998993348530964
"elk-115","weibull",TRUE,"M21",45,2,0.997144018432681
"elk-115","weibull",TRUE,"M21",46,2,0.99802867401476
"elk-115","weibull",TRUE,"M21",47,2,0.977119053195097
"elk-115","weibull",TRUE,"M21",48,2,0.99976525782421
"elk-115","weibull",TRUE,"M21",49,2,0.999477121934151
"elk-115","weibull",TRUE,"M21",50,2,0.999794710591552
"elk-115","weibull",TRUE,"M21",51,2,0.998956737101984
"elk-115","weibull",TRUE,"M21",52,2,0.999431979002624
"elk-115","weibull",TRUE,"M21",53,2,0.992147756752221
"elk-115","weibull",TRUE,"M21",54,2,0.978198852214044
"elk-115","weibull",TRUE,"M21",55,2,0.998422972004553
"elk-115","weibull",TRUE,"M21",56,2,0.996540188065842
"elk-115","weibull",TRUE,"M21",57,2,0.99877630318807
"elk-115","weibull",TRUE,"M21",58,2,0.999532672040879
"elk-115","weibull",TRUE,"M21",59,2,0.998781341786918
"elk-115","weibull",TRUE,"M21",60,2,0.994192788847421
"elk-115","weibull",TRUE,"M21",61,2,0.998382845471116
"elk-115","weibull",TRUE,"M21",62,2,0.970365097572511
"elk-115","weibull",TRUE,"M21",63,2,0.973513850735242
"elk-115","weibull",TRUE,"M21",64,2,0.963160112856672
"elk-115","weibull",TRUE,"M21",65,2,0.99222945485579
"elk-115","weibull",TRUE,"M21",66,2,0.965838216710022
"elk-115","weibull",TRUE,"M21",67,2,0.997834549191287
"elk-115","weibull",TRUE,"M21",68,2,0.987829251771056
"elk-115","weibull",TRUE,"M21",69,2,0.512821632121478
"elk-115","weibull",TRUE,"M21",70,2,0.554133751060962
"elk-115","weibull",TRUE,"M21",71,1,0.999977745604265
"elk-115","weibull",TRUE,"M21",72,1,0.999995651072184
"elk-115","weibull",TRUE,"M21",73,2,0.987343972789315
"elk-115","weibull",TRUE,"M21",74,2,0.999365114640835
"elk-115","weibull",TRUE,"M21",75,2,0.999338013220309
"elk-115","weibull",TRUE,"M21",76,2,0.991518750701839
"elk-115","weibull",TRUE,"M21",77,1,0.617118913159593
"elk-115","weibull",TRUE,"M21",78,1,0.972100102888577
"elk-115","weibull",TRUE,"M21",79,1,0.995944151295966
"elk-115","weibull",TRUE,"M21",80,1,0.998021926107092
"elk-115","weibull",TRUE,"M21",81,1,0.99726631750749
"elk-115","weibull",TRUE,"M21",82,1,0.990677917584192
"elk-115","weibull",TRUE,"M21",83,1,0.999998263983546
"elk-115","weibull",TRUE,"M21",84,2,0.896831225946246
"elk-115","weibull",TRUE,"M21",85,2,0.884521438173496
"elk-115","weibull",TRUE,"M21",86,2,0.987922053349203
"elk-115","weibull",TRUE,"M21",87,2,0.999513184918304
"elk-115","weibull",TRUE,"M21",88,2,0.996363128109371
"elk-115","weibull",TRUE,"M21",89,2,0.998579417696886
"elk-115","weibull",TRUE,"M21",90,2,0.998557408008168
"elk-115","weibull",TRUE,"M21",91,2,0.996438438873678
"elk-115","weibull",TRUE,"M21",92,2,0.98450121512965
"elk-115","weibull",TRUE,"M21",93,2,0.99702878393532
"elk-115","weibull",TRUE,"M21",94,2,0.977604348034494
"elk-115","weibull",TRUE,"M21",95,2,0.995158336543081
"elk-115","weibull",TRUE,"M21",96,2,0.879743314126994
"elk-115","weibull",TRUE,"M21",97,2,0.998556183250009
"elk-115","weibull",TRUE,"M21",98,2,0.995643825882193
"elk-115","weibull",TRUE,"M21",99,1,0.609988832287307
"elk-115","weibull",TRUE,"M21",100,1,0.942214877861219
"elk-115","weibull",TRUE,"M21",101,1,0.99999999999972
"elk-115","weibull",TRUE,"M21",102,1,0.955941012289857
"elk-115","weibull",TRUE,"M21",103,1,0.960058290873541
"elk-115","weibull",TRUE,"M21",104,1,0.982963888589413
"elk-115","weibull",TRUE,"M21",105,1,0.983073619500693
"elk-115","weibull",TRUE,"M21",106,1,0.958274994212963
"elk-115","weibull",TRUE,"M21",107,2,0.990586191300491
"elk-115","weibull",TRUE,"M21",108,2,0.998510961900962
"elk-115","weibull",TRUE,"M21",109,2,0.997408227627988
"elk-115","weibull",TRUE,"M21",110,2,0.982075020635504
"elk-115","weibull",TRUE,"M21",111,2,0.992121959500932
"elk-115","weibull",TRUE,"M21",112,2,0.94014403804284
"elk-115","weibull",TRUE,"M21",113,2,0.55435998971688
"elk-115","weibull",TRUE,"M21",114,1,0.990921926175153
"elk-115","weibull",TRUE,"M21",115,1,0.973034513380795
"elk-115","weibull",TRUE,"M21",116,1,0.999226054396998
"elk-115","weibull",TRUE,"M21",117,1,0.999999298970692
"elk-115","weibull",TRUE,"M21",118,2,0.936419730551198
"elk-115","weibull",TRUE,"M21",119,2,0.997938429102042
"elk-115","weibull",TRUE,"M21",120,2,0.963394637950209
"elk-115","weibull",TRUE,"M21",121,2,0.967977923409498
"elk-115","weibull",TRUE,"M21",122,2,0.998434558712351
"elk-115","weibull",TRUE,"M21",123,2,0.999654974519541
"elk-115","weibull",TRUE,"M21",124,2,0.996102287766912
"elk-115","weibull",TRUE,"M21",125,2,0.982288409773249
"elk-115","weibull",TRUE,"M21",126,1,0.819568410260555
"elk-115","weibull",TRUE,"M21",127,1,0.9999960976566
"elk-115","weibull",TRUE,"M21",128,1,0.999963718623686
"elk-115","weibull",TRUE,"M21",129,1,0.999998644755513
"elk-115","weibull",TRUE,"M21",130,1,0.999159447609515
"elk-115","weibull",TRUE,"M21",131,1,0.998017548453328
"elk-115","weibull",TRUE,"M21",132,1,0.996558197213973
"elk-115","weibull",TRUE,"M21",133,1,0.999995815867163
"elk-115","weibull",TRUE,"M21",134,2,0.925443032756981
"elk-115","weibull",TRUE,"M21",135,2,0.997747938311108
"elk-115","weibull",TRUE,"M21",136,2,0.999282175043358
"elk-115","weibull",TRUE,"M21",137,2,0.961266395155772
"elk-115","weibull",TRUE,"M21",138,2,0.952107345269279
"elk-115","weibull",TRUE,"M21",139,2,0.997750573338608
"elk-115","weibull",TRUE,"M21",140,2,0.999496121132609
"elk-115","weibull",TRUE,"M21",141,2,0.99788890932199
"elk-115","weibull",TRUE,"M21",142,2,0.991199909742928
"elk-115","weibull",TRUE,"M21",143,2,0.991795851182569
"elk-115","weibull",TRUE,"M21",144,2,0.992026253542664
"elk-115","weibull",TRUE,"M21",145,2,0.877856614813436
"elk-115","weibull",TRUE,"M21",146,2,0.998717476556652
"elk-115","weibull",TRUE,"M21",147,2,0.999899089575081
"elk-115","weibull",TRUE,"M21",148,2,0.997624662360107
"elk-115","weibull",TRUE,"M21",149,2,0.999838732354498
"elk-115","weibull",TRUE,"M21",150,2,0.99799378685637
"elk-115","weibull",TRUE,"M21",151,2,0.99907008525335
"elk-115","weibull",TRUE,"M21",152,2,0.998844165876017
"elk-115","weibull",TRUE,"M21",153,2,0.999356915561035
"elk-115","weibull",TRUE,"M21",154,2,0.99985360820136
"elk-115","weibull",TRUE,"M21",155,2,0.999855411299442
"elk-115","weibull",TRUE,"M21",156,2,0.999869533541972
"elk-115","weibull",TRUE,"M21",157,2,0.993223366138283
"elk-115","weibull",TRUE,"M21",158,2,0.99900780221113
"elk-115","weibull",TRUE,"M21",159,2,0.999384620746975
"elk-115","weibull",TRUE,"M21",160,2,0.998938341817455
"elk-115","weibull",TRUE,"M21",161,2,0.999812777098924
"elk-115","weibull",TRUE,"M21",162,2,0.999847719978783
"elk-115","weibull",TRUE,"M21",163,2,0.994879971244506
"elk-115","weibull",TRUE,"M21",164,2,0.999327131983858
"elk-115","weibull",TRUE,"M21",165,2,0.999873948835842
"elk-115","weibull",TRUE,"M21",166,2,0.999908399025035
"elk-115","weibull",TRUE,"M21",167,2,0.999372350795716
"elk-115","weibull",TRUE,"M21",168,2,0.992596822030586
"elk-115","weibull",TRUE,"M21",169,2,0.999404237469272
"elk-115","weibull",TRUE,"M21",170,2,0.999816093779381
"elk-115","weibull",TRUE,"M21",171,2,0.999630154268034
"elk-115","weibull",TRUE,"M21",172,2,0.989091306903052
"elk-115","weibull",TRUE,"M21",173,2,0.997133796069793
"elk-115","weibull",TRUE,"M21",174,2,0.999861691980797
"elk-115","weibull",TRUE,"M21",175,2,0.99749168958087
"elk-115","weibull",TRUE,"M21",176,2,0.997459948576397
"elk-115","weibull",TRUE,"M21",177,2,0.999554331058135
"elk-115","weibull",TRUE,"M21",178,2,0.999011469832719
"elk-115","weibull",TRUE,"M21",179,2,0.999343465188427
"elk-115","weibull",TRUE,"M21",180,2,0.999871976307658
"elk-115","weibull",TRUE,"M21",181,2,0.998757611797552
"elk-115","weibull",TRUE,"M21",182,2,0.999594706004415
"elk-115","weibull",TRUE,"M21",183,2,0.998997331542179
"elk-115","weibull",TRUE,"M21",184,2,0.976726081005432
"elk-115","weibull",TRUE,"M21",185,1,0.969300876924487
"elk-115","weibull",TRUE,"M21",186,1,0.999514185643088
"elk-115","weibull",TRUE,"M21",187,1,0.998167081224684
"elk-115","weibull",TRUE,"M21",188,1,0.998656242552726
"elk-115","weibull",TRUE,"M21",189,1,0.999828957826053
"elk-115","weibull",TRUE,"M21",190,1,0.999773778817169
"elk-115","weibull",TRUE,"M21",191,1,0.999430173830968
"elk-115","weibull",TRUE,"M21",192,1,0.999518616509709
"elk-115","weibull",TRUE,"M21",193,1,0.979460957379143
"elk-115","weibull",TRUE,"H2",1,2,1
"elk-115","weibull",TRUE,"H2",2,2,1
"elk-115","weibull",TRUE,"H2",3,2,1
"elk-115","weibull",TRUE,"H2",4,2,1
"elk-115","weibull",TRUE,"H2",5,2,0.999999997370693
"elk-115","weibull",TRUE,"H2",6,2,1
"elk-115","weibull",TRUE,"H2",7,2,1
"elk-115","weibull",TRUE,"H2",8,2,1
"elk-115","weibull",TRUE,"H2",9,2,1
"elk-115","weibull",TRUE,"H2",10,2,1
"elk-115","weibull",TRUE,"H2",11,2,1
"elk-115","weibull",TRUE,"H2",12,2,1
"elk-115","weibull",TRUE,"H2",13,2,1
"elk-115","weibull",TRUE,"H2",14,2,1
"elk-115","weibull",TRUE,"H2",15,2,1
"elk-115","weibull",TRUE,"H2",16,2,1
"elk-115","weibull",TRUE,"H2",17,2,1
"elk-115","weibull",TRUE,"H2",18,2,1
"elk-115","weibull",TRUE,"H2",19,2,1
"elk-115","weibull",TRUE,"H2",20,2,1
"elk-115","weibull",TRUE,"H2",21,2,1
"elk-115","weibull",TRUE,"H2",22,2,1
"elk-115","weibull",TRUE,"H2",23,2,1
"elk-115","weibull",TRUE,"H2",24,2,1
"elk-115","weibull",TRUE,"H2",25,2,1
"elk-115","weibull",TRUE,"H2",26,2,1
"elk-115","weibull",TRUE,"H2",27,2,1
"elk-115","weibull",TRUE,"H2",28,2,1
"elk-115","weibull",TRUE,"H2",29,2,1
"elk-115","weibull",TRUE,"H2",30,2,1
"elk-115","weibull",TRUE,"H2",31,2,1
"elk-115","weibull",TRUE,"H2",32,2,1
"elk-115","weibull",TRUE,"H2",33,2,1
"elk-115","weibull",TRUE,"H2",34,2,1
"elk-115","weibull",TRUE,"H2",35,2,1
"elk-115","weibull",TRUE,"H2",36,2,1
"elk-115","weibull",TRUE,"H2",37,2,1
"elk-115","weibull",TRUE,"H2",38,2,1
"elk-115","weibull",TRUE,"H2",39,2,0.998028453673805
"elk-115","weibull",TRUE,"H2",40,2,1
"elk-115","weibull",TRUE,"H2",41,2,1
"elk-115","weibull",TRUE,"H2",42,2,0.999766048794943
"elk-115","weibull",TRUE,"H2",43,2,1
"elk-115","weibull",TRUE,"H2",44,2,1
"elk-115","weibull",TRUE,"H2",45,2,1
"elk-115","weibull",TRUE,"H2",46,2,1
"elk-115","weibull",TRUE,"H2",47,2,0.999999810525148
"elk-115","weibull",TRUE,"H2",48,2,1
"elk-115","weibull",TRUE,"H2",49,2,1
"elk-115","weibull",TRUE,"H2",50,2,1
"elk-115","weibull",TRUE,"H2",51,2,1
"elk-115","weibull",TRUE,"H2",52,2,1
"elk-115","weibull",TRUE,"H2",53,2,0.999999998631214
"elk-115","weibull",TRUE,"H2",54,2,0.999999978316317
"elk-115","weibull",TRUE,"H2",55,2,1
"elk-115","weibull",TRUE,"H2",56,2,0.999999999998472
"elk-115","weibull",TRUE,"H2",57,2,1
"elk-115","weibull",TRUE,"H2",58,2,1
"elk-115","weibull",TRUE,"H2",59,2,0.999999999999999
"elk-115","weibull",TRUE,"H2",60,2,0.999999999982127
"elk-115","weibull",TRUE,"H2",61,2,1
"elk-115","weibull",TRUE,"H2",62,2,1
"elk-115","weibull",TRUE,"H2",63,2,1
"elk-115","weibull",TRUE,"H2",64,2,0.999999007860909
"elk-115","weibull",TRUE,"H2",65,2,1
"elk-115","weibull",TRUE,"H2",66,2,1
"elk-115","weibull",TRUE,"H2",67,2,1
"elk-115","weibull",TRUE,"H2",68,2,1
"elk-115","weibull",TRUE,"H2",69,2,0.992798665104618
"elk-115","weibull",TRUE,"H2",70,2,1
"elk-115","weibull",TRUE,"H2",71,2,1
"elk-115","weibull",TRUE,"H2",72,2,1
"elk-115","weibull",TRUE,"H2",73,2,1
"elk-115","weibull",TRUE,"H2",74,2,1
"elk-115","weibull",TRUE,"H2",75,2,1
"elk-115","weibull",TRUE,"H2",76,2,1
"elk-115","weibull",TRUE,"H2",77,2,0.807387232527245
"elk-115","weibull",TRUE,"H2",78,1,0.883002854110045
"elk-115","weibull",TRUE,"H2",79,1,0.970243449494546
"elk-115","weibull",TRUE,"H2",80,1,0.967574656404392
"elk-115","weibull",TRUE,"H2",81,1,0.906522907561175
"elk-115","weibull",TRUE,"H2",82,2,1
"elk-115","weibull",TRUE,"H2",83,2,1
"elk-115","weibull",TRUE,"H2",84,2,1
"elk-115","weibull",TRUE,"H2",85,2,0.999990328883318
"elk-115","weibull",TRUE,"H2",86,2,1
"elk-115","weibull",TRUE,"H2",87,2,1
"elk-115","weibull",TRUE,"H2",88,2,1
"elk-115","weibull",TRUE,"H2",89,2,1
"elk-115","weibull",TRUE,"H2",90,2,1
"elk-115","weibull",TRUE,"H2",91,2,1
"elk-115","weibull",TRUE,"H2",92,2,1
"elk-115","weibull",TRUE,"H2",93,2,1
"elk-115","weibull",TRUE,"H2",94,2,0.999999800167983
"elk-115","weibull",TRUE,"H2",95,2,1
"elk-115","weibull",TRUE,"H2",96,2,1
"elk-115","weibull",TRUE,"H2",97,2,1
"elk-115","weibull",TRUE,"H2",98,2,1
"elk-115","weibull",TRUE,"H2",99,2,1
"elk-115","weibull",TRUE,"H2",100,2,0.998460086334656
"elk-115","weibull",TRUE,"H2",101,2,1
"elk-115","weibull",TRUE,"H2",102,2,0.999999999716411
"elk-115","weibull",TRUE,"H2",103,2,1
"elk-115","weibull",TRUE,"H2",104,2,0.999448179036321
"elk-115","weibull",TRUE,"H2",105,2,0.991827373903944
"elk-115","weibull",TRUE,"H2",106,2,0.974920830215867
"elk-115","weibull",TRUE,"H2",107,2,1
"elk-115","weibull",TRUE,"H2",108,2,1
"elk-115","weibull",TRUE,"H2",109,2,1
"elk-115","weibull",TRUE,"H2",110,2,0.999999976224565
"elk-115","weibull",TRUE,"H2",111,2,1
"elk-115","weibull",TRUE,"H2",112,2,1
"elk-115","weibull",TRUE,"H2",113,2,0.999999999721639
"elk-115","weibull",TRUE,"H2",114,2,1
"elk-115","weibull",TRUE,"H2",115,2,1
"elk-115","weibull",TRUE,"H2",116,2,1
"elk-115","weibull",TRUE,"H2",117,2,1
"elk-115","weibull",TRUE,"H2",118,2,1
"elk-115","weibull",TRUE,"H2",119,2,1
"elk-115","weibull",TRUE,"H2",120,2,1
"elk-115","weibull",TRUE,"H2",121,2,1
"elk-115","weibull",TRUE,"H2",122,2,1
"elk-115","weibull",TRUE,"H2",123,2,1
"elk-115","weibull",TRUE,"H2",124,2,1
"elk-115","weibull",TRUE,"H2",125,2,1
"elk-115","weibull",TRUE,"H2",126,2,0.998643276839625
"elk-115","weibull",TRUE,"H2",127,2,1
"elk-115","weibull",TRUE,"H2",128,2,1
"elk-115","weibull",TRUE,"H2",129,2,1
"elk-115","weibull",TRUE,"H2",130,2,1
"elk-115","weibull",TRUE,"H2",131,2,1
"elk-115","weibull",TRUE,"H2",132,2,1
"elk-115","weibull",TRUE,"H2",133,2,1
"elk-115","weibull",TRUE,"H2",134,2,1
"elk-115","weibull",TRUE,"H2",135,2,1
"elk-115","weibull",TRUE,"H2",136,2,1
"elk-115","weibull",TRUE,"H2",137,2,1
"elk-115","weibull",TRUE,"H2",138,2,1
"elk-115","weibull",TRUE,"H2",139,2,1
"elk-115","weibull",TRUE,"H2",140,2,1
"elk-115","weibull",TRUE,"H2",141,2,1
"elk-115","weibull",TRUE,"H2",142,2,0.999999999997894
"elk-115","weibull",TRUE,"H2",143,2,1
"elk-115","weibull",TRUE,"H2",144,2,1
"elk-115","weibull",TRUE,"H2",145,2,0.984281338421329
"elk-115","weibull",TRUE,"H2",146,2,1
"elk-115","weibull",TRUE,"H2",147,2,1
"elk-115","weibull",TRUE,"H2",148,2,1
"elk-115","weibull",TRUE,"H2",149,2,1
"elk-115","weibull",TRUE,"H2",150,2,1
"elk-115","weibull",TRUE,"H2",151,2,1
"elk-115","weibull",TRUE,"H2",152,2,1
"elk-115","weibull",TRUE,"H2",153,2,1
"elk-115","weibull",TRUE,"H2",154,2,1
"elk-115","weibull",TRUE,"H2",155,2,1
"elk-115","weibull",TRUE,"H2",156,2,1
"elk-115","weibull",TRUE,"H2",157,2,0.999999999997549
"elk-115","weibull",TRUE,"H2",158,2,1
"elk-115","weibull",TRUE,"H2",159,2,1
"elk-115","weibull",TRUE,"H2",160,2,1
"elk-115","weibull",TRUE,"H2",161,2,1
"elk-115","weibull",TRUE,"H2",162,2,1
"elk-115","weibull",TRUE,"H2",163,2,1
"elk-115","weibull",TRUE,"H2",164,2,1
"elk-115","weibull",TRUE,"H2",165,2,1
"elk-115","weibull",TRUE,"H2",166,2,1
"elk-115","weibull",TRUE,"H2",167,2,1
"elk-115","weibull",TRUE,"H2",168,2,0.999999987171457
"elk-115","weibull",TRUE,"H2",169,2,1
"elk-115","weibull",TRUE,"H2",170,2,1
"elk-115","weibull",TRUE,"H2",171,2,1
"elk-115","weibull",TRUE,"H2",172,2,0.999999890617567
"elk-115","weibull",TRUE,"H2",173,2,1
"elk-115","weibull",TRUE,"H2",174,2,1
"elk-115","weibull",TRUE,"H2",175,2,1
"elk-115","weibull",TRUE,"H2",176,2,1
"elk-115","weibull",TRUE,"H2",177,2,1
"elk-115","weibull",TRUE,"H2",178,2,1
"elk-115","weibull",TRUE,"H2",179,2,1
"elk-115","weibull",TRUE,"H2",180,2,1
"elk-115","weibull",TRUE,"H2",181,2,1
"elk-115","weibull",TRUE,"H2",182,2,1
"elk-115","weibull",TRUE,"H2",183,2,1
"elk-115","weibull",TRUE,"H2",184,2,1
"elk-115","weibull",TRUE,"H2",185,1,0.963420304033021
"elk-115","weibull",TRUE,"H2",186,1,0.998722137914035
"elk-115","weibull",TRUE,"H2",187,1,0.999868595450663
"elk-115","weibull",TRUE,"H2",188,1,0.999945218661302
"elk-115","weibull",TRUE,"H2",189,1,0.999952871068796
"elk-115","weibull",TRUE,"H2",190,1,0.999942316895341
"elk-115","weibull",TRUE,"H2",191,1,0.999925307940611
"elk-115","weibull",TRUE,"H2",192,1,0.999772416517198
"elk-115","weibull",TRUE,"H2",193,1,0.99393137407057
"elk-115","weibull",TRUE,"H3",1,1,0.999999999999636
"elk-115","weibull",TRUE,"H3",2,1,0.996198500998983
"elk-115","weibull",TRUE,"H3",3,1,0.989635900805311
"elk-115","weibull",TRUE,"H3",4,1,0.990488010560069
"elk-115","weibull",TRUE,"H3",5,1,0.995469171700586
"elk-115","weibull",TRUE,"H3",6,1,1
"elk-115","weibull",TRUE,"H3",7,3,0.72288108177185
"elk-115","weibull",TRUE,"H3",8,3,0.930433062433218
"elk-115","weibull",TRUE,"H3",9,3,0.981107321093907
"elk-115","weibull",TRUE,"H3",10,3,0.994025774056502
"elk-115","weibull",TRUE,"H3",11,3,0.996283872846776
"elk-115","weibull",TRUE,"H3",12,3,0.995064512961143
"elk-115","weibull",TRUE,"H3",13,3,0.997717548879509
"elk-115","weibull",TRUE,"H3",14,3,0.997894062738854
"elk-115","weibull",TRUE,"H3",15,3,0.99823511494928
"elk-115","weibull",TRUE,"H3",16,3,0.999396596869204
"elk-115","weibull",TRUE,"H3",17,3,0.999541290662769
"elk-115","weibull",TRUE,"H3",18,3,0.999519575783572
"elk-115","weibull",TRUE,"H3",19,3,0.999586143401437
"elk-115","weibull",TRUE,"H3",20,3,0.999278950241424
"elk-115","weibull",TRUE,"H3",21,3,0.998399857986447
"elk-115","weibull",TRUE,"H3",22,3,0.99840429649176
"elk-115","weibull",TRUE,"H3",23,3,0.998157610895404
"elk-115","weibull",TRUE,"H3",24,3,0.99914666155054
"elk-115","weibull",TRUE,"H3",25,3,0.998884210306166
"elk-115","weibull",TRUE,"H3",26,3,0.998383960438196
"elk-115","weibull",TRUE,"H3",27,3,0.998289737271587
"elk-115","weibull",TRUE,"H3",28,3,0.998147963135877
"elk-115","weibull",TRUE,"H3",29,3,0.998586305749529
"elk-115","weibull",TRUE,"H3",30,3,0.99810275248066
"elk-115","weibull",TRUE,"H3",31,3,0.997862145499332
"elk-115","weibull",TRUE,"H3",32,3,0.998126926634475
"elk-115","weibull",TRUE,"H3",33,3,0.998409243082998
"elk-115","weibull",TRUE,"H3",34,3,0.998271636064409
"elk-115","weibull",TRUE,"H3",35,3,0.998408928564087
"elk-115","weibull",TRUE,"H3",36,3,0.997695682357616
"elk-115","weibull",TRUE,"H3",37,3,0.998535323403653
"elk-115","weibull",TRUE,"H3",38,3,0.9980456857197
"elk-115","weibull",TRUE,"H3",39,3,0.993337687980633
"elk-115","weibull",TRUE,"H3",40,3,0.996906268994754
"elk-115","weibull",TRUE,"H3",41,3,0.996946868480399
"elk-115","weibull",TRUE,"H3",42,3,0.994011312861048
"elk-115","weibull",TRUE,"H3",43,3,0.993566623703625
"elk-115","weibull",TRUE,"H3",44,3,0.9927872235574
"elk-115","weibull",TRUE,"H3",45,3,0.992497325343641
"elk-115","weibull",TRUE,"H3",46,3,0.992468118226055
"elk-115","weibull",TRUE,"H3",47,3,0.992077899589025
"elk-115","weibull",TRUE,"H3",48,3,0.995670644831564
"elk-115","weibull",TRUE,"H3",49,3,0.994614518596645
"elk-115","weibull",TRUE,"H3",50,3,0.99155776973178
"elk-115","weibull",TRUE,"H3",51,3,0.984277826712929
"elk-115","weibull",TRUE,"H3",52,3,0.977923735118572
"elk-115","weibull",TRUE,"H3",53,3,0.961052086820638
"elk-115","weibull",TRUE,"H3",54,3,0.934957826585318
"elk-115","weibull",TRUE,"H3",55,3,0.922669493857628
"elk-115","weibull",TRUE,"H3",56,3,0.898910724887623
"elk-115","weibull",TRUE,"H3",57,3,0.878882174842678
"elk-115","weibull",TRUE,"H3",58,3,0.845198126868453
"elk-115","weibull",TRUE,"H3",59,3,0.778234308190665
"elk-115","weibull",TRUE,"H3",60,3,0.596439583282701
"elk-115","weibull",TRUE,"H3",61,3,0.525809536633905
"elk-115","weibull",TRUE,"H3",62,1,0.929902188357364
"elk-115","weibull",TRUE,"H3",63,1,0.9873005148949
"elk-115","weibull",TRUE,"H3",64,1,0.991225092442825
"elk-115","weibull",TRUE,"H3",65,1,0.992064532484712
"elk-115","weibull",TRUE,"H3",66,1,0.995363138904432
"elk-115","weibull",TRUE,"H3",67,1,0.983916140219231
"elk-115","weibull",TRUE,"H3",68,1,0.982505014611817
"elk-115","weibull",TRUE,"H3",69,1,0.990711850171961
"elk-115","weibull",TRUE,"H3",70,1,0.997738891236437
"elk-115","weibull",TRUE,"H3",71,1,0.999999999999471
"elk-115","weibull",TRUE,"H3",72,1,0.999999999999447
"elk-115","weibull",TRUE,"H3",73,3,0.578980250118876
"elk-115","weibull",TRUE,"H3",74,3,0.8217804795859
"elk-115","weibull",TRUE,"H3",75,3,0.942497029527343
"elk-115","weibull",TRUE,"H3",76,3,0.991060653072225
"elk-115","weibull",TRUE,"H3",77,2,0.580466874541246
"elk-115","weibull",TRUE,"H3",78,2,0.988435893654343
"elk-115","weibull",TRUE,"H3",79,2,0.997930643974656
"elk-115","weibull",TRUE,"H3",80,2,0.993912667664432
"elk-115","weibull",TRUE,"H3",81,2,0.940230462824811
"elk-115","weibull",TRUE,"H3",82,1,0.999993311289725
"elk-115","weibull",TRUE,"H3",83,1,1
"elk-115","weibull",TRUE,"H3",84,1,0.98703459430719
"elk-115","weibull",TRUE,"H3",85,1,0.982755232922257
"elk-115","weibull",TRUE,"H3",86,1,0.969515069237398
"elk-115","weibull",TRUE,"H3",87,1,0.959957309363075
"elk-115","weibull",TRUE,"H3",88,1,0.96582733140652
"elk-115","weibull",TRUE,"H3",89,1,0.971465726037136
"elk-115","weibull",TRUE,"H3",90,1,0.977927950879669
"elk-115","weibull",TRUE,"H3",91,1,0.988961081477557
"elk-115","weibull",TRUE,"H3",92,1,0.998325480133825
"elk-115","weibull",TRUE,"H3",93,1,0.994604591105363
"elk-115","weibull",TRUE,"H3",94,1,0.993966159136817
"elk-115","weibull",TRUE,"H3",95,1,0.993304856789544
"elk-115","weibull",TRUE,"H3",96,1,0.99836378718419
"elk-115","weibull",TRUE,"H3",97,1,0.981539581864911
"elk-115","weibull",TRUE,"H3",98,1,0.981631687489097
"elk-115","weibull",TRUE,"H3",99,1,0.999773490319692
"elk-115","weibull",TRUE,"H3",100,1,0.999786602369249
"elk-115","weibull",TRUE,"H3",101,1,1
"elk-115","weibull",TRUE,"H3",102,1,0.999215858766156
"elk-115","weibull",TRUE,"H3",103,1,0.99952121460449
"elk-115","weibull",TRUE,"H3",104,1,0.997908312621485
"elk-115","weibull",TRUE,"H3",105,1,0.995758554674673
"elk-115","weibull",TRUE,"H3",106,1,0.993093357603148
"elk-115","weibull",TRUE,"H3",107,1,0.937255764106446
"elk-115","weibull",TRUE,"H3",108,1,0.919925661488344
"elk-115","weibull",TRUE,"H3",109,1,0.920563442717124
"elk-115","weibull",TRUE,"H3",110,1,0.925872577955225
"elk-115","weibull",TRUE,"H3",111,1,0.929992681700255
"elk-115","weibull",TRUE,"H3",112,1,0.954609830311024
"elk-115","weibull",TRUE,"H3",113,1,0.97950157799805
"elk-115","weibull",TRUE,"H3",114,1,0.999998869892079
"elk-115","weibull",TRUE,"H3",115,1,0.999899446562452
"elk-115","weibull",TRUE,"H3",116,1,0.999999817757662
"elk-115","weibull",TRUE,"H3",117,1,1
"elk-115","weibull",TRUE,"H3",118,1,0.991103807418907
"elk-115","weibull",TRUE,"H3",119,1,0.988992269521365
"elk-115","weibull",TRUE,"H3",120,1,0.997109171274423
"elk-115","weibull",TRUE,"H3",121,1,0.998665311132939
"elk-115","weibull",TRUE,"H3",122,1,0.982899856754939
"elk-115","weibull",TRUE,"H3",123,1,0.975806900846292
"elk-115","weibull",TRUE,"H3",124,1,0.98022293462327
"elk-115","weibull",TRUE,"H3",125,1,0.980489672994288
"elk-115","weibull",TRUE,"H3",126,1,0.993108244770642
"elk-115","weibull",TRUE,"H3",127,1,0.999999999999791
"elk-115","weibull",TRUE,"H3",128,1,0.999999994758087
"elk-115","weibull",TRUE,"H3",129,1,0.999999999999981
"elk-115","weibull",TRUE,"H3",130,1,0.999999817370409
"elk-115","weibull",TRUE,"H3",131,1,0.99999952707772
"elk-115","weibull",TRUE,"H3",132,1,0.99999932281932
"elk-115","weibull",TRUE,"H3",133,1,0.999999999999994
"elk-115","weibull",TRUE,"H3",134,1,0.987678461046103
"elk-115","weibull",TRUE,"H3",135,1,0.977283326739564
"elk-115","weibull",TRUE,"H3",136,1,0.978548167294961
"elk-115","weibull",TRUE,"H3",137,1,0.993319929386642
"elk-115","weibull",TRUE,"H3",138,1,0.993086446510353
"elk-115","weibull",TRUE,"H3",139,1,0.747114120703966
"elk-115","weibull",TRUE,"H3",140,1,0.632313282239019
"elk-115","weibull",TRUE,"H3",141,1,0.576681958145573
"elk-115","weibull",TRUE,"H3",142,1,0.532718620037086
"elk-115","weibull",TRUE,"H3",143,1,0.537824008499405
"elk-115","weibull",TRUE,"H3",144,1,0.614061055954104
"elk-115","weibull",TRUE,"H3",145,1,0.657806914661327
"elk-115","weibull",TRUE,"H3",146,3,0.91067305768329
"elk-115","weibull",TRUE,"H3",147,3,0.968955196929212
"elk-115","weibull",TRUE,"H3",148,3,0.980496284444102
"elk-115","weibull",TRUE,"H3",149,3,0.990496430935453
"elk-115","weibull",TRUE,"H3",150,3,0.992812276235449
"elk-115","weibull",TRUE,"H3",151,3,0.994405515065532
"elk-115","weibull",TRUE,"H3",152,3,0.994901700795587
"elk-115","weibull",TRUE,"H3",153,3,0.997014327602539
"elk-115","weibull",TRUE,"H3",154,3,0.998763640573135
"elk-115","weibull",TRUE,"H3",155,3,0.998915832169795
"elk-115","weibull",TRUE,"H3",156,3,0.998637916210356
"elk-115","weibull",TRUE,"H3",157,3,0.996431282470689
"elk-115","weibull",TRUE,"H3",158,3,0.996520705946679
"elk-115","weibull",TRUE,"H3",159,3,0.99675428484967
"elk-115","weibull",TRUE,"H3",160,3,0.996832688390868
"elk-115","weibull",TRUE,"H3",161,3,0.998713358579199
"elk-115","weibull",TRUE,"H3",162,3,0.999040053353072
"elk-115","weibull",TRUE,"H3",163,3,0.997898123417929
"elk-115","weibull",TRUE,"H3",164,3,0.998463917854361
"elk-115","weibull",TRUE,"H3",165,3,0.99940137667964
"elk-115","weibull",TRUE,"H3",166,3,0.999486420241088
"elk-115","weibull",TRUE,"H3",167,3,0.998982259161035
"elk-115","weibull",TRUE,"H3",168,3,0.99776507489717
"elk-115","weibull",TRUE,"H3",169,3,0.998518972589948
"elk-115","weibull",TRUE,"H3",170,3,0.999084309262461
"elk-115","weibull",TRUE,"H3",171,3,0.998541956254215
"elk-115","weibull",TRUE,"H3",172,3,0.99613436199016
"elk-115","weibull",TRUE,"H3",173,3,0.996432772350254
"elk-115","weibull",TRUE,"H3",174,3,0.99694614361631
"elk-115","weibull",TRUE,"H3",175,3,0.994023220440487
"elk-115","weibull",TRUE,"H3",176,3,0.993698128105799
"elk-115","weibull",TRUE,"H3",177,3,0.996339885116389
"elk-115","weibull",TRUE,"H3",178,3,0.996805969577663
"elk-115","weibull",TRUE,"H3",179,3,0.997899890878951
"elk-115","weibull",TRUE,"H3",180,3,0.998549308810117
"elk-115","weibull",TRUE,"H3",181,3,0.997707580721195
"elk-115","weibull",TRUE,"H3",182,3,0.998849529561281
"elk-115","weibull",TRUE,"H3",183,3,0.999424528913606
"elk-115","weibull",TRUE,"H3",184,3,0.999996812809678
"elk-115","weibull",TRUE,"H3",185,2,0.994721138441513
"elk-115","weibull",TRUE,"H3",186,2,0.999991598843322
"elk-115","weibull",TRUE,"H3",187,2,0.999999782186111
"elk-115","weibull",TRUE,"H3",188,2,0.999999957211201
"elk-115","weibull",TRUE,"H3",189,2,0.999999926706883
"elk-115","weibull",TRUE,"H3",190,2,0.999999318809289
"elk-115","weibull",TRUE,"H3",191,2,0.999991811668076
"elk-115","weibull",TRUE,"H3",192,2,0.999810488502539
"elk-115","weibull",TRUE,"H3",193,2,0.994517708963063
"elk-163","weibull",TRUE,"M21",1,1,1
"elk-163","weibull",TRUE,"M21",2,1,0.999779489611134
"elk-163","weibull",TRUE,"M21",3,1,0.954217198928815
"elk-163","weibull",TRUE,"M21",4,1,0.916804881629056
"elk-163","weibull",TRUE,"M21",5,1,0.996587133754571
"elk-163","weibull",TRUE,"M21",6,1,0.99999845910471
"elk-163","weibull",TRUE,"M21",7,1,0.99855380360014
"elk-163","weibull",TRUE,"M21",8,1,1
"elk-163","weibull",TRUE,"M21",9,1,0.999999999937207
"elk-163","weibull",TRUE,"M21",10,1,1
"elk-163","weibull",TRUE,"M21",11,1,0.999987030675844
"elk-163","weibull",TRUE,"M21",12,1,0.975980918653572
"elk-163","weibull",TRUE,"M21",13,1,0.970684758369404
"elk-163","weibull",TRUE,"M21",14,1,1
"elk-163","weibull",TRUE,"M21",15,2,0.735056617863569
"elk-163","weibull",TRUE,"M21",16,2,0.883647274070375
"elk-163","weibull",TRUE,"M21",17,2,0.937931009186386
"elk-163","weibull",TRUE,"M21",18,2,0.923085193690913
"elk-163","weibull",TRUE,"M21",19,2,0.877187674739341
"elk-163","weibull",TRUE,"M21",20,2,0.668574297475146
"elk-163","weibull",TRUE,"M21",21,1,0.999975654108113
"elk-163","weibull",TRUE,"M21",22,1,0.984143624053379
"elk-163","weibull",TRUE,"M21",23,1,1
"elk-163","weibull",TRUE,"M21",24,1,1
"elk-163","weibull",TRUE,"M21",25,1,0.999846572785355
"elk-163","weibull",TRUE,"M21",26,1,0.986676771669027
"elk-163","weibull",TRUE,"M21",27,1,0.976053367229441
"elk-163","weibull",TRUE,"M21",28,1,1
"elk-163","weibull",TRUE,"M21",29,1,0.999747372202374
"elk-163","weibull",TRUE,"M21",30,1,0.999999999999319
"elk-163","weibull",TRUE,"M21",31,1,1
"elk-163","weibull",TRUE,"M21",32,1,1
"elk-163","weibull",TRUE,"M21",33,1,1
"elk-163","weibull",TRUE,"M21",34,1,0.968019015833171
"elk-163","weibull",TRUE,"M21",35,1,0.995974185655638
"elk-163","weibull",TRUE,"M21",36,1,0.998529725414652
"elk-163","weibull",TRUE,"M21",37,1,0.987346858408832
"elk-163","weibull",TRUE,"M21",38,1,1
"elk-163","weibull",TRUE,"M21",39,1,0.831803333067066
"elk-163","weibull",TRUE,"M21",40,1,0.749809853641048
"elk-163","weibull",TRUE,"M21",41,1,0.809755615244676
"elk-163","weibull",TRUE,"M21",42,1,1
"elk-163","weibull",TRUE,"M21",43,1,1
"elk-163","weibull",TRUE,"M21",44,1,0.908734978252738
"elk-163","weibull",TRUE,"M21",45,1,0.895226563586196
"elk-163","weibull",TRUE,"M21",46,1,1
"elk-163","weibull",TRUE,"M21",47,1,1
"elk-163","weibull",TRUE,"M21",48,1,0.97285134374863
"elk-163","weibull",TRUE,"M21",49,1,0.966243243614118
"elk-163","weibull",TRUE,"M21",50,1,1
"elk-163","weibull",TRUE,"M21",51,2,0.732596877799456
"elk-163","weibull",TRUE,"M21",52,2,0.930566077854182
"elk-163","weibull",TRUE,"M21",53,2,0.958686587451922
"elk-163","weibull",TRUE,"M21",54,2,0.970284735654778
"elk-163","weibull",TRUE,"M21",55,2,0.92337169418048
"elk-163","weibull",TRUE,"M21",56,2,0.88858197771996
"elk-163","weibull",TRUE,"M21",57,2,0.875730167810621
"elk-163","weibull",TRUE,"M21",58,2,0.775847686189118
"elk-163","weibull",TRUE,"M21",59,2,0.656087784078436
"elk-163","weibull",TRUE,"M21",60,2,0.51438958241395
"elk-163","weibull",TRUE,"M21",61,2,0.572594958413683
"elk-163","weibull",TRUE,"M21",62,2,0.688635938073346
"elk-163","weibull",TRUE,"M21",63,2,0.707007017193135
"elk-163","weibull",TRUE,"M21",64,1,0.930613996385327
"elk-163","weibull",TRUE,"M21",65,1,1
"elk-163","weibull",TRUE,"M21",66,1,0.948776486624382
"elk-163","weibull",TRUE,"M21",67,1,1
"elk-163","weibull",TRUE,"M21",68,1,1
"elk-163","weibull",TRUE,"M21",69,2,0.754686287213985
"elk-163","weibull",TRUE,"M21",70,2,0.937118949737906
"elk-163","weibull",TRUE,"M21",71,2,0.980543997978453
"elk-163","weibull",TRUE,"M21",72,2,0.989592370576205
"elk-163","weibull",TRUE,"M21",73,2,0.995350950134924
"elk-163","weibull",TRUE,"M21",74,2,0.998316641362348
"elk-163","weibull",TRUE,"M21",75,2,0.998582739722132
"elk-163","weibull",TRUE,"M21",76,2,0.997704485313566
"elk-163","weibull",TRUE,"M21",77,2,0.997728800235868
"elk-163","weibull",TRUE,"M21",78,2,0.997723643913195
"elk-163","weibull",TRUE,"M21",79,2,0.997661994673925
"elk-163","weibull",TRUE,"M21",80,2,0.993141958610175
"elk-163","weibull",TRUE,"M21",81,2,0.99547488827615
"elk-163","weibull",TRUE,"M21",82,2,0.997888439900455
"elk-163","weibull",TRUE,"M21",83,2,0.997766277123024
"elk-163","weibull",TRUE,"M21",84,2,0.995409291195327
"elk-163","weibull",TRUE,"M21",85,2,0.997304847552937
"elk-163","weibull",TRUE,"M21",86,2,0.99415129920397
"elk-163","weibull",TRUE,"M21",87,2,0.99051980561459
"elk-163","weibull",TRUE,"M21",88,2,0.948936512992187
"elk-163","weibull",TRUE,"M21",89,2,0.750248020814666
"elk-163","weibull",TRUE,"M21",90,1,0.999999991849629
"elk-163","weibull",TRUE,"M21",91,1,0.939380911334763
"elk-163","weibull",TRUE,"M21",92,1,0.926346435045707
"elk-163","weibull",TRUE,"M21",93,1,0.918537173507612
"elk-163","weibull",TRUE,"M21",94,1,0.999999974414297
"elk-163","weibull",TRUE,"M21",95,1,0.976651420946149
"elk-163","weibull",TRUE,"M21",96,1,0.999887020470513
"elk-163","weibull",TRUE,"M21",97,1,0.993962845960633
"elk-163","weibull",TRUE,"M21",98,1,1
"elk-163","weibull",TRUE,"M21",99,1,0.9964586128206
"elk-163","weibull",TRUE,"M21",100,1,0.97263373740264
"elk-163","weibull",TRUE,"M21",101,1,0.966738106360085
"elk-163","weibull",TRUE,"M21",102,1,0.999999999998593
"elk-163","weibull",TRUE,"M21",103,1,0.967782557401437
"elk-163","weibull",TRUE,"M21",104,1,0.942559544502868
"elk-163","weibull",TRUE,"M21",105,1,0.926679824417457
"elk-163","weibull",TRUE,"M21",106,1,0.999414608459093
"elk-163","weibull",TRUE,"M21",107,1,0.959777822256921
"elk-163","weibull",TRUE,"M21",108,1,0.997130263287274
"elk-163","weibull",TRUE,"M21",109,1,0.97198630750736
"elk-163","weibull",TRUE,"M21",110,1,0.96009106761445
"elk-163","weibull",TRUE,"M21",111,1,0.999999995788886
"elk-163","weibull",TRUE,"M21",112,1,0.999973564126537
"elk-163","weibull",TRUE,"M21",113,1,0.870361991203725
"elk-163","weibull",TRUE,"M21",114,1,0.908366046603736
"elk-163","weibull",TRUE,"M21",115,1,1
"elk-163","weibull",TRUE,"M21",116,2,0.806575173153461
"elk-163","weibull",TRUE,"M21",117,2,0.958457358152986
"elk-163","weibull",TRUE,"M21",118,2,0.981641061863509
"elk-163","weibull",TRUE,"M21",119,2,0.976026063916332
"elk-163","weibull",TRUE,"M21",120,2,0.986420713794665
"elk-163","weibull",TRUE,"M21",121,2,0.99652909145817
"elk-163","weibull",TRUE,"M21",122,2,0.996778525891863
"elk-163","weibull",TRUE,"M21",123,2,0.997702783883678
"elk-163","weibull",TRUE,"M21",124,2,0.997549552864317
"elk-163","weibull",TRUE,"M21",125,2,0.996682483793918
"elk-163","weibull",TRUE,"M21",126,2,0.994238354595674
"elk-163","weibull",TRUE,"M21",127,2,0.987212807270282
"elk-163","weibull",TRUE,"M21",128,2,0.9848107930216
"elk-163","weibull",TRUE,"M21",129,2,0.982699078578852
"elk-163","weibull",TRUE,"M21",130,2,0.99431304410487
"elk-163","weibull",TRUE,"M21",131,2,0.996804810765882
"elk-163","weibull",TRUE,"M21",132,2,0.995995064652941
"elk-163","weibull",TRUE,"M21",133,2,0.993560554996902
"elk-163","weibull",TRUE,"M21",134,2,0.995365711799863
"elk-163","weibull",TRUE,"M21",135,2,0.987781912548227
"elk-163","weibull",TRUE,"M21",136,2,0.983711092752511
"elk-163","weibull",TRUE,"M21",137,2,0.992664696195775
"elk-163","weibull",TRUE,"M21",138,2,0.981476372139259
"elk-163","weibull",TRUE,"M21",139,2,0.984437795735665
"elk-163","weibull",TRUE,"M21",140,2,0.961748877229549
"elk-163","weibull",TRUE,"M21",141,2,0.957208328093872
"elk-163","weibull",TRUE,"M21",142,2,0.929221505133387
"elk-163","weibull",TRUE,"M21",143,2,0.914938792656092
"elk-163","weibull",TRUE,"M21",144,2,0.790977064998141
"elk-163","weibull",TRUE,"M21",145,2,0.668192768986652
"elk-163","weibull",TRUE,"M21",146,1,0.890360388170184
"elk-163","weibull",TRUE,"M21",147,1,0.980710561784597
"elk-163","weibull",TRUE,"M21",148,1,0.998835535486569
"elk-163","weibull",TRUE,"M21",149,1,0.999999988671192
"elk-163","weibull",TRUE,"M21",150,2,0.864722106615507
"elk-163","weibull",TRUE,"M21",151,2,0.974246364699936
"elk-163","weibull",TRUE,"M21",152,2,0.989384155876548
"elk-163","weibull",TRUE,"M21",153,2,0.978183120739601
"elk-163","weibull",TRUE,"M21",154,2,0.939719093890471
"elk-163","weibull",TRUE,"M21",155,2,0.856424642473724
"elk-163","weibull",TRUE,"M21",156,2,0.779491792066419
"elk-163","weibull",TRUE,"M21",157,2,0.764984350192401
"elk-163","weibull",TRUE,"M21",158,2,0.766815412683058
"elk-163","weibull",TRUE,"H2",1,2,1
"elk-163","weibull",TRUE,"H2",2,2,0.999944783981602
"elk-163","weibull",TRUE,"H2",3,2,0.982921749486683
"elk-163","weibull",TRUE,"H2",4,2,0.962491316316891
"elk-163","weibull",TRUE,"H2",5,2,0.998846637608937
"elk-163","weibull",TRUE,"H2",6,2,0.999996491258644
"elk-163","weibull",TRUE,"H2",7,2,0.996773992769148
"elk-163","weibull",TRUE,"H2",8,2,1
"elk-163","weibull",TRUE,"H2",9,2,0.999999999947554
"elk-163","weibull",TRUE,"H2",10,2,1
"elk-163","weibull",TRUE,"H2",11,2,0.99998902200446
"elk-163","weibull",TRUE,"H2",12,2,0.978781431808796
"elk-163","weibull",TRUE,"H2",13,2,0.967689818292922
"elk-163","weibull",TRUE,"H2",14,2,1
"elk-163","weibull",TRUE,"H2",15,1,0.637823939731608
"elk-163","weibull",TRUE,"H2",16,1,0.769363554582207
"elk-163","weibull",TRUE,"H2",17,1,0.79910408692094
"elk-163","weibull",TRUE,"H2",18,1,0.757633039012903
"elk-163","weibull",TRUE,"H2",19,1,0.690943544409966
"elk-163","weibull",TRUE,"H2",20,1,0.508415706398154
"elk-163","weibull",TRUE,"H2",21,2,0.999992424003593
"elk-163","weibull",TRUE,"H2",22,2,0.991217212005806
"elk-163","weibull",TRUE,"H2",23,2,1
"elk-163","weibull",TRUE,"H2",24,2,1
"elk-163","weibull",TRUE,"H2",25,2,0.99970914426917
"elk-163","weibull",TRUE,"H2",26,2,0.986184853323504
"elk-163","weibull",TRUE,"H2",27,2,0.973584071291479
"elk-163","weibull",TRUE,"H2",28,2,1
"elk-163","weibull",TRUE,"H2",29,2,0.999753420548698
"elk-163","weibull",TRUE,"H2",30,2,0.999999999999713
"elk-163","weibull",TRUE,"H2",31,2,1
"elk-163","weibull",TRUE,"H2",32,2,1
"elk-163","weibull",TRUE,"H2",33,2,1
"elk-163","weibull",TRUE,"H2",34,2,0.975057416563307
"elk-163","weibull",TRUE,"H2",35,2,0.99640726478964
"elk-163","weibull",TRUE,"H2",36,2,0.997413710222766
"elk-163","weibull",TRUE,"H2",37,2,0.986335938865198
"elk-163","weibull",TRUE,"H2",38,2,1
"elk-163","weibull",TRUE,"H2",39,2,0.867013487485978
"elk-163","weibull",TRUE,"H2",40,2,0.823428772274544
"elk-163","weibull",TRUE,"H2",41,2,0.862917552128429
"elk-163","weibull",TRUE,"H2",42,2,1
"elk-163","weibull",TRUE,"H2",43,2,1
"elk-163","weibull",TRUE,"H2",44,2,0.895530596158179
"elk-163","weibull",TRUE,"H2",45,2,0.882710330128578
"elk-163","weibull",TRUE,"H2",46,2,1
"elk-163","weibull",TRUE,"H2",47,2,1
"elk-163","weibull",TRUE,"H2",48,2,0.958997534360366
"elk-163","weibull",TRUE,"H2",49,2,0.953115718536393
"elk-163","weibull",TRUE,"H2",50,2,1
"elk-163","weibull",TRUE,"H2",51,1,0.652701698782935
"elk-163","weibull",TRUE,"H2",52,1,0.881219299985227
"elk-163","weibull",TRUE,"H2",53,1,0.940290506403363
"elk-163","weibull",TRUE,"H2",54,1,0.956720159007743
"elk-163","weibull",TRUE,"H2",55,1,0.92911319576204
"elk-163","weibull",TRUE,"H2",56,1,0.899287556646281
"elk-163","weibull",TRUE,"H2",57,1,0.86537162916808
"elk-163","weibull",TRUE,"H2",58,1,0.775727831086264
"elk-163","weibull",TRUE,"H2",59,1,0.629735706267724
"elk-163","weibull",TRUE,"H2",60,1,0.500578788256529
"elk-163","weibull",TRUE,"H2",61,1,0.5529411738579
"elk-163","weibull",TRUE,"H2",62,1,0.702410454051446
"elk-163","weibull",TRUE,"H2",63,1,0.732754672875853
"elk-163","weibull",TRUE,"H2",64,2,0.910709861880846
"elk-163","weibull",TRUE,"H2",65,2,1
"elk-163","weibull",TRUE,"H2",66,2,0.971953179941141
"elk-163","weibull",TRUE,"H2",67,2,1
"elk-163","weibull",TRUE,"H2",68,2,1
"elk-163","weibull",TRUE,"H2",69,1,0.698798345414005
"elk-163","weibull",TRUE,"H2",70,1,0.906336768997662
"elk-163","weibull",TRUE,"H2",71,1,0.967538798275724
"elk-163","weibull",TRUE,"H2",72,1,0.986448791544296
"elk-163","weibull",TRUE,"H2",73,1,0.99388780330331
"elk-163","weibull",TRUE,"H2",74,1,0.997191701945494
"elk-163","weibull",TRUE,"H2",75,1,0.997833524450829
"elk-163","weibull",TRUE,"H2",76,1,0.997843638003598
"elk-163","weibull",TRUE,"H2",77,1,0.99679211682583
"elk-163","weibull",TRUE,"H2",78,1,0.996695404978611
"elk-163","weibull",TRUE,"H2",79,1,0.996232497584454
"elk-163","weibull",TRUE,"H2",80,1,0.992218667680547
"elk-163","weibull",TRUE,"H2",81,1,0.994732190948482
"elk-163","weibull",TRUE,"H2",82,1,0.996583785548056
"elk-163","weibull",TRUE,"H2",83,1,0.99657613301476
"elk-163","weibull",TRUE,"H2",84,1,0.994695184582557
"elk-163","weibull",TRUE,"H2",85,1,0.995195274810854
"elk-163","weibull",TRUE,"H2",86,1,0.990021783486593
"elk-163","weibull",TRUE,"H2",87,1,0.976830886277664
"elk-163","weibull",TRUE,"H2",88,1,0.911216774962554
"elk-163","weibull",TRUE,"H2",89,1,0.66113357906014
"elk-163","weibull",TRUE,"H2",90,2,0.999999983276178
"elk-163","weibull",TRUE,"H2",91,2,0.922304484070786
"elk-163","weibull",TRUE,"H2",92,2,0.914826657387792
"elk-163","weibull",TRUE,"H2",93,2,0.92106522231743
"elk-163","weibull",TRUE,"H2",94,2,0.999999985626881
"elk-163","weibull",TRUE,"H2",95,2,0.976110258456697
"elk-163","weibull",TRUE,"H2",96,2,0.999915761916193
"elk-163","weibull",TRUE,"H2",97,2,0.991865200699336
"elk-163","weibull",TRUE,"H2",98,2,1
"elk-163","weibull",TRUE,"H2",99,2,0.995369007606391
"elk-163","weibull",TRUE,"H2",100,2,0.967175640671091
"elk-163","weibull",TRUE,"H2",101,2,0.960569814550674
"elk-163","weibull",TRUE,"H2",102,2,0.999999999999266
"elk-163","weibull",TRUE,"H2",103,2,0.972117305095979
"elk-163","weibull",TRUE,"H2",104,2,0.946603448990346
"elk-163","weibull",TRUE,"H2",105,2,0.942452809878275
"elk-163","weibull",TRUE,"H2",106,2,0.999768325547303
"elk-163","weibull",TRUE,"H2",107,2,0.974569368397154
"elk-163","weibull",TRUE,"H2",108,2,0.997646768709685
"elk-163","weibull",TRUE,"H2",109,2,0.966810623433152
"elk-163","weibull",TRUE,"H2",110,2,0.957287788446819
"elk-163","weibull",TRUE,"H2",111,2,0.999999997405849
"elk-163","weibull",TRUE,"H2",112,2,0.99996505156198
"elk-163","weibull",TRUE,"H2",113,2,0.925320318154454
"elk-163","weibull",TRUE,"H2",114,2,0.94726752561436
"elk-163","weibull",TRUE,"H2",115,2,1
"elk-163","weibull",TRUE,"H2",116,1,0.718092553142616
"elk-163","weibull",TRUE,"H2",117,1,0.913966638765976
"elk-163","weibull",TRUE,"H2",118,1,0.963974871213714
"elk-163","weibull",TRUE,"H2",119,1,0.972483984123664
"elk-163","weibull",TRUE,"H2",120,1,0.985195991805845
"elk-163","weibull",TRUE,"H2",121,1,0.994741592499628
"elk-163","weibull",TRUE,"H2",122,1,0.995632478932742
"elk-163","weibull",TRUE,"H2",123,1,0.996491264898466
"elk-163","weibull",TRUE,"H2",124,1,0.996467466330519
"elk-163","weibull",TRUE,"H2",125,1,0.997598132684776
"elk-163","weibull",TRUE,"H2",126,1,0.996650357079918
"elk-163","weibull",TRUE,"H2",127,1,0.993750399987705
"elk-163","weibull",TRUE,"H2",128,1,0.992099603099776
"elk-163","weibull",TRUE,"H2",129,1,0.988153355160948
"elk-163","weibull",TRUE,"H2",130,1,0.993226932560626
"elk-163","weibull",TRUE,"H2",131,1,0.99537498809275
"elk-163","weibull",TRUE,"H2",132,1,0.995200928085377
"elk-163","weibull",TRUE,"H2",133,1,0.994617352952296
"elk-163","weibull",TRUE,"H2",134,1,0.995053177638483
"elk-163","weibull",TRUE,"H2",135,1,0.990590477955948
"elk-163","weibull",TRUE,"H2",136,1,0.987513041929615
"elk-163","weibull",TRUE,"H2",137,1,0.9915512824853
"elk-163","weibull",TRUE,"H2",138,1,0.983544396946194
"elk-163","weibull",TRUE,"H2",139,1,0.982439024333365
"elk-163","weibull",TRUE,"H2",140,1,0.959229635688203
"elk-163","weibull",TRUE,"H2",141,1,0.933534396672072
"elk-163","weibull",TRUE,"H2",142,1,0.886014575231006
"elk-163","weibull",TRUE,"H2",143,1,0.836741581195063
"elk-163","weibull",TRUE,"H2",144,1,0.642099901200865
"elk-163","weibull",TRUE,"H2",145,1,0.52453180865611
"elk-163","weibull",TRUE,"H2",146,2,0.933737596058731
"elk-163","weibull",TRUE,"H2",147,2,0.985221325210142
"elk-163","weibull",TRUE,"H2",148,2,0.998066935482735
"elk-163","weibull",TRUE,"H2",149,2,0.999999991272838
"elk-163","weibull",TRUE,"H2",150,1,0.783807095391493
"elk-163","weibull",TRUE,"H2",151,1,0.943394144882881
"elk-163","weibull",TRUE,"H2",152,1,0.969757330904452
"elk-163","weibull",TRUE,"H2",153,1,0.957556798291519
"elk-163","weibull",TRUE,"H2",154,1,0.925355790898885
"elk-163","weibull",TRUE,"H2",155,1,0.824348315378314
"elk-163","weibull",TRUE,"H2",156,1,0.777334052911793
"elk-163","weibull",TRUE,"H2",157,1,0.767332945594885
"elk-163","weibull",TRUE,"H2",158,1,0.785762551834757
"elk-163","weibull",TRUE,"H3",1,2,0.999998723890628
"elk-163","weibull",TRUE,"H3",2,1,0.917876971677569
"elk-163","weibull",TRUE,"H3",3,1,0.995500096356391
"elk-163","weibull",TRUE,"H3",4,1,0.998793952088857
"elk-163","weibull",TRUE,"H3",5,1,0.993363843116162
"elk-163","weibull",TRUE,"H3",6,1,0.966398628805863
"elk-163","weibull",TRUE,"H3",7,1,0.976058948770463
"elk-163","weibull",TRUE,"H3",8,2,0.999259659026752
"elk-163","weibull",TRUE,"H3",9,2,0.825652302556545
"elk-163","weibull",TRUE,"H3",10,2,0.995702864687117
"elk-163","weibull",TRUE,"H3",11,1,0.869924743990635
"elk-163","weibull",TRUE,"H3",12,1,0.958908962302236
"elk-163","weibull",TRUE,"H3",13,1,0.963507155829671
"elk-163","weibull",TRUE,"H3",14,2,0.998474373599354
"elk-163","weibull",TRUE,"H3",15,1,0.662869520701651
"elk-163","weibull",TRUE,"H3",16,1,0.583619280514737
"elk-163","weibull",TRUE,"H3",17,1,0.621007569659601
"elk-163","weibull",TRUE,"H3",18,1,0.881638484393758
"elk-163","weibull",TRUE,"H3",19,1,0.931997596109866
"elk-163","weibull",TRUE,"H3",20,1,0.957720856889262
"elk-163","weibull",TRUE,"H3",21,1,0.952029466045426
"elk-163","weibull",TRUE,"H3",22,1,0.986478082480321
"elk-163","weibull",TRUE,"H3",23,2,0.999841335488997
"elk-163","weibull",TRUE,"H3",24,2,0.962555864703163
"elk-163","weibull",TRUE,"H3",25,1,0.928967767897786
"elk-163","weibull",TRUE,"H3",26,1,0.996962764347876
"elk-163","weibull",TRUE,"H3",27,1,0.997939414793287
"elk-163","weibull",TRUE,"H3",28,1,0.527298642071589
"elk-163","weibull",TRUE,"H3",29,1,0.918644909596905
"elk-163","weibull",TRUE,"H3",30,2,0.711911268776239
"elk-163","weibull",TRUE,"H3",31,2,0.957758403444337
"elk-163","weibull",TRUE,"H3",32,2,0.999778504939901
"elk-163","weibull",TRUE,"H3",33,2,0.990537830217294
"elk-163","weibull",TRUE,"H3",34,1,0.786413957525972
"elk-163","weibull",TRUE,"H3",35,1,0.994944001332709
"elk-163","weibull",TRUE,"H3",36,1,0.992348477974914
"elk-163","weibull",TRUE,"H3",37,1,0.996054725613072
"elk-163","weibull",TRUE,"H3",38,2,0.855044287220805
"elk-163","weibull",TRUE,"H3",39,3,0.602195483115588
"elk-163","weibull",TRUE,"H3",40,3,0.5532781886539
"elk-163","weibull",TRUE,"H3",41,3,0.57092539891459
"elk-163","weibull",TRUE,"H3",42,2,0.91865203165705
"elk-163","weibull",TRUE,"H3",43,2,0.96808820023716
"elk-163","weibull",TRUE,"H3",44,3,0.725692904034396
"elk-163","weibull",TRUE,"H3",45,3,0.666230307036014
"elk-163","weibull",TRUE,"H3",46,2,0.997554881506065
"elk-163","weibull",TRUE,"H3",47,2,0.999480929747453
"elk-163","weibull",TRUE,"H3",48,3,0.543877998806959
"elk-163","weibull",TRUE,"H3",49,3,0.524826314136406
"elk-163","weibull",TRUE,"H3",50,2,0.993847500946621
"elk-163","weibull",TRUE,"H3",51,3,0.937035326242666
"elk-163","weibull",TRUE,"H3",52,3,0.92346646277395
"elk-163","weibull",TRUE,"H3",53,3,0.881314808487544
"elk-163","weibull",TRUE,"H3",54,3,0.775742706567782
"elk-163","weibull",TRUE,"H3",55,1,0.567506335802101
"elk-163","weibull",TRUE,"H3",56,1,0.661570085818671
"elk-163","weibull",TRUE,"H3",57,1,0.757748949189285
"elk-163","weibull",TRUE,"H3",58,1,0.917415134279635
"elk-163","weibull",TRUE,"H3",59,1,0.99480655386181
"elk-163","weibull",TRUE,"H3",60,1,0.998318724492266
"elk-163","weibull",TRUE,"H3",61,1,0.999461078702518
"elk-163","weibull",TRUE,"H3",62,1,0.995452574900343
"elk-163","weibull",TRUE,"H3",63,1,0.998494020197803
"elk-163","weibull",TRUE,"H3",64,1,0.999606557560029
"elk-163","weibull",TRUE,"H3",65,2,0.802371085017636
"elk-163","weibull",TRUE,"H3",66,1,0.612850038204379
"elk-163","weibull",TRUE,"H3",67,2,0.997600946643253
"elk-163","weibull",TRUE,"H3",68,2,0.999999917225615
"elk-163","weibull",TRUE,"H3",69,3,0.999827055325816
"elk-163","weibull",TRUE,"H3",70,3,0.999942319067049
"elk-163","weibull",TRUE,"H3",71,3,0.999888919049669
"elk-163","weibull",TRUE,"H3",72,3,0.999975155766081
"elk-163","weibull",TRUE,"H3",73,3,0.999952995825553
"elk-163","weibull",TRUE,"H3",74,3,0.999976245806913
"elk-163","weibull",TRUE,"H3",75,3,0.999973169910439
"elk-163","weibull",TRUE,"H3",76,3,0.999961153079111
"elk-163","weibull",TRUE,"H3",77,3,0.999907582690387
"elk-163","weibull",TRUE,"H3",78,3,0.999784651337561
"elk-163","weibull",TRUE,"H3",79,3,0.999854882306473
"elk-163","weibull",TRUE,"H3",80,3,0.999782437879595
"elk-163","weibull",TRUE,"H3",81,3,0.999636200937581
"elk-163","weibull",TRUE,"H3",82,3,0.999220041867985
"elk-163","weibull",TRUE,"H3",83,3,0.998454238672336
"elk-163","weibull",TRUE,"H3",84,3,0.996124239053695
"elk-163","weibull",TRUE,"H3",85,3,0.993918692983064
"elk-163","weibull",TRUE,"H3",86,3,0.986673510372025
"elk-163","weibull",TRUE,"H3",87,3,0.967523320376887
"elk-163","weibull",TRUE,"H3",88,3,0.893401690917555
"elk-163","weibull",TRUE,"H3",89,3,0.680575074259433
"elk-163","weibull",TRUE,"H3",90,1,0.598863071508554
"elk-163","weibull",TRUE,"H3",91,1,0.890461241119623
"elk-163","weibull",TRUE,"H3",92,1,0.958183837964638
"elk-163","weibull",TRUE,"H3",93,1,0.968898912953968
"elk-163","weibull",TRUE,"H3",94,1,0.864653704890844
"elk-163","weibull",TRUE,"H3",95,1,0.98224146819915
"elk-163","weibull",TRUE,"H3",96,1,0.98322846261565
"elk-163","weibull",TRUE,"H3",97,1,0.997499443129656
"elk-163","weibull",TRUE,"H3",98,1,0.592234246095031
"elk-163","weibull",TRUE,"H3",99,1,0.989736146109375
"elk-163","weibull",TRUE,"H3",100,1,0.998061359774214
"elk-163","weibull",TRUE,"H3",101,1,0.998836957664072
"elk-163","weibull",TRUE,"H3",102,1,0.741163644173599
"elk-163","weibull",TRUE,"H3",103,1,0.990807748789601
"elk-163","weibull",TRUE,"H3",104,1,0.995037681983564
"elk-163","weibull",TRUE,"H3",105,1,0.996333956108398
"elk-163","weibull",TRUE,"H3",106,1,0.97509671281404
"elk-163","weibull",TRUE,"H3",107,1,0.9940194157239
"elk-163","weibull",TRUE,"H3",108,1,0.993574977771135
"elk-163","weibull",TRUE,"H3",109,1,0.998990896649921
"elk-163","weibull",TRUE,"H3",110,1,0.998265672945013
"elk-163","weibull",TRUE,"H3",111,1,0.846754274182116
"elk-163","weibull",TRUE,"H3",112,1,0.925525104903828
"elk-163","weibull",TRUE,"H3",113,1,0.971197218105681
"elk-163","weibull",TRUE,"H3",114,1,0.982806325229476
"elk-163","weibull",TRUE,"H3",115,2,0.999999791100056
"elk-163","weibull",TRUE,"H3",116,3,0.999859480798512
"elk-163","weibull",TRUE,"H3",117,3,0.999982557927175
"elk-163","weibull",TRUE,"H3",118,3,0.999982696127131
"elk-163","weibull",TRUE,"H3",119,3,0.999976837203157
"elk-163","weibull",TRUE,"H3",120,3,0.999966848839897
"elk-163","weibull",TRUE,"H3",121,3,0.999938034823618
"elk-163","weibull",TRUE,"H3",122,3,0.999939552511524
"elk-163","weibull",TRUE,"H3",123,3,0.9998553593686
"elk-163","weibull",TRUE,"H3",124,3,0.999597649641297
"elk-163","weibull",TRUE,"H3",125,3,0.998911538644268
"elk-163","weibull",TRUE,"H3",126,3,0.996284515290171
"elk-163","weibull",TRUE,"H3",127,3,0.987345331939014
"elk-163","weibull",TRUE,"H3",128,3,0.967724524319017
"elk-163","weibull",TRUE,"H3",129,3,0.918843436260076
"elk-163","weibull",TRUE,"H3",130,3,0.910061142694267
"elk-163","weibull",TRUE,"H3",131,3,0.903375413330774
"elk-163","weibull",TRUE,"H3",132,3,0.888529934638745
"elk-163","weibull",TRUE,"H3",133,3,0.846468814089972
"elk-163","weibull",TRUE,"H3",134,3,0.743974823875839
"elk-163","weibull",TRUE,"H3",135,1,0.592139662167183
"elk-163","weibull",TRUE,"H3",136,1,0.846590816516645
"elk-163","weibull",TRUE,"H3",137,1,0.867298336847036
"elk-163","weibull",TRUE,"H3",138,1,0.939614289420789
"elk-163","weibull",TRUE,"H3",139,1,0.959475452763942
"elk-163","weibull",TRUE,"H3",140,1,0.989576864274056
"elk-163","weibull",TRUE,"H3",141,1,0.994016215188362
"elk-163","weibull",TRUE,"H3",142,1,0.997459069280977
"elk-163","weibull",TRUE,"H3",143,1,0.998260176084676
"elk-163","weibull",TRUE,"H3",144,1,0.996701601033265
"elk-163","weibull",TRUE,"H3",145,1,0.999114508702842
"elk-163","weibull",TRUE,"H3",146,1,0.995610466408149
"elk-163","weibull",TRUE,"H3",147,1,0.997386276135468
"elk-163","weibull",TRUE,"H3",148,1,0.963080721515465
"elk-163","weibull",TRUE,"H3",149,2,0.890479690332042
"elk-163","weibull",TRUE,"H3",150,3,0.868944793145055
"elk-163","weibull",TRUE,"H3",151,3,0.860957288120852
"elk-163","weibull",TRUE,"H3",152,3,0.826259518158874
"elk-163","weibull",TRUE,"H3",153,3,0.699383239650604
"elk-163","weibull",TRUE,"H3",154,3,0.502046264624778
"elk-163","weibull",TRUE,"H3",155,1,0.989323503937361
"elk-163","weibull",TRUE,"H3",156,1,0.993410777473835
"elk-163","weibull",TRUE,"H3",157,1,0.996253415765193
"elk-163","weibull",TRUE,"H3",158,1,0.996062675867228
"elk-287","weibull",TRUE,"M21",1,1,0.999999999772301
"elk-287","weibull",TRUE,"M21",2,1,0.999999871179665
"elk-287","weibull",TRUE,"M21",3,1,0.999999853662422
"elk-287","weibull",TRUE,"M21",4,1,0.999999915743105
"elk-287","weibull",TRUE,"M21",5,1,1
"elk-287","weibull",TRUE,"M21",6,1,1
"elk-287","weibull",TRUE,"M21",7,1,1
"elk-287","weibull",TRUE,"M21",8,1,1
"elk-287","weibull",TRUE,"M21",9,1,0.999999999985496
"elk-287","weibull",TRUE,"M21",10,1,1
"elk-287","weibull",TRUE,"M21",11,1,0.999999970933601
"elk-287","weibull",TRUE,"M21",12,1,0.999999940571396
"elk-287","weibull",TRUE,"M21",13,1,0.999999864977052
"elk-287","weibull",TRUE,"M21",14,1,0.999999999999981
"elk-287","weibull",TRUE,"M21",15,1,0.999999346652457
"elk-287","weibull",TRUE,"M21",16,1,0.999978905958929
"elk-287","weibull",TRUE,"M21",17,1,0.999970080478862
"elk-287","weibull",TRUE,"M21",18,1,0.999979056373429
"elk-287","weibull",TRUE,"M21",19,1,0.999981450057032
"elk-287","weibull",TRUE,"M21",20,1,0.999985766161411
"elk-287","weibull",TRUE,"M21",21,1,0.999986923280905
"elk-287","weibull",TRUE,"M21",22,1,0.999990432707094
"elk-287","weibull",TRUE,"M21",23,1,0.999994317878387
"elk-287","weibull",TRUE,"M21",24,1,0.99999775848011
"elk-287","weibull",TRUE,"M21",25,1,0.999999050742238
"elk-287","weibull",TRUE,"M21",26,1,0.999999935601241
"elk-287","weibull",TRUE,"M21",27,1,1
"elk-287","weibull",TRUE,"M21",28,1,0.999999940368286
"elk-287","weibull",TRUE,"M21",29,1,1
"elk-287","weibull",TRUE,"M21",30,1,1
"elk-287","weibull",TRUE,"M21",31,1,1
"elk-287","weibull",TRUE,"M21",32,1,0.999999729831978
"elk-287","weibull",TRUE,"M21",33,1,0.999999529873485
"elk-287","weibull",TRUE,"M21",34,1,0.999999999999999
"elk-287","weibull",TRUE,"M21",35,1,0.999999950031183
"elk-287","weibull",TRUE,"M21",36,1,0.999999999185285
"elk-287","weibull",TRUE,"M21",37,1,0.999999989433335
"elk-287","weibull",TRUE,"M21",38,1,0.999999951406446
"elk-287","weibull",TRUE,"M21",39,1,0.999999999982886
"elk-287","weibull",TRUE,"M21",40,1,0.999999507922531
"elk-287","weibull",TRUE,"M21",41,1,0.999999248344414
"elk-287","weibull",TRUE,"M21",42,1,0.999999760157369
"elk-287","weibull",TRUE,"M21",43,1,0.999999880247586
"elk-287","weibull",TRUE,"M21",44,1,0.99999985258559
"elk-287","weibull",TRUE,"M21",45,1,0.999999894133353
"elk-287","weibull",TRUE,"M21",46,1,0.999999835122728
"elk-287","weibull",TRUE,"M21",47,1,0.999999881035435
"elk-287","weibull",TRUE,"M21",48,1,0.999999922863682
"elk-287","weibull",TRUE,"M21",49,1,0.9999999641921
"elk-287","weibull",TRUE,"M21",50,1,1
"elk-287","weibull",TRUE,"M21",51,1,0.99999984450527
"elk-287","weibull",TRUE,"M21",52,1,1
"elk-287","weibull",TRUE,"M21",53,1,1
"elk-287","weibull",TRUE,"M21",54,1,1
"elk-287","weibull",TRUE,"M21",55,1,0.999999933875261
"elk-287","weibull",TRUE,"M21",56,1,0.999999908556515
"elk-287","weibull",TRUE,"M21",57,1,0.999999866649285
"elk-287","weibull",TRUE,"M21",58,1,0.999999733457019
"elk-287","weibull",TRUE,"M21",59,1,0.999999675112715
"elk-287","weibull",TRUE,"M21",60,1,0.999999443350955
"elk-287","weibull",TRUE,"M21",61,1,0.999999676225261
"elk-287","weibull",TRUE,"M21",62,1,0.999999799749073
"elk-287","weibull",TRUE,"M21",63,1,0.999999722410342
"elk-287","weibull",TRUE,"M21",64,1,0.9999997756113
"elk-287","weibull",TRUE,"M21",65,1,0.999999707991596
"elk-287","weibull",TRUE,"M21",66,1,0.999999479535559
"elk-287","weibull",TRUE,"M21",67,1,0.999999813408038
"elk-287","weibull",TRUE,"M21",68,1,0.99999982120317
"elk-287","weibull",TRUE,"M21",69,1,0.999999746383283
"elk-287","weibull",TRUE,"M21",70,1,0.999999428346884
"elk-287","weibull",TRUE,"M21",71,1,1
"elk-287","weibull",TRUE,"M21",72,1,0.999999934604033
"elk-287","weibull",TRUE,"M21",73,1,1
"elk-287","weibull",TRUE,"M21",74,1,1
"elk-287","weibull",TRUE,"M21",75,1,0.999999999964598
"elk-287","weibull",TRUE,"M21",76,1,0.999999774579045
"elk-287","weibull",TRUE,"M21",77,1,1
"elk-287","weibull",TRUE,"M21",78,1,0.999999958000795
"elk-287","weibull",TRUE,"M21",79,1,1
"elk-287","weibull",TRUE,"M21",80,1,0.999999929956317
"elk-287","weibull",TRUE,"M21",81,1,0.999999819645808
"elk-287","weibull",TRUE,"M21",82,1,0.999999777978599
"elk-287","weibull",TRUE,"M21",83,1,0.999999434134252
"elk-287","weibull",TRUE,"M21",84,1,0.999999080279574
"elk-287","weibull",TRUE,"M21",85,1,0.999998654714279
"elk-287","weibull",TRUE,"M21",86,1,0.999999068074682
"elk-287","weibull",TRUE,"M21",87,1,0.999999440928914
"elk-287","weibull",TRUE,"M21",88,1,1
"elk-287","weibull",TRUE,"M21",89,1,1
"elk-287","weibull",TRUE,"M21",90,1,0.872786115297698
"elk-287","weibull",TRUE,"M21",91,1,0.707012834617139
"elk-287","weibull",TRUE,"M21",92,2,0.553643084154877
"elk-287","weibull",TRUE,"M21",93,2,0.591944957682845
"elk-287","weibull",TRUE,"M21",94,2,0.657148655067512
"elk-287","weibull",TRUE,"M21",95,2,0.711859883888083
"elk-287","weibull",TRUE,"M21",96,2,0.807268106955476
"elk-287","weibull",TRUE,"M21",97,2,0.974757011136928
"elk-287","weibull",TRUE,"M21",98,2,0.999642119105209
"elk-287","weibull",TRUE,"M21",99,2,0.999960820227383
"elk-287","weibull",TRUE,"M21",100,2,0.999966889467544
"elk-287","weibull",TRUE,"M21",101,2,0.999968052287859
"elk-287","weibull",TRUE,"M21",102,2,0.999967007818094
"elk-287","weibull",TRUE,"M21",103,2,0.999968336568181
"elk-287","weibull",TRUE,"M21",104,2,0.999977098345825
"elk-287","weibull",TRUE,"M21",105,2,0.999989015142243
"elk-287","weibull",TRUE,"M21",106,2,0.999995044980621
"elk-287","weibull",TRUE,"M21",107,2,0.999997947516581
"elk-287","weibull",TRUE,"M21",108,2,0.999999921990788
"elk-287","weibull",TRUE,"M21",109,2,0.999999993903587
"elk-287","weibull",TRUE,"M21",110,2,0.99999995795785
"elk-287","weibull",TRUE,"M21",111,2,0.999999978735489
"elk-287","weibull",TRUE,"M21",112,2,0.999999985537145
"elk-287","weibull",TRUE,"M21",113,2,0.999999993045222
"elk-287","weibull",TRUE,"M21",114,2,0.999999975255565
"elk-287","weibull",TRUE,"M21",115,2,0.999999985782756
"elk-287","weibull",TRUE,"M21",116,2,0.999999995941155
"elk-287","weibull",TRUE,"M21",117,2,0.999999977862236
"elk-287","weibull",TRUE,"M21",118,2,0.999999991524243
"elk-287","weibull",TRUE,"M21",119,2,0.999999986231198
"elk-287","weibull",TRUE,"M21",120,2,0.999999996648308
"elk-287","weibull",TRUE,"M21",121,2,0.999999989948938
"elk-287","weibull",TRUE,"M21",122,2,0.999999991971625
"elk-287","weibull",TRUE,"M21",123,2,0.999999907979591
"elk-287","weibull",TRUE,"M21",124,2,0.999998949247275
"elk-287","weibull",TRUE,"M21",125,2,0.999998993137
"elk-287","weibull",TRUE,"M21",126,2,0.999999808044265
"elk-287","weibull",TRUE,"M21",127,2,0.999999660730733
"elk-287","weibull",TRUE,"M21",128,2,0.99999992266957
"elk-287","weibull",TRUE,"M21",129,2,0.999999962785475
"elk-287","weibull",TRUE,"M21",130,2,0.999999985879594
"elk-287","weibull",TRUE,"M21",131,2,0.999999995941591
"elk-287","weibull",TRUE,"M21",132,2,0.999999876697015
"elk-287","weibull",TRUE,"M21",133,2,0.999999977693617
"elk-287","weibull",TRUE,"M21",134,2,0.999999998820809
"elk-287","weibull",TRUE,"M21",135,2,0.999999995504574
"elk-287","weibull",TRUE,"M21",136,2,0.999999998429606
"elk-287","weibull",TRUE,"M21",137,2,0.999999996037041
"elk-287","weibull",TRUE,"M21",138,2,0.99999984590866
"elk-287","weibull",TRUE,"M21",139,2,0.999999994496941
"elk-287","weibull",TRUE,"M21",140,2,0.999999999034139
"elk-287","weibull",TRUE,"M21",141,2,0.999999997822866
"elk-287","weibull",TRUE,"M21",142,2,0.999999994901857
"elk-287","weibull",TRUE,"M21",143,2,0.999999968530161
"elk-287","weibull",TRUE,"M21",144,2,0.999999504091483
"elk-287","weibull",TRUE,"M21",145,2,0.999999628215721
"elk-287","weibull",TRUE,"M21",146,2,0.999999942040657
"elk-287","weibull",TRUE,"M21",147,2,0.99999989091481
"elk-287","weibull",TRUE,"M21",148,2,0.999999995099787
"elk-287","weibull",TRUE,"M21",149,2,0.99999999195206
"elk-287","weibull",TRUE,"M21",150,2,0.999999374327196
"elk-287","weibull",TRUE,"M21",151,2,0.999999365436308
"elk-287","weibull",TRUE,"M21",152,2,0.999999535233044
"elk-287","weibull",TRUE,"M21",153,2,0.999999488896714
"elk-287","weibull",TRUE,"M21",154,2,0.99999991256522
"elk-287","weibull",TRUE,"M21",155,2,0.999999595979747
"elk-287","weibull",TRUE,"M21",156,2,0.999999485603786
"elk-287","weibull",TRUE,"M21",157,2,0.999999592172738
"elk-287","weibull",TRUE,"M21",158,2,0.999999829704009
"elk-287","weibull",TRUE,"M21",159,2,0.999999723394874
"elk-287","weibull",TRUE,"M21",160,2,0.999999982261669
"elk-287","weibull",TRUE,"M21",161,2,0.999999775416394
"elk-287","weibull",TRUE,"M21",162,2,0.999999717861942
"elk-287","weibull",TRUE,"M21",163,2,0.999991219815171
"elk-287","weibull",TRUE,"H2",1,2,0.999997523540937
"elk-287","weibull",TRUE,"H2",2,2,0.996253143250082
"elk-287","weibull",TRUE,"H2",3,2,0.999638343983143
"elk-287","weibull",TRUE,"H2",4,2,0.996477672639178
"elk-287","weibull",TRUE,"H2",5,1,1
"elk-287","weibull",TRUE,"H2",6,1,0.999999999727032
"elk-287","weibull",TRUE,"H2",7,1,0.999999999997937
"elk-287","weibull",TRUE,"H2",8,1,0.999999999841279
"elk-287","weibull",TRUE,"H2",9,1,0.999884453330089
"elk-287","weibull",TRUE,"H2",10,1,0.999999969582488
"elk-287","weibull",TRUE,"H2",11,2,0.875328447054802
"elk-287","weibull",TRUE,"H2",12,2,0.99784080734643
"elk-287","weibull",TRUE,"H2",13,2,0.995270858449997
"elk-287","weibull",TRUE,"H2",14,1,0.999955459637429
"elk-287","weibull",TRUE,"H2",15,1,0.953318919353048
"elk-287","weibull",TRUE,"H2",16,2,0.964268231468886
"elk-287","weibull",TRUE,"H2",17,2,0.995563521602403
"elk-287","weibull",TRUE,"H2",18,2,0.998537138661626
"elk-287","weibull",TRUE,"H2",19,2,0.979860284616052
"elk-287","weibull",TRUE,"H2",20,2,0.996530364662047
"elk-287","weibull",TRUE,"H2",21,2,0.999663668306562
"elk-287","weibull",TRUE,"H2",22,2,0.999249740497386
"elk-287","weibull",TRUE,"H2",23,2,0.999719118844615
"elk-287","weibull",TRUE,"H2",24,2,0.999156018493275
"elk-287","weibull",TRUE,"H2",25,2,0.992743767452697
"elk-287","weibull",TRUE,"H2",26,1,0.883087170552774
"elk-287","weibull",TRUE,"H2",27,1,0.999997526145657
"elk-287","weibull",TRUE,"H2",28,2,0.938117204746201
"elk-287","weibull",TRUE,"H2",29,1,0.999999999998603
"elk-287","weibull",TRUE,"H2",30,1,1
"elk-287","weibull",TRUE,"H2",31,1,0.999999999961806
"elk-287","weibull",TRUE,"H2",32,2,0.946105801730595
"elk-287","weibull",TRUE,"H2",33,2,0.70606270024137
"elk-287","weibull",TRUE,"H2",34,1,0.999993920109343
"elk-287","weibull",TRUE,"H2",35,1,0.981419735095699
"elk-287","weibull",TRUE,"H2",36,1,0.998296654038533
"elk-287","weibull",TRUE,"H2",37,1,0.935780756697172
"elk-287","weibull",TRUE,"H2",38,2,0.936412361157087
"elk-287","weibull",TRUE,"H2",39,1,0.989016607850891
"elk-287","weibull",TRUE,"H2",40,2,0.990450809643943
"elk-287","weibull",TRUE,"H2",41,2,0.9764990255952
"elk-287","weibull",TRUE,"H2",42,2,0.988740064966318
"elk-287","weibull",TRUE,"H2",43,2,0.993281964955202
"elk-287","weibull",TRUE,"H2",44,2,0.999881487049146
"elk-287","weibull",TRUE,"H2",45,2,0.99927147751487
"elk-287","weibull",TRUE,"H2",46,2,0.999625784635362
"elk-287","weibull",TRUE,"H2",47,2,0.999836237494762
"elk-287","weibull",TRUE,"H2",48,2,0.996968716230408
"elk-287","weibull",TRUE,"H2",49,2,0.963376275929286
"elk-287","weibull",TRUE,"H2",50,1,1
"elk-287","weibull",TRUE,"H2",51,1,0.643258520013308
"elk-287","weibull",TRUE,"H2",52,1,0.999999143569195
"elk-287","weibull",TRUE,"H2",53,1,0.999999999998937
"elk-287","weibull",TRUE,"H2",54,1,0.999999996244272
"elk-287","weibull",TRUE,"H2",55,2,0.994792953206514
"elk-287","weibull",TRUE,"H2",56,2,0.999427960435238
"elk-287","weibull",TRUE,"H2",57,2,0.996707945840124
"elk-287","weibull",TRUE,"H2",58,2,0.999786418286333
"elk-287","weibull",TRUE,"H2",59,2,0.999788509106507
"elk-287","weibull",TRUE,"H2",60,2,0.99955392593052
"elk-287","weibull",TRUE,"H2",61,2,0.999765367574694
"elk-287","weibull",TRUE,"H2",62,2,0.999200456146292
"elk-287","weibull",TRUE,"H2",63,2,0.99396848700199
"elk-287","weibull",TRUE,"H2",64,2,0.999346431745351
"elk-287","weibull",TRUE,"H2",65,2,0.999298117754767
"elk-287","weibull",TRUE,"H2",66,2,0.99805603313541
"elk-287","weibull",TRUE,"H2",67,2,0.847772378287114
"elk-287","weibull",TRUE,"H2",68,2,0.982614015867912
"elk-287","weibull",TRUE,"H2",69,2,0.997624047613255
"elk-287","weibull",TRUE,"H2",70,2,0.756476316178739
"elk-287","weibull",TRUE,"H2",71,1,0.999998969061519
"elk-287","weibull",TRUE,"H2",72,2,0.924997582080732
"elk-287","weibull",TRUE,"H2",73,1,1
"elk-287","weibull",TRUE,"H2",74,1,0.999999999994019
"elk-287","weibull",TRUE,"H2",75,1,0.999885352171508
"elk-287","weibull",TRUE,"H2",76,1,0.897884477977088
"elk-287","weibull",TRUE,"H2",77,1,0.999999991384925
"elk-287","weibull",TRUE,"H2",78,2,0.705883554680523
"elk-287","weibull",TRUE,"H2",79,1,1
"elk-287","weibull",TRUE,"H2",80,2,0.842462596479503
"elk-287","weibull",TRUE,"H2",81,2,0.999495726838038
"elk-287","weibull",TRUE,"H2",82,2,0.998494264028622
"elk-287","weibull",TRUE,"H2",83,2,0.999854421517091
"elk-287","weibull",TRUE,"H2",84,2,0.997359911683895
"elk-287","weibull",TRUE,"H2",85,2,0.999575814094252
"elk-287","weibull",TRUE,"H2",86,2,0.999102194043193
"elk-287","weibull",TRUE,"H2",87,2,0.995925549325083
"elk-287","weibull",TRUE,"H2",88,1,0.999998630073353
"elk-287","weibull",TRUE,"H2",89,1,0.999999999999943
"elk-287","weibull",TRUE,"H2",90,2,0.996134318231313
"elk-287","weibull",TRUE,"H2",91,2,0.999390662055525
"elk-287","weibull",TRUE,"H2",92,2,0.999386045105562
"elk-287","weibull",TRUE,"H2",93,2,0.969629973459095
"elk-287","weibull",TRUE,"H2",94,2,0.90630110820301
"elk-287","weibull",TRUE,"H2",95,2,0.999113397487495
"elk-287","weibull",TRUE,"H2",96,2,0.999672394975935
"elk-287","weibull",TRUE,"H2",97,2,0.999262573935426
"elk-287","weibull",TRUE,"H2",98,2,0.998519416835613
"elk-287","weibull",TRUE,"H2",99,2,0.997665379112456
"elk-287","weibull",TRUE,"H2",100,2,0.999075102246536
"elk-287","weibull",TRUE,"H2",101,2,0.999607490678707
"elk-287","weibull",TRUE,"H2",102,2,0.999403905438747
"elk-287","weibull",TRUE,"H2",103,2,0.998836268116123
"elk-287","weibull",TRUE,"H2",104,2,0.999854960391006
"elk-287","weibull",TRUE,"H2",105,2,0.999725060755122
"elk-287","weibull",TRUE,"H2",106,2,0.999495280755206
"elk-287","weibull",TRUE,"H2",107,2,0.99953921332801
"elk-287","weibull",TRUE,"H2",108,2,0.995635666610199
"elk-287","weibull",TRUE,"H2",109,2,0.996718972295523
"elk-287","weibull",TRUE,"H2",110,2,0.999558255081779
"elk-287","weibull",TRUE,"H2",111,2,0.99954138634667
"elk-287","weibull",TRUE,"H2",112,2,0.984527938399979
"elk-287","weibull",TRUE,"H2",113,2,0.991457012865162
"elk-287","weibull",TRUE,"H2",114,2,0.998678299816723
"elk-287","weibull",TRUE,"H2",115,2,0.987705781946441
"elk-287","weibull",TRUE,"H2",116,2,0.99461432573611
"elk-287","weibull",TRUE,"H2",117,2,0.996515725635507
"elk-287","weibull",TRUE,"H2",118,2,0.99929202731427
"elk-287","weibull",TRUE,"H2",119,2,0.999617472449125
"elk-287","weibull",TRUE,"H2",120,2,0.996338821707694
"elk-287","weibull",TRUE,"H2",121,2,0.999337969544392
"elk-287","weibull",TRUE,"H2",122,2,0.999244082867518
"elk-287","weibull",TRUE,"H2",123,2,0.99677356130298
"elk-287","weibull",TRUE,"H2",124,2,0.997904797747839
"elk-287","weibull",TRUE,"H2",125,2,0.99957094611446
"elk-287","weibull",TRUE,"H2",126,2,0.998189252321512
"elk-287","weibull",TRUE,"H2",127,2,0.989952393689572
"elk-287","weibull",TRUE,"H2",128,2,0.996683195933953
"elk-287","weibull",TRUE,"H2",129,2,0.99945157050126
"elk-287","weibull",TRUE,"H2",130,2,0.987660750925258
"elk-287","weibull",TRUE,"H2",131,2,0.997486118745641
"elk-287","weibull",TRUE,"H2",132,2,0.999799570852445
"elk-287","weibull",TRUE,"H2",133,2,0.99128127823925
"elk-287","weibull",TRUE,"H2",134,2,0.998376987584464
"elk-287","weibull",TRUE,"H2",135,2,0.996644954375474
"elk-287","weibull",TRUE,"H2",136,2,0.998151002516587
"elk-287","weibull",TRUE,"H2",137,2,0.998147805556471
"elk-287","weibull",TRUE,"H2",138,2,0.999232664162509
"elk-287","weibull",TRUE,"H2",139,2,0.99886139775343
"elk-287","weibull",TRUE,"H2",140,2,0.998759077483008
"elk-287","weibull",TRUE,"H2",141,2,0.999393735234767
"elk-287","weibull",TRUE,"H2",142,2,0.996515858942476
"elk-287","weibull",TRUE,"H2",143,2,0.999101336389002
"elk-287","weibull",TRUE,"H2",144,2,0.999580365998838
"elk-287","weibull",TRUE,"H2",145,2,0.999187112030623
"elk-287","weibull",TRUE,"H2",146,2,0.999469013043748
"elk-287","weibull",TRUE,"H2",147,2,0.998498427402075
"elk-287","weibull",TRUE,"H2",148,2,0.998299394314042
"elk-287","weibull",TRUE,"H2",149,2,0.998964671777594
"elk-287","weibull",TRUE,"H2",150,2,0.999296519800329
"elk-287","weibull",TRUE,"H2",151,2,0.998316205879884
"elk-287","weibull",TRUE,"H2",152,2,0.995926466704446
"elk-287","weibull",TRUE,"H2",153,2,0.999787139334351
"elk-287","weibull",TRUE,"H2",154,2,0.997665392594696
"elk-287","weibull",TRUE,"H2",155,2,0.999810478983018
"elk-287","weibull",TRUE,"H2",156,2,0.995187380531516
"elk-287","weibull",TRUE,"H2",157,2,0.999748143732738
"elk-287","weibull",TRUE,"H2",158,2,0.986966458751186
"elk-287","weibull",TRUE,"H2",159,2,0.994958368193345
"elk-287","weibull",TRUE,"H2",160,2,0.998439003450539
"elk-287","weibull",TRUE,"H2",161,2,0.997789007705365
"elk-287","weibull",TRUE,"H2",162,2,0.998192119801809
"elk-287","weibull",TRUE,"H2",163,2,0.999488886125835
"elk-287","weibull",TRUE,"H3",1,1,0.999993418886489
"elk-287","weibull",TRUE,"H3",2,1,0.972931642519745
"elk-287","weibull",TRUE,"H3",3,1,0.997718544825248
"elk-287","weibull",TRUE,"H3",4,1,0.994598735397796
"elk-287","weibull",TRUE,"H3",5,3,1
"elk-287","weibull",TRUE,"H3",6,3,1
"elk-287","weibull",TRUE,"H3",7,3,1
"elk-287","weibull",TRUE,"H3",8,3,1
"elk-287","weibull",TRUE,"H3",9,3,0.999999999999992
"elk-287","weibull",TRUE,"H3",10,3,1
"elk-287","weibull",TRUE,"H3",11,1,0.917462777433565
"elk-287","weibull",TRUE,"H3",12,1,0.996216727505927
"elk-287","weibull",TRUE,"H3",13,1,0.990514641308995
"elk-287","weibull",TRUE,"H3",14,3,0.999999999999983
"elk-287","weibull",TRUE,"H3",15,3,0.999999999869244
"elk-287","weibull",TRUE,"H3",16,1,0.642006441360175
"elk-287","weibull",TRUE,"H3",17,3,0.999769699128506
"elk-287","weibull",TRUE,"H3",18,1,0.970502030534854
"elk-287","weibull",TRUE,"H3",19,1,0.788986071960956
"elk-287","weibull",TRUE,"H3",20,1,0.984003086301764
"elk-287","weibull",TRUE,"H3",21,1,0.996086214567763
"elk-287","weibull",TRUE,"H3",22,1,0.993714117186069
"elk-287","weibull",TRUE,"H3",23,1,0.998079042436769
"elk-287","weibull",TRUE,"H3",24,1,0.996645455938552
"elk-287","weibull",TRUE,"H3",25,1,0.989413755675933
"elk-287","weibull",TRUE,"H3",26,3,0.999999931669478
"elk-287","weibull",TRUE,"H3",27,3,1
"elk-287","weibull",TRUE,"H3",28,1,0.975594445620664
"elk-287","weibull",TRUE,"H3",29,3,1
"elk-287","weibull",TRUE,"H3",30,3,1
"elk-287","weibull",TRUE,"H3",31,3,1
"elk-287","weibull",TRUE,"H3",32,1,0.939253930088561
"elk-287","weibull",TRUE,"H3",33,3,0.999455851912411
"elk-287","weibull",TRUE,"H3",34,3,0.999999999999999
"elk-287","weibull",TRUE,"H3",35,3,0.999999960914794
"elk-287","weibull",TRUE,"H3",36,3,0.999999999999592
"elk-287","weibull",TRUE,"H3",37,3,0.999999999991226
"elk-287","weibull",TRUE,"H3",38,1,0.976247451066548
"elk-287","weibull",TRUE,"H3",39,3,0.999999999967748
"elk-287","weibull",TRUE,"H3",40,1,0.942556242500921
"elk-287","weibull",TRUE,"H3",41,3,0.999999765340213
"elk-287","weibull",TRUE,"H3",42,1,0.911599741893292
"elk-287","weibull",TRUE,"H3",43,1,0.969873937291336
"elk-287","weibull",TRUE,"H3",44,1,0.998227425649027
"elk-287","weibull",TRUE,"H3",45,1,0.993726369160672
"elk-287","weibull",TRUE,"H3",46,1,0.997444719611806
"elk-287","weibull",TRUE,"H3",47,1,0.998455682171143
"elk-287","weibull",TRUE,"H3",48,1,0.990183856851705
"elk-287","weibull",TRUE,"H3",49,1,0.905940918011599
"elk-287","weibull",TRUE,"H3",50,3,1
"elk-287","weibull",TRUE,"H3",51,3,0.600022997723449
"elk-287","weibull",TRUE,"H3",52,3,1
"elk-287","weibull",TRUE,"H3",53,3,1
"elk-287","weibull",TRUE,"H3",54,3,1
"elk-287","weibull",TRUE,"H3",55,1,0.977591985577619
"elk-287","weibull",TRUE,"H3",56,1,0.996576646447584
"elk-287","weibull",TRUE,"H3",57,1,0.987884335522205
"elk-287","weibull",TRUE,"H3",58,1,0.998575381870761
"elk-287","weibull",TRUE,"H3",59,1,0.996361608846045
"elk-287","weibull",TRUE,"H3",60,1,0.993550916027267
"elk-287","weibull",TRUE,"H3",61,1,0.998624165017325
"elk-287","weibull",TRUE,"H3",62,1,0.995448053798679
"elk-287","weibull",TRUE,"H3",63,1,0.960961429723181
"elk-287","weibull",TRUE,"H3",64,1,0.997043693136944
"elk-287","weibull",TRUE,"H3",65,1,0.996104433189372
"elk-287","weibull",TRUE,"H3",66,1,0.964245778483804
"elk-287","weibull",TRUE,"H3",67,3,0.999999573849269
"elk-287","weibull",TRUE,"H3",68,1,0.932802416747898
"elk-287","weibull",TRUE,"H3",69,1,0.988660019408492
"elk-287","weibull",TRUE,"H3",70,3,0.999997996373632
"elk-287","weibull",TRUE,"H3",71,3,1
"elk-287","weibull",TRUE,"H3",72,1,0.970366329050227
"elk-287","weibull",TRUE,"H3",73,3,1
"elk-287","weibull",TRUE,"H3",74,3,1
"elk-287","weibull",TRUE,"H3",75,3,0.999999999999985
"elk-287","weibull",TRUE,"H3",76,3,0.985244068108502
"elk-287","weibull",TRUE,"H3",77,3,1
"elk-287","weibull",TRUE,"H3",78,1,0.896914284075954
"elk-287","weibull",TRUE,"H3",79,3,1
"elk-287","weibull",TRUE,"H3",80,1,0.897922306146311
"elk-287","weibull",TRUE,"H3",81,1,0.998254866794392
"elk-287","weibull",TRUE,"H3",82,1,0.993147110025422
"elk-287","weibull",TRUE,"H3",83,1,0.998695921991853
"elk-287","weibull",TRUE,"H3",84,1,0.983407934191072
"elk-287","weibull",TRUE,"H3",85,1,0.992538649377978
"elk-287","weibull",TRUE,"H3",86,1,0.994687768900208
"elk-287","weibull",TRUE,"H3",87,1,0.992953239525503
"elk-287","weibull",TRUE,"H3",88,3,1
"elk-287","weibull",TRUE,"H3",89,3,1
"elk-287","weibull",TRUE,"H3",90,1,0.994862093454831
"elk-287","weibull",TRUE,"H3",91,1,0.80846648777491
"elk-287","weibull",TRUE,"H3",92,2,0.558211187486346
"elk-287","weibull",TRUE,"H3",93,2,0.619049352425958
"elk-287","weibull",TRUE,"H3",94,2,0.727789129419742
"elk-287","weibull",TRUE,"H3",95,2,0.727814274829145
"elk-287","weibull",TRUE,"H3",96,2,0.80867015152706
"elk-287","weibull",TRUE,"H3",97,2,0.973840899490041
"elk-287","weibull",TRUE,"H3",98,2,0.999936744381947
"elk-287","weibull",TRUE,"H3",99,2,0.999938808353363
"elk-287","weibull",TRUE,"H3",100,2,0.999938578607079
"elk-287","weibull",TRUE,"H3",101,2,0.999939726399499
"elk-287","weibull",TRUE,"H3",102,2,0.999939905656708
"elk-287","weibull",TRUE,"H3",103,2,0.999942081549822
"elk-287","weibull",TRUE,"H3",104,2,0.999954076661161
"elk-287","weibull",TRUE,"H3",105,2,0.999974484059066
"elk-287","weibull",TRUE,"H3",106,2,0.999987086942535
"elk-287","weibull",TRUE,"H3",107,2,0.999994275891353
"elk-287","weibull",TRUE,"H3",108,2,0.999999997421464
"elk-287","weibull",TRUE,"H3",109,2,0.999999994540188
"elk-287","weibull",TRUE,"H3",110,2,0.999999986452608
"elk-287","weibull",TRUE,"H3",111,2,0.999999995189012
"elk-287","weibull",TRUE,"H3",112,2,0.999999999178091
"elk-287","weibull",TRUE,"H3",113,2,0.99999999603206
"elk-287","weibull",TRUE,"H3",114,2,0.999999992469212
"elk-287","weibull",TRUE,"H3",115,2,0.999999999548974
"elk-287","weibull",TRUE,"H3",116,2,0.999999997825632
"elk-287","weibull",TRUE,"H3",117,2,0.999999993810744
"elk-287","weibull",TRUE,"H3",118,2,0.999999997259458
"elk-287","weibull",TRUE,"H3",119,2,0.999999997011864
"elk-287","weibull",TRUE,"H3",120,2,0.999999999134205
"elk-287","weibull",TRUE,"H3",121,2,0.999999997294742
"elk-287","weibull",TRUE,"H3",122,2,0.999999994770933
"elk-287","weibull",TRUE,"H3",123,2,0.99999983692862
"elk-287","weibull",TRUE,"H3",124,2,0.999999558150466
"elk-287","weibull",TRUE,"H3",125,2,0.9999995959246
"elk-287","weibull",TRUE,"H3",126,2,0.999999931274884
"elk-287","weibull",TRUE,"H3",127,2,0.999999901152565
"elk-287","weibull",TRUE,"H3",128,2,0.99999997517424
"elk-287","weibull",TRUE,"H3",129,2,0.99999998808174
"elk-287","weibull",TRUE,"H3",130,2,0.999999998707562
"elk-287","weibull",TRUE,"H3",131,2,0.999999993069873
"elk-287","weibull",TRUE,"H3",132,2,0.99999997050404
"elk-287","weibull",TRUE,"H3",133,2,0.999999999980413
"elk-287","weibull",TRUE,"H3",134,2,0.999999999970183
"elk-287","weibull",TRUE,"H3",135,2,0.999999999824288
"elk-287","weibull",TRUE,"H3",136,2,0.999999999728429
"elk-287","weibull",TRUE,"H3",137,2,0.999999992214002
"elk-287","weibull",TRUE,"H3",138,2,0.999999961411464
"elk-287","weibull",TRUE,"H3",139,2,0.999999999504164
"elk-287","weibull",TRUE,"H3",140,2,0.999999999943344
"elk-287","weibull",TRUE,"H3",141,2,0.999999999606943
"elk-287","weibull",TRUE,"H3",142,2,0.999999994906483
"elk-287","weibull",TRUE,"H3",143,2,0.999999971656323
"elk-287","weibull",TRUE,"H3",144,2,0.999999856626393
"elk-287","weibull",TRUE,"H3",145,2,0.99999989107045
"elk-287","weibull",TRUE,"H3",146,2,0.999999980887083
"elk-287","weibull",TRUE,"H3",147,2,0.999999973436522
"elk-287","weibull",TRUE,"H3",148,2,0.999999998997936
"elk-287","weibull",TRUE,"H3",149,2,0.999999978217346
"elk-287","weibull",TRUE,"H3",150,2,0.999999817722236
"elk-287","weibull",TRUE,"H3",151,2,0.999999810696564
"elk-287","weibull",TRUE,"H3",152,2,0.999999827293122
"elk-287","weibull",TRUE,"H3",153,2,0.999999823846384
"elk-287","weibull",TRUE,"H3",154,2,0.999999957752889
"elk-287","weibull",TRUE,"H3",155,2,0.999999880339095
"elk-287","weibull",TRUE,"H3",156,2,0.999999846508608
"elk-287","weibull",TRUE,"H3",157,2,0.999999882902049
"elk-287","weibull",TRUE,"H3",158,2,0.999999923614344
"elk-287","weibull",TRUE,"H3",159,2,0.999999894000682
"elk-287","weibull",TRUE,"H3",160,2,0.999999993906173
"elk-287","weibull",TRUE,"H3",161,2,0.999999955777205
"elk-287","weibull",TRUE,"H3",162,2,0.999999747425725
"elk-287","weibull",TRUE,"H3",163,2,0.999998615939417
"elk-363","weibull",TRUE,"M21",1,1,1
"elk-363","weibull",TRUE,"M21",2,1,1
"elk-363","weibull",TRUE,"M21",3,1,1
"elk-363","weibull",TRUE,"M21",4,1,1
"elk-363","weibull",TRUE,"M21",5,1,1
"elk-363","weibull",TRUE,"M21",6,1,1
"elk-363","weibull",TRUE,"M21",7,1,1
"elk-363","weibull",TRUE,"M21",8,1,1
"elk-363","weibull",TRUE,"M21",9,1,1
"elk-363","weibull",TRUE,"M21",10,1,1
"elk-363","weibull",TRUE,"M21",11,1,1
"elk-363","weibull",TRUE,"M21",12,1,1
"elk-363","weibull",TRUE,"M21",13,1,1
"elk-363","weibull",TRUE,"M21",14,1,1
"elk-363","weibull",TRUE,"M21",15,1,1
"elk-363","weibull",TRUE,"M21",16,1,1
"elk-363","weibull",TRUE,"M21",17,1,1
"elk-363","weibull",TRUE,"M21",18,1,1
"elk-363","weibull",TRUE,"M21",19,1,1
"elk-363","weibull",TRUE,"M21",20,1,1
"elk-363","weibull",TRUE,"M21",21,1,1
"elk-363","weibull",TRUE,"M21",22,1,1
"elk-363","weibull",TRUE,"M21",23,1,1
"elk-363","weibull",TRUE,"M21",24,1,1
"elk-363","weibull",TRUE,"M21",25,1,1
"elk-363","weibull",TRUE,"M21",26,1,1
"elk-363","weibull",TRUE,"M21",27,1,1
"elk-363","weibull",TRUE,"M21",28,1,1
"elk-363","weibull",TRUE,"M21",29,1,1
"elk-363","weibull",TRUE,"M21",30,1,1
"elk-363","weibull",TRUE,"M21",31,1,1
"elk-363","weibull",TRUE,"M21",32,1,1
"elk-363","weibull",TRUE,"M21",33,1,1
"elk-363","weibull",TRUE,"M21",34,1,1
"elk-363","weibull",TRUE,"M21",35,1,1
"elk-363","weibull",TRUE,"M21",36,1,1
"elk-363","weibull",TRUE,"M21",37,1,1
"elk-363","weibull",TRUE,"M21",38,1,1
"elk-363","weibull",TRUE,"M21",39,1,1
"elk-363","weibull",TRUE,"M21",40,1,1
"elk-363","weibull",TRUE,"M21",41,1,1
"elk-363","weibull",TRUE,"M21",42,1,1
"elk-363","weibull",TRUE,"M21",43,1,1
"elk-363","weibull",TRUE,"M21",44,1,1
"elk-363","weibull",TRUE,"M21",45,1,1
"elk-363","weibull",TRUE,"M21",46,1,1
"elk-363","weibull",TRUE,"M21",47,1,0.999999957343544
"elk-363","weibull",TRUE,"M21",48,1,1
"elk-363","weibull",TRUE,"M21",49,1,1
"elk-363","weibull",TRUE,"M21",50,1,1
"elk-363","weibull",TRUE,"M21",51,1,1
"elk-363","weibull",TRUE,"M21",52,1,1
"elk-363","weibull",TRUE,"M21",53,1,1
"elk-363","weibull",TRUE,"M21",54,1,1
"elk-363","weibull",TRUE,"M21",55,1,1
"elk-363","weibull",TRUE,"M21",56,1,1
"elk-363","weibull",TRUE,"M21",57,1,1
"elk-363","weibull",TRUE,"M21",58,1,1
"elk-363","weibull",TRUE,"M21",59,1,1
"elk-363","weibull",TRUE,"M21",60,1,1
"elk-363","weibull",TRUE,"M21",61,1,1
"elk-363","weibull",TRUE,"M21",62,1,1
"elk-363","weibull",TRUE,"M21",63,1,1
"elk-363","weibull",TRUE,"M21",64,1,1
"elk-363","weibull",TRUE,"M21",65,1,1
"elk-363","weibull",TRUE,"M21",66,1,1
"elk-363","weibull",TRUE,"M21",67,1,1
"elk-363","weibull",TRUE,"M21",68,1,1
"elk-363","weibull",TRUE,"M21",69,1,1
"elk-363","weibull",TRUE,"M21",70,1,1
"elk-363","weibull",TRUE,"M21",71,1,1
"elk-363","weibull",TRUE,"M21",72,1,1
"elk-363","weibull",TRUE,"M21",73,1,1
"elk-363","weibull",TRUE,"M21",74,1,1
"elk-363","weibull",TRUE,"M21",75,1,1
"elk-363","weibull",TRUE,"M21",76,1,1
"elk-363","weibull",TRUE,"M21",77,1,1
"elk-363","weibull",TRUE,"M21",78,1,1
"elk-363","weibull",TRUE,"M21",79,1,1
"elk-363","weibull",TRUE,"M21",80,1,1
"elk-363","weibull",TRUE,"M21",81,1,1
"elk-363","weibull",TRUE,"M21",82,1,1
"elk-363","weibull",TRUE,"M21",83,1,1
"elk-363","weibull",TRUE,"M21",84,1,1
"elk-363","weibull",TRUE,"M21",85,1,1
"elk-363","weibull",TRUE,"M21",86,1,1
"elk-363","weibull",TRUE,"M21",87,1,1
"elk-363","weibull",TRUE,"M21",88,1,1
"elk-363","weibull",TRUE,"M21",89,1,0.999999965408457
"elk-363","weibull",TRUE,"M21",90,1,1
"elk-363","weibull",TRUE,"M21",91,1,1
"elk-363","weibull",TRUE,"M21",92,1,1
"elk-363","weibull",TRUE,"M21",93,1,1
"elk-363","weibull",TRUE,"M21",94,1,1
"elk-363","weibull",TRUE,"M21",95,1,1
"elk-363","weibull",TRUE,"M21",96,1,1
"elk-363","weibull",TRUE,"M21",97,1,1
"elk-363","weibull",TRUE,"M21",98,1,1
"elk-363","weibull",TRUE,"M21",99,1,1
"elk-363","weibull",TRUE,"M21",100,1,0.999999999994339
"elk-363","weibull",TRUE,"M21",101,1,1
"elk-363","weibull",TRUE,"M21",102,1,1
"elk-363","weibull",TRUE,"M21",103,1,1
"elk-363","weibull",TRUE,"M21",104,1,1
"elk-363","weibull",TRUE,"M21",105,1,1
"elk-363","weibull",TRUE,"M21",106,1,1
"elk-363","weibull",TRUE,"M21",107,1,1
"elk-363","weibull",TRUE,"M21",108,1,1
"elk-363","weibull",TRUE,"M21",109,1,1
"elk-363","weibull",TRUE,"M21",110,1,1
"elk-363","weibull",TRUE,"M21",111,1,1
"elk-363","weibull",TRUE,"M21",112,1,1
"elk-363","weibull",TRUE,"M21",113,1,1
"elk-363","weibull",TRUE,"M21",114,1,1
"elk-363","weibull",TRUE,"M21",115,1,1
"elk-363","weibull",TRUE,"M21",116,1,1
"elk-363","weibull",TRUE,"M21",117,1,1
"elk-363","weibull",TRUE,"M21",118,1,1
"elk-363","weibull",TRUE,"M21",119,1,1
"elk-363","weibull",TRUE,"M21",120,1,1
"elk-363","weibull",TRUE,"M21",121,1,1
"elk-363","weibull",TRUE,"M21",122,1,1
"elk-363","weibull",TRUE,"M21",123,1,1
"elk-363","weibull",TRUE,"M21",124,1,1
"elk-363","weibull",TRUE,"M21",125,1,1
"elk-363","weibull",TRUE,"M21",126,1,1
"elk-363","weibull",TRUE,"M21",127,1,1
"elk-363","weibull",TRUE,"M21",128,1,1
"elk-363","weibull",TRUE,"M21",129,1,1
"elk-363","weibull",TRUE,"M21",130,1,1
"elk-363","weibull",TRUE,"M21",131,1,1
"elk-363","weibull",TRUE,"M21",132,1,1
"elk-363","weibull",TRUE,"M21",133,1,1
"elk-363","weibull",TRUE,"M21",134,1,1
"elk-363","weibull",TRUE,"M21",135,1,1
"elk-363","weibull",TRUE,"M21",136,1,1
"elk-363","weibull",TRUE,"M21",137,1,1
"elk-363","weibull",TRUE,"M21",138,1,1
"elk-363","weibull",TRUE,"M21",139,1,0.999999975945099
"elk-363","weibull",TRUE,"M21",140,1,1
"elk-363","weibull",TRUE,"M21",141,1,1
"elk-363","weibull",TRUE,"M21",142,1,0.999999726085161
"elk-363","weibull",TRUE,"M21",143,1,0.999999982574763
"elk-363","weibull",TRUE,"M21",144,1,1
"elk-363","weibull",TRUE,"M21",145,1,1
"elk-363","weibull",TRUE,"M21",146,1,1
"elk-363","weibull",TRUE,"M21",147,1,1
"elk-363","weibull",TRUE,"M21",148,1,0.999999999906422
"elk-363","weibull",TRUE,"M21",149,1,1
"elk-363","weibull",TRUE,"M21",150,1,0.999999833254242
"elk-363","weibull",TRUE,"M21",151,1,1
"elk-363","weibull",TRUE,"M21",152,1,1
"elk-363","weibull",TRUE,"M21",153,1,1
"elk-363","weibull",TRUE,"M21",154,1,1
"elk-363","weibull",TRUE,"M21",155,1,1
"elk-363","weibull",TRUE,"M21",156,1,1
"elk-363","weibull",TRUE,"M21",157,1,1
"elk-363","weibull",TRUE,"M21",158,1,0.999999999996458
"elk-363","weibull",TRUE,"M21",159,1,1
"elk-363","weibull",TRUE,"M21",160,1,1
"elk-363","weibull",TRUE,"M21",161,1,1
"elk-363","weibull",TRUE,"M21",162,1,1
"elk-363","weibull",TRUE,"M21",163,1,1
"elk-363","weibull",TRUE,"M21",164,1,1
"elk-363","weibull",TRUE,"M21",165,1,1
"elk-363","weibull",TRUE,"M21",166,1,0.999999999615249
"elk-363","weibull",TRUE,"M21",167,1,0.999999997929346
"elk-363","weibull",TRUE,"M21",168,1,1
"elk-363","weibull",TRUE,"M21",169,1,1
"elk-363","weibull",TRUE,"M21",170,1,1
"elk-363","weibull",TRUE,"M21",171,1,1
"elk-363","weibull",TRUE,"M21",172,1,0.999999529786524
"elk-363","weibull",TRUE,"M21",173,1,1
"elk-363","weibull",TRUE,"M21",174,1,1
"elk-363","weibull",TRUE,"M21",175,1,0.999999977555255
"elk-363","weibull",TRUE,"M21",176,1,1
"elk-363","weibull",TRUE,"M21",177,1,1
"elk-363","weibull",TRUE,"M21",178,1,1
"elk-363","weibull",TRUE,"M21",179,1,1
"elk-363","weibull",TRUE,"M21",180,1,1
"elk-363","weibull",TRUE,"M21",181,1,1
"elk-363","weibull",TRUE,"M21",182,1,0.999999999895599
"elk-363","weibull",TRUE,"M21",183,1,1
"elk-363","weibull",TRUE,"M21",184,1,1
"elk-363","weibull",TRUE,"M21",185,1,1
"elk-363","weibull",TRUE,"M21",186,1,1
"elk-363","weibull",TRUE,"M21",187,1,0.999999085926046
"elk-363","weibull",TRUE,"M21",188,1,1
"elk-363","weibull",TRUE,"M21",189,1,1
"elk-363","weibull",TRUE,"M21",190,1,1
"elk-363","weibull",TRUE,"M21",191,1,1
"elk-363","weibull",TRUE,"M21",192,1,1
"elk-363","weibull",TRUE,"M21",193,1,1
"elk-363","weibull",TRUE,"M21",194,1,1
"elk-363","weibull",TRUE,"M21",195,1,1
"elk-363","weibull",TRUE,"M21",196,1,1
"elk-363","weibull",TRUE,"M21",197,1,0.999999954330138
"elk-363","weibull",TRUE,"M21",198,1,1
"elk-363","weibull",TRUE,"M21",199,1,0.999999999993391
"elk-363","weibull",TRUE,"M21",200,1,1
"elk-363","weibull",TRUE,"M21",201,1,1
"elk-363","weibull",TRUE,"M21",202,1,1
"elk-363","weibull",TRUE,"M21",203,1,0.999997285143294
"elk-363","weibull",TRUE,"M21",204,1,1
"elk-363","weibull",TRUE,"M21",205,1,1
"elk-363","weibull",TRUE,"M21",206,1,1
"elk-363","weibull",TRUE,"M21",207,2,0.987383439532967
"elk-363","weibull",TRUE,"M21",208,2,0.999347488694968
"elk-363","weibull",TRUE,"M21",209,2,0.999972597872946
"elk-363","weibull",TRUE,"M21",210,2,0.999999670364473
"elk-363","weibull",TRUE,"M21",211,2,0.999999945278084
"elk-363","weibull",TRUE,"M21",212,2,0.999999997221877
"elk-363","weibull",TRUE,"M21",213,2,0.999999998916118
"elk-363","weibull",TRUE,"M21",214,2,0.999999999177766
"elk-363","weibull",TRUE,"M21",215,2,0.999999998887019
"elk-363","weibull",TRUE,"M21",216,2,0.999999991116717
"elk-363","weibull",TRUE,"M21",217,2,0.999999811409075
"elk-363","weibull",TRUE,"H2",1,1,0.999998514609751
"elk-363","weibull",TRUE,"H2",2,1,0.994884645480512
"elk-363","weibull",TRUE,"H2",3,1,0.976564140867327
"elk-363","weibull",TRUE,"H2",4,2,0.609551092386807
"elk-363","weibull",TRUE,"H2",5,1,0.817513465876634
"elk-363","weibull",TRUE,"H2",6,1,0.57976903280891
"elk-363","weibull",TRUE,"H2",7,1,0.947086880222884
"elk-363","weibull",TRUE,"H2",8,1,0.979487737367383
"elk-363","weibull",TRUE,"H2",9,1,0.992989349205461
"elk-363","weibull",TRUE,"H2",10,1,0.97388944013026
"elk-363","weibull",TRUE,"H2",11,1,0.910280624964857
"elk-363","weibull",TRUE,"H2",12,1,0.662352454413493
"elk-363","weibull",TRUE,"H2",13,1,0.850168228654854
"elk-363","weibull",TRUE,"H2",14,1,0.599316764021597
"elk-363","weibull",TRUE,"H2",15,1,0.682610523925936
"elk-363","weibull",TRUE,"H2",16,1,0.927393712800371
"elk-363","weibull",TRUE,"H2",17,1,0.942967540134068
"elk-363","weibull",TRUE,"H2",18,1,0.729967307506117
"elk-363","weibull",TRUE,"H2",19,1,0.726720713619577
"elk-363","weibull",TRUE,"H2",20,1,0.573265163098368
"elk-363","weibull",TRUE,"H2",21,1,0.531049301507971
"elk-363","weibull",TRUE,"H2",22,1,0.686235513412305
"elk-363","weibull",TRUE,"H2",23,1,0.964881928072421
"elk-363","weibull",TRUE,"H2",24,1,0.987359632516872
"elk-363","weibull",TRUE,"H2",25,1,0.991179399645809
"elk-363","weibull",TRUE,"H2",26,1,0.990077876571741
"elk-363","weibull",TRUE,"H2",27,1,0.986939945812971
"elk-363","weibull",TRUE,"H2",28,1,0.972519643765857
"elk-363","weibull",TRUE,"H2",29,1,0.96428582261705
"elk-363","weibull",TRUE,"H2",30,1,0.930502457196002
"elk-363","weibull",TRUE,"H2",31,1,0.982165798903602
"elk-363","weibull",TRUE,"H2",32,1,0.95334897053313
"elk-363","weibull",TRUE,"H2",33,2,0.999955906490705
"elk-363","weibull",TRUE,"H2",34,2,0.874528392743318
"elk-363","weibull",TRUE,"H2",35,2,0.999604334016146
"elk-363","weibull",TRUE,"H2",36,1,0.738093787393485
"elk-363","weibull",TRUE,"H2",37,2,0.671961869134669
"elk-363","weibull",TRUE,"H2",38,2,0.990384001011398
"elk-363","weibull",TRUE,"H2",39,1,0.61949610977248
"elk-363","weibull",TRUE,"H2",40,1,0.916710729294242
"elk-363","weibull",TRUE,"H2",41,2,0.950906406297193
"elk-363","weibull",TRUE,"H2",42,2,0.873483841497643
"elk-363","weibull",TRUE,"H2",43,2,0.931334468933743
"elk-363","weibull",TRUE,"H2",44,2,0.984044524976323
"elk-363","weibull",TRUE,"H2",45,1,0.917718334004215
"elk-363","weibull",TRUE,"H2",46,1,0.978860381618395
"elk-363","weibull",TRUE,"H2",47,1,0.924566026227465
"elk-363","weibull",TRUE,"H2",48,1,0.964305740583817
"elk-363","weibull",TRUE,"H2",49,1,0.990468264727829
"elk-363","weibull",TRUE,"H2",50,1,0.968805768175726
"elk-363","weibull",TRUE,"H2",51,1,0.895666492719141
"elk-363","weibull",TRUE,"H2",52,1,0.880913695486402
"elk-363","weibull",TRUE,"H2",53,1,0.925492751563322
"elk-363","weibull",TRUE,"H2",54,1,0.979088377309044
"elk-363","weibull",TRUE,"H2",55,1,0.994555419564565
"elk-363","weibull",TRUE,"H2",56,1,0.993095357438019
"elk-363","weibull",TRUE,"H2",57,1,0.984882095825749
"elk-363","weibull",TRUE,"H2",58,1,0.965848572259168
"elk-363","weibull",TRUE,"H2",59,1,0.937231361884552
"elk-363","weibull",TRUE,"H2",60,1,0.97206989280097
"elk-363","weibull",TRUE,"H2",61,2,0.58777222400009
"elk-363","weibull",TRUE,"H2",62,2,0.970852475497673
"elk-363","weibull",TRUE,"H2",63,2,0.624601756341704
"elk-363","weibull",TRUE,"H2",64,1,0.810090265361968
"elk-363","weibull",TRUE,"H2",65,2,0.998126167521412
"elk-363","weibull",TRUE,"H2",66,2,0.999861110664401
"elk-363","weibull",TRUE,"H2",67,2,0.999996258627477
"elk-363","weibull",TRUE,"H2",68,2,0.999873654285881
"elk-363","weibull",TRUE,"H2",69,1,0.55565025931112
"elk-363","weibull",TRUE,"H2",70,1,0.985258495219209
"elk-363","weibull",TRUE,"H2",71,1,0.995780726579883
"elk-363","weibull",TRUE,"H2",72,1,0.959776327390969
"elk-363","weibull",TRUE,"H2",73,1,0.905611729090167
"elk-363","weibull",TRUE,"H2",74,1,0.99025375281198
"elk-363","weibull",TRUE,"H2",75,1,0.937926095689775
"elk-363","weibull",TRUE,"H2",76,1,0.99500869405365
"elk-363","weibull",TRUE,"H2",77,1,0.987762187349791
"elk-363","weibull",TRUE,"H2",78,1,0.99436935646459
"elk-363","weibull",TRUE,"H2",79,1,0.950781013582973
"elk-363","weibull",TRUE,"H2",80,1,0.942099428367296
"elk-363","weibull",TRUE,"H2",81,1,0.989116246474471
"elk-363","weibull",TRUE,"H2",82,1,0.992526524967174
"elk-363","weibull",TRUE,"H2",83,1,0.992612811237087
"elk-363","weibull",TRUE,"H2",84,1,0.97754423145335
"elk-363","weibull",TRUE,"H2",85,1,0.919146533066657
"elk-363","weibull",TRUE,"H2",86,1,0.991703859249063
"elk-363","weibull",TRUE,"H2",87,1,0.982879542584886
"elk-363","weibull",TRUE,"H2",88,1,0.984342704416334
"elk-363","weibull",TRUE,"H2",89,1,0.97286071200141
"elk-363","weibull",TRUE,"H2",90,1,0.984302813403577
"elk-363","weibull",TRUE,"H2",91,1,0.9922941086391
"elk-363","weibull",TRUE,"H2",92,1,0.850075808747231
"elk-363","weibull",TRUE,"H2",93,1,0.728564910400049
"elk-363","weibull",TRUE,"H2",94,1,0.608795651903309
"elk-363","weibull",TRUE,"H2",95,1,0.805784780506543
"elk-363","weibull",TRUE,"H2",96,1,0.868967046608187
"elk-363","weibull",TRUE,"H2",97,1,0.985808448589277
"elk-363","weibull",TRUE,"H2",98,1,0.994877365466341
"elk-363","weibull",TRUE,"H2",99,1,0.979673342594662
"elk-363","weibull",TRUE,"H2",100,1,0.996510709484357
"elk-363","weibull",TRUE,"H2",101,1,0.996679679743894
"elk-363","weibull",TRUE,"H2",102,1,0.991537343759909
"elk-363","weibull",TRUE,"H2",103,1,0.910944478247709
"elk-363","weibull",TRUE,"H2",104,1,0.563043564173565
"elk-363","weibull",TRUE,"H2",105,1,0.702252593724558
"elk-363","weibull",TRUE,"H2",106,1,0.977532536958868
"elk-363","weibull",TRUE,"H2",107,1,0.909052885581549
"elk-363","weibull",TRUE,"H2",108,2,0.945444158321186
"elk-363","weibull",TRUE,"H2",109,2,0.609295255332847
"elk-363","weibull",TRUE,"H2",110,1,0.713236659973867
"elk-363","weibull",TRUE,"H2",111,2,0.945649247324754
"elk-363","weibull",TRUE,"H2",112,1,0.88440221991398
"elk-363","weibull",TRUE,"H2",113,1,0.989359475732414
"elk-363","weibull",TRUE,"H2",114,1,0.92382652150026
"elk-363","weibull",TRUE,"H2",115,1,0.988166773320815
"elk-363","weibull",TRUE,"H2",116,1,0.86350014319161
"elk-363","weibull",TRUE,"H2",117,1,0.556727389080247
"elk-363","weibull",TRUE,"H2",118,2,0.99999999962368
"elk-363","weibull",TRUE,"H2",119,2,0.999974304914005
"elk-363","weibull",TRUE,"H2",120,2,0.9902701598863
"elk-363","weibull",TRUE,"H2",121,2,0.999994451656741
"elk-363","weibull",TRUE,"H2",122,2,0.999999353304926
"elk-363","weibull",TRUE,"H2",123,1,0.852336050708327
"elk-363","weibull",TRUE,"H2",124,1,0.969387163101491
"elk-363","weibull",TRUE,"H2",125,1,0.894651503404013
"elk-363","weibull",TRUE,"H2",126,1,0.982801647429723
"elk-363","weibull",TRUE,"H2",127,1,0.913231369974985
"elk-363","weibull",TRUE,"H2",128,1,0.846429862218165
"elk-363","weibull",TRUE,"H2",129,1,0.990112825066816
"elk-363","weibull",TRUE,"H2",130,1,0.982609085788381
"elk-363","weibull",TRUE,"H2",131,1,0.748603929708274
"elk-363","weibull",TRUE,"H2",132,1,0.891061816348717
"elk-363","weibull",TRUE,"H2",133,1,0.665476777350592
"elk-363","weibull",TRUE,"H2",134,1,0.617971700415932
"elk-363","weibull",TRUE,"H2",135,1,0.781900394713871
"elk-363","weibull",TRUE,"H2",136,1,0.990910879594333
"elk-363","weibull",TRUE,"H2",137,1,0.990949291595501
"elk-363","weibull",TRUE,"H2",138,1,0.993200059392709
"elk-363","weibull",TRUE,"H2",139,1,0.995126246400656
"elk-363","weibull",TRUE,"H2",140,1,0.963962830812399
"elk-363","weibull",TRUE,"H2",141,1,0.948898693004114
"elk-363","weibull",TRUE,"H2",142,1,0.915086694343404
"elk-363","weibull",TRUE,"H2",143,1,0.965360979163364
"elk-363","weibull",TRUE,"H2",144,2,0.997037665785766
"elk-363","weibull",TRUE,"H2",145,1,0.741879076543437
"elk-363","weibull",TRUE,"H2",146,1,0.904030138601105
"elk-363","weibull",TRUE,"H2",147,1,0.985372422539008
"elk-363","weibull",TRUE,"H2",148,1,0.994684006467803
"elk-363","weibull",TRUE,"H2",149,1,0.992689765375767
"elk-363","weibull",TRUE,"H2",150,1,0.982407347849556
"elk-363","weibull",TRUE,"H2",151,2,0.563887500660948
"elk-363","weibull",TRUE,"H2",152,2,0.998557569810719
"elk-363","weibull",TRUE,"H2",153,2,0.869990793194849
"elk-363","weibull",TRUE,"H2",154,2,0.995212240751946
"elk-363","weibull",TRUE,"H2",155,1,0.871592928188803
"elk-363","weibull",TRUE,"H2",156,1,0.977594854660949
"elk-363","weibull",TRUE,"H2",157,1,0.995506239932408
"elk-363","weibull",TRUE,"H2",158,1,0.996814802588402
"elk-363","weibull",TRUE,"H2",159,1,0.971822707938904
"elk-363","weibull",TRUE,"H2",160,1,0.995685033371318
"elk-363","weibull",TRUE,"H2",161,1,0.982349154238778
"elk-363","weibull",TRUE,"H2",162,1,0.758181221127813
"elk-363","weibull",TRUE,"H2",163,1,0.910290863618242
"elk-363","weibull",TRUE,"H2",164,1,0.982407259594671
"elk-363","weibull",TRUE,"H2",165,1,0.994815620931913
"elk-363","weibull",TRUE,"H2",166,1,0.975281818821329
"elk-363","weibull",TRUE,"H2",167,1,0.986309080270152
"elk-363","weibull",TRUE,"H2",168,1,0.820499786940588
"elk-363","weibull",TRUE,"H2",169,1,0.506630414176921
"elk-363","weibull",TRUE,"H2",170,2,0.999993188696491
"elk-363","weibull",TRUE,"H2",171,2,0.999999998296962
"elk-363","weibull",TRUE,"H2",172,1,0.551696151488171
"elk-363","weibull",TRUE,"H2",173,1,0.809207900017615
"elk-363","weibull",TRUE,"H2",174,1,0.991878997331668
"elk-363","weibull",TRUE,"H2",175,1,0.97187256118704
"elk-363","weibull",TRUE,"H2",176,2,0.998149064118536
"elk-363","weibull",TRUE,"H2",177,1,0.875702189490427
"elk-363","weibull",TRUE,"H2",178,1,0.993571340106246
"elk-363","weibull",TRUE,"H2",179,1,0.988307725154831
"elk-363","weibull",TRUE,"H2",180,1,0.990907791081078
"elk-363","weibull",TRUE,"H2",181,1,0.994345125446708
"elk-363","weibull",TRUE,"H2",182,1,0.948857857126068
"elk-363","weibull",TRUE,"H2",183,2,0.90741884852418
"elk-363","weibull",TRUE,"H2",184,1,0.858896248937576
"elk-363","weibull",TRUE,"H2",185,1,0.5166602691916
"elk-363","weibull",TRUE,"H2",186,1,0.700336569067997
"elk-363","weibull",TRUE,"H2",187,1,0.961509747800707
"elk-363","weibull",TRUE,"H2",188,1,0.989218326816697
"elk-363","weibull",TRUE,"H2",189,1,0.974995679674784
"elk-363","weibull",TRUE,"H2",190,1,0.708175736690303
"elk-363","weibull",TRUE,"H2",191,1,0.630991580233553
"elk-363","weibull",TRUE,"H2",192,2,0.939682609808621
"elk-363","weibull",TRUE,"H2",193,1,0.975074828455949
"elk-363","weibull",TRUE,"H2",194,1,0.996400633104499
"elk-363","weibull",TRUE,"H2",195,1,0.996773327708888
"elk-363","weibull",TRUE,"H2",196,1,0.995287130061784
"elk-363","weibull",TRUE,"H2",197,1,0.942884635751952
"elk-363","weibull",TRUE,"H2",198,1,0.994583482352637
"elk-363","weibull",TRUE,"H2",199,1,0.94816688978286
"elk-363","weibull",TRUE,"H2",200,1,0.994728713793622
"elk-363","weibull",TRUE,"H2",201,1,0.995709480485825
"elk-363","weibull",TRUE,"H2",202,1,0.99617543738436
"elk-363","weibull",TRUE,"H2",203,1,0.983199545298351
"elk-363","weibull",TRUE,"H2",204,1,0.939861542597797
"elk-363","weibull",TRUE,"H2",205,1,0.992256287738933
"elk-363","weibull",TRUE,"H2",206,1,0.983264361066034
"elk-363","weibull",TRUE,"H2",207,1,0.991400611542738
"elk-363","weibull",TRUE,"H2",208,1,0.997322730358752
"elk-363","weibull",TRUE,"H2",209,1,0.992468196069142
"elk-363","weibull",TRUE,"H2",210,1,0.994844667127879
"elk-363","weibull",TRUE,"H2",211,1,0.995485079533388
"elk-363","weibull",TRUE,"H2",212,1,0.970610524120416
"elk-363","weibull",TRUE,"H2",213,1,0.984807138904284
"elk-363","weibull",TRUE,"H2",214,1,0.987057553861658
"elk-363","weibull",TRUE,"H2",215,1,0.996944917971887
"elk-363","weibull",TRUE,"H2",216,1,0.981589685344166
"elk-363","weibull",TRUE,"H2",217,1,0.981864261865907
"elk-363","weibull",TRUE,"H3",1,3,0.999998379879183
"elk-363","weibull",TRUE,"H3",2,3,0.985454910128727
"elk-363","weibull",TRUE,"H3",3,3,0.947372385161484
"elk-363","weibull",TRUE,"H3",4,2,0.975008151704866
"elk-363","weibull",TRUE,"H3",5,3,0.541930765264519
"elk-363","weibull",TRUE,"H3",6,2,0.906615958441641
"elk-363","weibull",TRUE,"H3",7,3,0.833688846593658
"elk-363","weibull",TRUE,"H3",8,3,0.927424462523574
"elk-363","weibull",TRUE,"H3",9,3,0.972420565915003
"elk-363","weibull",TRUE,"H3",10,3,0.859165096163706
"elk-363","weibull",TRUE,"H3",11,3,0.672040293284935
"elk-363","weibull",TRUE,"H3",12,2,0.983245711299242
"elk-363","weibull",TRUE,"H3",13,2,0.534586504266412
"elk-363","weibull",TRUE,"H3",14,2,0.698329964375426
"elk-363","weibull",TRUE,"H3",15,2,0.584348915041204
"elk-363","weibull",TRUE,"H3",16,3,0.714717372152281
"elk-363","weibull",TRUE,"H3",17,3,0.679366009181741
"elk-363","weibull",TRUE,"H3",18,2,0.815859959907679
"elk-363","weibull",TRUE,"H3",19,2,0.637321279216166
"elk-363","weibull",TRUE,"H3",20,2,0.957187662357718
"elk-363","weibull",TRUE,"H3",21,2,0.67314410366492
"elk-363","weibull",TRUE,"H3",22,2,0.502425145686834
"elk-363","weibull",TRUE,"H3",23,3,0.904377851878137
"elk-363","weibull",TRUE,"H3",24,3,0.954694665534375
"elk-363","weibull",TRUE,"H3",25,3,0.971055640546839
"elk-363","weibull",TRUE,"H3",26,3,0.965934131206045
"elk-363","weibull",TRUE,"H3",27,3,0.937793144688853
"elk-363","weibull",TRUE,"H3",28,3,0.783316964244446
"elk-363","weibull",TRUE,"H3",29,3,0.738862818781239
"elk-363","weibull",TRUE,"H3",30,3,0.75525926433548
"elk-363","weibull",TRUE,"H3",31,3,0.936550612246812
"elk-363","weibull",TRUE,"H3",32,3,0.907575367370639
"elk-363","weibull",TRUE,"H3",33,2,0.999999999999998
"elk-363","weibull",TRUE,"H3",34,2,0.830242086369136
"elk-363","weibull",TRUE,"H3",35,2,0.999999999999995
"elk-363","weibull",TRUE,"H3",36,3,0.664931520014965
"elk-363","weibull",TRUE,"H3",37,2,0.759981285832408
"elk-363","weibull",TRUE,"H3",38,2,0.999999084311193
"elk-363","weibull",TRUE,"H3",39,2,0.628372194898973
"elk-363","weibull",TRUE,"H3",40,3,0.834912114864296
"elk-363","weibull",TRUE,"H3",41,2,0.999999612669014
"elk-363","weibull",TRUE,"H3",42,2,0.85933580411484
"elk-363","weibull",TRUE,"H3",43,2,0.997588890852643
"elk-363","weibull",TRUE,"H3",44,2,0.999974609440044
"elk-363","weibull",TRUE,"H3",45,3,0.807186281286213
"elk-363","weibull",TRUE,"H3",46,3,0.860987649806246
"elk-363","weibull",TRUE,"H3",47,3,0.643283156054024
"elk-363","weibull",TRUE,"H3",48,3,0.806923289292379
"elk-363","weibull",TRUE,"H3",49,3,0.955589236206415
"elk-363","weibull",TRUE,"H3",50,3,0.868411055048059
"elk-363","weibull",TRUE,"H3",51,3,0.710079874622707
"elk-363","weibull",TRUE,"H3",52,3,0.700640488081757
"elk-363","weibull",TRUE,"H3",53,3,0.752967218974071
"elk-363","weibull",TRUE,"H3",54,3,0.914658817373729
"elk-363","weibull",TRUE,"H3",55,3,0.979539792329722
"elk-363","weibull",TRUE,"H3",56,3,0.971270732535144
"elk-363","weibull",TRUE,"H3",57,3,0.933222924267884
"elk-363","weibull",TRUE,"H3",58,3,0.826548320176465
"elk-363","weibull",TRUE,"H3",59,3,0.683661615648709
"elk-363","weibull",TRUE,"H3",60,3,0.914322284795949
"elk-363","weibull",TRUE,"H3",61,2,0.646064476878356
"elk-363","weibull",TRUE,"H3",62,2,0.999967369760847
"elk-363","weibull",TRUE,"H3",63,2,0.685701262344484
"elk-363","weibull",TRUE,"H3",64,3,0.77052755182859
"elk-363","weibull",TRUE,"H3",65,2,0.999999977024974
"elk-363","weibull",TRUE,"H3",66,2,0.999999996492782
"elk-363","weibull",TRUE,"H3",67,2,1
"elk-363","weibull",TRUE,"H3",68,2,0.999999999999695
"elk-363","weibull",TRUE,"H3",69,3,0.502274491286867
"elk-363","weibull",TRUE,"H3",70,3,0.968014831193233
"elk-363","weibull",TRUE,"H3",71,3,0.980461615424984
"elk-363","weibull",TRUE,"H3",72,3,0.864137747919233
"elk-363","weibull",TRUE,"H3",73,3,0.716400825860666
"elk-363","weibull",TRUE,"H3",74,3,0.946463547434883
"elk-363","weibull",TRUE,"H3",75,3,0.848250017047467
"elk-363","weibull",TRUE,"H3",76,3,0.980214758821306
"elk-363","weibull",TRUE,"H3",77,3,0.952503905937107
"elk-363","weibull",TRUE,"H3",78,3,0.981118263172332
"elk-363","weibull",TRUE,"H3",79,3,0.860816884027846
"elk-363","weibull",TRUE,"H3",80,3,0.846692190499027
"elk-363","weibull",TRUE,"H3",81,3,0.966265580543104
"elk-363","weibull",TRUE,"H3",82,3,0.974790465961566
"elk-363","weibull",TRUE,"H3",83,3,0.974236906157737
"elk-363","weibull",TRUE,"H3",84,3,0.914965627788018
"elk-363","weibull",TRUE,"H3",85,3,0.82228513552256
"elk-363","weibull",TRUE,"H3",86,3,0.973361694071393
"elk-363","weibull",TRUE,"H3",87,3,0.924676747688514
"elk-363","weibull",TRUE,"H3",88,3,0.913818555000793
"elk-363","weibull",TRUE,"H3",89,3,0.804060671965441
"elk-363","weibull",TRUE,"H3",90,3,0.925431714206301
"elk-363","weibull",TRUE,"H3",91,3,0.970833643630691
"elk-363","weibull",TRUE,"H3",92,3,0.663720894920671
"elk-363","weibull",TRUE,"H3",93,3,0.533944030318422
"elk-363","weibull",TRUE,"H3",94,2,0.778520232847628
"elk-363","weibull",TRUE,"H3",95,2,0.704372736541443
"elk-363","weibull",TRUE,"H3",96,3,0.602026126058995
"elk-363","weibull",TRUE,"H3",97,3,0.944884244476287
"elk-363","weibull",TRUE,"H3",98,3,0.979518964534544
"elk-363","weibull",TRUE,"H3",99,3,0.930724483449896
"elk-363","weibull",TRUE,"H3",100,3,0.978145161741157
"elk-363","weibull",TRUE,"H3",101,3,0.987999537358827
"elk-363","weibull",TRUE,"H3",102,3,0.973022677856494
"elk-363","weibull",TRUE,"H3",103,3,0.747111196550759
"elk-363","weibull",TRUE,"H3",104,2,0.996850547922522
"elk-363","weibull",TRUE,"H3",105,3,0.505245298190092
"elk-363","weibull",TRUE,"H3",106,3,0.946929367064184
"elk-363","weibull",TRUE,"H3",107,3,0.799576435785561
"elk-363","weibull",TRUE,"H3",108,2,0.999835721830894
"elk-363","weibull",TRUE,"H3",109,2,0.623357240763974
"elk-363","weibull",TRUE,"H3",110,3,0.699500003232314
"elk-363","weibull",TRUE,"H3",111,2,0.999941803825174
"elk-363","weibull",TRUE,"H3",112,3,0.794974868289673
"elk-363","weibull",TRUE,"H3",113,3,0.960017009919538
"elk-363","weibull",TRUE,"H3",114,3,0.833184929739189
"elk-363","weibull",TRUE,"H3",115,3,0.963134052839851
"elk-363","weibull",TRUE,"H3",116,3,0.681978031083323
"elk-363","weibull",TRUE,"H3",117,2,0.824675530315345
"elk-363","weibull",TRUE,"H3",118,2,1
"elk-363","weibull",TRUE,"H3",119,2,0.999999999996373
"elk-363","weibull",TRUE,"H3",120,2,0.999682768993237
"elk-363","weibull",TRUE,"H3",121,2,0.999999999999998
"elk-363","weibull",TRUE,"H3",122,2,1
"elk-363","weibull",TRUE,"H3",123,3,0.706885333629468
"elk-363","weibull",TRUE,"H3",124,3,0.854219760181177
"elk-363","weibull",TRUE,"H3",125,2,0.613306573390715
"elk-363","weibull",TRUE,"H3",126,3,0.901240673833522
"elk-363","weibull",TRUE,"H3",127,3,0.692708305015851
"elk-363","weibull",TRUE,"H3",128,3,0.601192266458169
"elk-363","weibull",TRUE,"H3",129,3,0.944513376688413
"elk-363","weibull",TRUE,"H3",130,3,0.915888675554245
"elk-363","weibull",TRUE,"H3",131,2,0.993012681040577
"elk-363","weibull",TRUE,"H3",132,2,0.57155454618219
"elk-363","weibull",TRUE,"H3",133,2,0.876027257264408
"elk-363","weibull",TRUE,"H3",134,2,0.981175640724054
"elk-363","weibull",TRUE,"H3",135,2,0.888167708113369
"elk-363","weibull",TRUE,"H3",136,3,0.945238353842199
"elk-363","weibull",TRUE,"H3",137,3,0.955103247020586
"elk-363","weibull",TRUE,"H3",138,3,0.976871790503003
"elk-363","weibull",TRUE,"H3",139,3,0.952966822629442
"elk-363","weibull",TRUE,"H3",140,3,0.849197773179299
"elk-363","weibull",TRUE,"H3",141,3,0.720730347999536
"elk-363","weibull",TRUE,"H3",142,3,0.567661583444349
"elk-363","weibull",TRUE,"H3",143,3,0.836624214719936
"elk-363","weibull",TRUE,"H3",144,2,0.99999999999998
"elk-363","weibull",TRUE,"H3",145,3,0.532872743143487
"elk-363","weibull",TRUE,"H3",146,3,0.714231987315388
"elk-363","weibull",TRUE,"H3",147,3,0.944536950465541
"elk-363","weibull",TRUE,"H3",148,3,0.962511716122415
"elk-363","weibull",TRUE,"H3",149,3,0.973303309462372
"elk-363","weibull",TRUE,"H3",150,3,0.908321765491509
"elk-363","weibull",TRUE,"H3",151,2,0.577357365172941
"elk-363","weibull",TRUE,"H3",152,2,0.999999999986717
"elk-363","weibull",TRUE,"H3",153,2,0.981872685067282
"elk-363","weibull",TRUE,"H3",154,2,0.999999999486326
"elk-363","weibull",TRUE,"H3",155,3,0.705675770038654
"elk-363","weibull",TRUE,"H3",156,3,0.913571093626038
"elk-363","weibull",TRUE,"H3",157,3,0.981859084237286
"elk-363","weibull",TRUE,"H3",158,3,0.980570259653623
"elk-363","weibull",TRUE,"H3",159,3,0.904573204601137
"elk-363","weibull",TRUE,"H3",160,3,0.975409639257946
"elk-363","weibull",TRUE,"H3",161,3,0.891168487417131
"elk-363","weibull",TRUE,"H3",162,2,0.992593139080019
"elk-363","weibull",TRUE,"H3",163,3,0.625819440100699
"elk-363","weibull",TRUE,"H3",164,3,0.912427491046659
"elk-363","weibull",TRUE,"H3",165,3,0.972540085221538
"elk-363","weibull",TRUE,"H3",166,3,0.844388369213991
"elk-363","weibull",TRUE,"H3",167,3,0.900355896560662
"elk-363","weibull",TRUE,"H3",168,3,0.697174177748033
"elk-363","weibull",TRUE,"H3",169,3,0.574222566251717
"elk-363","weibull",TRUE,"H3",170,2,1
"elk-363","weibull",TRUE,"H3",171,2,1
"elk-363","weibull",TRUE,"H3",172,2,0.900463713872221
"elk-363","weibull",TRUE,"H3",173,3,0.538105081422408
"elk-363","weibull",TRUE,"H3",174,3,0.956479212622209
"elk-363","weibull",TRUE,"H3",175,3,0.884189906780683
"elk-363","weibull",TRUE,"H3",176,2,0.999999999999945
"elk-363","weibull",TRUE,"H3",177,3,0.750482869695127
"elk-363","weibull",TRUE,"H3",178,3,0.971047388935048
"elk-363","weibull",TRUE,"H3",179,3,0.938225988388395
"elk-363","weibull",TRUE,"H3",180,3,0.958915921854233
"elk-363","weibull",TRUE,"H3",181,3,0.968402574151228
"elk-363","weibull",TRUE,"H3",182,3,0.817262004046763
"elk-363","weibull",TRUE,"H3",183,2,0.999998892594545
"elk-363","weibull",TRUE,"H3",184,3,0.778745494667066
"elk-363","weibull",TRUE,"H3",185,2,0.99896516535138
"elk-363","weibull",TRUE,"H3",186,2,0.977581979611157
"elk-363","weibull",TRUE,"H3",187,3,0.591445283417754
"elk-363","weibull",TRUE,"H3",188,3,0.902375803518813
"elk-363","weibull",TRUE,"H3",189,3,0.900521596071462
"elk-363","weibull",TRUE,"H3",190,2,0.686934869909277
"elk-363","weibull",TRUE,"H3",191,2,0.625079135965237
"elk-363","weibull",TRUE,"H3",192,2,0.999935898016197
"elk-363","weibull",TRUE,"H3",193,3,0.945776171462423
"elk-363","weibull",TRUE,"H3",194,3,0.98550536688438
"elk-363","weibull",TRUE,"H3",195,3,0.988477383727566
"elk-363","weibull",TRUE,"H3",196,3,0.976249771107769
"elk-363","weibull",TRUE,"H3",197,3,0.746893211505351
"elk-363","weibull",TRUE,"H3",198,3,0.962448840505366
"elk-363","weibull",TRUE,"H3",199,3,0.807725243694779
"elk-363","weibull",TRUE,"H3",200,3,0.981134515951949
"elk-363","weibull",TRUE,"H3",201,3,0.986877795294668
"elk-363","weibull",TRUE,"H3",202,3,0.975882412264214
"elk-363","weibull",TRUE,"H3",203,3,0.784237623383967
"elk-363","weibull",TRUE,"H3",204,3,0.802948179608914
"elk-363","weibull",TRUE,"H3",205,3,0.977435030256009
"elk-363","weibull",TRUE,"H3",206,3,0.999548252744573
"elk-363","weibull",TRUE,"H3",207,1,0.992550338982503
"elk-363","weibull",TRUE,"H3",208,1,0.999455236650551
"elk-363","weibull",TRUE,"H3",209,1,0.999978682429567
"elk-363","weibull",TRUE,"H3",210,1,0.99999969892061
"elk-363","weibull",TRUE,"H3",211,1,0.999999918507678
"elk-363","weibull",TRUE,"H3",212,1,0.99999999798759
"elk-363","weibull",TRUE,"H3",213,1,0.999999997148969
"elk-363","weibull",TRUE,"H3",214,1,0.999999996545057
"elk-363","weibull",TRUE,"H3",215,1,0.99999999385549
"elk-363","weibull",TRUE,"H3",216,1,0.999999974065699
"elk-363","weibull",TRUE,"H3",217,1,0.999999401098117
"elk-115","lognormal",FALSE,"M21",1,1,0.999999999999993
"elk-115","lognormal",FALSE,"M21",2,1,0.999999984191831
"elk-115","lognormal",FALSE,"M21",3,1,0.999978312362254
"elk-115","lognormal",FALSE,"M21",4,1,0.99999781711128
"elk-115","lognormal",FALSE,"M21",5,1,0.999540473442814
"elk-115","lognormal",FALSE,"M21",6,1,0.999999999999422
"elk-115","lognormal",FALSE,"M21",7,1,0.999999250528469
"elk-115","lognormal",FALSE,"M21",8,1,0.999991833050323
"elk-115","lognormal",FALSE,"M21",9,1,0.999991834285068
"elk-115","lognormal",FALSE,"M21",10,1,0.999999788481662
"elk-115","lognormal",FALSE,"M21",11,1,0.999999859093011
"elk-115","lognormal",FALSE,"M21",12,1,0.999999995063403
"elk-115","lognormal",FALSE,"M21",13,1,0.999999859076764
"elk-115","lognormal",FALSE,"M21",14,1,0.999999380141569
"elk-115","lognormal",FALSE,"M21",15,1,0.999999915004612
"elk-115","lognormal",FALSE,"M21",16,1,0.999999801734016
"elk-115","lognormal",FALSE,"M21",17,1,0.999999628141202
"elk-115","lognormal",FALSE,"M21",18,1,0.999999934743787
"elk-115","lognormal",FALSE,"M21",19,1,0.999999884560882
"elk-115","lognormal",FALSE,"M21",20,1,0.999999088348151
"elk-115","lognormal",FALSE,"M21",21,1,0.999992831912657
"elk-115","lognormal",FALSE,"M21",22,1,0.999999757663201
"elk-115","lognormal",FALSE,"M21",23,1,0.999978309488218
"elk-115","lognormal",FALSE,"M21",24,1,0.9999975713597
"elk-115","lognormal",FALSE,"M21",25,1,0.999998078102248
"elk-115","lognormal",FALSE,"M21",26,1,0.999999883379107
"elk-115","lognormal",FALSE,"M21",27,1,0.999964702344548
"elk-115","lognormal",FALSE,"M21",28,1,0.999999370172055
"elk-115","lognormal",FALSE,"M21",29,1,0.999978321290319
"elk-115","lognormal",FALSE,"M21",30,1,0.999999898733716
"elk-115","lognormal",FALSE,"M21",31,1,0.999998462045897
"elk-115","lognormal",FALSE,"M21",32,1,0.999999866154281
"elk-115","lognormal",FALSE,"M21",33,1,0.999999889870371
"elk-115","lognormal",FALSE,"M21",34,1,0.999999978858698
"elk-115","lognormal",FALSE,"M21",35,1,0.999999968425232
"elk-115","lognormal",FALSE,"M21",36,1,0.99994929876367
"elk-115","lognormal",FALSE,"M21",37,1,0.999989231284087
"elk-115","lognormal",FALSE,"M21",38,1,0.999994321525524
"elk-115","lognormal",FALSE,"M21",39,1,0.981501348208277
"elk-115","lognormal",FALSE,"M21",40,1,0.99999815546969
"elk-115","lognormal",FALSE,"M21",41,1,0.999999307147934
"elk-115","lognormal",FALSE,"M21",42,1,0.991920276437542
"elk-115","lognormal",FALSE,"M21",43,1,0.999999419969691
"elk-115","lognormal",FALSE,"M21",44,1,0.99998136621956
"elk-115","lognormal",FALSE,"M21",45,1,0.999999878278026
"elk-115","lognormal",FALSE,"M21",46,1,0.999999984697738
"elk-115","lognormal",FALSE,"M21",47,1,0.999047682515673
"elk-115","lognormal",FALSE,"M21",48,1,0.999998954498679
"elk-115","lognormal",FALSE,"M21",49,1,0.999999878747141
"elk-115","lognormal",FALSE,"M21",50,1,0.999996117054059
"elk-115","lognormal",FALSE,"M21",51,1,0.999983894327531
"elk-115","lognormal",FALSE,"M21",52,1,0.999999958396087
"elk-115","lognormal",FALSE,"M21",53,1,0.999455631732226
"elk-115","lognormal",FALSE,"M21",54,1,0.999258545697891
"elk-115","lognormal",FALSE,"M21",55,1,0.999955110436414
"elk-115","lognormal",FALSE,"M21",56,1,0.999807615430063
"elk-115","lognormal",FALSE,"M21",57,1,0.999999575232771
"elk-115","lognormal",FALSE,"M21",58,1,0.999998581617657
"elk-115","lognormal",FALSE,"M21",59,1,0.999900610715879
"elk-115","lognormal",FALSE,"M21",60,1,0.999741413892066
"elk-115","lognormal",FALSE,"M21",61,1,0.999962158111837
"elk-115","lognormal",FALSE,"M21",62,1,0.999999995847021
"elk-115","lognormal",FALSE,"M21",63,1,0.99999999832779
"elk-115","lognormal",FALSE,"M21",64,1,0.998539962020105
"elk-115","lognormal",FALSE,"M21",65,1,0.999996593385584
"elk-115","lognormal",FALSE,"M21",66,1,0.99999999834843
"elk-115","lognormal",FALSE,"M21",67,1,0.999999955847816
"elk-115","lognormal",FALSE,"M21",68,1,0.999999402633866
"elk-115","lognormal",FALSE,"M21",69,1,0.944614228056769
"elk-115","lognormal",FALSE,"M21",70,1,0.999824098449608
"elk-115","lognormal",FALSE,"M21",71,1,0.999999999988293
"elk-115","lognormal",FALSE,"M21",72,1,0.999999999994176
"elk-115","lognormal",FALSE,"M21",73,1,0.999998620403513
"elk-115","lognormal",FALSE,"M21",74,1,0.999999772461244
"elk-115","lognormal",FALSE,"M21",75,1,0.999961762944269
"elk-115","lognormal",FALSE,"M21",76,1,0.99727780806699
"elk-115","lognormal",FALSE,"M21",77,2,0.685965721807303
"elk-115","lognormal",FALSE,"M21",78,2,0.981766895107486
"elk-115","lognormal",FALSE,"M21",79,2,0.999732895918749
"elk-115","lognormal",FALSE,"M21",80,2,0.999135589151764
"elk-115","lognormal",FALSE,"M21",81,2,0.989356248200578
"elk-115","lognormal",FALSE,"M21",82,1,0.999998647704091
"elk-115","lognormal",FALSE,"M21",83,1,0.999999999997797
"elk-115","lognormal",FALSE,"M21",84,1,0.999999934633837
"elk-115","lognormal",FALSE,"M21",85,1,0.997632470684404
"elk-115","lognormal",FALSE,"M21",86,1,0.999999863765412
"elk-115","lognormal",FALSE,"M21",87,1,0.999999929878199
"elk-115","lognormal",FALSE,"M21",88,1,0.999999958433385
"elk-115","lognormal",FALSE,"M21",89,1,0.999999990915909
"elk-115","lognormal",FALSE,"M21",90,1,0.999997848947412
"elk-115","lognormal",FALSE,"M21",91,1,0.999999989127906
"elk-115","lognormal",FALSE,"M21",92,1,0.999999999363787
"elk-115","lognormal",FALSE,"M21",93,1,0.999999673579086
"elk-115","lognormal",FALSE,"M21",94,1,0.999047773410264
"elk-115","lognormal",FALSE,"M21",95,1,0.999999694990155
"elk-115","lognormal",FALSE,"M21",96,1,0.99999999924058
"elk-115","lognormal",FALSE,"M21",97,1,0.999999680981795
"elk-115","lognormal",FALSE,"M21",98,1,0.99999938012481
"elk-115","lognormal",FALSE,"M21",99,1,0.999999997334052
"elk-115","lognormal",FALSE,"M21",100,1,0.981507542946584
"elk-115","lognormal",FALSE,"M21",101,1,0.99999999999908
"elk-115","lognormal",FALSE,"M21",102,1,0.99966558679877
"elk-115","lognormal",FALSE,"M21",103,1,0.99999970081643
"elk-115","lognormal",FALSE,"M21",104,2,0.566210825350006
"elk-115","lognormal",FALSE,"M21",105,2,0.799944156783125
"elk-115","lognormal",FALSE,"M21",106,2,0.958737542490519
"elk-115","lognormal",FALSE,"M21",107,1,0.999523603720094
"elk-115","lognormal",FALSE,"M21",108,1,0.9999143000555
"elk-115","lognormal",FALSE,"M21",109,1,0.999963754830567
"elk-115","lognormal",FALSE,"M21",110,1,0.999330973994339
"elk-115","lognormal",FALSE,"M21",111,1,0.999911151735547
"elk-115","lognormal",FALSE,"M21",112,1,0.999999974952999
"elk-115","lognormal",FALSE,"M21",113,1,0.999665610433764
"elk-115","lognormal",FALSE,"M21",114,1,0.999999999876585
"elk-115","lognormal",FALSE,"M21",115,1,0.999999995890934
"elk-115","lognormal",FALSE,"M21",116,1,0.999999999825492
"elk-115","lognormal",FALSE,"M21",117,1,0.999999999997907
"elk-115","lognormal",FALSE,"M21",118,1,0.999949437776629
"elk-115","lognormal",FALSE,"M21",119,1,0.999999077230258
"elk-115","lognormal",FALSE,"M21",120,1,0.999999994175869
"elk-115","lognormal",FALSE,"M21",121,1,0.999999999393175
"elk-115","lognormal",FALSE,"M21",122,1,0.999999948418346
"elk-115","lognormal",FALSE,"M21",123,1,0.999999944964497
"elk-115","lognormal",FALSE,"M21",124,1,0.999999995498914
"elk-115","lognormal",FALSE,"M21",125,1,0.99999957926182
"elk-115","lognormal",FALSE,"M21",126,1,0.981507198505168
"elk-115","lognormal",FALSE,"M21",127,1,0.999999999941655
"elk-115","lognormal",FALSE,"M21",128,1,0.999999999926973
"elk-115","lognormal",FALSE,"M21",129,1,0.999999999992075
"elk-115","lognormal",FALSE,"M21",130,1,0.999999999823328
"elk-115","lognormal",FALSE,"M21",131,1,0.999999999772516
"elk-115","lognormal",FALSE,"M21",132,1,0.999999999804817
"elk-115","lognormal",FALSE,"M21",133,1,0.999999999994663
"elk-115","lognormal",FALSE,"M21",134,1,0.999964357996611
"elk-115","lognormal",FALSE,"M21",135,1,0.999964355754183
"elk-115","lognormal",FALSE,"M21",136,1,0.999999772714407
"elk-115","lognormal",FALSE,"M21",137,1,0.999999996912926
"elk-115","lognormal",FALSE,"M21",138,1,0.999999999595833
"elk-115","lognormal",FALSE,"M21",139,1,0.999999824111076
"elk-115","lognormal",FALSE,"M21",140,1,0.999998747280393
"elk-115","lognormal",FALSE,"M21",141,1,0.999962802433632
"elk-115","lognormal",FALSE,"M21",142,1,0.999808026535912
"elk-115","lognormal",FALSE,"M21",143,1,0.999999950505101
"elk-115","lognormal",FALSE,"M21",144,1,0.999998925896513
"elk-115","lognormal",FALSE,"M21",145,1,0.741318528385883
"elk-115","lognormal",FALSE,"M21",146,1,0.999979567913098
"elk-115","lognormal",FALSE,"M21",147,1,0.999998583121044
"elk-115","lognormal",FALSE,"M21",148,1,0.999924899505901
"elk-115","lognormal",FALSE,"M21",149,1,0.999995451058154
"elk-115","lognormal",FALSE,"M21",150,1,0.999924296945158
"elk-115","lognormal",FALSE,"M21",151,1,0.999969555160673
"elk-115","lognormal",FALSE,"M21",152,1,0.999999984570461
"elk-115","lognormal",FALSE,"M21",153,1,0.999999985826927
"elk-115","lognormal",FALSE,"M21",154,1,0.999987853278069
"elk-115","lognormal",FALSE,"M21",155,1,0.999998275500935
"elk-115","lognormal",FALSE,"M21",156,1,0.99999714377935
"elk-115","lognormal",FALSE,"M21",157,1,0.999809747800773
"elk-115","lognormal",FALSE,"M21",158,1,0.999999403434286
"elk-115","lognormal",FALSE,"M21",159,1,0.999999965115379
"elk-115","lognormal",FALSE,"M21",160,1,0.999999993268529
"elk-115","lognormal",FALSE,"M21",161,1,0.999999889864282
"elk-115","lognormal",FALSE,"M21",162,1,0.999999655956204
"elk-115","lognormal",FALSE,"M21",163,1,0.999999966094622
"elk-115","lognormal",FALSE,"M21",164,1,0.99999917597298
"elk-115","lognormal",FALSE,"M21",165,1,0.999999627557551
"elk-115","lognormal",FALSE,"M21",166,1,0.999995002792272
"elk-115","lognormal",FALSE,"M21",167,1,0.999950142509343
"elk-115","lognormal",FALSE,"M21",168,1,0.999342696983675
"elk-115","lognormal",FALSE,"M21",169,1,0.99999991686414
"elk-115","lognormal",FALSE,"M21",170,1,0.999999903682834
"elk-115","lognormal",FALSE,"M21",171,1,0.999999838599268
"elk-115","lognormal",FALSE,"M21",172,1,0.999047816213069
"elk-115","lognormal",FALSE,"M21",173,1,0.99999973215196
"elk-115","lognormal",FALSE,"M21",174,1,0.999998883903282
"elk-115","lognormal",FALSE,"M21",175,1,0.999999977667208
"elk-115","lognormal",FALSE,"M21",176,1,0.999999989681787
"elk-115","lognormal",FALSE,"M21",177,1,0.999999965087439
"elk-115","lognormal",FALSE,"M21",178,1,0.999996570324642
"elk-115","lognormal",FALSE,"M21",179,1,0.999999878519594
"elk-115","lognormal",FALSE,"M21",180,1,0.999991853215121
"elk-115","lognormal",FALSE,"M21",181,1,0.999999989920974
"elk-115","lognormal",FALSE,"M21",182,1,0.999999972168698
"elk-115","lognormal",FALSE,"M21",183,1,0.999999972796188
"elk-115","lognormal",FALSE,"M21",184,1,0.999982325042989
"elk-115","lognormal",FALSE,"M21",185,2,0.98997962138047
"elk-115","lognormal",FALSE,"M21",186,2,0.999987758196986
"elk-115","lognormal",FALSE,"M21",187,2,0.999963834196524
"elk-115","lognormal",FALSE,"M21",188,2,0.999963924372844
"elk-115","lognormal",FALSE,"M21",189,2,0.999996798508128
"elk-115","lognormal",FALSE,"M21",190,2,0.999996827902786
"elk-115","lognormal",FALSE,"M21",191,2,0.999996826660809
"elk-115","lognormal",FALSE,"M21",192,2,0.999995408326791
"elk-115","lognormal",FALSE,"M21",193,2,0.998409245803191
"elk-115","lognormal",FALSE,"H2",1,1,0.99999999999999
"elk-115","lognormal",FALSE,"H2",2,1,0.999999979394836
"elk-115","lognormal",FALSE,"H2",3,1,0.999975725788861
"elk-115","lognormal",FALSE,"H2",4,1,0.999997004004721
"elk-115","lognormal",FALSE,"H2",5,1,0.999433888090479
"elk-115","lognormal",FALSE,"H2",6,1,0.999999999998817
"elk-115","lognormal",FALSE,"H2",7,1,0.999998746487594
"elk-115","lognormal",FALSE,"H2",8,1,0.999990710434262
"elk-115","lognormal",FALSE,"H2",9,1,0.999990712196278
"elk-115","lognormal",FALSE,"H2",10,1,0.999999569671648
"elk-115","lognormal",FALSE,"H2",11,1,0.999999710922336
"elk-115","lognormal",FALSE,"H2",12,1,0.999999993834117
"elk-115","lognormal",FALSE,"H2",13,1,0.99999971087903
"elk-115","lognormal",FALSE,"H2",14,1,0.999998922385629
"elk-115","lognormal",FALSE,"H2",15,1,0.999999834413992
"elk-115","lognormal",FALSE,"H2",16,1,0.999999595055663
"elk-115","lognormal",FALSE,"H2",17,1,0.999999290951703
"elk-115","lognormal",FALSE,"H2",18,1,0.999999879916959
"elk-115","lognormal",FALSE,"H2",19,1,0.999999765849671
"elk-115","lognormal",FALSE,"H2",20,1,0.999998537238654
"elk-115","lognormal",FALSE,"H2",21,1,0.999991782864834
"elk-115","lognormal",FALSE,"H2",22,1,0.999999512223254
"elk-115","lognormal",FALSE,"H2",23,1,0.99997572209853
"elk-115","lognormal",FALSE,"H2",24,1,0.999996810589295
"elk-115","lognormal",FALSE,"H2",25,1,0.999997363635912
"elk-115","lognormal",FALSE,"H2",26,1,0.999999763635611
"elk-115","lognormal",FALSE,"H2",27,1,0.999960211315077
"elk-115","lognormal",FALSE,"H2",28,1,0.999998906471275
"elk-115","lognormal",FALSE,"H2",29,1,0.999975735396569
"elk-115","lognormal",FALSE,"H2",30,1,0.999999797675405
"elk-115","lognormal",FALSE,"H2",31,1,0.999997793296866
"elk-115","lognormal",FALSE,"H2",32,1,0.999999725913137
"elk-115","lognormal",FALSE,"H2",33,1,0.999999777601845
"elk-115","lognormal",FALSE,"H2",34,1,0.999999971186203
"elk-115","lognormal",FALSE,"H2",35,1,0.999999953070479
"elk-115","lognormal",FALSE,"H2",36,1,0.999942408828211
"elk-115","lognormal",FALSE,"H2",37,1,0.999987879621679
"elk-115","lognormal",FALSE,"H2",38,1,0.999988489857867
"elk-115","lognormal",FALSE,"H2",39,1,0.97034496131078
"elk-115","lognormal",FALSE,"H2",40,1,0.999995410700469
"elk-115","lognormal",FALSE,"H2",41,1,0.999998371619007
"elk-115","lognormal",FALSE,"H2",42,1,0.987952713051149
"elk-115","lognormal",FALSE,"H2",43,1,0.999998626557337
"elk-115","lognormal",FALSE,"H2",44,1,0.999979159929093
"elk-115","lognormal",FALSE,"H2",45,1,0.999999752300359
"elk-115","lognormal",FALSE,"H2",46,1,0.999999980322101
"elk-115","lognormal",FALSE,"H2",47,1,0.9987803995873
"elk-115","lognormal",FALSE,"H2",48,1,0.999998268414725
"elk-115","lognormal",FALSE,"H2",49,1,0.99999975312167
"elk-115","lognormal",FALSE,"H2",50,1,0.99999526785891
"elk-115","lognormal",FALSE,"H2",51,1,0.999981990282306
"elk-115","lognormal",FALSE,"H2",52,1,0.999999935490251
"elk-115","lognormal",FALSE,"H2",53,1,0.999326608293615
"elk-115","lognormal",FALSE,"H2",54,1,0.999070108814918
"elk-115","lognormal",FALSE,"H2",55,1,0.999949227406624
"elk-115","lognormal",FALSE,"H2",56,1,0.999772174008475
"elk-115","lognormal",FALSE,"H2",57,1,0.999999201560956
"elk-115","lognormal",FALSE,"H2",58,1,0.99999792101345
"elk-115","lognormal",FALSE,"H2",59,1,0.999885271089973
"elk-115","lognormal",FALSE,"H2",60,1,0.999690797341737
"elk-115","lognormal",FALSE,"H2",61,1,0.99995740252701
"elk-115","lognormal",FALSE,"H2",62,1,0.999999994801385
"elk-115","lognormal",FALSE,"H2",63,1,0.999999997765252
"elk-115","lognormal",FALSE,"H2",64,1,0.998081482447779
"elk-115","lognormal",FALSE,"H2",65,1,0.999995423732435
"elk-115","lognormal",FALSE,"H2",66,1,0.999999997869997
"elk-115","lognormal",FALSE,"H2",67,1,0.999999927279652
"elk-115","lognormal",FALSE,"H2",68,1,0.999998692290524
"elk-115","lognormal",FALSE,"H2",69,1,0.902673997505387
"elk-115","lognormal",FALSE,"H2",70,1,0.999720051761138
"elk-115","lognormal",FALSE,"H2",71,1,0.999999999980186
"elk-115","lognormal",FALSE,"H2",72,1,0.999999999989881
"elk-115","lognormal",FALSE,"H2",73,1,0.999997974931147
"elk-115","lognormal",FALSE,"H2",74,1,0.99999953991118
"elk-115","lognormal",FALSE,"H2",75,1,0.999960843285138
"elk-115","lognormal",FALSE,"H2",76,1,0.997332311293228
"elk-115","lognormal",FALSE,"H2",77,2,0.732270552296566
"elk-115","lognormal",FALSE,"H2",78,2,0.989517797514862
"elk-115","lognormal",FALSE,"H2",79,2,0.999915457888888
"elk-115","lognormal",FALSE,"H2",80,2,0.999611508352692
"elk-115","lognormal",FALSE,"H2",81,2,0.994523504550869
"elk-115","lognormal",FALSE,"H2",82,1,0.999998606883143
"elk-115","lognormal",FALSE,"H2",83,1,0.999999999995923
"elk-115","lognormal",FALSE,"H2",84,1,0.999999891494199
"elk-115","lognormal",FALSE,"H2",85,1,0.996788011435626
"elk-115","lognormal",FALSE,"H2",86,1,0.99999972473843
"elk-115","lognormal",FALSE,"H2",87,1,0.999999868704031
"elk-115","lognormal",FALSE,"H2",88,1,0.999999932779881
"elk-115","lognormal",FALSE,"H2",89,1,0.999999988605001
"elk-115","lognormal",FALSE,"H2",90,1,0.999997113328269
"elk-115","lognormal",FALSE,"H2",91,1,0.999999986254432
"elk-115","lognormal",FALSE,"H2",92,1,0.999999999145515
"elk-115","lognormal",FALSE,"H2",93,1,0.999999339990448
"elk-115","lognormal",FALSE,"H2",94,1,0.998780503006022
"elk-115","lognormal",FALSE,"H2",95,1,0.999999379220996
"elk-115","lognormal",FALSE,"H2",96,1,0.999999998988074
"elk-115","lognormal",FALSE,"H2",97,1,0.999999377888534
"elk-115","lognormal",FALSE,"H2",98,1,0.99999892234274
"elk-115","lognormal",FALSE,"H2",99,1,0.999999995392483
"elk-115","lognormal",FALSE,"H2",100,1,0.970358591425167
"elk-115","lognormal",FALSE,"H2",101,1,0.999999999997379
"elk-115","lognormal",FALSE,"H2",102,1,0.999594147678096
"elk-115","lognormal",FALSE,"H2",103,1,0.999999639911838
"elk-115","lognormal",FALSE,"H2",104,2,0.500644745643656
"elk-115","lognormal",FALSE,"H2",105,2,0.862462638256135
"elk-115","lognormal",FALSE,"H2",106,2,0.991334112856206
"elk-115","lognormal",FALSE,"H2",107,1,0.9994340289061
"elk-115","lognormal",FALSE,"H2",108,1,0.999901952797135
"elk-115","lognormal",FALSE,"H2",109,1,0.999959160148008
"elk-115","lognormal",FALSE,"H2",110,1,0.999162786101054
"elk-115","lognormal",FALSE,"H2",111,1,0.999897548670983
"elk-115","lognormal",FALSE,"H2",112,1,0.999999965573109
"elk-115","lognormal",FALSE,"H2",113,1,0.999594175616726
"elk-115","lognormal",FALSE,"H2",114,1,0.999999999819613
"elk-115","lognormal",FALSE,"H2",115,1,0.999999994852147
"elk-115","lognormal",FALSE,"H2",116,1,0.99999999975053
"elk-115","lognormal",FALSE,"H2",117,1,0.999999999996114
"elk-115","lognormal",FALSE,"H2",118,1,0.999942549045514
"elk-115","lognormal",FALSE,"H2",119,1,0.999998520683145
"elk-115","lognormal",FALSE,"H2",120,1,0.999999992735586
"elk-115","lognormal",FALSE,"H2",121,1,0.999999999183276
"elk-115","lognormal",FALSE,"H2",122,1,0.999999911009358
"elk-115","lognormal",FALSE,"H2",123,1,0.999999903257841
"elk-115","lognormal",FALSE,"H2",124,1,0.999999994369978
"elk-115","lognormal",FALSE,"H2",125,1,0.999999013264054
"elk-115","lognormal",FALSE,"H2",126,1,0.970357759533548
"elk-115","lognormal",FALSE,"H2",127,1,0.999999999875695
"elk-115","lognormal",FALSE,"H2",128,1,0.999999999890701
"elk-115","lognormal",FALSE,"H2",129,1,0.999999999986495
"elk-115","lognormal",FALSE,"H2",130,1,0.999999999747596
"elk-115","lognormal",FALSE,"H2",131,1,0.999999999679118
"elk-115","lognormal",FALSE,"H2",132,1,0.999999999722555
"elk-115","lognormal",FALSE,"H2",133,1,0.999999999990678
"elk-115","lognormal",FALSE,"H2",134,1,0.999959857185112
"elk-115","lognormal",FALSE,"H2",135,1,0.999959852989148
"elk-115","lognormal",FALSE,"H2",136,1,0.999999540021852
"elk-115","lognormal",FALSE,"H2",137,1,0.999999996104521
"elk-115","lognormal",FALSE,"H2",138,1,0.999999999445616
"elk-115","lognormal",FALSE,"H2",139,1,0.999999639048917
"elk-115","lognormal",FALSE,"H2",140,1,0.999998120433671
"elk-115","lognormal",FALSE,"H2",141,1,0.99995813130792
"elk-115","lognormal",FALSE,"H2",142,1,0.999772651011477
"elk-115","lognormal",FALSE,"H2",143,1,0.999999917083054
"elk-115","lognormal",FALSE,"H2",144,1,0.999998034946916
"elk-115","lognormal",FALSE,"H2",145,1,0.551597347265681
"elk-115","lognormal",FALSE,"H2",146,1,0.999942579334366
"elk-115","lognormal",FALSE,"H2",147,1,0.999997907306635
"elk-115","lognormal",FALSE,"H2",148,1,0.999913759313144
"elk-115","lognormal",FALSE,"H2",149,1,0.999994552737611
"elk-115","lognormal",FALSE,"H2",150,1,0.999913131868052
"elk-115","lognormal",FALSE,"H2",151,1,0.999965830766568
"elk-115","lognormal",FALSE,"H2",152,1,0.999999979953283
"elk-115","lognormal",FALSE,"H2",153,1,0.999999981730767
"elk-115","lognormal",FALSE,"H2",154,1,0.999986374135624
"elk-115","lognormal",FALSE,"H2",155,1,0.999997581703503
"elk-115","lognormal",FALSE,"H2",156,1,0.999996328165986
"elk-115","lognormal",FALSE,"H2",157,1,0.999774495518894
"elk-115","lognormal",FALSE,"H2",158,1,0.999998945719229
"elk-115","lognormal",FALSE,"H2",159,1,0.999999946431168
"elk-115","lognormal",FALSE,"H2",160,1,0.999999991603344
"elk-115","lognormal",FALSE,"H2",161,1,0.999999777582839
"elk-115","lognormal",FALSE,"H2",162,1,0.999999336252524
"elk-115","lognormal",FALSE,"H2",163,1,0.999999948353971
"elk-115","lognormal",FALSE,"H2",164,1,0.999998649383004
"elk-115","lognormal",FALSE,"H2",165,1,0.999999289846136
"elk-115","lognormal",FALSE,"H2",166,1,0.99999408954706
"elk-115","lognormal",FALSE,"H2",167,1,0.99994335772549
"elk-115","lognormal",FALSE,"H2",168,1,0.999176581580282
"elk-115","lognormal",FALSE,"H2",169,1,0.999999843684778
"elk-115","lognormal",FALSE,"H2",170,1,0.999999808591783
"elk-115","lognormal",FALSE,"H2",171,1,0.999999666886167
"elk-115","lognormal",FALSE,"H2",172,1,0.998780590262223
"elk-115","lognormal",FALSE,"H2",173,1,0.999999449218306
"elk-115","lognormal",FALSE,"H2",174,1,0.999998285857517
"elk-115","lognormal",FALSE,"H2",175,1,0.999999969246169
"elk-115","lognormal",FALSE,"H2",176,1,0.999999986990335
"elk-115","lognormal",FALSE,"H2",177,1,0.999999946391463
"elk-115","lognormal",FALSE,"H2",178,1,0.999995747476293
"elk-115","lognormal",FALSE,"H2",179,1,0.999999752718634
"elk-115","lognormal",FALSE,"H2",180,1,0.99999073244719
"elk-115","lognormal",FALSE,"H2",181,1,0.999999987309195
"elk-115","lognormal",FALSE,"H2",182,1,0.99999995976907
"elk-115","lognormal",FALSE,"H2",183,1,0.999999960895088
"elk-115","lognormal",FALSE,"H2",184,1,0.999973432299417
"elk-115","lognormal",FALSE,"H2",185,2,0.994734422985218
"elk-115","lognormal",FALSE,"H2",186,2,0.999997306098922
"elk-115","lognormal",FALSE,"H2",187,2,0.999977102500839
"elk-115","lognormal",FALSE,"H2",188,2,0.999977110254268
"elk-115","lognormal",FALSE,"H2",189,2,0.999998785383817
"elk-115","lognormal",FALSE,"H2",190,2,0.999998791444108
"elk-115","lognormal",FALSE,"H2",191,2,0.99999879137463
"elk-115","lognormal",FALSE,"H2",192,2,0.999998536820135
"elk-115","lognormal",FALSE,"H2",193,2,0.999088104751906
"elk-115","lognormal",FALSE,"H3",1,2,0.999999571537162
"elk-115","lognormal",FALSE,"H3",2,3,0.900252221147384
"elk-115","lognormal",FALSE,"H3",3,3,0.999837879262129
"elk-115","lognormal",FALSE,"H3",4,3,0.999735256817577
"elk-115","lognormal",FALSE,"H3",5,3,0.93701961945913
"elk-115","lognormal",FALSE,"H3",6,3,0.646068823395731
"elk-115","lognormal",FALSE,"H3",7,3,0.999928335636451
"elk-115","lognormal",FALSE,"H3",8,3,0.999918416829036
"elk-115","lognormal",FALSE,"H3",9,3,0.999918375068648
"elk-115","lognormal",FALSE,"H3",10,3,0.999980398611544
"elk-115","lognormal",FALSE,"H3",11,3,0.999960136347781
"elk-115","lognormal",FALSE,"H3",12,3,0.995799500413331
"elk-115","lognormal",FALSE,"H3",13,3,0.999962170981747
"elk-115","lognormal",FALSE,"H3",14,3,0.999981911396501
"elk-115","lognormal",FALSE,"H3",15,3,0.999941446737592
"elk-115","lognormal",FALSE,"H3",16,3,0.999979651174747
"elk-115","lognormal",FALSE,"H3",17,3,0.999983532810745
"elk-115","lognormal",FALSE,"H3",18,3,0.999907022283408
"elk-115","lognormal",FALSE,"H3",19,3,0.999963259810817
"elk-115","lognormal",FALSE,"H3",20,3,0.999978814523904
"elk-115","lognormal",FALSE,"H3",21,3,0.999926282813097
"elk-115","lognormal",FALSE,"H3",22,3,0.999981679014207
"elk-115","lognormal",FALSE,"H3",23,3,0.999824407995861
"elk-115","lognormal",FALSE,"H3",24,3,0.999963596820328
"elk-115","lognormal",FALSE,"H3",25,3,0.999968709809916
"elk-115","lognormal",FALSE,"H3",26,3,0.999963323891889
"elk-115","lognormal",FALSE,"H3",27,3,0.999736393354235
"elk-115","lognormal",FALSE,"H3",28,3,0.999981136369251
"elk-115","lognormal",FALSE,"H3",29,3,0.999824372566727
"elk-115","lognormal",FALSE,"H3",30,3,0.999954807230888
"elk-115","lognormal",FALSE,"H3",31,3,0.999972499602805
"elk-115","lognormal",FALSE,"H3",32,3,0.999969864228913
"elk-115","lognormal",FALSE,"H3",33,3,0.999958197876115
"elk-115","lognormal",FALSE,"H3",34,3,0.999300897883306
"elk-115","lognormal",FALSE,"H3",35,3,0.999618120726004
"elk-115","lognormal",FALSE,"H3",36,3,0.999637569155909
"elk-115","lognormal",FALSE,"H3",37,3,0.999892983078663
"elk-115","lognormal",FALSE,"H3",38,3,0.999643719019458
"elk-115","lognormal",FALSE,"H3",39,3,0.859106607601101
"elk-115","lognormal",FALSE,"H3",40,3,0.999742367216319
"elk-115","lognormal",FALSE,"H3",41,3,0.999924206390768
"elk-115","lognormal",FALSE,"H3",42,3,0.943502057483418
"elk-115","lognormal",FALSE,"H3",43,3,0.999864305461609
"elk-115","lognormal",FALSE,"H3",44,3,0.999844213619422
"elk-115","lognormal",FALSE,"H3",45,3,0.999960365380185
"elk-115","lognormal",FALSE,"H3",46,3,0.998524973721588
"elk-115","lognormal",FALSE,"H3",47,3,0.994313566791209
"elk-115","lognormal",FALSE,"H3",48,3,0.999966623273037
"elk-115","lognormal",FALSE,"H3",49,3,0.999965784096428
"elk-115","lognormal",FALSE,"H3",50,3,0.999951359205894
"elk-115","lognormal",FALSE,"H3",51,3,0.99985938276579
"elk-115","lognormal",FALSE,"H3",52,3,0.999719813179976
"elk-115","lognormal",FALSE,"H3",53,3,0.995959827780995
"elk-115","lognormal",FALSE,"H3",54,3,0.994703590022648
"elk-115","lognormal",FALSE,"H3",55,3,0.999518174855096
"elk-115","lognormal",FALSE,"H3",56,3,0.998758349915955
"elk-115","lognormal",FALSE,"H3",57,3,0.999981391007203
"elk-115","lognormal",FALSE,"H3",58,3,0.999971917609156
"elk-115","lognormal",FALSE,"H3",59,3,0.999268030881824
"elk-115","lognormal",FALSE,"H3",60,3,0.998262601187627
"elk-115","lognormal",FALSE,"H3",61,3,0.999369706069927
"elk-115","lognormal",FALSE,"H3",62,3,0.986196355193053
"elk-115","lognormal",FALSE,"H3",63,3,0.975528932873396
"elk-115","lognormal",FALSE,"H3",64,3,0.991325452467499
"elk-115","lognormal",FALSE,"H3",65,3,0.999862039317489
"elk-115","lognormal",FALSE,"H3",66,3,0.987616417280845
"elk-115","lognormal",FALSE,"H3",67,3,0.999562620327194
"elk-115","lognormal",FALSE,"H3",68,3,0.999731663959484
"elk-115","lognormal",FALSE,"H3",69,3,0.549678299220114
"elk-115","lognormal",FALSE,"H3",70,3,0.75707482426888
"elk-115","lognormal",FALSE,"H3",71,2,0.897638132378494
"elk-115","lognormal",FALSE,"H3",72,2,0.894835497286793
"elk-115","lognormal",FALSE,"H3",73,3,0.999939556757728
"elk-115","lognormal",FALSE,"H3",74,3,0.999980849393628
"elk-115","lognormal",FALSE,"H3",75,3,0.999562159597739
"elk-115","lognormal",FALSE,"H3",76,3,0.987068127297328
"elk-115","lognormal",FALSE,"H3",77,1,0.877593534822342
"elk-115","lognormal",FALSE,"H3",78,1,0.998450685371775
"elk-115","lognormal",FALSE,"H3",79,1,0.999989519558656
"elk-115","lognormal",FALSE,"H3",80,1,0.99989784354387
"elk-115","lognormal",FALSE,"H3",81,1,0.999891086183905
"elk-115","lognormal",FALSE,"H3",82,2,0.909039013982474
"elk-115","lognormal",FALSE,"H3",83,2,0.913403177196831
"elk-115","lognormal",FALSE,"H3",84,3,0.977931185641416
"elk-115","lognormal",FALSE,"H3",85,3,0.985551308892523
"elk-115","lognormal",FALSE,"H3",86,3,0.999866722692096
"elk-115","lognormal",FALSE,"H3",87,3,0.999915376557998
"elk-115","lognormal",FALSE,"H3",88,3,0.999737982534746
"elk-115","lognormal",FALSE,"H3",89,3,0.997848345958756
"elk-115","lognormal",FALSE,"H3",90,3,0.999950920390878
"elk-115","lognormal",FALSE,"H3",91,3,0.993605312259593
"elk-115","lognormal",FALSE,"H3",92,3,0.9690028322887
"elk-115","lognormal",FALSE,"H3",93,3,0.999950309138212
"elk-115","lognormal",FALSE,"H3",94,3,0.994283514206882
"elk-115","lognormal",FALSE,"H3",95,3,0.999914769251571
"elk-115","lognormal",FALSE,"H3",96,3,0.976892672432517
"elk-115","lognormal",FALSE,"H3",97,3,0.999969611146139
"elk-115","lognormal",FALSE,"H3",98,3,0.99997168251185
"elk-115","lognormal",FALSE,"H3",99,3,0.992690148473822
"elk-115","lognormal",FALSE,"H3",100,1,0.793234820654381
"elk-115","lognormal",FALSE,"H3",101,2,0.835417687611065
"elk-115","lognormal",FALSE,"H3",102,3,0.999607747138163
"elk-115","lognormal",FALSE,"H3",103,3,0.99752744493174
"elk-115","lognormal",FALSE,"H3",104,1,0.742648598272207
"elk-115","lognormal",FALSE,"H3",105,1,0.96750518389249
"elk-115","lognormal",FALSE,"H3",106,1,0.999929170031672
"elk-115","lognormal",FALSE,"H3",107,3,0.996326711157268
"elk-115","lognormal",FALSE,"H3",108,3,0.999259158233482
"elk-115","lognormal",FALSE,"H3",109,3,0.999632409351758
"elk-115","lognormal",FALSE,"H3",110,3,0.99577519745013
"elk-115","lognormal",FALSE,"H3",111,3,0.999222376921549
"elk-115","lognormal",FALSE,"H3",112,3,0.999395074651167
"elk-115","lognormal",FALSE,"H3",113,3,0.900423050349285
"elk-115","lognormal",FALSE,"H3",114,2,0.746985240060592
"elk-115","lognormal",FALSE,"H3",115,2,0.796335812097947
"elk-115","lognormal",FALSE,"H3",116,2,0.929447389259007
"elk-115","lognormal",FALSE,"H3",117,2,0.927067230138354
"elk-115","lognormal",FALSE,"H3",118,3,0.999973660366142
"elk-115","lognormal",FALSE,"H3",119,3,0.999956972146782
"elk-115","lognormal",FALSE,"H3",120,3,0.986335152805006
"elk-115","lognormal",FALSE,"H3",121,3,0.962341710451811
"elk-115","lognormal",FALSE,"H3",122,3,0.999294978888113
"elk-115","lognormal",FALSE,"H3",123,3,0.999798883754247
"elk-115","lognormal",FALSE,"H3",124,3,0.995327550645484
"elk-115","lognormal",FALSE,"H3",125,3,0.999597229124039
"elk-115","lognormal",FALSE,"H3",126,1,0.92261652645116
"elk-115","lognormal",FALSE,"H3",127,2,0.996669132932959
"elk-115","lognormal",FALSE,"H3",128,2,0.998915763207846
"elk-115","lognormal",FALSE,"H3",129,2,0.999590834639304
"elk-115","lognormal",FALSE,"H3",130,2,0.998284113727856
"elk-115","lognormal",FALSE,"H3",131,2,0.997177350937038
"elk-115","lognormal",FALSE,"H3",132,2,0.99327538470542
"elk-115","lognormal",FALSE,"H3",133,2,0.966051928128324
"elk-115","lognormal",FALSE,"H3",134,3,0.999990678709853
"elk-115","lognormal",FALSE,"H3",135,3,0.999735039267709
"elk-115","lognormal",FALSE,"H3",136,3,0.999924759299834
"elk-115","lognormal",FALSE,"H3",137,3,0.967813925522539
"elk-115","lognormal",FALSE,"H3",138,3,0.938600954494144
"elk-115","lognormal",FALSE,"H3",139,3,0.999880563812292
"elk-115","lognormal",FALSE,"H3",140,3,0.999974693782694
"elk-115","lognormal",FALSE,"H3",141,3,0.999698942259226
"elk-115","lognormal",FALSE,"H3",142,3,0.998766997272395
"elk-115","lognormal",FALSE,"H3",143,3,0.999812012969177
"elk-115","lognormal",FALSE,"H3",144,3,0.999756591497204
"elk-115","lognormal",FALSE,"H3",145,1,0.888602994066525
"elk-115","lognormal",FALSE,"H3",146,3,0.998466055761394
"elk-115","lognormal",FALSE,"H3",147,3,0.999969242227069
"elk-115","lognormal",FALSE,"H3",148,3,0.999488705512936
"elk-115","lognormal",FALSE,"H3",149,3,0.999941666109265
"elk-115","lognormal",FALSE,"H3",150,3,0.999475397159313
"elk-115","lognormal",FALSE,"H3",151,3,0.999736435051892
"elk-115","lognormal",FALSE,"H3",152,3,0.998766600126828
"elk-115","lognormal",FALSE,"H3",153,3,0.998662188538972
"elk-115","lognormal",FALSE,"H3",154,3,0.999890249345449
"elk-115","lognormal",FALSE,"H3",155,3,0.999970326198479
"elk-115","lognormal",FALSE,"H3",156,3,0.99995638446925
"elk-115","lognormal",FALSE,"H3",157,3,0.998811960129241
"elk-115","lognormal",FALSE,"H3",158,3,0.999979583139845
"elk-115","lognormal",FALSE,"H3",159,3,0.99961507525426
"elk-115","lognormal",FALSE,"H3",160,3,0.996918430402976
"elk-115","lognormal",FALSE,"H3",161,3,0.99995008750386
"elk-115","lognormal",FALSE,"H3",162,3,0.999983179635752
"elk-115","lognormal",FALSE,"H3",163,3,0.999692254675201
"elk-115","lognormal",FALSE,"H3",164,3,0.999979837293473
"elk-115","lognormal",FALSE,"H3",165,3,0.999983563078889
"elk-115","lognormal",FALSE,"H3",166,3,0.999940641784833
"elk-115","lognormal",FALSE,"H3",167,3,0.999550442843
"elk-115","lognormal",FALSE,"H3",168,3,0.995971001174981
"elk-115","lognormal",FALSE,"H3",169,3,0.999893188096793
"elk-115","lognormal",FALSE,"H3",170,3,0.999951711842644
"elk-115","lognormal",FALSE,"H3",171,3,0.999964128137241
"elk-115","lognormal",FALSE,"H3",172,3,0.99430494012959
"elk-115","lognormal",FALSE,"H3",173,3,0.999970263590161
"elk-115","lognormal",FALSE,"H3",174,3,0.99997549968757
"elk-115","lognormal",FALSE,"H3",175,3,0.999260905069713
"elk-115","lognormal",FALSE,"H3",176,3,0.998023872488134
"elk-115","lognormal",FALSE,"H3",177,3,0.999649055419703
"elk-115","lognormal",FALSE,"H3",178,3,0.999955638115823
"elk-115","lognormal",FALSE,"H3",179,3,0.99996572576547
"elk-115","lognormal",FALSE,"H3",180,3,0.999907493411246
"elk-115","lognormal",FALSE,"H3",181,3,0.998041743646149
"elk-115","lognormal",FALSE,"H3",182,3,0.999458675580313
"elk-115","lognormal",FALSE,"H3",183,3,0.99952337913521
"elk-115","lognormal",FALSE,"H3",184,3,0.999597104703143
"elk-115","lognormal",FALSE,"H3",185,1,0.998953870318225
"elk-115","lognormal",FALSE,"H3",186,1,0.999999862311732
"elk-115","lognormal",FALSE,"H3",187,1,0.999991243467197
"elk-115","lognormal",FALSE,"H3",188,1,0.999991243482983
"elk-115","lognormal",FALSE,"H3",189,1,0.999999877524725
"elk-115","lognormal",FALSE,"H3",190,1,0.999999877650169
"elk-115","lognormal",FALSE,"H3",191,1,0.99999987765014
"elk-115","lognormal",FALSE,"H3",192,1,0.9999998755084
"elk-115","lognormal",FALSE,"H3",193,1,0.999852463897679
"elk-163","lognormal",FALSE,"M21",1,1,0.999999999989162
"elk-163","lognormal",FALSE,"M21",2,1,0.999903122798399
"elk-163","lognormal",FALSE,"M21",3,1,0.998598882457033
"elk-163","lognormal",FALSE,"M21",4,1,0.995741143477157
"elk-163","lognormal",FALSE,"M21",5,1,0.999577454315591
"elk-163","lognormal",FALSE,"M21",6,1,0.999955834416182
"elk-163","lognormal",FALSE,"M21",7,1,0.999534933694007
"elk-163","lognormal",FALSE,"M21",8,1,0.999999999470913
"elk-163","lognormal",FALSE,"M21",9,1,0.999996493226024
"elk-163","lognormal",FALSE,"M21",10,1,0.99999999840496
"elk-163","lognormal",FALSE,"M21",11,1,0.999951014356699
"elk-163","lognormal",FALSE,"M21",12,1,0.999414972603919
"elk-163","lognormal",FALSE,"M21",13,1,0.994319623263085
"elk-163","lognormal",FALSE,"M21",14,1,0.999999954719536
"elk-163","lognormal",FALSE,"M21",15,1,0.956793678226437
"elk-163","lognormal",FALSE,"M21",16,1,0.935626140906165
"elk-163","lognormal",FALSE,"M21",17,1,0.943949601417508
"elk-163","lognormal",FALSE,"M21",18,1,0.960314097709743
"elk-163","lognormal",FALSE,"M21",19,1,0.96947503422017
"elk-163","lognormal",FALSE,"M21",20,1,0.978312505982404
"elk-163","lognormal",FALSE,"M21",21,1,0.999779720898097
"elk-163","lognormal",FALSE,"M21",22,1,0.998911000209054
"elk-163","lognormal",FALSE,"M21",23,1,0.999999999820551
"elk-163","lognormal",FALSE,"M21",24,1,0.999999940468981
"elk-163","lognormal",FALSE,"M21",25,1,0.99980410800464
"elk-163","lognormal",FALSE,"M21",26,1,0.997714136163683
"elk-163","lognormal",FALSE,"M21",27,1,0.994664121612272
"elk-163","lognormal",FALSE,"M21",28,1,0.999999369903524
"elk-163","lognormal",FALSE,"M21",29,1,0.999823987513118
"elk-163","lognormal",FALSE,"M21",30,1,0.999998690506251
"elk-163","lognormal",FALSE,"M21",31,1,0.999999786862555
"elk-163","lognormal",FALSE,"M21",32,1,0.999999999199119
"elk-163","lognormal",FALSE,"M21",33,1,0.999999970190677
"elk-163","lognormal",FALSE,"M21",34,1,0.993944357749334
"elk-163","lognormal",FALSE,"M21",35,1,0.998889554799811
"elk-163","lognormal",FALSE,"M21",36,1,0.99940515006305
"elk-163","lognormal",FALSE,"M21",37,1,0.997512836492811
"elk-163","lognormal",FALSE,"M21",38,1,0.999995789761473
"elk-163","lognormal",FALSE,"M21",39,1,0.972557062568479
"elk-163","lognormal",FALSE,"M21",40,1,0.968556338199501
"elk-163","lognormal",FALSE,"M21",41,1,0.978531016961636
"elk-163","lognormal",FALSE,"M21",42,1,0.999998302001051
"elk-163","lognormal",FALSE,"M21",43,1,0.999998414684452
"elk-163","lognormal",FALSE,"M21",44,1,0.981377215412574
"elk-163","lognormal",FALSE,"M21",45,1,0.98194598283778
"elk-163","lognormal",FALSE,"M21",46,1,0.999999973356613
"elk-163","lognormal",FALSE,"M21",47,1,0.999999991036504
"elk-163","lognormal",FALSE,"M21",48,1,0.986625843667229
"elk-163","lognormal",FALSE,"M21",49,1,0.985176546261422
"elk-163","lognormal",FALSE,"M21",50,1,0.999981662943709
"elk-163","lognormal",FALSE,"M21",51,1,0.771141189078957
"elk-163","lognormal",FALSE,"M21",52,1,0.684633214031238
"elk-163","lognormal",FALSE,"M21",53,1,0.661510769816568
"elk-163","lognormal",FALSE,"M21",54,1,0.687911332351774
"elk-163","lognormal",FALSE,"M21",55,1,0.771679631109367
"elk-163","lognormal",FALSE,"M21",56,1,0.834033172588501
"elk-163","lognormal",FALSE,"M21",57,1,0.884012730787747
"elk-163","lognormal",FALSE,"M21",58,1,0.924724956980402
"elk-163","lognormal",FALSE,"M21",59,1,0.966054205153004
"elk-163","lognormal",FALSE,"M21",60,1,0.981454826562014
"elk-163","lognormal",FALSE,"M21",61,1,0.984236481052977
"elk-163","lognormal",FALSE,"M21",62,1,0.995057320110212
"elk-163","lognormal",FALSE,"M21",63,1,0.995234028162709
"elk-163","lognormal",FALSE,"M21",64,1,0.999491484202941
"elk-163","lognormal",FALSE,"M21",65,1,0.99999972902706
"elk-163","lognormal",FALSE,"M21",66,1,0.995326664330725
"elk-163","lognormal",FALSE,"M21",67,1,0.999999990454967
"elk-163","lognormal",FALSE,"M21",68,1,0.999999760918549
"elk-163","lognormal",FALSE,"M21",69,2,0.61949451977059
"elk-163","lognormal",FALSE,"M21",70,2,0.8381952429733
"elk-163","lognormal",FALSE,"M21",71,2,0.91462183228422
"elk-163","lognormal",FALSE,"M21",72,2,0.965202192682385
"elk-163","lognormal",FALSE,"M21",73,2,0.981759216955388
"elk-163","lognormal",FALSE,"M21",74,2,0.990277561227936
"elk-163","lognormal",FALSE,"M21",75,2,0.993373854655774
"elk-163","lognormal",FALSE,"M21",76,2,0.993660913569607
"elk-163","lognormal",FALSE,"M21",77,2,0.991890229371182
"elk-163","lognormal",FALSE,"M21",78,2,0.989379442905576
"elk-163","lognormal",FALSE,"M21",79,2,0.989217416212121
"elk-163","lognormal",FALSE,"M21",80,2,0.987047895762793
"elk-163","lognormal",FALSE,"M21",81,2,0.991303179586104
"elk-163","lognormal",FALSE,"M21",82,2,0.990008534505483
"elk-163","lognormal",FALSE,"M21",83,2,0.988776129679854
"elk-163","lognormal",FALSE,"M21",84,2,0.983797849933272
"elk-163","lognormal",FALSE,"M21",85,2,0.979830037657304
"elk-163","lognormal",FALSE,"M21",86,2,0.967224112782405
"elk-163","lognormal",FALSE,"M21",87,2,0.926705628936151
"elk-163","lognormal",FALSE,"M21",88,2,0.8108142583743
"elk-163","lognormal",FALSE,"M21",89,2,0.529225884953595
"elk-163","lognormal",FALSE,"M21",90,1,0.994295756075568
"elk-163","lognormal",FALSE,"M21",91,1,0.977250285915008
"elk-163","lognormal",FALSE,"M21",92,1,0.980313673431528
"elk-163","lognormal",FALSE,"M21",93,1,0.980857077479007
"elk-163","lognormal",FALSE,"M21",94,1,0.999901232894393
"elk-163","lognormal",FALSE,"M21",95,1,0.997377824238492
"elk-163","lognormal",FALSE,"M21",96,1,0.999804086137183
"elk-163","lognormal",FALSE,"M21",97,1,0.998279633390424
"elk-163","lognormal",FALSE,"M21",98,1,0.999999263157914
"elk-163","lognormal",FALSE,"M21",99,1,0.998807049249551
"elk-163","lognormal",FALSE,"M21",100,1,0.993288922281221
"elk-163","lognormal",FALSE,"M21",101,1,0.989304378744691
"elk-163","lognormal",FALSE,"M21",102,1,0.99998715117076
"elk-163","lognormal",FALSE,"M21",103,1,0.996733958021009
"elk-163","lognormal",FALSE,"M21",104,1,0.991601000254108
"elk-163","lognormal",FALSE,"M21",105,1,0.988378652190809
"elk-163","lognormal",FALSE,"M21",106,1,0.99898693177537
"elk-163","lognormal",FALSE,"M21",107,1,0.993284800990508
"elk-163","lognormal",FALSE,"M21",108,1,0.99892454007734
"elk-163","lognormal",FALSE,"M21",109,1,0.996465605496464
"elk-163","lognormal",FALSE,"M21",110,1,0.9965102696358
"elk-163","lognormal",FALSE,"M21",111,1,0.999987024738142
"elk-163","lognormal",FALSE,"M21",112,1,0.999827043766704
"elk-163","lognormal",FALSE,"M21",113,1,0.991104144444183
"elk-163","lognormal",FALSE,"M21",114,1,0.995051631301179
"elk-163","lognormal",FALSE,"M21",115,1,0.999999069930826
"elk-163","lognormal",FALSE,"M21",116,2,0.620640558344976
"elk-163","lognormal",FALSE,"M21",117,2,0.831704072502296
"elk-163","lognormal",FALSE,"M21",118,2,0.905168178276596
"elk-163","lognormal",FALSE,"M21",119,2,0.92787254405829
"elk-163","lognormal",FALSE,"M21",120,2,0.9627004527119
"elk-163","lognormal",FALSE,"M21",121,2,0.981928828061451
"elk-163","lognormal",FALSE,"M21",122,2,0.992099603398599
"elk-163","lognormal",FALSE,"M21",123,2,0.995189484691873
"elk-163","lognormal",FALSE,"M21",124,2,0.995648752871146
"elk-163","lognormal",FALSE,"M21",125,2,0.99643667610768
"elk-163","lognormal",FALSE,"M21",126,2,0.996367109040609
"elk-163","lognormal",FALSE,"M21",127,2,0.995170612053667
"elk-163","lognormal",FALSE,"M21",128,2,0.990730489763064
"elk-163","lognormal",FALSE,"M21",129,2,0.977756901584345
"elk-163","lognormal",FALSE,"M21",130,2,0.974929790430702
"elk-163","lognormal",FALSE,"M21",131,2,0.976895766933721
"elk-163","lognormal",FALSE,"M21",132,2,0.97591815516956
"elk-163","lognormal",FALSE,"M21",133,2,0.962240570977976
"elk-163","lognormal",FALSE,"M21",134,2,0.917909765397268
"elk-163","lognormal",FALSE,"M21",135,2,0.805867390990842
"elk-163","lognormal",FALSE,"M21",136,2,0.681755789758941
"elk-163","lognormal",FALSE,"M21",137,2,0.636685834217654
"elk-163","lognormal",FALSE,"M21",138,1,0.515060021872883
"elk-163","lognormal",FALSE,"M21",139,1,0.626956375173238
"elk-163","lognormal",FALSE,"M21",140,1,0.772718279989658
"elk-163","lognormal",FALSE,"M21",141,1,0.83521440527416
"elk-163","lognormal",FALSE,"M21",142,1,0.885330442810618
"elk-163","lognormal",FALSE,"M21",143,1,0.918590061763147
"elk-163","lognormal",FALSE,"M21",144,1,0.957850805526379
"elk-163","lognormal",FALSE,"M21",145,1,0.964358415215845
"elk-163","lognormal",FALSE,"M21",146,1,0.995046897524444
"elk-163","lognormal",FALSE,"M21",147,1,0.998618335539164
"elk-163","lognormal",FALSE,"M21",148,1,0.999642042243517
"elk-163","lognormal",FALSE,"M21",149,1,0.999720180135599
"elk-163","lognormal",FALSE,"M21",150,1,0.840977595778055
"elk-163","lognormal",FALSE,"M21",151,1,0.790953084242837
"elk-163","lognormal",FALSE,"M21",152,1,0.79021975932123
"elk-163","lognormal",FALSE,"M21",153,1,0.826096678889779
"elk-163","lognormal",FALSE,"M21",154,1,0.853821802335609
"elk-163","lognormal",FALSE,"M21",155,1,0.945641091181836
"elk-163","lognormal",FALSE,"M21",156,1,0.971821108910884
"elk-163","lognormal",FALSE,"M21",157,1,0.974377887481722
"elk-163","lognormal",FALSE,"M21",158,1,0.909936915205888
"elk-163","lognormal",FALSE,"H2",1,2,0.999999999979073
"elk-163","lognormal",FALSE,"H2",2,2,0.99991201766189
"elk-163","lognormal",FALSE,"H2",3,2,0.998421265898167
"elk-163","lognormal",FALSE,"H2",4,2,0.994636108364503
"elk-163","lognormal",FALSE,"H2",5,2,0.99957239186196
"elk-163","lognormal",FALSE,"H2",6,2,0.999961974345735
"elk-163","lognormal",FALSE,"H2",7,2,0.999487323670449
"elk-163","lognormal",FALSE,"H2",8,2,0.999999998877258
"elk-163","lognormal",FALSE,"H2",9,2,0.999996583616633
"elk-163","lognormal",FALSE,"H2",10,2,0.999999995680067
"elk-163","lognormal",FALSE,"H2",11,2,0.999955284090342
"elk-163","lognormal",FALSE,"H2",12,2,0.99929743132352
"elk-163","lognormal",FALSE,"H2",13,2,0.992215002082792
"elk-163","lognormal",FALSE,"H2",14,2,0.999999876589735
"elk-163","lognormal",FALSE,"H2",15,2,0.939013904994051
"elk-163","lognormal",FALSE,"H2",16,2,0.909941017252674
"elk-163","lognormal",FALSE,"H2",17,2,0.923175619099866
"elk-163","lognormal",FALSE,"H2",18,2,0.947199654506447
"elk-163","lognormal",FALSE,"H2",19,2,0.959794846932062
"elk-163","lognormal",FALSE,"H2",20,2,0.971186382631124
"elk-163","lognormal",FALSE,"H2",21,2,0.999797841803594
"elk-163","lognormal",FALSE,"H2",22,2,0.998733301309134
"elk-163","lognormal",FALSE,"H2",23,2,0.999999999756152
"elk-163","lognormal",FALSE,"H2",24,2,0.999999870676413
"elk-163","lognormal",FALSE,"H2",25,2,0.999813113396436
"elk-163","lognormal",FALSE,"H2",26,2,0.997289244041188
"elk-163","lognormal",FALSE,"H2",27,2,0.993069633786562
"elk-163","lognormal",FALSE,"H2",28,2,0.99999886544672
"elk-163","lognormal",FALSE,"H2",29,2,0.999819202099389
"elk-163","lognormal",FALSE,"H2",30,2,0.999998499700497
"elk-163","lognormal",FALSE,"H2",31,2,0.999999640073078
"elk-163","lognormal",FALSE,"H2",32,2,0.999999998007903
"elk-163","lognormal",FALSE,"H2",33,2,0.999999911955425
"elk-163","lognormal",FALSE,"H2",34,2,0.991837831755826
"elk-163","lognormal",FALSE,"H2",35,2,0.9987810773422
"elk-163","lognormal",FALSE,"H2",36,2,0.999402323357762
"elk-163","lognormal",FALSE,"H2",37,2,0.99693249030696
"elk-163","lognormal",FALSE,"H2",38,2,0.999990448177535
"elk-163","lognormal",FALSE,"H2",39,2,0.956641945994655
"elk-163","lognormal",FALSE,"H2",40,2,0.950873911350642
"elk-163","lognormal",FALSE,"H2",41,2,0.966913319733005
"elk-163","lognormal",FALSE,"H2",42,2,0.999996280908274
"elk-163","lognormal",FALSE,"H2",43,2,0.999996730104182
"elk-163","lognormal",FALSE,"H2",44,2,0.972684756284267
"elk-163","lognormal",FALSE,"H2",45,2,0.973569903287881
"elk-163","lognormal",FALSE,"H2",46,2,0.999999913657319
"elk-163","lognormal",FALSE,"H2",47,2,0.999999972186245
"elk-163","lognormal",FALSE,"H2",48,2,0.979746828911212
"elk-163","lognormal",FALSE,"H2",49,2,0.977904236470474
"elk-163","lognormal",FALSE,"H2",50,2,0.999934622983743
"elk-163","lognormal",FALSE,"H2",51,2,0.653915531246372
"elk-163","lognormal",FALSE,"H2",52,2,0.537741742198167
"elk-163","lognormal",FALSE,"H2",53,2,0.510591376658899
"elk-163","lognormal",FALSE,"H2",54,2,0.547786380918247
"elk-163","lognormal",FALSE,"H2",55,2,0.666617871731457
"elk-163","lognormal",FALSE,"H2",56,2,0.751666732503625
"elk-163","lognormal",FALSE,"H2",57,2,0.825508243623527
"elk-163","lognormal",FALSE,"H2",58,2,0.890635435667195
"elk-163","lognormal",FALSE,"H2",59,2,0.954833425983475
"elk-163","lognormal",FALSE,"H2",60,2,0.976915824854122
"elk-163","lognormal",FALSE,"H2",61,2,0.98048079214274
"elk-163","lognormal",FALSE,"H2",62,2,0.994569979000256
"elk-163","lognormal",FALSE,"H2",63,2,0.994451150235435
"elk-163","lognormal",FALSE,"H2",64,2,0.99945287924858
"elk-163","lognormal",FALSE,"H2",65,2,0.999999406767723
"elk-163","lognormal",FALSE,"H2",66,2,0.993634896230207
"elk-163","lognormal",FALSE,"H2",67,2,0.999999971388283
"elk-163","lognormal",FALSE,"H2",68,2,0.999999494854598
"elk-163","lognormal",FALSE,"H2",69,1,0.665165897920813
"elk-163","lognormal",FALSE,"H2",70,1,0.871846116988281
"elk-163","lognormal",FALSE,"H2",71,1,0.935030221551594
"elk-163","lognormal",FALSE,"H2",72,1,0.975912893137992
"elk-163","lognormal",FALSE,"H2",73,1,0.987424375268912
"elk-163","lognormal",FALSE,"H2",74,1,0.993192452780753
"elk-163","lognormal",FALSE,"H2",75,1,0.994978772801922
"elk-163","lognormal",FALSE,"H2",76,1,0.994619588235114
"elk-163","lognormal",FALSE,"H2",77,1,0.992370154896698
"elk-163","lognormal",FALSE,"H2",78,1,0.989510441598212
"elk-163","lognormal",FALSE,"H2",79,1,0.989730973272503
"elk-163","lognormal",FALSE,"H2",80,1,0.987833094722571
"elk-163","lognormal",FALSE,"H2",81,1,0.992754920164678
"elk-163","lognormal",FALSE,"H2",82,1,0.991650686076811
"elk-163","lognormal",FALSE,"H2",83,1,0.991247709559564
"elk-163","lognormal",FALSE,"H2",84,1,0.987692812455535
"elk-163","lognormal",FALSE,"H2",85,1,0.986205941601555
"elk-163","lognormal",FALSE,"H2",86,1,0.977948994431487
"elk-163","lognormal",FALSE,"H2",87,1,0.945963675203284
"elk-163","lognormal",FALSE,"H2",88,1,0.843839746470826
"elk-163","lognormal",FALSE,"H2",89,1,0.573720765251579
"elk-163","lognormal",FALSE,"H2",90,2,0.994320936186821
"elk-163","lognormal",FALSE,"H2",91,2,0.969538406399024
"elk-163","lognormal",FALSE,"H2",92,2,0.973489238335227
"elk-163","lognormal",FALSE,"H2",93,2,0.973173186579286
"elk-163","lognormal",FALSE,"H2",94,2,0.999896578283819
"elk-163","lognormal",FALSE,"H2",95,2,0.996692001413619
"elk-163","lognormal",FALSE,"H2",96,2,0.999809183588741
"elk-163","lognormal",FALSE,"H2",97,2,0.997681131418798
"elk-163","lognormal",FALSE,"H2",98,2,0.999998816465676
"elk-163","lognormal",FALSE,"H2",99,2,0.998657964976973
"elk-163","lognormal",FALSE,"H2",100,2,0.99116351353485
"elk-163","lognormal",FALSE,"H2",101,2,0.985077579056968
"elk-163","lognormal",FALSE,"H2",102,2,0.999981967361992
"elk-163","lognormal",FALSE,"H2",103,2,0.995721217638659
"elk-163","lognormal",FALSE,"H2",104,2,0.987887597799361
"elk-163","lognormal",FALSE,"H2",105,2,0.983193418019944
"elk-163","lognormal",FALSE,"H2",106,2,0.998880614698688
"elk-163","lognormal",FALSE,"H2",107,2,0.991141593233476
"elk-163","lognormal",FALSE,"H2",108,2,0.998895943206595
"elk-163","lognormal",FALSE,"H2",109,2,0.995827413964948
"elk-163","lognormal",FALSE,"H2",110,2,0.995780941703778
"elk-163","lognormal",FALSE,"H2",111,2,0.999988248809307
"elk-163","lognormal",FALSE,"H2",112,2,0.999832435394356
"elk-163","lognormal",FALSE,"H2",113,2,0.987961821406045
"elk-163","lognormal",FALSE,"H2",114,2,0.993607785878262
"elk-163","lognormal",FALSE,"H2",115,2,0.999997940056871
"elk-163","lognormal",FALSE,"H2",116,1,0.67195753984118
"elk-163","lognormal",FALSE,"H2",117,1,0.874254436433675
"elk-163","lognormal",FALSE,"H2",118,1,0.936064643928119
"elk-163","lognormal",FALSE,"H2",119,1,0.951589432265643
"elk-163","lognormal",FALSE,"H2",120,1,0.976369072607764
"elk-163","lognormal",FALSE,"H2",121,1,0.98855532599676
"elk-163","lognormal",FALSE,"H2",122,1,0.995031085864149
"elk-163","lognormal",FALSE,"H2",123,1,0.996603744258682
"elk-163","lognormal",FALSE,"H2",124,1,0.996479940208545
"elk-163","lognormal",FALSE,"H2",125,1,0.996959337695185
"elk-163","lognormal",FALSE,"H2",126,1,0.996948664861477
"elk-163","lognormal",FALSE,"H2",127,1,0.99592880623873
"elk-163","lognormal",FALSE,"H2",128,1,0.9916080458463
"elk-163","lognormal",FALSE,"H2",129,1,0.977724294024131
"elk-163","lognormal",FALSE,"H2",130,1,0.976227050809464
"elk-163","lognormal",FALSE,"H2",131,1,0.980790347346504
"elk-163","lognormal",FALSE,"H2",132,1,0.982498593056565
"elk-163","lognormal",FALSE,"H2",133,1,0.972150827460409
"elk-163","lognormal",FALSE,"H2",134,1,0.932574445262238
"elk-163","lognormal",FALSE,"H2",135,1,0.818627623191265
"elk-163","lognormal",FALSE,"H2",136,1,0.69208766132761
"elk-163","lognormal",FALSE,"H2",137,1,0.652669397662901
"elk-163","lognormal",FALSE,"H2",138,2,0.507188882582587
"elk-163","lognormal",FALSE,"H2",139,2,0.621125100754518
"elk-163","lognormal",FALSE,"H2",140,2,0.773208118708651
"elk-163","lognormal",FALSE,"H2",141,2,0.832685892194947
"elk-163","lognormal",FALSE,"H2",142,2,0.885313478604773
"elk-163","lognormal",FALSE,"H2",143,2,0.918646058346445
"elk-163","lognormal",FALSE,"H2",144,2,0.959121190040493
"elk-163","lognormal",FALSE,"H2",145,2,0.963147418425421
"elk-163","lognormal",FALSE,"H2",146,2,0.995674278241102
"elk-163","lognormal",FALSE,"H2",147,2,0.998792170840819
"elk-163","lognormal",FALSE,"H2",148,2,0.999671690463042
"elk-163","lognormal",FALSE,"H2",149,2,0.999676911107793
"elk-163","lognormal",FALSE,"H2",150,2,0.756414240028823
"elk-163","lognormal",FALSE,"H2",151,2,0.686368869399313
"elk-163","lognormal",FALSE,"H2",152,2,0.686186226420365
"elk-163","lognormal",FALSE,"H2",153,2,0.737053351372766
"elk-163","lognormal",FALSE,"H2",154,2,0.780466835093111
"elk-163","lognormal",FALSE,"H2",155,2,0.928876050771104
"elk-163","lognormal",FALSE,"H2",156,2,0.967329668189644
"elk-163","lognormal",FALSE,"H2",157,2,0.971406793202225
"elk-163","lognormal",FALSE,"H2",158,2,0.891445579873616
"elk-163","lognormal",FALSE,"H3",1,3,0.999999140873978
"elk-163","lognormal",FALSE,"H3",2,2,0.99568069118692
"elk-163","lognormal",FALSE,"H3",3,2,0.99972383400654
"elk-163","lognormal",FALSE,"H3",4,2,0.99983964656272
"elk-163","lognormal",FALSE,"H3",5,2,0.999940095309849
"elk-163","lognormal",FALSE,"H3",6,2,0.997314047619535
"elk-163","lognormal",FALSE,"H3",7,2,0.999993498406452
"elk-163","lognormal",FALSE,"H3",8,3,0.754187688123708
"elk-163","lognormal",FALSE,"H3",9,3,0.502696628282763
"elk-163","lognormal",FALSE,"H3",10,3,0.777524504106657
"elk-163","lognormal",FALSE,"H3",11,2,0.992172701984909
"elk-163","lognormal",FALSE,"H3",12,2,0.999932787056838
"elk-163","lognormal",FALSE,"H3",13,2,0.999972192838274
"elk-163","lognormal",FALSE,"H3",14,3,0.708557654752984
"elk-163","lognormal",FALSE,"H3",15,2,0.765515846840237
"elk-163","lognormal",FALSE,"H3",16,2,0.788864421901947
"elk-163","lognormal",FALSE,"H3",17,2,0.856269582341071
"elk-163","lognormal",FALSE,"H3",18,2,0.923497925354054
"elk-163","lognormal",FALSE,"H3",19,2,0.95467055399539
"elk-163","lognormal",FALSE,"H3",20,2,0.974226114967916
"elk-163","lognormal",FALSE,"H3",21,2,0.988154276428581
"elk-163","lognormal",FALSE,"H3",22,2,0.999957504140627
"elk-163","lognormal",FALSE,"H3",23,3,0.764217199907044
"elk-163","lognormal",FALSE,"H3",24,3,0.750922658140811
"elk-163","lognormal",FALSE,"H3",25,2,0.998124632256974
"elk-163","lognormal",FALSE,"H3",26,2,0.9995979482025
"elk-163","lognormal",FALSE,"H3",27,2,0.999792586351637
"elk-163","lognormal",FALSE,"H3",28,2,0.639644667438107
"elk-163","lognormal",FALSE,"H3",29,2,0.999407513515666
"elk-163","lognormal",FALSE,"H3",30,2,0.578070484770428
"elk-163","lognormal",FALSE,"H3",31,3,0.807897972641689
"elk-163","lognormal",FALSE,"H3",32,3,0.955001825946867
"elk-163","lognormal",FALSE,"H3",33,3,0.893504406880749
"elk-163","lognormal",FALSE,"H3",34,2,0.926131296789518
"elk-163","lognormal",FALSE,"H3",35,2,0.993923666719724
"elk-163","lognormal",FALSE,"H3",36,2,0.999479921457096
"elk-163","lognormal",FALSE,"H3",37,2,0.999836938753219
"elk-163","lognormal",FALSE,"H3",38,2,0.549938424762
"elk-163","lognormal",FALSE,"H3",39,2,0.888376723500571
"elk-163","lognormal",FALSE,"H3",40,2,0.917937582887464
"elk-163","lognormal",FALSE,"H3",41,2,0.973929710799818
"elk-163","lognormal",FALSE,"H3",42,3,0.607298150815619
"elk-163","lognormal",FALSE,"H3",43,3,0.628073951199511
"elk-163","lognormal",FALSE,"H3",44,2,0.936478869946194
"elk-163","lognormal",FALSE,"H3",45,2,0.986304966401138
"elk-163","lognormal",FALSE,"H3",46,3,0.865983330017735
"elk-163","lognormal",FALSE,"H3",47,3,0.881669539536235
"elk-163","lognormal",FALSE,"H3",48,2,0.931115332021177
"elk-163","lognormal",FALSE,"H3",49,2,0.984077656094187
"elk-163","lognormal",FALSE,"H3",50,3,0.861849405095657
"elk-163","lognormal",FALSE,"H3",51,1,0.710579130446858
"elk-163","lognormal",FALSE,"H3",52,1,0.697365191519943
"elk-163","lognormal",FALSE,"H3",53,1,0.663811655973465
"elk-163","lognormal",FALSE,"H3",54,1,0.568774465425501
"elk-163","lognormal",FALSE,"H3",55,2,0.629330091974747
"elk-163","lognormal",FALSE,"H3",56,2,0.746104242149585
"elk-163","lognormal",FALSE,"H3",57,2,0.840300937617526
"elk-163","lognormal",FALSE,"H3",58,2,0.916285429076624
"elk-163","lognormal",FALSE,"H3",59,2,0.974078476935794
"elk-163","lognormal",FALSE,"H3",60,2,0.9904462844002
"elk-163","lognormal",FALSE,"H3",61,2,0.994428850902003
"elk-163","lognormal",FALSE,"H3",62,2,0.999004105611712
"elk-163","lognormal",FALSE,"H3",63,2,0.999544256029987
"elk-163","lognormal",FALSE,"H3",64,2,0.999981991504056
"elk-163","lognormal",FALSE,"H3",65,2,0.545459799455632
"elk-163","lognormal",FALSE,"H3",66,2,0.997033483084957
"elk-163","lognormal",FALSE,"H3",67,3,0.906266804149213
"elk-163","lognormal",FALSE,"H3",68,3,0.999995457025133
"elk-163","lognormal",FALSE,"H3",69,1,0.999969291403585
"elk-163","lognormal",FALSE,"H3",70,1,0.99996835073608
"elk-163","lognormal",FALSE,"H3",71,1,0.999962104360989
"elk-163","lognormal",FALSE,"H3",72,1,0.999953687888168
"elk-163","lognormal",FALSE,"H3",73,1,0.999928196056062
"elk-163","lognormal",FALSE,"H3",74,1,0.99988237339628
"elk-163","lognormal",FALSE,"H3",75,1,0.999779458336682
"elk-163","lognormal",FALSE,"H3",76,1,0.999548630609579
"elk-163","lognormal",FALSE,"H3",77,1,0.999067465635986
"elk-163","lognormal",FALSE,"H3",78,1,0.998325178830617
"elk-163","lognormal",FALSE,"H3",79,1,0.997585099917807
"elk-163","lognormal",FALSE,"H3",80,1,0.996353779870061
"elk-163","lognormal",FALSE,"H3",81,1,0.995360923857127
"elk-163","lognormal",FALSE,"H3",82,1,0.99249372468169
"elk-163","lognormal",FALSE,"H3",83,1,0.988682191084355
"elk-163","lognormal",FALSE,"H3",84,1,0.981307957764203
"elk-163","lognormal",FALSE,"H3",85,1,0.973417249065828
"elk-163","lognormal",FALSE,"H3",86,1,0.95696884276675
"elk-163","lognormal",FALSE,"H3",87,1,0.90948531759687
"elk-163","lognormal",FALSE,"H3",88,1,0.780600245868174
"elk-163","lognormal",FALSE,"H3",89,1,0.508378172494131
"elk-163","lognormal",FALSE,"H3",90,2,0.943212176689891
"elk-163","lognormal",FALSE,"H3",91,2,0.98721399580606
"elk-163","lognormal",FALSE,"H3",92,2,0.992163342020413
"elk-163","lognormal",FALSE,"H3",93,2,0.994458120373632
"elk-163","lognormal",FALSE,"H3",94,2,0.949099345129977
"elk-163","lognormal",FALSE,"H3",95,2,0.998273473523248
"elk-163","lognormal",FALSE,"H3",96,2,0.999031752695399
"elk-163","lognormal",FALSE,"H3",97,2,0.999970007834621
"elk-163","lognormal",FALSE,"H3",98,2,0.688486903835591
"elk-163","lognormal",FALSE,"H3",99,2,0.99687563654529
"elk-163","lognormal",FALSE,"H3",100,2,0.997943266057372
"elk-163","lognormal",FALSE,"H3",101,2,0.998567933072789
"elk-163","lognormal",FALSE,"H3",102,2,0.811782683155521
"elk-163","lognormal",FALSE,"H3",103,2,0.99269827686833
"elk-163","lognormal",FALSE,"H3",104,2,0.994554709624624
"elk-163","lognormal",FALSE,"H3",105,2,0.996052236900597
"elk-163","lognormal",FALSE,"H3",106,2,0.998411401553584
"elk-163","lognormal",FALSE,"H3",107,2,0.999775158819843
"elk-163","lognormal",FALSE,"H3",108,2,0.999884605919549
"elk-163","lognormal",FALSE,"H3",109,2,0.9999895454669
"elk-163","lognormal",FALSE,"H3",110,2,0.999995684498854
"elk-163","lognormal",FALSE,"H3",111,2,0.951680960683596
"elk-163","lognormal",FALSE,"H3",112,2,0.996974502789838
"elk-163","lognormal",FALSE,"H3",113,2,0.999738579460119
"elk-163","lognormal",FALSE,"H3",114,2,0.999999906900518
"elk-163","lognormal",FALSE,"H3",115,3,0.999989563040014
"elk-163","lognormal",FALSE,"H3",116,1,0.999977377780628
"elk-163","lognormal",FALSE,"H3",117,1,0.999978132532333
"elk-163","lognormal",FALSE,"H3",118,1,0.999975378343021
"elk-163","lognormal",FALSE,"H3",119,1,0.999965877663104
"elk-163","lognormal",FALSE,"H3",120,1,0.999958641691017
"elk-163","lognormal",FALSE,"H3",121,1,0.999944373097191
"elk-163","lognormal",FALSE,"H3",122,1,0.99991852572446
"elk-163","lognormal",FALSE,"H3",123,1,0.999843388085399
"elk-163","lognormal",FALSE,"H3",124,1,0.999650505579805
"elk-163","lognormal",FALSE,"H3",125,1,0.999285220023878
"elk-163","lognormal",FALSE,"H3",126,1,0.998466163423226
"elk-163","lognormal",FALSE,"H3",127,1,0.996386572243371
"elk-163","lognormal",FALSE,"H3",128,1,0.990519947961229
"elk-163","lognormal",FALSE,"H3",129,1,0.974596105170823
"elk-163","lognormal",FALSE,"H3",130,1,0.966286278274383
"elk-163","lognormal",FALSE,"H3",131,1,0.959966407903052
"elk-163","lognormal",FALSE,"H3",132,1,0.950918152573765
"elk-163","lognormal",FALSE,"H3",133,1,0.925391669221175
"elk-163","lognormal",FALSE,"H3",134,1,0.851701506946623
"elk-163","lognormal",FALSE,"H3",135,2,0.664607055324488
"elk-163","lognormal",FALSE,"H3",136,2,0.509499736481731
"elk-163","lognormal",FALSE,"H3",137,2,0.564239218315873
"elk-163","lognormal",FALSE,"H3",138,2,0.719281851029953
"elk-163","lognormal",FALSE,"H3",139,2,0.81067283553758
"elk-163","lognormal",FALSE,"H3",140,2,0.908467476174761
"elk-163","lognormal",FALSE,"H3",141,2,0.94089662786953
"elk-163","lognormal",FALSE,"H3",142,2,0.967055923385777
"elk-163","lognormal",FALSE,"H3",143,2,0.980707834704901
"elk-163","lognormal",FALSE,"H3",144,2,0.992573564128663
"elk-163","lognormal",FALSE,"H3",145,2,0.994842158197064
"elk-163","lognormal",FALSE,"H3",146,2,0.999563941643166
"elk-163","lognormal",FALSE,"H3",147,2,0.999944198925005
"elk-163","lognormal",FALSE,"H3",148,2,0.999963102996387
"elk-163","lognormal",FALSE,"H3",149,2,0.788450901166998
"elk-163","lognormal",FALSE,"H3",150,2,0.846191995306231
"elk-163","lognormal",FALSE,"H3",151,2,0.851581760736825
"elk-163","lognormal",FALSE,"H3",152,2,0.866218688421703
"elk-163","lognormal",FALSE,"H3",153,2,0.89673115183819
"elk-163","lognormal",FALSE,"H3",154,2,0.921344255765033
"elk-163","lognormal",FALSE,"H3",155,2,0.980525912439186
"elk-163","lognormal",FALSE,"H3",156,2,0.992964942197817
"elk-163","lognormal",FALSE,"H3",157,2,0.995234983395253
"elk-163","lognormal",FALSE,"H3",158,2,0.995402606498547
"elk-287","lognormal",FALSE,"M21",1,1,0.99999999858711
"elk-287","lognormal",FALSE,"M21",2,1,0.999999659645292
"elk-287","lognormal",FALSE,"M21",3,1,0.999999707438205
"elk-287","lognormal",FALSE,"M21",4,1,0.999999892574532
"elk-287","lognormal",FALSE,"M21",5,1,0.999999999968136
"elk-287","lognormal",FALSE,"M21",6,1,0.999999999745594
"elk-287","lognormal",FALSE,"M21",7,1,0.999999999903921
"elk-287","lognormal",FALSE,"M21",8,1,0.999999999735999
"elk-287","lognormal",FALSE,"M21",9,1,0.999999991969996
"elk-287","lognormal",FALSE,"M21",10,1,0.999999998083105
"elk-287","lognormal",FALSE,"M21",11,1,0.999999773097024
"elk-287","lognormal",FALSE,"M21",12,1,0.999999431307674
"elk-287","lognormal",FALSE,"M21",13,1,0.999998576415948
"elk-287","lognormal",FALSE,"M21",14,1,0.999998267062294
"elk-287","lognormal",FALSE,"M21",15,1,0.999965507267556
"elk-287","lognormal",FALSE,"M21",16,1,0.999924961156511
"elk-287","lognormal",FALSE,"M21",17,1,0.999909267782643
"elk-287","lognormal",FALSE,"M21",18,1,0.999906433921184
"elk-287","lognormal",FALSE,"M21",19,1,0.999902153550759
"elk-287","lognormal",FALSE,"M21",20,1,0.999903470391264
"elk-287","lognormal",FALSE,"M21",21,1,0.999904388082034
"elk-287","lognormal",FALSE,"M21",22,1,0.999909379856233
"elk-287","lognormal",FALSE,"M21",23,1,0.999921490867075
"elk-287","lognormal",FALSE,"M21",24,1,0.999939020958305
"elk-287","lognormal",FALSE,"M21",25,1,0.999957258983902
"elk-287","lognormal",FALSE,"M21",26,1,0.999983260989165
"elk-287","lognormal",FALSE,"M21",27,1,0.999999621720718
"elk-287","lognormal",FALSE,"M21",28,1,0.999999785937662
"elk-287","lognormal",FALSE,"M21",29,1,0.999999999809978
"elk-287","lognormal",FALSE,"M21",30,1,0.999999999989599
"elk-287","lognormal",FALSE,"M21",31,1,0.999999999016755
"elk-287","lognormal",FALSE,"M21",32,1,0.999999501908861
"elk-287","lognormal",FALSE,"M21",33,1,0.999999304060515
"elk-287","lognormal",FALSE,"M21",34,1,0.999999878166248
"elk-287","lognormal",FALSE,"M21",35,1,0.999999019091836
"elk-287","lognormal",FALSE,"M21",36,1,0.999999102725067
"elk-287","lognormal",FALSE,"M21",37,1,0.999998998938963
"elk-287","lognormal",FALSE,"M21",38,1,0.999999322863088
"elk-287","lognormal",FALSE,"M21",39,1,0.999999638152665
"elk-287","lognormal",FALSE,"M21",40,1,0.999998995967938
"elk-287","lognormal",FALSE,"M21",41,1,0.999998878491081
"elk-287","lognormal",FALSE,"M21",42,1,0.999999559233919
"elk-287","lognormal",FALSE,"M21",43,1,0.999999953981405
"elk-287","lognormal",FALSE,"M21",44,1,0.999999995657048
"elk-287","lognormal",FALSE,"M21",45,1,0.999999993670462
"elk-287","lognormal",FALSE,"M21",46,1,0.999999897814045
"elk-287","lognormal",FALSE,"M21",47,1,0.999999970983172
"elk-287","lognormal",FALSE,"M21",48,1,0.999999918718942
"elk-287","lognormal",FALSE,"M21",49,1,0.999999998969356
"elk-287","lognormal",FALSE,"M21",50,1,0.99999999998893
"elk-287","lognormal",FALSE,"M21",51,1,0.999999826493608
"elk-287","lognormal",FALSE,"M21",52,1,0.999999997430223
"elk-287","lognormal",FALSE,"M21",53,1,0.999999999895914
"elk-287","lognormal",FALSE,"M21",54,1,0.99999999978914
"elk-287","lognormal",FALSE,"M21",55,1,0.999999999106735
"elk-287","lognormal",FALSE,"M21",56,1,0.999999938526281
"elk-287","lognormal",FALSE,"M21",57,1,0.999999801155788
"elk-287","lognormal",FALSE,"M21",58,1,0.99999982645432
"elk-287","lognormal",FALSE,"M21",59,1,0.999999986972392
"elk-287","lognormal",FALSE,"M21",60,1,0.999999539764922
"elk-287","lognormal",FALSE,"M21",61,1,0.999999568312118
"elk-287","lognormal",FALSE,"M21",62,1,0.999999575476963
"elk-287","lognormal",FALSE,"M21",63,1,0.999998927298813
"elk-287","lognormal",FALSE,"M21",64,1,0.99999889488981
"elk-287","lognormal",FALSE,"M21",65,1,0.999998935378953
"elk-287","lognormal",FALSE,"M21",66,1,0.999998746448274
"elk-287","lognormal",FALSE,"M21",67,1,0.99999919790179
"elk-287","lognormal",FALSE,"M21",68,1,0.999999361607584
"elk-287","lognormal",FALSE,"M21",69,1,0.999999725331573
"elk-287","lognormal",FALSE,"M21",70,1,0.999999659626852
"elk-287","lognormal",FALSE,"M21",71,1,0.999999994700168
"elk-287","lognormal",FALSE,"M21",72,1,0.99999993128296
"elk-287","lognormal",FALSE,"M21",73,1,0.999999999991966
"elk-287","lognormal",FALSE,"M21",74,1,0.99999999981485
"elk-287","lognormal",FALSE,"M21",75,1,0.999999956956645
"elk-287","lognormal",FALSE,"M21",76,1,0.999999744879024
"elk-287","lognormal",FALSE,"M21",77,1,0.999999997033628
"elk-287","lognormal",FALSE,"M21",78,1,0.999999907936267
"elk-287","lognormal",FALSE,"M21",79,1,0.999999999928527
"elk-287","lognormal",FALSE,"M21",80,1,0.999999883607793
"elk-287","lognormal",FALSE,"M21",81,1,0.999999921665538
"elk-287","lognormal",FALSE,"M21",82,1,0.999999806293469
"elk-287","lognormal",FALSE,"M21",83,1,0.999999392177405
"elk-287","lognormal",FALSE,"M21",84,1,0.99999790463582
"elk-287","lognormal",FALSE,"M21",85,1,0.999997378945584
"elk-287","lognormal",FALSE,"M21",86,1,0.99999774142962
"elk-287","lognormal",FALSE,"M21",87,1,0.999998654455033
"elk-287","lognormal",FALSE,"M21",88,1,0.99999987719452
"elk-287","lognormal",FALSE,"M21",89,1,0.999999094703152
"elk-287","lognormal",FALSE,"M21",90,1,0.998846517957051
"elk-287","lognormal",FALSE,"M21",91,1,0.99704809101521
"elk-287","lognormal",FALSE,"M21",92,1,0.995499355161489
"elk-287","lognormal",FALSE,"M21",93,1,0.99492267637819
"elk-287","lognormal",FALSE,"M21",94,1,0.994615402563976
"elk-287","lognormal",FALSE,"M21",95,1,0.994538288021457
"elk-287","lognormal",FALSE,"M21",96,1,0.994414188265629
"elk-287","lognormal",FALSE,"M21",97,2,0.619746474041464
"elk-287","lognormal",FALSE,"M21",98,2,0.837193612477492
"elk-287","lognormal",FALSE,"M21",99,2,0.894480081454456
"elk-287","lognormal",FALSE,"M21",100,2,0.909901946412156
"elk-287","lognormal",FALSE,"M21",101,2,0.916000182295038
"elk-287","lognormal",FALSE,"M21",102,2,0.918932817361335
"elk-287","lognormal",FALSE,"M21",103,2,0.92273835830831
"elk-287","lognormal",FALSE,"M21",104,2,0.932455112659235
"elk-287","lognormal",FALSE,"M21",105,2,0.967362378492532
"elk-287","lognormal",FALSE,"M21",106,2,0.986013352618592
"elk-287","lognormal",FALSE,"M21",107,2,0.993916753066639
"elk-287","lognormal",FALSE,"M21",108,2,0.998139573159506
"elk-287","lognormal",FALSE,"M21",109,2,0.999398008391571
"elk-287","lognormal",FALSE,"M21",110,2,0.999752022108805
"elk-287","lognormal",FALSE,"M21",111,2,0.999907990177644
"elk-287","lognormal",FALSE,"M21",112,2,0.999967806488382
"elk-287","lognormal",FALSE,"M21",113,2,0.999988598129113
"elk-287","lognormal",FALSE,"M21",114,2,0.999995929120771
"elk-287","lognormal",FALSE,"M21",115,2,0.99999859300416
"elk-287","lognormal",FALSE,"M21",116,2,0.999999537845951
"elk-287","lognormal",FALSE,"M21",117,2,0.99999980450304
"elk-287","lognormal",FALSE,"M21",118,2,0.999999900866102
"elk-287","lognormal",FALSE,"M21",119,2,0.999999930030807
"elk-287","lognormal",FALSE,"M21",120,2,0.999999951984305
"elk-287","lognormal",FALSE,"M21",121,2,0.999999943735157
"elk-287","lognormal",FALSE,"M21",122,2,0.999999926469829
"elk-287","lognormal",FALSE,"M21",123,2,0.99999985910507
"elk-287","lognormal",FALSE,"M21",124,2,0.999999630762289
"elk-287","lognormal",FALSE,"M21",125,2,0.999999616501628
"elk-287","lognormal",FALSE,"M21",126,2,0.999999815351372
"elk-287","lognormal",FALSE,"M21",127,2,0.999999835328265
"elk-287","lognormal",FALSE,"M21",128,2,0.999999910308533
"elk-287","lognormal",FALSE,"M21",129,2,0.999999925353399
"elk-287","lognormal",FALSE,"M21",130,2,0.999999939942828
"elk-287","lognormal",FALSE,"M21",131,2,0.999999908231979
"elk-287","lognormal",FALSE,"M21",132,2,0.999999763968086
"elk-287","lognormal",FALSE,"M21",133,2,0.999999914394377
"elk-287","lognormal",FALSE,"M21",134,2,0.999999953470206
"elk-287","lognormal",FALSE,"M21",135,2,0.9999999615096
"elk-287","lognormal",FALSE,"M21",136,2,0.999999962633251
"elk-287","lognormal",FALSE,"M21",137,2,0.999999951591884
"elk-287","lognormal",FALSE,"M21",138,2,0.999999905409529
"elk-287","lognormal",FALSE,"M21",139,2,0.999999947702362
"elk-287","lognormal",FALSE,"M21",140,2,0.999999959143409
"elk-287","lognormal",FALSE,"M21",141,2,0.999999952670923
"elk-287","lognormal",FALSE,"M21",142,2,0.999999935357617
"elk-287","lognormal",FALSE,"M21",143,2,0.999999863030225
"elk-287","lognormal",FALSE,"M21",144,2,0.999999644350684
"elk-287","lognormal",FALSE,"M21",145,2,0.999999760901184
"elk-287","lognormal",FALSE,"M21",146,2,0.999999868811071
"elk-287","lognormal",FALSE,"M21",147,2,0.999999883472634
"elk-287","lognormal",FALSE,"M21",148,2,0.999999896520949
"elk-287","lognormal",FALSE,"M21",149,2,0.999999805778519
"elk-287","lognormal",FALSE,"M21",150,2,0.99999942930314
"elk-287","lognormal",FALSE,"M21",151,2,0.999999462525622
"elk-287","lognormal",FALSE,"M21",152,2,0.999999387068399
"elk-287","lognormal",FALSE,"M21",153,2,0.999998943421859
"elk-287","lognormal",FALSE,"M21",154,2,0.999999339334569
"elk-287","lognormal",FALSE,"M21",155,2,0.999999246623546
"elk-287","lognormal",FALSE,"M21",156,2,0.999999396681891
"elk-287","lognormal",FALSE,"M21",157,2,0.999999397218328
"elk-287","lognormal",FALSE,"M21",158,2,0.999999513106051
"elk-287","lognormal",FALSE,"M21",159,2,0.99999925477239
"elk-287","lognormal",FALSE,"M21",160,2,0.999998896264196
"elk-287","lognormal",FALSE,"M21",161,2,0.99999728787455
"elk-287","lognormal",FALSE,"M21",162,2,0.99999414369183
"elk-287","lognormal",FALSE,"M21",163,2,0.999982088804802
"elk-287","lognormal",FALSE,"H2",1,2,0.999996803754989
"elk-287","lognormal",FALSE,"H2",2,2,0.99999999994065
"elk-287","lognormal",FALSE,"H2",3,2,0.999999999999989
"elk-287","lognormal",FALSE,"H2",4,2,1
"elk-287","lognormal",FALSE,"H2",5,1,0.995031716885328
"elk-287","lognormal",FALSE,"H2",6,1,0.998513797406347
"elk-287","lognormal",FALSE,"H2",7,1,0.999193096288263
"elk-287","lognormal",FALSE,"H2",8,1,0.998053355853987
"elk-287","lognormal",FALSE,"H2",9,1,0.960590670842141
"elk-287","lognormal",FALSE,"H2",10,1,0.968408934188151
"elk-287","lognormal",FALSE,"H2",11,2,1
"elk-287","lognormal",FALSE,"H2",12,2,1
"elk-287","lognormal",FALSE,"H2",13,2,0.99999999998372
"elk-287","lognormal",FALSE,"H2",14,1,0.649954574337436
"elk-287","lognormal",FALSE,"H2",15,2,0.893879586790673
"elk-287","lognormal",FALSE,"H2",16,2,0.999999998889933
"elk-287","lognormal",FALSE,"H2",17,2,0.999975881070692
"elk-287","lognormal",FALSE,"H2",18,2,0.999999999999999
"elk-287","lognormal",FALSE,"H2",19,2,0.999999998157107
"elk-287","lognormal",FALSE,"H2",20,2,0.999999999999997
"elk-287","lognormal",FALSE,"H2",21,2,0.999999999983003
"elk-287","lognormal",FALSE,"H2",22,2,0.999999999967625
"elk-287","lognormal",FALSE,"H2",23,2,0.999999999999685
"elk-287","lognormal",FALSE,"H2",24,2,0.999999999999989
"elk-287","lognormal",FALSE,"H2",25,2,0.999999999999099
"elk-287","lognormal",FALSE,"H2",26,2,0.844182763456973
"elk-287","lognormal",FALSE,"H2",27,1,0.68630100243353
"elk-287","lognormal",FALSE,"H2",28,2,0.999999999999925
"elk-287","lognormal",FALSE,"H2",29,1,0.992989960495965
"elk-287","lognormal",FALSE,"H2",30,1,0.999544986919786
"elk-287","lognormal",FALSE,"H2",31,1,0.989130202953372
"elk-287","lognormal",FALSE,"H2",32,2,0.999999999995965
"elk-287","lognormal",FALSE,"H2",33,2,0.999954961723234
"elk-287","lognormal",FALSE,"H2",34,1,0.638431207605321
"elk-287","lognormal",FALSE,"H2",35,2,0.999218102087711
"elk-287","lognormal",FALSE,"H2",36,2,0.971399632726257
"elk-287","lognormal",FALSE,"H2",37,2,0.996265672276957
"elk-287","lognormal",FALSE,"H2",38,2,0.999999999999997
"elk-287","lognormal",FALSE,"H2",39,2,0.747712953918438
"elk-287","lognormal",FALSE,"H2",40,2,0.999999999965549
"elk-287","lognormal",FALSE,"H2",41,2,0.999580224352844
"elk-287","lognormal",FALSE,"H2",42,2,1
"elk-287","lognormal",FALSE,"H2",43,2,1
"elk-287","lognormal",FALSE,"H2",44,2,1
"elk-287","lognormal",FALSE,"H2",45,2,1
"elk-287","lognormal",FALSE,"H2",46,2,0.999999999999885
"elk-287","lognormal",FALSE,"H2",47,2,1
"elk-287","lognormal",FALSE,"H2",48,2,0.999999999999989
"elk-287","lognormal",FALSE,"H2",49,2,1
"elk-287","lognormal",FALSE,"H2",50,1,0.940711120413212
"elk-287","lognormal",FALSE,"H2",51,2,0.999999815430125
"elk-287","lognormal",FALSE,"H2",52,1,0.962817073166117
"elk-287","lognormal",FALSE,"H2",53,1,0.998646697408683
"elk-287","lognormal",FALSE,"H2",54,1,0.984252335142487
"elk-287","lognormal",FALSE,"H2",55,2,1
"elk-287","lognormal",FALSE,"H2",56,2,1
"elk-287","lognormal",FALSE,"H2",57,2,0.999999999999962
"elk-287","lognormal",FALSE,"H2",58,2,0.999999999999989
"elk-287","lognormal",FALSE,"H2",59,2,1
"elk-287","lognormal",FALSE,"H2",60,2,0.999999999819566
"elk-287","lognormal",FALSE,"H2",61,2,1
"elk-287","lognormal",FALSE,"H2",62,2,1
"elk-287","lognormal",FALSE,"H2",63,2,0.999999999940653
"elk-287","lognormal",FALSE,"H2",64,2,0.999999999999997
"elk-287","lognormal",FALSE,"H2",65,2,1
"elk-287","lognormal",FALSE,"H2",66,2,0.999999999750191
"elk-287","lognormal",FALSE,"H2",67,2,0.967771955623545
"elk-287","lognormal",FALSE,"H2",68,2,0.999999999999947
"elk-287","lognormal",FALSE,"H2",69,2,1
"elk-287","lognormal",FALSE,"H2",70,2,0.987184137383626
"elk-287","lognormal",FALSE,"H2",71,1,0.754158318749926
"elk-287","lognormal",FALSE,"H2",72,2,0.999999999998546
"elk-287","lognormal",FALSE,"H2",73,1,0.995063484353675
"elk-287","lognormal",FALSE,"H2",74,1,0.995494540115653
"elk-287","lognormal",FALSE,"H2",75,1,0.653992603408608
"elk-287","lognormal",FALSE,"H2",76,2,0.99998855745016
"elk-287","lognormal",FALSE,"H2",77,1,0.813333108227013
"elk-287","lognormal",FALSE,"H2",78,2,0.999999999958764
"elk-287","lognormal",FALSE,"H2",79,1,0.941295579672271
"elk-287","lognormal",FALSE,"H2",80,2,0.999999999999533
"elk-287","lognormal",FALSE,"H2",81,2,1
"elk-287","lognormal",FALSE,"H2",82,2,1
"elk-287","lognormal",FALSE,"H2",83,2,1
"elk-287","lognormal",FALSE,"H2",84,2,0.999999999983003
"elk-287","lognormal",FALSE,"H2",85,2,0.999999999698884
"elk-287","lognormal",FALSE,"H2",86,2,0.999999999999207
"elk-287","lognormal",FALSE,"H2",87,2,0.999999999999519
"elk-287","lognormal",FALSE,"H2",88,1,0.971283704546165
"elk-287","lognormal",FALSE,"H2",89,1,0.990818066369404
"elk-287","lognormal",FALSE,"H2",90,2,0.999999999999999
"elk-287","lognormal",FALSE,"H2",91,2,0.999999999999962
"elk-287","lognormal",FALSE,"H2",92,2,0.999999998790661
"elk-287","lognormal",FALSE,"H2",93,2,0.99999999999145
"elk-287","lognormal",FALSE,"H2",94,2,0.99998562419284
"elk-287","lognormal",FALSE,"H2",95,2,1
"elk-287","lognormal",FALSE,"H2",96,2,1
"elk-287","lognormal",FALSE,"H2",97,2,0.999999997242626
"elk-287","lognormal",FALSE,"H2",98,2,0.999994770585364
"elk-287","lognormal",FALSE,"H2",99,2,0.999965312224237
"elk-287","lognormal",FALSE,"H2",100,2,0.999999999510065
"elk-287","lognormal",FALSE,"H2",101,2,0.999999999967625
"elk-287","lognormal",FALSE,"H2",102,2,0.999999999999999
"elk-287","lognormal",FALSE,"H2",103,2,1
"elk-287","lognormal",FALSE,"H2",104,2,1
"elk-287","lognormal",FALSE,"H2",105,2,0.999999999991451
"elk-287","lognormal",FALSE,"H2",106,2,0.999999999819566
"elk-287","lognormal",FALSE,"H2",107,2,0.999999999991434
"elk-287","lognormal",FALSE,"H2",108,2,0.999834815049204
"elk-287","lognormal",FALSE,"H2",109,2,0.999916234675443
"elk-287","lognormal",FALSE,"H2",110,2,0.999999999894789
"elk-287","lognormal",FALSE,"H2",111,2,0.999999999217478
"elk-287","lognormal",FALSE,"H2",112,2,0.999506900602224
"elk-287","lognormal",FALSE,"H2",113,2,0.999468315658526
"elk-287","lognormal",FALSE,"H2",114,2,0.999999998133705
"elk-287","lognormal",FALSE,"H2",115,2,0.999470619815362
"elk-287","lognormal",FALSE,"H2",116,2,0.999874777771507
"elk-287","lognormal",FALSE,"H2",117,2,0.999999997238679
"elk-287","lognormal",FALSE,"H2",118,2,0.999999991622922
"elk-287","lognormal",FALSE,"H2",119,2,0.999999999221857
"elk-287","lognormal",FALSE,"H2",120,2,0.999978729469001
"elk-287","lognormal",FALSE,"H2",121,2,0.999999994126849
"elk-287","lognormal",FALSE,"H2",122,2,0.999999959003498
"elk-287","lognormal",FALSE,"H2",123,2,0.999999945480091
"elk-287","lognormal",FALSE,"H2",124,2,1
"elk-287","lognormal",FALSE,"H2",125,2,1
"elk-287","lognormal",FALSE,"H2",126,2,0.999999906205752
"elk-287","lognormal",FALSE,"H2",127,2,0.999999999999685
"elk-287","lognormal",FALSE,"H2",128,2,0.999999983621
"elk-287","lognormal",FALSE,"H2",129,2,0.999999999698744
"elk-287","lognormal",FALSE,"H2",130,2,0.99996100682057
"elk-287","lognormal",FALSE,"H2",131,2,0.999975869854535
"elk-287","lognormal",FALSE,"H2",132,2,1
"elk-287","lognormal",FALSE,"H2",133,2,0.999987448706745
"elk-287","lognormal",FALSE,"H2",134,2,0.999994771946156
"elk-287","lognormal",FALSE,"H2",135,2,0.99999968321676
"elk-287","lognormal",FALSE,"H2",136,2,0.999996195685727
"elk-287","lognormal",FALSE,"H2",137,2,0.999987448919886
"elk-287","lognormal",FALSE,"H2",138,2,0.999999999999885
"elk-287","lognormal",FALSE,"H2",139,2,0.999999748098241
"elk-287","lognormal",FALSE,"H2",140,2,0.999997272423747
"elk-287","lognormal",FALSE,"H2",141,2,0.999999959002
"elk-287","lognormal",FALSE,"H2",142,2,0.99999960425748
"elk-287","lognormal",FALSE,"H2",143,2,0.999999977514793
"elk-287","lognormal",FALSE,"H2",144,2,1
"elk-287","lognormal",FALSE,"H2",145,2,0.99999999999814
"elk-287","lognormal",FALSE,"H2",146,2,0.999999991622922
"elk-287","lognormal",FALSE,"H2",147,2,0.999999999967625
"elk-287","lognormal",FALSE,"H2",148,2,0.999999090646054
"elk-287","lognormal",FALSE,"H2",149,2,0.999998664457287
"elk-287","lognormal",FALSE,"H2",150,2,1
"elk-287","lognormal",FALSE,"H2",151,2,0.999999999991451
"elk-287","lognormal",FALSE,"H2",152,2,0.999999997242798
"elk-287","lognormal",FALSE,"H2",153,2,1
"elk-287","lognormal",FALSE,"H2",154,2,0.999992913504658
"elk-287","lognormal",FALSE,"H2",155,2,1
"elk-287","lognormal",FALSE,"H2",156,2,0.999999999983003
"elk-287","lognormal",FALSE,"H2",157,2,0.999999999999989
"elk-287","lognormal",FALSE,"H2",158,2,0.999998895285784
"elk-287","lognormal",FALSE,"H2",159,2,0.999999999999207
"elk-287","lognormal",FALSE,"H2",160,2,0.99999390373983
"elk-287","lognormal",FALSE,"H2",161,2,0.999999999983
"elk-287","lognormal",FALSE,"H2",162,2,0.999990513588841
"elk-287","lognormal",FALSE,"H2",163,2,1
"elk-287","lognormal",FALSE,"H3",1,1,0.999970327517677
"elk-287","lognormal",FALSE,"H3",2,1,0.999940187912752
"elk-287","lognormal",FALSE,"H3",3,1,0.999998576657556
"elk-287","lognormal",FALSE,"H3",4,1,0.999999426664608
"elk-287","lognormal",FALSE,"H3",5,3,0.999755993588904
"elk-287","lognormal",FALSE,"H3",6,3,0.999567922994384
"elk-287","lognormal",FALSE,"H3",7,3,0.9997789053176
"elk-287","lognormal",FALSE,"H3",8,3,0.999584473931402
"elk-287","lognormal",FALSE,"H3",9,3,0.994162572260814
"elk-287","lognormal",FALSE,"H3",10,3,0.997616085335877
"elk-287","lognormal",FALSE,"H3",11,1,0.99999979450893
"elk-287","lognormal",FALSE,"H3",12,1,0.999999597125953
"elk-287","lognormal",FALSE,"H3",13,1,0.999951917244575
"elk-287","lognormal",FALSE,"H3",14,3,0.993824671310327
"elk-287","lognormal",FALSE,"H3",15,3,0.879087219455384
"elk-287","lognormal",FALSE,"H3",16,1,0.999297477230455
"elk-287","lognormal",FALSE,"H3",17,1,0.958708489985881
"elk-287","lognormal",FALSE,"H3",18,1,0.999981637053378
"elk-287","lognormal",FALSE,"H3",19,1,0.999659073686761
"elk-287","lognormal",FALSE,"H3",20,1,0.99997529601934
"elk-287","lognormal",FALSE,"H3",21,1,0.99994096863749
"elk-287","lognormal",FALSE,"H3",22,1,0.999927941426838
"elk-287","lognormal",FALSE,"H3",23,1,0.999967002164988
"elk-287","lognormal",FALSE,"H3",24,1,0.999970595547019
"elk-287","lognormal",FALSE,"H3",25,1,0.999952463963356
"elk-287","lognormal",FALSE,"H3",26,3,0.904370630084749
"elk-287","lognormal",FALSE,"H3",27,3,0.99463578056143
"elk-287","lognormal",FALSE,"H3",28,1,0.999995188731116
"elk-287","lognormal",FALSE,"H3",29,3,0.999456259728073
"elk-287","lognormal",FALSE,"H3",30,3,0.999945310696033
"elk-287","lognormal",FALSE,"H3",31,3,0.998991259060773
"elk-287","lognormal",FALSE,"H3",32,1,0.999975299818295
"elk-287","lognormal",FALSE,"H3",33,1,0.92894167950028
"elk-287","lognormal",FALSE,"H3",34,3,0.990518049857259
"elk-287","lognormal",FALSE,"H3",35,3,0.531594923421971
"elk-287","lognormal",FALSE,"H3",36,3,0.915149547598676
"elk-287","lognormal",FALSE,"H3",37,3,0.701436915138904
"elk-287","lognormal",FALSE,"H3",38,1,0.999996167816587
"elk-287","lognormal",FALSE,"H3",39,3,0.939590490552332
"elk-287","lognormal",FALSE,"H3",40,1,0.999857458306076
"elk-287","lognormal",FALSE,"H3",41,1,0.823789388765748
"elk-287","lognormal",FALSE,"H3",42,1,0.999999905566828
"elk-287","lognormal",FALSE,"H3",43,1,0.999999998096948
"elk-287","lognormal",FALSE,"H3",44,1,0.999999999738176
"elk-287","lognormal",FALSE,"H3",45,1,0.999999999550296
"elk-287","lognormal",FALSE,"H3",46,1,0.999996913832949
"elk-287","lognormal",FALSE,"H3",47,1,0.999999997571369
"elk-287","lognormal",FALSE,"H3",48,1,0.999998945770054
"elk-287","lognormal",FALSE,"H3",49,1,0.999999994567625
"elk-287","lognormal",FALSE,"H3",50,3,0.999541309785537
"elk-287","lognormal",FALSE,"H3",51,1,0.995668962570934
"elk-287","lognormal",FALSE,"H3",52,3,0.9963640915329
"elk-287","lognormal",FALSE,"H3",53,3,0.999769005101159
"elk-287","lognormal",FALSE,"H3",54,3,0.998461209837813
"elk-287","lognormal",FALSE,"H3",55,1,0.999999999999577
"elk-287","lognormal",FALSE,"H3",56,1,0.999999991147826
"elk-287","lognormal",FALSE,"H3",57,1,0.99999814515283
"elk-287","lognormal",FALSE,"H3",58,1,0.999998941385773
"elk-287","lognormal",FALSE,"H3",59,1,0.999999997566952
"elk-287","lognormal",FALSE,"H3",60,1,0.999897848269812
"elk-287","lognormal",FALSE,"H3",61,1,0.999999705991065
"elk-287","lognormal",FALSE,"H3",62,1,0.999999746475322
"elk-287","lognormal",FALSE,"H3",63,1,0.999939578731272
"elk-287","lognormal",FALSE,"H3",64,1,0.999998264286042
"elk-287","lognormal",FALSE,"H3",65,1,0.999998380209531
"elk-287","lognormal",FALSE,"H3",66,1,0.999655896546771
"elk-287","lognormal",FALSE,"H3",67,3,0.756321736659129
"elk-287","lognormal",FALSE,"H3",68,1,0.999993029071735
"elk-287","lognormal",FALSE,"H3",69,1,0.999999088770617
"elk-287","lognormal",FALSE,"H3",70,3,0.628093990277916
"elk-287","lognormal",FALSE,"H3",71,3,0.994609890502494
"elk-287","lognormal",FALSE,"H3",72,1,0.99998242650701
"elk-287","lognormal",FALSE,"H3",73,3,0.999870215507284
"elk-287","lognormal",FALSE,"H3",74,3,0.999735684896688
"elk-287","lognormal",FALSE,"H3",75,3,0.97312213694775
"elk-287","lognormal",FALSE,"H3",76,1,0.958786183221827
"elk-287","lognormal",FALSE,"H3",77,3,0.993107031488285
"elk-287","lognormal",FALSE,"H3",78,1,0.999917347643064
"elk-287","lognormal",FALSE,"H3",79,3,0.999073659664609
"elk-287","lognormal",FALSE,"H3",80,1,0.999992448975262
"elk-287","lognormal",FALSE,"H3",81,1,0.99999997991968
"elk-287","lognormal",FALSE,"H3",82,1,0.999999854291115
"elk-287","lognormal",FALSE,"H3",83,1,0.999999334112234
"elk-287","lognormal",FALSE,"H3",84,1,0.999964446526198
"elk-287","lognormal",FALSE,"H3",85,1,0.999864910356457
"elk-287","lognormal",FALSE,"H3",86,1,0.999987682867172
"elk-287","lognormal",FALSE,"H3",87,1,0.99998739208412
"elk-287","lognormal",FALSE,"H3",88,3,0.997322206189086
"elk-287","lognormal",FALSE,"H3",89,3,0.999449943038351
"elk-287","lognormal",FALSE,"H3",90,1,0.999999020215284
"elk-287","lognormal",FALSE,"H3",91,1,0.999140725339574
"elk-287","lognormal",FALSE,"H3",92,1,0.998022638334695
"elk-287","lognormal",FALSE,"H3",93,1,0.997899618210331
"elk-287","lognormal",FALSE,"H3",94,1,0.966396979190681
"elk-287","lognormal",FALSE,"H3",95,1,0.997653349376094
"elk-287","lognormal",FALSE,"H3",96,1,0.997547531052335
"elk-287","lognormal",FALSE,"H3",97,2,0.537097834783214
"elk-287","lognormal",FALSE,"H3",98,2,0.745360207842948
"elk-287","lognormal",FALSE,"H3",99,2,0.800270578643008
"elk-287","lognormal",FALSE,"H3",100,2,0.814335696047308
"elk-287","lognormal",FALSE,"H3",101,2,0.820875929924863
"elk-287","lognormal",FALSE,"H3",102,2,0.824441227820279
"elk-287","lognormal",FALSE,"H3",103,2,0.829906523804911
"elk-287","lognormal",FALSE,"H3",104,2,0.84656377466642
"elk-287","lognormal",FALSE,"H3",105,2,0.918175657621775
"elk-287","lognormal",FALSE,"H3",106,2,0.96183556002446
"elk-287","lognormal",FALSE,"H3",107,2,0.982582573388972
"elk-287","lognormal",FALSE,"H3",108,2,0.995232775051906
"elk-287","lognormal",FALSE,"H3",109,2,0.998359215930431
"elk-287","lognormal",FALSE,"H3",110,2,0.999232942809864
"elk-287","lognormal",FALSE,"H3",111,2,0.999715859868277
"elk-287","lognormal",FALSE,"H3",112,2,0.999921525158417
"elk-287","lognormal",FALSE,"H3",113,2,0.999972450159436
"elk-287","lognormal",FALSE,"H3",114,2,0.99998802913135
"elk-287","lognormal",FALSE,"H3",115,2,0.999996691886512
"elk-287","lognormal",FALSE,"H3",116,2,0.999998835140235
"elk-287","lognormal",FALSE,"H3",117,2,0.999999502421402
"elk-287","lognormal",FALSE,"H3",118,2,0.999999812528157
"elk-287","lognormal",FALSE,"H3",119,2,0.99999992458864
"elk-287","lognormal",FALSE,"H3",120,2,0.999999970562785
"elk-287","lognormal",FALSE,"H3",121,2,0.999999980699736
"elk-287","lognormal",FALSE,"H3",122,2,0.999999983586161
"elk-287","lognormal",FALSE,"H3",123,2,0.999999974678059
"elk-287","lognormal",FALSE,"H3",124,2,0.999999945114756
"elk-287","lognormal",FALSE,"H3",125,2,0.999999944464169
"elk-287","lognormal",FALSE,"H3",126,2,0.999999971964267
"elk-287","lognormal",FALSE,"H3",127,2,0.999999976168872
"elk-287","lognormal",FALSE,"H3",128,2,0.999999987530319
"elk-287","lognormal",FALSE,"H3",129,2,0.999999990592998
"elk-287","lognormal",FALSE,"H3",130,2,0.999999986423912
"elk-287","lognormal",FALSE,"H3",131,2,0.999999968554101
"elk-287","lognormal",FALSE,"H3",132,2,0.999999953680638
"elk-287","lognormal",FALSE,"H3",133,2,0.99999998444152
"elk-287","lognormal",FALSE,"H3",134,2,0.999999991618593
"elk-287","lognormal",FALSE,"H3",135,2,0.999999994103418
"elk-287","lognormal",FALSE,"H3",136,2,0.999999994388632
"elk-287","lognormal",FALSE,"H3",137,2,0.999999989389454
"elk-287","lognormal",FALSE,"H3",138,2,0.999999984426429
"elk-287","lognormal",FALSE,"H3",139,2,0.999999992541178
"elk-287","lognormal",FALSE,"H3",140,2,0.99999999398602
"elk-287","lognormal",FALSE,"H3",141,2,0.999999993142419
"elk-287","lognormal",FALSE,"H3",142,2,0.999999989930841
"elk-287","lognormal",FALSE,"H3",143,2,0.999999979312586
"elk-287","lognormal",FALSE,"H3",144,2,0.999999951469067
"elk-287","lognormal",FALSE,"H3",145,2,0.999999965565038
"elk-287","lognormal",FALSE,"H3",146,2,0.999999979868691
"elk-287","lognormal",FALSE,"H3",147,2,0.999999981807735
"elk-287","lognormal",FALSE,"H3",148,2,0.999999979967595
"elk-287","lognormal",FALSE,"H3",149,2,0.999999953304851
"elk-287","lognormal",FALSE,"H3",150,2,0.999999892998437
"elk-287","lognormal",FALSE,"H3",151,2,0.999999894875565
"elk-287","lognormal",FALSE,"H3",152,2,0.999999882838371
"elk-287","lognormal",FALSE,"H3",153,2,0.999999823322433
"elk-287","lognormal",FALSE,"H3",154,2,0.99999986586557
"elk-287","lognormal",FALSE,"H3",155,2,0.999999852716275
"elk-287","lognormal",FALSE,"H3",156,2,0.999999880002804
"elk-287","lognormal",FALSE,"H3",157,2,0.999999887812325
"elk-287","lognormal",FALSE,"H3",158,2,0.99999990872407
"elk-287","lognormal",FALSE,"H3",159,2,0.999999885913772
"elk-287","lognormal",FALSE,"H3",160,2,0.999999804287786
"elk-287","lognormal",FALSE,"H3",161,2,0.999999663243059
"elk-287","lognormal",FALSE,"H3",162,2,0.99999898124397
"elk-287","lognormal",FALSE,"H3",163,2,0.999998056892838
"elk-363","lognormal",FALSE,"M21",1,1,1
"elk-363","lognormal",FALSE,"M21",2,1,0.999999999999907
"elk-363","lognormal",FALSE,"M21",3,1,0.999999999999812
"elk-363","lognormal",FALSE,"M21",4,1,1
"elk-363","lognormal",FALSE,"M21",5,1,0.999999999998613
"elk-363","lognormal",FALSE,"M21",6,1,1
"elk-363","lognormal",FALSE,"M21",7,1,0.999999999999999
"elk-363","lognormal",FALSE,"M21",8,1,0.999999999999907
"elk-363","lognormal",FALSE,"M21",9,1,0.999999999999883
"elk-363","lognormal",FALSE,"M21",10,1,1
"elk-363","lognormal",FALSE,"M21",11,1,0.999999999999973
"elk-363","lognormal",FALSE,"M21",12,1,1
"elk-363","lognormal",FALSE,"M21",13,1,1
"elk-363","lognormal",FALSE,"M21",14,1,1
"elk-363","lognormal",FALSE,"M21",15,1,0.999999999999999
"elk-363","lognormal",FALSE,"M21",16,1,1
"elk-363","lognormal",FALSE,"M21",17,1,0.999999999695784
"elk-363","lognormal",FALSE,"M21",18,1,1
"elk-363","lognormal",FALSE,"M21",19,1,0.999999999999973
"elk-363","lognormal",FALSE,"M21",20,1,1
"elk-363","lognormal",FALSE,"M21",21,1,0.999999999999978
"elk-363","lognormal",FALSE,"M21",22,1,0.999999999999999
"elk-363","lognormal",FALSE,"M21",23,1,1
"elk-363","lognormal",FALSE,"M21",24,1,1
"elk-363","lognormal",FALSE,"M21",25,1,0.999999999999999
"elk-363","lognormal",FALSE,"M21",26,1,1
"elk-363","lognormal",FALSE,"M21",27,1,0.99999999999996
"elk-363","lognormal",FALSE,"M21",28,1,1
"elk-363","lognormal",FALSE,"M21",29,1,1
"elk-363","lognormal",FALSE,"M21",30,1,0.999999999999999
"elk-363","lognormal",FALSE,"M21",31,1,1
"elk-363","lognormal",FALSE,"M21",32,1,0.999999999995856
"elk-363","lognormal",FALSE,"M21",33,1,1
"elk-363","lognormal",FALSE,"M21",34,1,0.999999999984412
"elk-363","lognormal",FALSE,"M21",35,1,1
"elk-363","lognormal",FALSE,"M21",36,1,0.999999999984412
"elk-363","lognormal",FALSE,"M21",37,1,1
"elk-363","lognormal",FALSE,"M21",38,1,1
"elk-363","lognormal",FALSE,"M21",39,1,1
"elk-363","lognormal",FALSE,"M21",40,1,0.999999999695784
"elk-363","lognormal",FALSE,"M21",41,1,1
"elk-363","lognormal",FALSE,"M21",42,1,0.99999999999999
"elk-363","lognormal",FALSE,"M21",43,1,1
"elk-363","lognormal",FALSE,"M21",44,1,1
"elk-363","lognormal",FALSE,"M21",45,1,0.999999999997083
"elk-363","lognormal",FALSE,"M21",46,1,0.999999998917714
"elk-363","lognormal",FALSE,"M21",47,1,0.999999922576893
"elk-363","lognormal",FALSE,"M21",48,1,0.999999999453979
"elk-363","lognormal",FALSE,"M21",49,1,0.999999999999967
"elk-363","lognormal",FALSE,"M21",50,1,0.99999999999028
"elk-363","lognormal",FALSE,"M21",51,1,0.999999999999999
"elk-363","lognormal",FALSE,"M21",52,1,0.999999999999907
"elk-363","lognormal",FALSE,"M21",53,1,0.999999999847055
"elk-363","lognormal",FALSE,"M21",54,1,0.999999999999451
"elk-363","lognormal",FALSE,"M21",55,1,0.999999999998999
"elk-363","lognormal",FALSE,"M21",56,1,0.999999999995856
"elk-363","lognormal",FALSE,"M21",57,1,1
"elk-363","lognormal",FALSE,"M21",58,1,1
"elk-363","lognormal",FALSE,"M21",59,1,1
"elk-363","lognormal",FALSE,"M21",60,1,0.999999999984412
"elk-363","lognormal",FALSE,"M21",61,1,0.999999999999999
"elk-363","lognormal",FALSE,"M21",62,1,1
"elk-363","lognormal",FALSE,"M21",63,1,0.999999999999999
"elk-363","lognormal",FALSE,"M21",64,1,0.999999999995856
"elk-363","lognormal",FALSE,"M21",65,1,1
"elk-363","lognormal",FALSE,"M21",66,1,1
"elk-363","lognormal",FALSE,"M21",67,1,1
"elk-363","lognormal",FALSE,"M21",68,1,1
"elk-363","lognormal",FALSE,"M21",69,1,0.999999999993741
"elk-363","lognormal",FALSE,"M21",70,1,0.999999999993725
"elk-363","lognormal",FALSE,"M21",71,1,0.999999999919154
"elk-363","lognormal",FALSE,"M21",72,1,0.999999999999925
"elk-363","lognormal",FALSE,"M21",73,1,1
"elk-363","lognormal",FALSE,"M21",74,1,0.999999999695781
"elk-363","lognormal",FALSE,"M21",75,1,0.999999999999682
"elk-363","lognormal",FALSE,"M21",76,1,0.999999999984412
"elk-363","lognormal",FALSE,"M21",77,1,1
"elk-363","lognormal",FALSE,"M21",78,1,0.999999999999686
"elk-363","lognormal",FALSE,"M21",79,1,0.999999999999968
"elk-363","lognormal",FALSE,"M21",80,1,0.999999999999883
"elk-363","lognormal",FALSE,"M21",81,1,0.999999999999999
"elk-363","lognormal",FALSE,"M21",82,1,0.999999999999686
"elk-363","lognormal",FALSE,"M21",83,1,0.999999999999812
"elk-363","lognormal",FALSE,"M21",84,1,1
"elk-363","lognormal",FALSE,"M21",85,1,0.999999999999883
"elk-363","lognormal",FALSE,"M21",86,1,0.999999999999852
"elk-363","lognormal",FALSE,"M21",87,1,1
"elk-363","lognormal",FALSE,"M21",88,1,1
"elk-363","lognormal",FALSE,"M21",89,1,0.999999923744063
"elk-363","lognormal",FALSE,"M21",90,1,0.999999999999998
"elk-363","lognormal",FALSE,"M21",91,1,0.999999999995856
"elk-363","lognormal",FALSE,"M21",92,1,0.999999999999998
"elk-363","lognormal",FALSE,"M21",93,1,0.999999999974098
"elk-363","lognormal",FALSE,"M21",94,1,1
"elk-363","lognormal",FALSE,"M21",95,1,1
"elk-363","lognormal",FALSE,"M21",96,1,0.999999999974098
"elk-363","lognormal",FALSE,"M21",97,1,0.999999999999758
"elk-363","lognormal",FALSE,"M21",98,1,0.999999999998044
"elk-363","lognormal",FALSE,"M21",99,1,0.999999999999651
"elk-363","lognormal",FALSE,"M21",100,1,0.999999996692882
"elk-363","lognormal",FALSE,"M21",101,1,0.999999999993052
"elk-363","lognormal",FALSE,"M21",102,1,0.99999999999994
"elk-363","lognormal",FALSE,"M21",103,1,1
"elk-363","lognormal",FALSE,"M21",104,1,1
"elk-363","lognormal",FALSE,"M21",105,1,0.999999999999883
"elk-363","lognormal",FALSE,"M21",106,1,0.999999999999883
"elk-363","lognormal",FALSE,"M21",107,1,0.999999999984412
"elk-363","lognormal",FALSE,"M21",108,1,1
"elk-363","lognormal",FALSE,"M21",109,1,0.999999999999978
"elk-363","lognormal",FALSE,"M21",110,1,0.999999999999978
"elk-363","lognormal",FALSE,"M21",111,1,1
"elk-363","lognormal",FALSE,"M21",112,1,0.99999999999994
"elk-363","lognormal",FALSE,"M21",113,1,0.999999999919171
"elk-363","lognormal",FALSE,"M21",114,1,0.99999999999996
"elk-363","lognormal",FALSE,"M21",115,1,0.999999999999453
"elk-363","lognormal",FALSE,"M21",116,1,0.999999999999758
"elk-363","lognormal",FALSE,"M21",117,1,1
"elk-363","lognormal",FALSE,"M21",118,1,1
"elk-363","lognormal",FALSE,"M21",119,1,1
"elk-363","lognormal",FALSE,"M21",120,1,1
"elk-363","lognormal",FALSE,"M21",121,1,1
"elk-363","lognormal",FALSE,"M21",122,1,1
"elk-363","lognormal",FALSE,"M21",123,1,1
"elk-363","lognormal",FALSE,"M21",124,1,1
"elk-363","lognormal",FALSE,"M21",125,1,1
"elk-363","lognormal",FALSE,"M21",126,1,0.999999999999996
"elk-363","lognormal",FALSE,"M21",127,1,0.999999999999758
"elk-363","lognormal",FALSE,"M21",128,1,1
"elk-363","lognormal",FALSE,"M21",129,1,0.999999999995856
"elk-363","lognormal",FALSE,"M21",130,1,0.99999999999994
"elk-363","lognormal",FALSE,"M21",131,1,1
"elk-363","lognormal",FALSE,"M21",132,1,1
"elk-363","lognormal",FALSE,"M21",133,1,1
"elk-363","lognormal",FALSE,"M21",134,1,1
"elk-363","lognormal",FALSE,"M21",135,1,1
"elk-363","lognormal",FALSE,"M21",136,1,0.999999999984399
"elk-363","lognormal",FALSE,"M21",137,1,0.999999999974085
"elk-363","lognormal",FALSE,"M21",138,1,0.999999999999991
"elk-363","lognormal",FALSE,"M21",139,1,0.999999923743868
"elk-363","lognormal",FALSE,"M21",140,1,0.999999999999736
"elk-363","lognormal",FALSE,"M21",141,1,0.999999999999999
"elk-363","lognormal",FALSE,"M21",142,1,0.999999432034569
"elk-363","lognormal",FALSE,"M21",143,1,0.999999728314927
"elk-363","lognormal",FALSE,"M21",144,1,1
"elk-363","lognormal",FALSE,"M21",145,1,0.999999999955226
"elk-363","lognormal",FALSE,"M21",146,1,1
"elk-363","lognormal",FALSE,"M21",147,1,1
"elk-363","lognormal",FALSE,"M21",148,1,0.999999991663386
"elk-363","lognormal",FALSE,"M21",149,1,0.99999999999941
"elk-363","lognormal",FALSE,"M21",150,1,0.999999680423741
"elk-363","lognormal",FALSE,"M21",151,1,0.999999999999825
"elk-363","lognormal",FALSE,"M21",152,1,1
"elk-363","lognormal",FALSE,"M21",153,1,1
"elk-363","lognormal",FALSE,"M21",154,1,1
"elk-363","lognormal",FALSE,"M21",155,1,0.999999999847044
"elk-363","lognormal",FALSE,"M21",156,1,0.99999999999717
"elk-363","lognormal",FALSE,"M21",157,1,0.999999999996874
"elk-363","lognormal",FALSE,"M21",158,1,0.999999996692838
"elk-363","lognormal",FALSE,"M21",159,1,0.999999999995386
"elk-363","lognormal",FALSE,"M21",160,1,0.999999999919151
"elk-363","lognormal",FALSE,"M21",161,1,0.999999999997177
"elk-363","lognormal",FALSE,"M21",162,1,1
"elk-363","lognormal",FALSE,"M21",163,1,0.999999999999588
"elk-363","lognormal",FALSE,"M21",164,1,0.999999999999265
"elk-363","lognormal",FALSE,"M21",165,1,0.999999999995793
"elk-363","lognormal",FALSE,"M21",166,1,0.999999985182552
"elk-363","lognormal",FALSE,"M21",167,1,0.999999970224545
"elk-363","lognormal",FALSE,"M21",168,1,0.999999999999624
"elk-363","lognormal",FALSE,"M21",169,1,0.999999999997185
"elk-363","lognormal",FALSE,"M21",170,1,1
"elk-363","lognormal",FALSE,"M21",171,1,1
"elk-363","lognormal",FALSE,"M21",172,1,0.999994727658684
"elk-363","lognormal",FALSE,"M21",173,1,0.999999972115803
"elk-363","lognormal",FALSE,"M21",174,1,0.999999997953449
"elk-363","lognormal",FALSE,"M21",175,1,0.999999922274933
"elk-363","lognormal",FALSE,"M21",176,1,1
"elk-363","lognormal",FALSE,"M21",177,1,0.999999999984332
"elk-363","lognormal",FALSE,"M21",178,1,0.999999999846198
"elk-363","lognormal",FALSE,"M21",179,1,0.999999999846263
"elk-363","lognormal",FALSE,"M21",180,1,0.999999999997152
"elk-363","lognormal",FALSE,"M21",181,1,0.9999999998045
"elk-363","lognormal",FALSE,"M21",182,1,0.99999999162097
"elk-363","lognormal",FALSE,"M21",183,1,1
"elk-363","lognormal",FALSE,"M21",184,1,0.999999999999883
"elk-363","lognormal",FALSE,"M21",185,1,1
"elk-363","lognormal",FALSE,"M21",186,1,1
"elk-363","lognormal",FALSE,"M21",187,1,0.999999679947026
"elk-363","lognormal",FALSE,"M21",188,1,0.999999999477811
"elk-363","lognormal",FALSE,"M21",189,1,0.999999999999939
"elk-363","lognormal",FALSE,"M21",190,1,1
"elk-363","lognormal",FALSE,"M21",191,1,0.99999999999028
"elk-363","lognormal",FALSE,"M21",192,1,1
"elk-363","lognormal",FALSE,"M21",193,1,0.999999999955105
"elk-363","lognormal",FALSE,"M21",194,1,0.999999999919034
"elk-363","lognormal",FALSE,"M21",195,1,0.999999999993706
"elk-363","lognormal",FALSE,"M21",196,1,0.999999999907433
"elk-363","lognormal",FALSE,"M21",197,1,0.999999922817996
"elk-363","lognormal",FALSE,"M21",198,1,0.999999998802071
"elk-363","lognormal",FALSE,"M21",199,1,0.999999996574537
"elk-363","lognormal",FALSE,"M21",200,1,0.999999999999541
"elk-363","lognormal",FALSE,"M21",201,1,0.999999999999838
"elk-363","lognormal",FALSE,"M21",202,1,0.99999999721182
"elk-363","lognormal",FALSE,"M21",203,1,0.999998160858865
"elk-363","lognormal",FALSE,"M21",204,1,0.999999999913482
"elk-363","lognormal",FALSE,"M21",205,1,0.999999999989782
"elk-363","lognormal",FALSE,"M21",206,1,0.999993750223511
"elk-363","lognormal",FALSE,"M21",207,2,0.994224134514238
"elk-363","lognormal",FALSE,"M21",208,2,0.999905727474982
"elk-363","lognormal",FALSE,"M21",209,2,0.999998458954847
"elk-363","lognormal",FALSE,"M21",210,2,0.999999972423252
"elk-363","lognormal",FALSE,"M21",211,2,0.999999994796074
"elk-363","lognormal",FALSE,"M21",212,2,0.99999999979799
"elk-363","lognormal",FALSE,"M21",213,2,0.99999999982463
"elk-363","lognormal",FALSE,"M21",214,2,0.999999999484681
"elk-363","lognormal",FALSE,"M21",215,2,0.999999998555289
"elk-363","lognormal",FALSE,"M21",216,2,0.999999941936852
"elk-363","lognormal",FALSE,"M21",217,2,0.999999365755831
"elk-363","lognormal",FALSE,"H2",1,2,1
"elk-363","lognormal",FALSE,"H2",2,2,0.999999999999893
"elk-363","lognormal",FALSE,"H2",3,2,0.999999999999765
"elk-363","lognormal",FALSE,"H2",4,2,1
"elk-363","lognormal",FALSE,"H2",5,2,0.999999999998021
"elk-363","lognormal",FALSE,"H2",6,2,1
"elk-363","lognormal",FALSE,"H2",7,2,0.999999999999999
"elk-363","lognormal",FALSE,"H2",8,2,0.999999999999893
"elk-363","lognormal",FALSE,"H2",9,2,0.999999999999862
"elk-363","lognormal",FALSE,"H2",10,2,1
"elk-363","lognormal",FALSE,"H2",11,2,0.999999999999973
"elk-363","lognormal",FALSE,"H2",12,2,1
"elk-363","lognormal",FALSE,"H2",13,2,1
"elk-363","lognormal",FALSE,"H2",14,2,1
"elk-363","lognormal",FALSE,"H2",15,2,1
"elk-363","lognormal",FALSE,"H2",16,2,1
"elk-363","lognormal",FALSE,"H2",17,2,0.999999999707374
"elk-363","lognormal",FALSE,"H2",18,2,1
"elk-363","lognormal",FALSE,"H2",19,2,0.999999999999973
"elk-363","lognormal",FALSE,"H2",20,2,1
"elk-363","lognormal",FALSE,"H2",21,2,0.999999999999978
"elk-363","lognormal",FALSE,"H2",22,2,0.999999999999999
"elk-363","lognormal",FALSE,"H2",23,2,1
"elk-363","lognormal",FALSE,"H2",24,2,1
"elk-363","lognormal",FALSE,"H2",25,2,0.999999999999999
"elk-363","lognormal",FALSE,"H2",26,2,1
"elk-363","lognormal",FALSE,"H2",27,2,0.999999999999959
"elk-363","lognormal",FALSE,"H2",28,2,1
"elk-363","lognormal",FALSE,"H2",29,2,1
"elk-363","lognormal",FALSE,"H2",30,2,0.999999999999999
"elk-363","lognormal",FALSE,"H2",31,2,1
"elk-363","lognormal",FALSE,"H2",32,2,0.999999999994075
"elk-363","lognormal",FALSE,"H2",33,2,1
"elk-363","lognormal",FALSE,"H2",34,2,0.999999999979185
"elk-363","lognormal",FALSE,"H2",35,2,1
"elk-363","lognormal",FALSE,"H2",36,2,0.999999999979185
"elk-363","lognormal",FALSE,"H2",37,2,1
"elk-363","lognormal",FALSE,"H2",38,2,1
"elk-363","lognormal",FALSE,"H2",39,2,1
"elk-363","lognormal",FALSE,"H2",40,2,0.999999999707374
"elk-363","lognormal",FALSE,"H2",41,2,1
"elk-363","lognormal",FALSE,"H2",42,2,0.99999999999999
"elk-363","lognormal",FALSE,"H2",43,2,1
"elk-363","lognormal",FALSE,"H2",44,2,1
"elk-363","lognormal",FALSE,"H2",45,2,0.999999999995836
"elk-363","lognormal",FALSE,"H2",46,2,0.999999999142701
"elk-363","lognormal",FALSE,"H2",47,2,0.999999941612347
"elk-363","lognormal",FALSE,"H2",48,2,0.99999999952967
"elk-363","lognormal",FALSE,"H2",49,2,0.999999999999966
"elk-363","lognormal",FALSE,"H2",50,2,0.999999999986592
"elk-363","lognormal",FALSE,"H2",51,2,0.999999999999999
"elk-363","lognormal",FALSE,"H2",52,2,0.999999999999892
"elk-363","lognormal",FALSE,"H2",53,2,0.999999999839898
"elk-363","lognormal",FALSE,"H2",54,2,0.99999999999925
"elk-363","lognormal",FALSE,"H2",55,2,0.999999999998587
"elk-363","lognormal",FALSE,"H2",56,2,0.999999999994075
"elk-363","lognormal",FALSE,"H2",57,2,1
"elk-363","lognormal",FALSE,"H2",58,2,1
"elk-363","lognormal",FALSE,"H2",59,2,1
"elk-363","lognormal",FALSE,"H2",60,2,0.999999999979185
"elk-363","lognormal",FALSE,"H2",61,2,0.999999999999999
"elk-363","lognormal",FALSE,"H2",62,2,1
"elk-363","lognormal",FALSE,"H2",63,2,1
"elk-363","lognormal",FALSE,"H2",64,2,0.999999999994075
"elk-363","lognormal",FALSE,"H2",65,2,1
"elk-363","lognormal",FALSE,"H2",66,2,1
"elk-363","lognormal",FALSE,"H2",67,2,1
"elk-363","lognormal",FALSE,"H2",68,2,1
"elk-363","lognormal",FALSE,"H2",69,2,0.999999999991171
"elk-363","lognormal",FALSE,"H2",70,2,0.999999999991144
"elk-363","lognormal",FALSE,"H2",71,2,0.999999999908545
"elk-363","lognormal",FALSE,"H2",72,2,0.999999999999916
"elk-363","lognormal",FALSE,"H2",73,2,1
"elk-363","lognormal",FALSE,"H2",74,2,0.99999999970737
"elk-363","lognormal",FALSE,"H2",75,2,0.999999999999585
"elk-363","lognormal",FALSE,"H2",76,2,0.999999999979185
"elk-363","lognormal",FALSE,"H2",77,2,1
"elk-363","lognormal",FALSE,"H2",78,2,0.999999999999589
"elk-363","lognormal",FALSE,"H2",79,2,0.999999999999967
"elk-363","lognormal",FALSE,"H2",80,2,0.999999999999862
"elk-363","lognormal",FALSE,"H2",81,2,0.999999999999999
"elk-363","lognormal",FALSE,"H2",82,2,0.999999999999589
"elk-363","lognormal",FALSE,"H2",83,2,0.999999999999765
"elk-363","lognormal",FALSE,"H2",84,2,1
"elk-363","lognormal",FALSE,"H2",85,2,0.999999999999862
"elk-363","lognormal",FALSE,"H2",86,2,0.99999999999982
"elk-363","lognormal",FALSE,"H2",87,2,1
"elk-363","lognormal",FALSE,"H2",88,2,1
"elk-363","lognormal",FALSE,"H2",89,2,0.999999942484212
"elk-363","lognormal",FALSE,"H2",90,2,0.999999999999999
"elk-363","lognormal",FALSE,"H2",91,2,0.999999999994075
"elk-363","lognormal",FALSE,"H2",92,2,0.999999999999998
"elk-363","lognormal",FALSE,"H2",93,2,0.999999999966886
"elk-363","lognormal",FALSE,"H2",94,2,1
"elk-363","lognormal",FALSE,"H2",95,2,1
"elk-363","lognormal",FALSE,"H2",96,2,0.999999999966886
"elk-363","lognormal",FALSE,"H2",97,2,0.99999999999969
"elk-363","lognormal",FALSE,"H2",98,2,0.99999999999719
"elk-363","lognormal",FALSE,"H2",99,2,0.999999999999554
"elk-363","lognormal",FALSE,"H2",100,2,0.999999997454565
"elk-363","lognormal",FALSE,"H2",101,2,0.999999999990424
"elk-363","lognormal",FALSE,"H2",102,2,0.999999999999934
"elk-363","lognormal",FALSE,"H2",103,2,1
"elk-363","lognormal",FALSE,"H2",104,2,1
"elk-363","lognormal",FALSE,"H2",105,2,0.999999999999862
"elk-363","lognormal",FALSE,"H2",106,2,0.999999999999862
"elk-363","lognormal",FALSE,"H2",107,2,0.999999999979185
"elk-363","lognormal",FALSE,"H2",108,2,1
"elk-363","lognormal",FALSE,"H2",109,2,0.999999999999978
"elk-363","lognormal",FALSE,"H2",110,2,0.999999999999978
"elk-363","lognormal",FALSE,"H2",111,2,1
"elk-363","lognormal",FALSE,"H2",112,2,0.999999999999934
"elk-363","lognormal",FALSE,"H2",113,2,0.999999999908572
"elk-363","lognormal",FALSE,"H2",114,2,0.999999999999958
"elk-363","lognormal",FALSE,"H2",115,2,0.999999999999254
"elk-363","lognormal",FALSE,"H2",116,2,0.999999999999691
"elk-363","lognormal",FALSE,"H2",117,2,1
"elk-363","lognormal",FALSE,"H2",118,2,1
"elk-363","lognormal",FALSE,"H2",119,2,1
"elk-363","lognormal",FALSE,"H2",120,2,1
"elk-363","lognormal",FALSE,"H2",121,2,1
"elk-363","lognormal",FALSE,"H2",122,2,1
"elk-363","lognormal",FALSE,"H2",123,2,1
"elk-363","lognormal",FALSE,"H2",124,2,1
"elk-363","lognormal",FALSE,"H2",125,2,1
"elk-363","lognormal",FALSE,"H2",126,2,0.999999999999997
"elk-363","lognormal",FALSE,"H2",127,2,0.999999999999691
"elk-363","lognormal",FALSE,"H2",128,2,1
"elk-363","lognormal",FALSE,"H2",129,2,0.999999999994075
"elk-363","lognormal",FALSE,"H2",130,2,0.999999999999934
"elk-363","lognormal",FALSE,"H2",131,2,1
"elk-363","lognormal",FALSE,"H2",132,2,1
"elk-363","lognormal",FALSE,"H2",133,2,1
"elk-363","lognormal",FALSE,"H2",134,2,1
"elk-363","lognormal",FALSE,"H2",135,2,1
"elk-363","lognormal",FALSE,"H2",136,2,0.999999999979162
"elk-363","lognormal",FALSE,"H2",137,2,0.999999999966863
"elk-363","lognormal",FALSE,"H2",138,2,0.999999999999993
"elk-363","lognormal",FALSE,"H2",139,2,0.999999942484048
"elk-363","lognormal",FALSE,"H2",140,2,0.999999999999755
"elk-363","lognormal",FALSE,"H2",141,2,0.999999999999999
"elk-363","lognormal",FALSE,"H2",142,2,0.999999602284448
"elk-363","lognormal",FALSE,"H2",143,2,0.999999837574472
"elk-363","lognormal",FALSE,"H2",144,2,1
"elk-363","lognormal",FALSE,"H2",145,2,0.999999999945841
"elk-363","lognormal",FALSE,"H2",146,2,1
"elk-363","lognormal",FALSE,"H2",147,2,1
"elk-363","lognormal",FALSE,"H2",148,2,0.999999993797084
"elk-363","lognormal",FALSE,"H2",149,2,0.999999999999528
"elk-363","lognormal",FALSE,"H2",150,2,0.999999747476818
"elk-363","lognormal",FALSE,"H2",151,2,0.999999999999866
"elk-363","lognormal",FALSE,"H2",152,2,1
"elk-363","lognormal",FALSE,"H2",153,2,1
"elk-363","lognormal",FALSE,"H2",154,2,1
"elk-363","lognormal",FALSE,"H2",155,2,0.999999999839881
"elk-363","lognormal",FALSE,"H2",156,2,0.99999999999593
"elk-363","lognormal",FALSE,"H2",157,2,0.999999999995608
"elk-363","lognormal",FALSE,"H2",158,2,0.999999997454501
"elk-363","lognormal",FALSE,"H2",159,2,0.999999999993552
"elk-363","lognormal",FALSE,"H2",160,2,0.99999999990854
"elk-363","lognormal",FALSE,"H2",161,2,0.99999999999594
"elk-363","lognormal",FALSE,"H2",162,2,1
"elk-363","lognormal",FALSE,"H2",163,2,0.999999999999449
"elk-363","lognormal",FALSE,"H2",164,2,0.999999999998979
"elk-363","lognormal",FALSE,"H2",165,2,0.999999999994633
"elk-363","lognormal",FALSE,"H2",166,2,0.999999990229372
"elk-363","lognormal",FALSE,"H2",167,2,0.999999979200327
"elk-363","lognormal",FALSE,"H2",168,2,0.999999999999603
"elk-363","lognormal",FALSE,"H2",169,2,0.999999999995952
"elk-363","lognormal",FALSE,"H2",170,2,1
"elk-363","lognormal",FALSE,"H2",171,2,1
"elk-363","lognormal",FALSE,"H2",172,2,0.99999405283437
"elk-363","lognormal",FALSE,"H2",173,2,0.999999967340473
"elk-363","lognormal",FALSE,"H2",174,2,0.99999999824081
"elk-363","lognormal",FALSE,"H2",175,2,0.999999941327685
"elk-363","lognormal",FALSE,"H2",176,2,1
"elk-363","lognormal",FALSE,"H2",177,2,0.999999999979073
"elk-363","lognormal",FALSE,"H2",178,2,0.999999999838935
"elk-363","lognormal",FALSE,"H2",179,2,0.999999999839025
"elk-363","lognormal",FALSE,"H2",180,2,0.999999999995904
"elk-363","lognormal",FALSE,"H2",181,2,0.999999999806742
"elk-363","lognormal",FALSE,"H2",182,2,0.999999993764027
"elk-363","lognormal",FALSE,"H2",183,2,1
"elk-363","lognormal",FALSE,"H2",184,2,0.999999999999862
"elk-363","lognormal",FALSE,"H2",185,2,1
"elk-363","lognormal",FALSE,"H2",186,2,1
"elk-363","lognormal",FALSE,"H2",187,2,0.999999747021043
"elk-363","lognormal",FALSE,"H2",188,2,0.999999999489524
"elk-363","lognormal",FALSE,"H2",189,2,0.999999999999933
"elk-363","lognormal",FALSE,"H2",190,2,1
"elk-363","lognormal",FALSE,"H2",191,2,0.999999999986592
"elk-363","lognormal",FALSE,"H2",192,2,1
"elk-363","lognormal",FALSE,"H2",193,2,0.999999999945676
"elk-363","lognormal",FALSE,"H2",194,2,0.99999999990838
"elk-363","lognormal",FALSE,"H2",195,2,0.999999999991118
"elk-363","lognormal",FALSE,"H2",196,2,0.999999999902637
"elk-363","lognormal",FALSE,"H2",197,2,0.999999941810737
"elk-363","lognormal",FALSE,"H2",198,2,0.999999999072619
"elk-363","lognormal",FALSE,"H2",199,2,0.999999997382726
"elk-363","lognormal",FALSE,"H2",200,2,0.999999999999401
"elk-363","lognormal",FALSE,"H2",201,2,0.999999999999803
"elk-363","lognormal",FALSE,"H2",202,2,0.999999997030938
"elk-363","lognormal",FALSE,"H2",203,2,0.999998384003237
"elk-363","lognormal",FALSE,"H2",204,2,0.999999999891273
"elk-363","lognormal",FALSE,"H2",205,2,0.999999999986346
"elk-363","lognormal",FALSE,"H2",206,2,0.99999221187529
"elk-363","lognormal",FALSE,"H2",207,1,0.994863373874021
"elk-363","lognormal",FALSE,"H2",208,1,0.999904550927388
"elk-363","lognormal",FALSE,"H2",209,1,0.999998222675791
"elk-363","lognormal",FALSE,"H2",210,1,0.999999963165125
"elk-363","lognormal",FALSE,"H2",211,1,0.99999999249888
"elk-363","lognormal",FALSE,"H2",212,1,0.99999999980933
"elk-363","lognormal",FALSE,"H2",213,1,0.999999999844115
"elk-363","lognormal",FALSE,"H2",214,1,0.999999999398437
"elk-363","lognormal",FALSE,"H2",215,1,0.9999999977191
"elk-363","lognormal",FALSE,"H2",216,1,0.999999907755911
"elk-363","lognormal",FALSE,"H2",217,1,0.999999178587647
"elk-363","lognormal",FALSE,"H3",1,2,0.99999999826218
"elk-363","lognormal",FALSE,"H3",2,2,0.999999978253106
"elk-363","lognormal",FALSE,"H3",3,2,0.999999981314481
"elk-363","lognormal",FALSE,"H3",4,2,0.993173944974916
"elk-363","lognormal",FALSE,"H3",5,2,0.999999910130376
"elk-363","lognormal",FALSE,"H3",6,2,0.997535216772154
"elk-363","lognormal",FALSE,"H3",7,2,0.999996941769607
"elk-363","lognormal",FALSE,"H3",8,2,0.999999978250567
"elk-363","lognormal",FALSE,"H3",9,2,0.999999981260182
"elk-363","lognormal",FALSE,"H3",10,2,0.99985754240826
"elk-363","lognormal",FALSE,"H3",11,2,0.999999836040586
"elk-363","lognormal",FALSE,"H3",12,2,0.98212016374358
"elk-363","lognormal",FALSE,"H3",13,2,0.999955594495729
"elk-363","lognormal",FALSE,"H3",14,2,0.999968917039338
"elk-363","lognormal",FALSE,"H3",15,2,0.999993342036324
"elk-363","lognormal",FALSE,"H3",16,2,0.99994402704651
"elk-363","lognormal",FALSE,"H3",17,2,0.999992989990618
"elk-363","lognormal",FALSE,"H3",18,2,0.998900306499722
"elk-363","lognormal",FALSE,"H3",19,2,0.99999989036812
"elk-363","lognormal",FALSE,"H3",20,2,0.996997618466115
"elk-363","lognormal",FALSE,"H3",21,2,0.99999986552965
"elk-363","lognormal",FALSE,"H3",22,2,0.999994970424629
"elk-363","lognormal",FALSE,"H3",23,2,0.999972024954374
"elk-363","lognormal",FALSE,"H3",24,2,0.999965578642664
"elk-363","lognormal",FALSE,"H3",25,2,0.999997229207056
"elk-363","lognormal",FALSE,"H3",26,2,0.999990161160685
"elk-363","lognormal",FALSE,"H3",27,2,0.999999942642102
"elk-363","lognormal",FALSE,"H3",28,2,0.999334044538154
"elk-363","lognormal",FALSE,"H3",29,2,0.999369590801757
"elk-363","lognormal",FALSE,"H3",30,2,0.99999668279855
"elk-363","lognormal",FALSE,"H3",31,2,0.999988842604498
"elk-363","lognormal",FALSE,"H3",32,2,0.999999879384487
"elk-363","lognormal",FALSE,"H3",33,2,0.596485132684527
"elk-363","lognormal",FALSE,"H3",34,2,0.999995567054017
"elk-363","lognormal",FALSE,"H3",35,2,0.590857401487515
"elk-363","lognormal",FALSE,"H3",36,2,0.999992413706393
"elk-363","lognormal",FALSE,"H3",37,2,0.999843236452291
"elk-363","lognormal",FALSE,"H3",38,2,0.877700666857681
"elk-363","lognormal",FALSE,"H3",39,2,0.999180204392812
"elk-363","lognormal",FALSE,"H3",40,2,0.99999419211315
"elk-363","lognormal",FALSE,"H3",41,2,0.810348270347773
"elk-363","lognormal",FALSE,"H3",42,2,0.999990389180468
"elk-363","lognormal",FALSE,"H3",43,2,0.94184976025952
"elk-363","lognormal",FALSE,"H3",44,2,0.896825049989895
"elk-363","lognormal",FALSE,"H3",45,2,0.99999943430205
"elk-363","lognormal",FALSE,"H3",46,2,0.999979166905281
"elk-363","lognormal",FALSE,"H3",47,2,0.998776515282543
"elk-363","lognormal",FALSE,"H3",48,2,0.999988062297496
"elk-363","lognormal",FALSE,"H3",49,2,0.999999927807957
"elk-363","lognormal",FALSE,"H3",50,2,0.999999582267051
"elk-363","lognormal",FALSE,"H3",51,2,0.999996245766935
"elk-363","lognormal",FALSE,"H3",52,2,0.999999978210113
"elk-363","lognormal",FALSE,"H3",53,2,0.999995994025041
"elk-363","lognormal",FALSE,"H3",54,2,0.999999966800098
"elk-363","lognormal",FALSE,"H3",55,2,0.999999943486773
"elk-363","lognormal",FALSE,"H3",56,2,0.999999799219969
"elk-363","lognormal",FALSE,"H3",57,2,0.99999015275098
"elk-363","lognormal",FALSE,"H3",58,2,0.999977253936855
"elk-363","lognormal",FALSE,"H3",59,2,0.999761301148263
"elk-363","lognormal",FALSE,"H3",60,2,0.999999374702183
"elk-363","lognormal",FALSE,"H3",61,2,0.999983203670214
"elk-363","lognormal",FALSE,"H3",62,2,0.933365983693594
"elk-363","lognormal",FALSE,"H3",63,2,0.999974390987407
"elk-363","lognormal",FALSE,"H3",64,2,0.999999978717212
"elk-363","lognormal",FALSE,"H3",65,3,0.903278095518782
"elk-363","lognormal",FALSE,"H3",66,3,0.988771644362115
"elk-363","lognormal",FALSE,"H3",67,3,0.996980229116048
"elk-363","lognormal",FALSE,"H3",68,3,0.957864950009949
"elk-363","lognormal",FALSE,"H3",69,2,0.999992177949459
"elk-363","lognormal",FALSE,"H3",70,2,0.999999708337329
"elk-363","lognormal",FALSE,"H3",71,2,0.999997607469863
"elk-363","lognormal",FALSE,"H3",72,2,0.999999973335236
"elk-363","lognormal",FALSE,"H3",73,2,0.999979857182252
"elk-363","lognormal",FALSE,"H3",74,2,0.99999298894939
"elk-363","lognormal",FALSE,"H3",75,2,0.999999978330156
"elk-363","lognormal",FALSE,"H3",76,2,0.99999937876815
"elk-363","lognormal",FALSE,"H3",77,2,0.999949069643669
"elk-363","lognormal",FALSE,"H3",78,2,0.999999978533386
"elk-363","lognormal",FALSE,"H3",79,2,0.999999927850348
"elk-363","lognormal",FALSE,"H3",80,2,0.999999981327172
"elk-363","lognormal",FALSE,"H3",81,2,0.999996771767646
"elk-363","lognormal",FALSE,"H3",82,2,0.999999978562999
"elk-363","lognormal",FALSE,"H3",83,2,0.999999982856766
"elk-363","lognormal",FALSE,"H3",84,2,0.999961971089221
"elk-363","lognormal",FALSE,"H3",85,2,0.999999981302503
"elk-363","lognormal",FALSE,"H3",86,2,0.999999982803089
"elk-363","lognormal",FALSE,"H3",87,2,0.99993842611252
"elk-363","lognormal",FALSE,"H3",88,2,0.999916966009686
"elk-363","lognormal",FALSE,"H3",89,2,0.998795514781551
"elk-363","lognormal",FALSE,"H3",90,2,0.999993374679867
"elk-363","lognormal",FALSE,"H3",91,2,0.999999799200203
"elk-363","lognormal",FALSE,"H3",92,2,0.999997994356433
"elk-363","lognormal",FALSE,"H3",93,2,0.999999053828589
"elk-363","lognormal",FALSE,"H3",94,2,0.999922728046219
"elk-363","lognormal",FALSE,"H3",95,2,0.998783163710607
"elk-363","lognormal",FALSE,"H3",96,2,0.999999022229434
"elk-363","lognormal",FALSE,"H3",97,2,0.999999981452092
"elk-363","lognormal",FALSE,"H3",98,2,0.999999896652505
"elk-363","lognormal",FALSE,"H3",99,2,0.99999997689145
"elk-363","lognormal",FALSE,"H3",100,2,0.999945864938302
"elk-363","lognormal",FALSE,"H3",101,2,0.999999687834905
"elk-363","lognormal",FALSE,"H3",102,2,0.999999966334542
"elk-363","lognormal",FALSE,"H3",103,2,0.999977226817454
"elk-363","lognormal",FALSE,"H3",104,2,0.969368475042055
"elk-363","lognormal",FALSE,"H3",105,2,0.999999960240967
"elk-363","lognormal",FALSE,"H3",106,2,0.999999981321417
"elk-363","lognormal",FALSE,"H3",107,2,0.999999409530006
"elk-363","lognormal",FALSE,"H3",108,2,0.950355700807235
"elk-363","lognormal",FALSE,"H3",109,2,0.999999627950052
"elk-363","lognormal",FALSE,"H3",110,2,0.99999952322094
"elk-363","lognormal",FALSE,"H3",111,2,0.929222795473354
"elk-363","lognormal",FALSE,"H3",112,2,0.999999868296185
"elk-363","lognormal",FALSE,"H3",113,2,0.999997608558281
"elk-363","lognormal",FALSE,"H3",114,2,0.999999944177048
"elk-363","lognormal",FALSE,"H3",115,2,0.999999967010449
"elk-363","lognormal",FALSE,"H3",116,2,0.999999974809471
"elk-363","lognormal",FALSE,"H3",117,2,0.954961047107581
"elk-363","lognormal",FALSE,"H3",118,3,0.97540550538667
"elk-363","lognormal",FALSE,"H3",119,3,0.995159139617568
"elk-363","lognormal",FALSE,"H3",120,3,0.972621692965485
"elk-363","lognormal",FALSE,"H3",121,3,0.996576072385593
"elk-363","lognormal",FALSE,"H3",122,3,0.975321197507287
"elk-363","lognormal",FALSE,"H3",123,2,0.999389529531614
"elk-363","lognormal",FALSE,"H3",124,2,0.999982268158287
"elk-363","lognormal",FALSE,"H3",125,2,0.998163149316125
"elk-363","lognormal",FALSE,"H3",126,2,0.999998920418625
"elk-363","lognormal",FALSE,"H3",127,2,0.999999981386633
"elk-363","lognormal",FALSE,"H3",128,2,0.999386752598668
"elk-363","lognormal",FALSE,"H3",129,2,0.999999795860472
"elk-363","lognormal",FALSE,"H3",130,2,0.999999917164976
"elk-363","lognormal",FALSE,"H3",131,2,0.961442337193552
"elk-363","lognormal",FALSE,"H3",132,2,0.99948392177445
"elk-363","lognormal",FALSE,"H3",133,2,0.999646547493206
"elk-363","lognormal",FALSE,"H3",134,2,0.9937762050352
"elk-363","lognormal",FALSE,"H3",135,2,0.995383246136964
"elk-363","lognormal",FALSE,"H3",136,2,0.999999299070436
"elk-363","lognormal",FALSE,"H3",137,2,0.999999052729581
"elk-363","lognormal",FALSE,"H3",138,2,0.999998522599796
"elk-363","lognormal",FALSE,"H3",139,2,0.998798094972528
"elk-363","lognormal",FALSE,"H3",140,2,0.999999964093737
"elk-363","lognormal",FALSE,"H3",141,2,0.999938209134667
"elk-363","lognormal",FALSE,"H3",142,2,0.992208376717015
"elk-363","lognormal",FALSE,"H3",143,2,0.997816041479631
"elk-363","lognormal",FALSE,"H3",144,2,0.591740968397956
"elk-363","lognormal",FALSE,"H3",145,2,0.999981951117633
"elk-363","lognormal",FALSE,"H3",146,2,0.999957982627512
"elk-363","lognormal",FALSE,"H3",147,2,0.999985691037778
"elk-363","lognormal",FALSE,"H3",148,2,0.999871606961703
"elk-363","lognormal",FALSE,"H3",149,2,0.999999905767736
"elk-363","lognormal",FALSE,"H3",150,2,0.994180749906073
"elk-363","lognormal",FALSE,"H3",151,2,0.999994417209363
"elk-363","lognormal",FALSE,"H3",152,3,0.66093963858139
"elk-363","lognormal",FALSE,"H3",153,3,0.53815009395732
"elk-363","lognormal",FALSE,"H3",154,3,0.632227838728319
"elk-363","lognormal",FALSE,"H3",155,2,0.999926575056499
"elk-363","lognormal",FALSE,"H3",156,2,0.999999839963822
"elk-363","lognormal",FALSE,"H3",157,2,0.999999844450417
"elk-363","lognormal",FALSE,"H3",158,2,0.999945861534647
"elk-363","lognormal",FALSE,"H3",159,2,0.999999780688701
"elk-363","lognormal",FALSE,"H3",160,2,0.999997607235798
"elk-363","lognormal",FALSE,"H3",161,2,0.999999862420423
"elk-363","lognormal",FALSE,"H3",162,2,0.957908866725899
"elk-363","lognormal",FALSE,"H3",163,2,0.9999999426736
"elk-363","lognormal",FALSE,"H3",164,2,0.999999957227157
"elk-363","lognormal",FALSE,"H3",165,2,0.999999810063881
"elk-363","lognormal",FALSE,"H3",166,2,0.999797931543503
"elk-363","lognormal",FALSE,"H3",167,2,0.99957379549861
"elk-363","lognormal",FALSE,"H3",168,2,0.999999974832554
"elk-363","lognormal",FALSE,"H3",169,2,0.999999992063719
"elk-363","lognormal",FALSE,"H3",170,3,0.968174029725522
"elk-363","lognormal",FALSE,"H3",171,3,0.995246561997695
"elk-363","lognormal",FALSE,"H3",172,1,0.938453312934389
"elk-363","lognormal",FALSE,"H3",173,2,0.993760851788236
"elk-363","lognormal",FALSE,"H3",174,2,0.99983259483447
"elk-363","lognormal",FALSE,"H3",175,2,0.999179442288382
"elk-363","lognormal",FALSE,"H3",176,2,0.606536618604539
"elk-363","lognormal",FALSE,"H3",177,2,0.999992631400853
"elk-363","lognormal",FALSE,"H3",178,2,0.999995920047918
"elk-363","lognormal",FALSE,"H3",179,2,0.999995966877333
"elk-363","lognormal",FALSE,"H3",180,2,0.999999855045498
"elk-363","lognormal",FALSE,"H3",181,2,0.99999529483201
"elk-363","lognormal",FALSE,"H3",182,2,0.999892282402922
"elk-363","lognormal",FALSE,"H3",183,2,0.833615001348563
"elk-363","lognormal",FALSE,"H3",184,2,0.999999614447277
"elk-363","lognormal",FALSE,"H3",185,2,0.935916148167903
"elk-363","lognormal",FALSE,"H3",186,2,0.956784715896389
"elk-363","lognormal",FALSE,"H3",187,2,0.988244912439383
"elk-363","lognormal",FALSE,"H3",188,2,0.999970230430069
"elk-363","lognormal",FALSE,"H3",189,2,0.999999965696197
"elk-363","lognormal",FALSE,"H3",190,2,0.999620350062562
"elk-363","lognormal",FALSE,"H3",191,2,0.999999605271264
"elk-363","lognormal",FALSE,"H3",192,2,0.935030455505316
"elk-363","lognormal",FALSE,"H3",193,2,0.999995866391629
"elk-363","lognormal",FALSE,"H3",194,2,0.999997591449463
"elk-363","lognormal",FALSE,"H3",195,2,0.999999710673483
"elk-363","lognormal",FALSE,"H3",196,2,0.999997177026196
"elk-363","lognormal",FALSE,"H3",197,2,0.998781368043333
"elk-363","lognormal",FALSE,"H3",198,2,0.999977425050621
"elk-363","lognormal",FALSE,"H3",199,2,0.999944061126058
"elk-363","lognormal",FALSE,"H3",200,2,0.999999971658322
"elk-363","lognormal",FALSE,"H3",201,2,0.999999980922315
"elk-363","lognormal",FALSE,"H3",202,2,0.99987443843537
"elk-363","lognormal",FALSE,"H3",203,2,0.948440006405283
"elk-363","lognormal",FALSE,"H3",204,2,0.999993574605
"elk-363","lognormal",FALSE,"H3",205,2,0.999999956661848
"elk-363","lognormal",FALSE,"H3",206,2,0.999980997949522
"elk-363","lognormal",FALSE,"H3",207,1,0.998892945183118
"elk-363","lognormal",FALSE,"H3",208,1,0.999980462577599
"elk-363","lognormal",FALSE,"H3",209,1,0.999992751369559
"elk-363","lognormal",FALSE,"H3",210,1,0.999992242001551
"elk-363","lognormal",FALSE,"H3",211,1,0.99993489694091
"elk-363","lognormal",FALSE,"H3",212,1,0.999999255715547
"elk-363","lognormal",FALSE,"H3",213,1,0.999999319087504
"elk-363","lognormal",FALSE,"H3",214,1,0.999992829150817
"elk-363","lognormal",FALSE,"H3",215,1,0.999980125284168
"elk-363","lognormal",FALSE,"H3",216,1,0.998862891663618
"elk-363","lognormal",FALSE,"H3",217,1,0.988807295900981
"elk-115","lognormal",TRUE,"M21",1,1,0.999999999999994
"elk-115","lognormal",TRUE,"M21",2,1,0.999999989364845
"elk-115","lognormal",TRUE,"M21",3,1,0.999969507727663
"elk-115","lognormal",TRUE,"M21",4,1,0.999997729469947
"elk-115","lognormal",TRUE,"M21",5,1,0.99957566970375
"elk-115","lognormal",TRUE,"M21",6,1,0.999999999999718
"elk-115","lognormal",TRUE,"M21",7,1,0.999999465629025
"elk-115","lognormal",TRUE,"M21",8,1,0.999997230157
"elk-115","lognormal",TRUE,"M21",9,1,0.999997321345535
"elk-115","lognormal",TRUE,"M21",10,1,0.999999880395546
"elk-115","lognormal",TRUE,"M21",11,1,0.999999812537061
"elk-115","lognormal",TRUE,"M21",12,1,0.999999993985681
"elk-115","lognormal",TRUE,"M21",13,1,0.999999756923803
"elk-115","lognormal",TRUE,"M21",14,1,0.999999282623307
"elk-115","lognormal",TRUE,"M21",15,1,0.999999908367005
"elk-115","lognormal",TRUE,"M21",16,1,0.999999898222298
"elk-115","lognormal",TRUE,"M21",17,1,0.999999284845147
"elk-115","lognormal",TRUE,"M21",18,1,0.999999954749125
"elk-115","lognormal",TRUE,"M21",19,1,0.999999960874462
"elk-115","lognormal",TRUE,"M21",20,1,0.999998432623095
"elk-115","lognormal",TRUE,"M21",21,1,0.999995364765933
"elk-115","lognormal",TRUE,"M21",22,1,0.999999561577573
"elk-115","lognormal",TRUE,"M21",23,1,0.999986671806754
"elk-115","lognormal",TRUE,"M21",24,1,0.999998506843366
"elk-115","lognormal",TRUE,"M21",25,1,0.999997257402848
"elk-115","lognormal",TRUE,"M21",26,1,0.999999864506596
"elk-115","lognormal",TRUE,"M21",27,1,0.9999514398796
"elk-115","lognormal",TRUE,"M21",28,1,0.999999415322665
"elk-115","lognormal",TRUE,"M21",29,1,0.99997065259917
"elk-115","lognormal",TRUE,"M21",30,1,0.999999849419929
"elk-115","lognormal",TRUE,"M21",31,1,0.99999874146604
"elk-115","lognormal",TRUE,"M21",32,1,0.999999839533988
"elk-115","lognormal",TRUE,"M21",33,1,0.999999877376321
"elk-115","lognormal",TRUE,"M21",34,1,0.999999988798575
"elk-115","lognormal",TRUE,"M21",35,1,0.999999991257953
"elk-115","lognormal",TRUE,"M21",36,1,0.999968131817321
"elk-115","lognormal",TRUE,"M21",37,1,0.999995429219174
"elk-115","lognormal",TRUE,"M21",38,1,0.999998469355338
"elk-115","lognormal",TRUE,"M21",39,1,0.99081777083973
"elk-115","lognormal",TRUE,"M21",40,1,0.999999510717368
"elk-115","lognormal",TRUE,"M21",41,1,0.999999351309879
"elk-115","lognormal",TRUE,"M21",42,1,0.990364398127075
"elk-115","lognormal",TRUE,"M21",43,1,0.999999051691112
"elk-115","lognormal",TRUE,"M21",44,1,0.999986899165866
"elk-115","lognormal",TRUE,"M21",45,1,0.999999872011049
"elk-115","lognormal",TRUE,"M21",46,1,0.99999999467081
"elk-115","lognormal",TRUE,"M21",47,1,0.999273129744871
"elk-115","lognormal",TRUE,"M21",48,1,0.999999184823213
"elk-115","lognormal",TRUE,"M21",49,1,0.999999859633623
"elk-115","lognormal",TRUE,"M21",50,1,0.999994953208401
"elk-115","lognormal",TRUE,"M21",51,1,0.999990342311005
"elk-115","lognormal",TRUE,"M21",52,1,0.999999943379701
"elk-115","lognormal",TRUE,"M21",53,1,0.999383701429044
"elk-115","lognormal",TRUE,"M21",54,1,0.999469846749629
"elk-115","lognormal",TRUE,"M21",55,1,0.999961264309489
"elk-115","lognormal",TRUE,"M21",56,1,0.999843298087059
"elk-115","lognormal",TRUE,"M21",57,1,0.999999539414668
"elk-115","lognormal",TRUE,"M21",58,1,0.999998685633368
"elk-115","lognormal",TRUE,"M21",59,1,0.999931130758763
"elk-115","lognormal",TRUE,"M21",60,1,0.999828869090264
"elk-115","lognormal",TRUE,"M21",61,1,0.999964756268758
"elk-115","lognormal",TRUE,"M21",62,1,0.999999997540538
"elk-115","lognormal",TRUE,"M21",63,1,0.999999998830966
"elk-115","lognormal",TRUE,"M21",64,1,0.999102519944545
"elk-115","lognormal",TRUE,"M21",65,1,0.999997799672794
"elk-115","lognormal",TRUE,"M21",66,1,0.999999998837606
"elk-115","lognormal",TRUE,"M21",67,1,0.999999980162873
"elk-115","lognormal",TRUE,"M21",68,1,0.999999914861213
"elk-115","lognormal",TRUE,"M21",69,1,0.975131491780649
"elk-115","lognormal",TRUE,"M21",70,1,0.999941529701994
"elk-115","lognormal",TRUE,"M21",71,1,0.999999999994085
"elk-115","lognormal",TRUE,"M21",72,1,0.999999999996962
"elk-115","lognormal",TRUE,"M21",73,1,0.999997906408075
"elk-115","lognormal",TRUE,"M21",74,1,0.999999593362404
"elk-115","lognormal",TRUE,"M21",75,1,0.999946139628863
"elk-115","lognormal",TRUE,"M21",76,1,0.997726911383707
"elk-115","lognormal",TRUE,"M21",77,2,0.779666829612614
"elk-115","lognormal",TRUE,"M21",78,2,0.975887185725022
"elk-115","lognormal",TRUE,"M21",79,2,0.999729643645079
"elk-115","lognormal",TRUE,"M21",80,2,0.999161409773933
"elk-115","lognormal",TRUE,"M21",81,2,0.987577116243537
"elk-115","lognormal",TRUE,"M21",82,1,0.999999106759153
"elk-115","lognormal",TRUE,"M21",83,1,0.999999999997771
"elk-115","lognormal",TRUE,"M21",84,1,0.99999991175134
"elk-115","lognormal",TRUE,"M21",85,1,0.998641492183508
"elk-115","lognormal",TRUE,"M21",86,1,0.999999876029206
"elk-115","lognormal",TRUE,"M21",87,1,0.99999997840482
"elk-115","lognormal",TRUE,"M21",88,1,0.999999966763984
"elk-115","lognormal",TRUE,"M21",89,1,0.999999996707205
"elk-115","lognormal",TRUE,"M21",90,1,0.999998399181158
"elk-115","lognormal",TRUE,"M21",91,1,0.999999992557366
"elk-115","lognormal",TRUE,"M21",92,1,0.999999999662641
"elk-115","lognormal",TRUE,"M21",93,1,0.999999561504142
"elk-115","lognormal",TRUE,"M21",94,1,0.998975498045087
"elk-115","lognormal",TRUE,"M21",95,1,0.999999343870353
"elk-115","lognormal",TRUE,"M21",96,1,0.999999999567915
"elk-115","lognormal",TRUE,"M21",97,1,0.999999892808968
"elk-115","lognormal",TRUE,"M21",98,1,0.999999617483001
"elk-115","lognormal",TRUE,"M21",99,1,0.99999999874578
"elk-115","lognormal",TRUE,"M21",100,1,0.990442738699666
"elk-115","lognormal",TRUE,"M21",101,1,0.999999999999204
"elk-115","lognormal",TRUE,"M21",102,1,0.999643169619882
"elk-115","lognormal",TRUE,"M21",103,1,0.999999798420175
"elk-115","lognormal",TRUE,"M21",104,1,0.654227154801754
"elk-115","lognormal",TRUE,"M21",105,2,0.771397037009285
"elk-115","lognormal",TRUE,"M21",106,2,0.91923798469862
"elk-115","lognormal",TRUE,"M21",107,1,0.999189045562904
"elk-115","lognormal",TRUE,"M21",108,1,0.999894411769412
"elk-115","lognormal",TRUE,"M21",109,1,0.999963608292435
"elk-115","lognormal",TRUE,"M21",110,1,0.999206278343207
"elk-115","lognormal",TRUE,"M21",111,1,0.999887758640609
"elk-115","lognormal",TRUE,"M21",112,1,0.999999979725446
"elk-115","lognormal",TRUE,"M21",113,1,0.999695192401472
"elk-115","lognormal",TRUE,"M21",114,1,0.999999999931422
"elk-115","lognormal",TRUE,"M21",115,1,0.99999999711839
"elk-115","lognormal",TRUE,"M21",116,1,0.999999999882907
"elk-115","lognormal",TRUE,"M21",117,1,0.999999999998028
"elk-115","lognormal",TRUE,"M21",118,1,0.999922619024687
"elk-115","lognormal",TRUE,"M21",119,1,0.99999962088979
"elk-115","lognormal",TRUE,"M21",120,1,0.999999996482566
"elk-115","lognormal",TRUE,"M21",121,1,0.999999999663921
"elk-115","lognormal",TRUE,"M21",122,1,0.999999914520215
"elk-115","lognormal",TRUE,"M21",123,1,0.999999984039589
"elk-115","lognormal",TRUE,"M21",124,1,0.99999999826638
"elk-115","lognormal",TRUE,"M21",125,1,0.999999854047791
"elk-115","lognormal",TRUE,"M21",126,1,0.988420186496577
"elk-115","lognormal",TRUE,"M21",127,1,0.9999999999772
"elk-115","lognormal",TRUE,"M21",128,1,0.999999999958011
"elk-115","lognormal",TRUE,"M21",129,1,0.999999999991884
"elk-115","lognormal",TRUE,"M21",130,1,0.999999999854575
"elk-115","lognormal",TRUE,"M21",131,1,0.999999999769845
"elk-115","lognormal",TRUE,"M21",132,1,0.999999999874219
"elk-115","lognormal",TRUE,"M21",133,1,0.999999999996995
"elk-115","lognormal",TRUE,"M21",134,1,0.999975031712162
"elk-115","lognormal",TRUE,"M21",135,1,0.999982063445517
"elk-115","lognormal",TRUE,"M21",136,1,0.999999534707312
"elk-115","lognormal",TRUE,"M21",137,1,0.999999998044466
"elk-115","lognormal",TRUE,"M21",138,1,0.999999999746061
"elk-115","lognormal",TRUE,"M21",139,1,0.999999789113756
"elk-115","lognormal",TRUE,"M21",140,1,0.999998807358846
"elk-115","lognormal",TRUE,"M21",141,1,0.999966456868324
"elk-115","lognormal",TRUE,"M21",142,1,0.999887545284286
"elk-115","lognormal",TRUE,"M21",143,1,0.999999959677168
"elk-115","lognormal",TRUE,"M21",144,1,0.999999768316951
"elk-115","lognormal",TRUE,"M21",145,1,0.803272099916668
"elk-115","lognormal",TRUE,"M21",146,1,0.999993397099536
"elk-115","lognormal",TRUE,"M21",147,1,0.999999091299396
"elk-115","lognormal",TRUE,"M21",148,1,0.999917139482375
"elk-115","lognormal",TRUE,"M21",149,1,0.999997248158897
"elk-115","lognormal",TRUE,"M21",150,1,0.999897825199588
"elk-115","lognormal",TRUE,"M21",151,1,0.99995927013066
"elk-115","lognormal",TRUE,"M21",152,1,0.999999980453212
"elk-115","lognormal",TRUE,"M21",153,1,0.999999995974211
"elk-115","lognormal",TRUE,"M21",154,1,0.999993468637228
"elk-115","lognormal",TRUE,"M21",155,1,0.999997337401214
"elk-115","lognormal",TRUE,"M21",156,1,0.999996819972305
"elk-115","lognormal",TRUE,"M21",157,1,0.999871914414456
"elk-115","lognormal",TRUE,"M21",158,1,0.999999391159445
"elk-115","lognormal",TRUE,"M21",159,1,0.999999946813416
"elk-115","lognormal",TRUE,"M21",160,1,0.999999995200258
"elk-115","lognormal",TRUE,"M21",161,1,0.999999824656223
"elk-115","lognormal",TRUE,"M21",162,1,0.999999881156039
"elk-115","lognormal",TRUE,"M21",163,1,0.999999973993684
"elk-115","lognormal",TRUE,"M21",164,1,0.999999150876756
"elk-115","lognormal",TRUE,"M21",165,1,0.999999862082187
"elk-115","lognormal",TRUE,"M21",166,1,0.999996909374755
"elk-115","lognormal",TRUE,"M21",167,1,0.999970849813252
"elk-115","lognormal",TRUE,"M21",168,1,0.999446709042045
"elk-115","lognormal",TRUE,"M21",169,1,0.999999850174007
"elk-115","lognormal",TRUE,"M21",170,1,0.999999966782364
"elk-115","lognormal",TRUE,"M21",171,1,0.999999908812114
"elk-115","lognormal",TRUE,"M21",172,1,0.999234239630019
"elk-115","lognormal",TRUE,"M21",173,1,0.999999710745894
"elk-115","lognormal",TRUE,"M21",174,1,0.999999604376322
"elk-115","lognormal",TRUE,"M21",175,1,0.999999981371245
"elk-115","lognormal",TRUE,"M21",176,1,0.999999992503934
"elk-115","lognormal",TRUE,"M21",177,1,0.999999989819273
"elk-115","lognormal",TRUE,"M21",178,1,0.999997739904267
"elk-115","lognormal",TRUE,"M21",179,1,0.999999856552114
"elk-115","lognormal",TRUE,"M21",180,1,0.999997131238238
"elk-115","lognormal",TRUE,"M21",181,1,0.99999998711714
"elk-115","lognormal",TRUE,"M21",182,1,0.999999984580274
"elk-115","lognormal",TRUE,"M21",183,1,0.999999992103682
"elk-115","lognormal",TRUE,"M21",184,1,0.999987675845892
"elk-115","lognormal",TRUE,"M21",185,2,0.981010822739482
"elk-115","lognormal",TRUE,"M21",186,2,0.999943515157504
"elk-115","lognormal",TRUE,"M21",187,2,0.999973156499922
"elk-115","lognormal",TRUE,"M21",188,2,0.999974246375385
"elk-115","lognormal",TRUE,"M21",189,2,0.999989810397738
"elk-115","lognormal",TRUE,"M21",190,2,0.999990872123807
"elk-115","lognormal",TRUE,"M21",191,2,0.999996345282542
"elk-115","lognormal",TRUE,"M21",192,2,0.999992676686114
"elk-115","lognormal",TRUE,"M21",193,2,0.998027263365614
"elk-115","lognormal",TRUE,"H2",1,2,0.999999999999982
"elk-115","lognormal",TRUE,"H2",2,2,0.999999965049563
"elk-115","lognormal",TRUE,"H2",3,2,0.999969360874563
"elk-115","lognormal",TRUE,"H2",4,2,0.999994941435764
"elk-115","lognormal",TRUE,"H2",5,2,0.999215465958447
"elk-115","lognormal",TRUE,"H2",6,2,0.999999999997403
"elk-115","lognormal",TRUE,"H2",7,2,0.999998875275426
"elk-115","lognormal",TRUE,"H2",8,2,0.999991318633672
"elk-115","lognormal",TRUE,"H2",9,2,0.999991672609039
"elk-115","lognormal",TRUE,"H2",10,2,0.999999525014526
"elk-115","lognormal",TRUE,"H2",11,2,0.99999962204572
"elk-115","lognormal",TRUE,"H2",12,2,0.999999989602431
"elk-115","lognormal",TRUE,"H2",13,2,0.99999958852487
"elk-115","lognormal",TRUE,"H2",14,2,0.999998281347948
"elk-115","lognormal",TRUE,"H2",15,2,0.999999735492448
"elk-115","lognormal",TRUE,"H2",16,2,0.999999558046217
"elk-115","lognormal",TRUE,"H2",17,2,0.99999893978057
"elk-115","lognormal",TRUE,"H2",18,2,0.999999883207915
"elk-115","lognormal",TRUE,"H2",19,2,0.999999755798156
"elk-115","lognormal",TRUE,"H2",20,2,0.999997818797794
"elk-115","lognormal",TRUE,"H2",21,2,0.999988837193594
"elk-115","lognormal",TRUE,"H2",22,2,0.999999155941915
"elk-115","lognormal",TRUE,"H2",23,2,0.999968763589474
"elk-115","lognormal",TRUE,"H2",24,2,0.999996553157253
"elk-115","lognormal",TRUE,"H2",25,2,0.999995743652211
"elk-115","lognormal",TRUE,"H2",26,2,0.999999741134899
"elk-115","lognormal",TRUE,"H2",27,2,0.999942358846413
"elk-115","lognormal",TRUE,"H2",28,2,0.999998667067793
"elk-115","lognormal",TRUE,"H2",29,2,0.999970443348336
"elk-115","lognormal",TRUE,"H2",30,2,0.999999645210435
"elk-115","lognormal",TRUE,"H2",31,2,0.999996815190953
"elk-115","lognormal",TRUE,"H2",32,2,0.999999717083414
"elk-115","lognormal",TRUE,"H2",33,2,0.999999784245679
"elk-115","lognormal",TRUE,"H2",34,2,0.999999970469548
"elk-115","lognormal",TRUE,"H2",35,2,0.999999947301676
"elk-115","lognormal",TRUE,"H2",36,2,0.999939714764904
"elk-115","lognormal",TRUE,"H2",37,2,0.999989514442696
"elk-115","lognormal",TRUE,"H2",38,2,0.999985978147799
"elk-115","lognormal",TRUE,"H2",39,2,0.967256680164721
"elk-115","lognormal",TRUE,"H2",40,2,0.999994332006231
"elk-115","lognormal",TRUE,"H2",41,2,0.99999873237225
"elk-115","lognormal",TRUE,"H2",42,2,0.991402273798536
"elk-115","lognormal",TRUE,"H2",43,2,0.999998105362325
"elk-115","lognormal",TRUE,"H2",44,2,0.999979714951413
"elk-115","lognormal",TRUE,"H2",45,2,0.999999690485625
"elk-115","lognormal",TRUE,"H2",46,2,0.999999973646714
"elk-115","lognormal",TRUE,"H2",47,2,0.998387530058124
"elk-115","lognormal",TRUE,"H2",48,2,0.999997833695578
"elk-115","lognormal",TRUE,"H2",49,2,0.999999758452496
"elk-115","lognormal",TRUE,"H2",50,2,0.99999249703145
"elk-115","lognormal",TRUE,"H2",51,2,0.999977768196133
"elk-115","lognormal",TRUE,"H2",52,2,0.99999990373644
"elk-115","lognormal",TRUE,"H2",53,2,0.999456175153211
"elk-115","lognormal",TRUE,"H2",54,2,0.998824153928357
"elk-115","lognormal",TRUE,"H2",55,2,0.99995582935864
"elk-115","lognormal",TRUE,"H2",56,2,0.99980723150593
"elk-115","lognormal",TRUE,"H2",57,2,0.999999149798649
"elk-115","lognormal",TRUE,"H2",58,2,0.999998021096314
"elk-115","lognormal",TRUE,"H2",59,2,0.999901748195621
"elk-115","lognormal",TRUE,"H2",60,2,0.999708458662943
"elk-115","lognormal",TRUE,"H2",61,2,0.999957001472916
"elk-115","lognormal",TRUE,"H2",62,2,0.999999991051272
"elk-115","lognormal",TRUE,"H2",63,2,0.999999996839895
"elk-115","lognormal",TRUE,"H2",64,2,0.998243036491768
"elk-115","lognormal",TRUE,"H2",65,2,0.999993836847724
"elk-115","lognormal",TRUE,"H2",66,2,0.99999999725797
"elk-115","lognormal",TRUE,"H2",67,2,0.999999926874687
"elk-115","lognormal",TRUE,"H2",68,2,0.999998532923173
"elk-115","lognormal",TRUE,"H2",69,2,0.908112902251472
"elk-115","lognormal",TRUE,"H2",70,2,0.999678709871429
"elk-115","lognormal",TRUE,"H2",71,2,0.999999999958835
"elk-115","lognormal",TRUE,"H2",72,2,0.999999999980445
"elk-115","lognormal",TRUE,"H2",73,2,0.99999670571906
"elk-115","lognormal",TRUE,"H2",74,2,0.999999201141712
"elk-115","lognormal",TRUE,"H2",75,2,0.999947366444665
"elk-115","lognormal",TRUE,"H2",76,2,0.997598339599962
"elk-115","lognormal",TRUE,"H2",77,1,0.726770178839799
"elk-115","lognormal",TRUE,"H2",78,1,0.990884719520902
"elk-115","lognormal",TRUE,"H2",79,1,0.999926617565847
"elk-115","lognormal",TRUE,"H2",80,1,0.999657158252612
"elk-115","lognormal",TRUE,"H2",81,1,0.992455830818893
"elk-115","lognormal",TRUE,"H2",82,2,0.999997788621682
"elk-115","lognormal",TRUE,"H2",83,2,0.99999999999405
"elk-115","lognormal",TRUE,"H2",84,2,0.999999796845852
"elk-115","lognormal",TRUE,"H2",85,2,0.996215952514837
"elk-115","lognormal",TRUE,"H2",86,2,0.999999508992389
"elk-115","lognormal",TRUE,"H2",87,2,0.99999986126749
"elk-115","lognormal",TRUE,"H2",88,2,0.999999898833971
"elk-115","lognormal",TRUE,"H2",89,2,0.999999987630856
"elk-115","lognormal",TRUE,"H2",90,2,0.999996739773138
"elk-115","lognormal",TRUE,"H2",91,2,0.999999985477359
"elk-115","lognormal",TRUE,"H2",92,2,0.999999998957427
"elk-115","lognormal",TRUE,"H2",93,2,0.999998811531866
"elk-115","lognormal",TRUE,"H2",94,2,0.998327488382652
"elk-115","lognormal",TRUE,"H2",95,2,0.999998847414691
"elk-115","lognormal",TRUE,"H2",96,2,0.999999998324121
"elk-115","lognormal",TRUE,"H2",97,2,0.999999381874959
"elk-115","lognormal",TRUE,"H2",98,2,0.999998819694635
"elk-115","lognormal",TRUE,"H2",99,2,0.999999994612801
"elk-115","lognormal",TRUE,"H2",100,2,0.973656004180811
"elk-115","lognormal",TRUE,"H2",101,2,0.999999999993081
"elk-115","lognormal",TRUE,"H2",102,2,0.999427994137967
"elk-115","lognormal",TRUE,"H2",103,2,0.999999412224454
"elk-115","lognormal",TRUE,"H2",104,1,0.588012811595118
"elk-115","lognormal",TRUE,"H2",105,1,0.910294628063128
"elk-115","lognormal",TRUE,"H2",106,1,0.991634090165184
"elk-115","lognormal",TRUE,"H2",107,2,0.999056981127869
"elk-115","lognormal",TRUE,"H2",108,2,0.999894192795511
"elk-115","lognormal",TRUE,"H2",109,2,0.999933764971761
"elk-115","lognormal",TRUE,"H2",110,2,0.998837470748593
"elk-115","lognormal",TRUE,"H2",111,2,0.99988862959247
"elk-115","lognormal",TRUE,"H2",112,2,0.999999960954445
"elk-115","lognormal",TRUE,"H2",113,2,0.999434573679662
"elk-115","lognormal",TRUE,"H2",114,2,0.99999999966323
"elk-115","lognormal",TRUE,"H2",115,2,0.999999990224833
"elk-115","lognormal",TRUE,"H2",116,2,0.999999999635829
"elk-115","lognormal",TRUE,"H2",117,2,0.999999999994238
"elk-115","lognormal",TRUE,"H2",118,2,0.999924529924965
"elk-115","lognormal",TRUE,"H2",119,2,0.999998631262564
"elk-115","lognormal",TRUE,"H2",120,2,0.999999989771214
"elk-115","lognormal",TRUE,"H2",121,2,0.999999999006518
"elk-115","lognormal",TRUE,"H2",122,2,0.999999839440834
"elk-115","lognormal",TRUE,"H2",123,2,0.999999897478068
"elk-115","lognormal",TRUE,"H2",124,2,0.999999993700649
"elk-115","lognormal",TRUE,"H2",125,2,0.999999141840361
"elk-115","lognormal",TRUE,"H2",126,2,0.976576683457404
"elk-115","lognormal",TRUE,"H2",127,2,0.999999999785811
"elk-115","lognormal",TRUE,"H2",128,2,0.999999999815316
"elk-115","lognormal",TRUE,"H2",129,2,0.999999999981272
"elk-115","lognormal",TRUE,"H2",130,2,0.999999999434224
"elk-115","lognormal",TRUE,"H2",131,2,0.999999999272781
"elk-115","lognormal",TRUE,"H2",132,2,0.999999999631292
"elk-115","lognormal",TRUE,"H2",133,2,0.999999999983342
"elk-115","lognormal",TRUE,"H2",134,2,0.999961426872773
"elk-115","lognormal",TRUE,"H2",135,2,0.999964445498055
"elk-115","lognormal",TRUE,"H2",136,2,0.9999992854899
"elk-115","lognormal",TRUE,"H2",137,2,0.999999992847514
"elk-115","lognormal",TRUE,"H2",138,2,0.999999999318188
"elk-115","lognormal",TRUE,"H2",139,2,0.999999647295277
"elk-115","lognormal",TRUE,"H2",140,2,0.9999982059984
"elk-115","lognormal",TRUE,"H2",141,2,0.999937242684671
"elk-115","lognormal",TRUE,"H2",142,2,0.999738799490868
"elk-115","lognormal",TRUE,"H2",143,2,0.999999885402647
"elk-115","lognormal",TRUE,"H2",144,2,0.99999808991711
"elk-115","lognormal",TRUE,"H2",145,2,0.64972916976024
"elk-115","lognormal",TRUE,"H2",146,2,0.999952640370514
"elk-115","lognormal",TRUE,"H2",147,2,0.999997688038664
"elk-115","lognormal",TRUE,"H2",148,2,0.999873303622504
"elk-115","lognormal",TRUE,"H2",149,2,0.999995217826926
"elk-115","lognormal",TRUE,"H2",150,2,0.999874629458055
"elk-115","lognormal",TRUE,"H2",151,2,0.999949088652432
"elk-115","lognormal",TRUE,"H2",152,2,0.999999961882858
"elk-115","lognormal",TRUE,"H2",153,2,0.999999978555269
"elk-115","lognormal",TRUE,"H2",154,2,0.999986599417725
"elk-115","lognormal",TRUE,"H2",155,2,0.99999618803176
"elk-115","lognormal",TRUE,"H2",156,2,0.999995353146256
"elk-115","lognormal",TRUE,"H2",157,2,0.999705866265039
"elk-115","lognormal",TRUE,"H2",158,2,0.999998368935793
"elk-115","lognormal",TRUE,"H2",159,2,0.999999903508793
"elk-115","lognormal",TRUE,"H2",160,2,0.99999998835943
"elk-115","lognormal",TRUE,"H2",161,2,0.999999687758663
"elk-115","lognormal",TRUE,"H2",162,2,0.999999329692006
"elk-115","lognormal",TRUE,"H2",163,2,0.999999932217004
"elk-115","lognormal",TRUE,"H2",164,2,0.999997908351255
"elk-115","lognormal",TRUE,"H2",165,2,0.999999317797543
"elk-115","lognormal",TRUE,"H2",166,2,0.999993759909409
"elk-115","lognormal",TRUE,"H2",167,2,0.999953614684148
"elk-115","lognormal",TRUE,"H2",168,2,0.99934186748356
"elk-115","lognormal",TRUE,"H2",169,2,0.999999728211466
"elk-115","lognormal",TRUE,"H2",170,2,0.999999796783978
"elk-115","lognormal",TRUE,"H2",171,2,0.999999689377172
"elk-115","lognormal",TRUE,"H2",172,2,0.99901826730383
"elk-115","lognormal",TRUE,"H2",173,2,0.999999377006334
"elk-115","lognormal",TRUE,"H2",174,2,0.999998413399108
"elk-115","lognormal",TRUE,"H2",175,2,0.999999944809595
"elk-115","lognormal",TRUE,"H2",176,2,0.999999986034652
"elk-115","lognormal",TRUE,"H2",177,2,0.999999943649801
"elk-115","lognormal",TRUE,"H2",178,2,0.999994636520269
"elk-115","lognormal",TRUE,"H2",179,2,0.999999753847468
"elk-115","lognormal",TRUE,"H2",180,2,0.999991806670815
"elk-115","lognormal",TRUE,"H2",181,2,0.999999976409307
"elk-115","lognormal",TRUE,"H2",182,2,0.999999949645517
"elk-115","lognormal",TRUE,"H2",183,2,0.999999955326068
"elk-115","lognormal",TRUE,"H2",184,2,0.999971734255775
"elk-115","lognormal",TRUE,"H2",185,1,0.995855587739922
"elk-115","lognormal",TRUE,"H2",186,1,0.999998191893447
"elk-115","lognormal",TRUE,"H2",187,1,0.999975543063922
"elk-115","lognormal",TRUE,"H2",188,1,0.999980129613746
"elk-115","lognormal",TRUE,"H2",189,1,0.999998973558636
"elk-115","lognormal",TRUE,"H2",190,1,0.999998778798486
"elk-115","lognormal",TRUE,"H2",191,1,0.999998580036615
"elk-115","lognormal",TRUE,"H2",192,1,0.999998904175583
"elk-115","lognormal",TRUE,"H2",193,1,0.998797612404823
"elk-115","lognormal",TRUE,"H3",1,1,0.99999793208459
"elk-115","lognormal",TRUE,"H3",2,3,0.791836181215634
"elk-115","lognormal",TRUE,"H3",3,3,0.996689414547617
"elk-115","lognormal",TRUE,"H3",4,3,0.949285273224404
"elk-115","lognormal",TRUE,"H3",5,2,0.927223882705588
"elk-115","lognormal",TRUE,"H3",6,1,0.925744734332609
"elk-115","lognormal",TRUE,"H3",7,3,0.999908031931268
"elk-115","lognormal",TRUE,"H3",8,3,0.999590804144409
"elk-115","lognormal",TRUE,"H3",9,3,0.999583472911862
"elk-115","lognormal",TRUE,"H3",10,3,0.999893776548061
"elk-115","lognormal",TRUE,"H3",11,3,0.99987904938785
"elk-115","lognormal",TRUE,"H3",12,3,0.999938943355398
"elk-115","lognormal",TRUE,"H3",13,3,0.999873759243421
"elk-115","lognormal",TRUE,"H3",14,3,0.999386120730025
"elk-115","lognormal",TRUE,"H3",15,3,0.999665741683756
"elk-115","lognormal",TRUE,"H3",16,3,0.999897032341127
"elk-115","lognormal",TRUE,"H3",17,3,0.999795479188978
"elk-115","lognormal",TRUE,"H3",18,3,0.999920414489564
"elk-115","lognormal",TRUE,"H3",19,3,0.999917489246998
"elk-115","lognormal",TRUE,"H3",20,3,0.999680370843364
"elk-115","lognormal",TRUE,"H3",21,3,0.998302042595195
"elk-115","lognormal",TRUE,"H3",22,3,0.99957826645525
"elk-115","lognormal",TRUE,"H3",23,3,0.996941757240619
"elk-115","lognormal",TRUE,"H3",24,3,0.999693288959872
"elk-115","lognormal",TRUE,"H3",25,3,0.999420096414902
"elk-115","lognormal",TRUE,"H3",26,3,0.99975869467538
"elk-115","lognormal",TRUE,"H3",27,3,0.997832113946476
"elk-115","lognormal",TRUE,"H3",28,3,0.999373751960175
"elk-115","lognormal",TRUE,"H3",29,3,0.999010292057972
"elk-115","lognormal",TRUE,"H3",30,3,0.999679889938741
"elk-115","lognormal",TRUE,"H3",31,3,0.999113027126357
"elk-115","lognormal",TRUE,"H3",32,3,0.999802296553534
"elk-115","lognormal",TRUE,"H3",33,3,0.99986852104341
"elk-115","lognormal",TRUE,"H3",34,3,0.999944226496451
"elk-115","lognormal",TRUE,"H3",35,3,0.9999372390623
"elk-115","lognormal",TRUE,"H3",36,3,0.99585850238911
"elk-115","lognormal",TRUE,"H3",37,3,0.999151804971291
"elk-115","lognormal",TRUE,"H3",38,3,0.99370621176304
"elk-115","lognormal",TRUE,"H3",39,2,0.539639210637608
"elk-115","lognormal",TRUE,"H3",40,3,0.995493160529655
"elk-115","lognormal",TRUE,"H3",41,3,0.998844929213957
"elk-115","lognormal",TRUE,"H3",42,3,0.899183644934863
"elk-115","lognormal",TRUE,"H3",43,3,0.996479946917962
"elk-115","lognormal",TRUE,"H3",44,3,0.997902261147586
"elk-115","lognormal",TRUE,"H3",45,3,0.999623023004407
"elk-115","lognormal",TRUE,"H3",46,3,0.999839538764224
"elk-115","lognormal",TRUE,"H3",47,3,0.957081677312603
"elk-115","lognormal",TRUE,"H3",48,3,0.999329457910381
"elk-115","lognormal",TRUE,"H3",49,3,0.999846040708431
"elk-115","lognormal",TRUE,"H3",50,3,0.999145262666461
"elk-115","lognormal",TRUE,"H3",51,3,0.997447184178963
"elk-115","lognormal",TRUE,"H3",52,3,0.999768007708267
"elk-115","lognormal",TRUE,"H3",53,3,0.977565446018652
"elk-115","lognormal",TRUE,"H3",54,3,0.947963118222353
"elk-115","lognormal",TRUE,"H3",55,3,0.991737451127774
"elk-115","lognormal",TRUE,"H3",56,3,0.990924709048035
"elk-115","lognormal",TRUE,"H3",57,3,0.999448008166548
"elk-115","lognormal",TRUE,"H3",58,3,0.999512309850155
"elk-115","lognormal",TRUE,"H3",59,3,0.996616534688801
"elk-115","lognormal",TRUE,"H3",60,3,0.985058555205221
"elk-115","lognormal",TRUE,"H3",61,3,0.993657835690931
"elk-115","lognormal",TRUE,"H3",62,3,0.995234961836112
"elk-115","lognormal",TRUE,"H3",63,3,0.99861394688748
"elk-115","lognormal",TRUE,"H3",64,3,0.938803132418754
"elk-115","lognormal",TRUE,"H3",65,3,0.983712414604384
"elk-115","lognormal",TRUE,"H3",66,3,0.987849934250241
"elk-115","lognormal",TRUE,"H3",67,3,0.999851087550423
"elk-115","lognormal",TRUE,"H3",68,3,0.996548693655171
"elk-115","lognormal",TRUE,"H3",69,2,0.996581986412981
"elk-115","lognormal",TRUE,"H3",70,2,0.999587374305787
"elk-115","lognormal",TRUE,"H3",71,1,0.999686968568092
"elk-115","lognormal",TRUE,"H3",72,1,0.995717561699748
"elk-115","lognormal",TRUE,"H3",73,3,0.999950824136855
"elk-115","lognormal",TRUE,"H3",74,3,0.999597273898387
"elk-115","lognormal",TRUE,"H3",75,3,0.995999932238155
"elk-115","lognormal",TRUE,"H3",76,3,0.961995843592949
"elk-115","lognormal",TRUE,"H3",77,2,0.882288341370277
"elk-115","lognormal",TRUE,"H3",78,2,0.999615051466966
"elk-115","lognormal",TRUE,"H3",79,2,0.999988348060245
"elk-115","lognormal",TRUE,"H3",80,2,0.999919924089919
"elk-115","lognormal",TRUE,"H3",81,2,0.999990772592609
"elk-115","lognormal",TRUE,"H3",82,1,0.984586184217621
"elk-115","lognormal",TRUE,"H3",83,1,0.954435015528366
"elk-115","lognormal",TRUE,"H3",84,3,0.992805731638025
"elk-115","lognormal",TRUE,"H3",85,3,0.893628815568463
"elk-115","lognormal",TRUE,"H3",86,3,0.995767276841258
"elk-115","lognormal",TRUE,"H3",87,3,0.999902698579715
"elk-115","lognormal",TRUE,"H3",88,3,0.999743889304868
"elk-115","lognormal",TRUE,"H3",89,3,0.999943026085997
"elk-115","lognormal",TRUE,"H3",90,3,0.999112892239585
"elk-115","lognormal",TRUE,"H3",91,3,0.999757982947699
"elk-115","lognormal",TRUE,"H3",92,3,0.999862425601203
"elk-115","lognormal",TRUE,"H3",93,3,0.998356955152094
"elk-115","lognormal",TRUE,"H3",94,3,0.958076431674365
"elk-115","lognormal",TRUE,"H3",95,3,0.987399884582739
"elk-115","lognormal",TRUE,"H3",96,3,0.988055141399794
"elk-115","lognormal",TRUE,"H3",97,3,0.999881676449721
"elk-115","lognormal",TRUE,"H3",98,3,0.999827541420267
"elk-115","lognormal",TRUE,"H3",99,3,0.998440799314678
"elk-115","lognormal",TRUE,"H3",100,2,0.972172734465777
"elk-115","lognormal",TRUE,"H3",101,1,0.947850721958761
"elk-115","lognormal",TRUE,"H3",102,3,0.998941857198602
"elk-115","lognormal",TRUE,"H3",103,3,0.996211309993729
"elk-115","lognormal",TRUE,"H3",104,2,0.927977350003593
"elk-115","lognormal",TRUE,"H3",105,2,0.995239868009063
"elk-115","lognormal",TRUE,"H3",106,2,0.999995016066592
"elk-115","lognormal",TRUE,"H3",107,3,0.969001574200268
"elk-115","lognormal",TRUE,"H3",108,3,0.993287874653579
"elk-115","lognormal",TRUE,"H3",109,3,0.990039912102747
"elk-115","lognormal",TRUE,"H3",110,3,0.969163866759224
"elk-115","lognormal",TRUE,"H3",111,3,0.993743917779395
"elk-115","lognormal",TRUE,"H3",112,3,0.992754467124021
"elk-115","lognormal",TRUE,"H3",113,2,0.997899418406427
"elk-115","lognormal",TRUE,"H3",114,1,0.997965924929267
"elk-115","lognormal",TRUE,"H3",115,1,0.996522382777533
"elk-115","lognormal",TRUE,"H3",116,1,0.995406313022434
"elk-115","lognormal",TRUE,"H3",117,1,0.968937181098395
"elk-115","lognormal",TRUE,"H3",118,3,0.99993590010632
"elk-115","lognormal",TRUE,"H3",119,3,0.999188931823288
"elk-115","lognormal",TRUE,"H3",120,3,0.999140831577649
"elk-115","lognormal",TRUE,"H3",121,3,0.999578163600981
"elk-115","lognormal",TRUE,"H3",122,3,0.999846472942418
"elk-115","lognormal",TRUE,"H3",123,3,0.999928631842867
"elk-115","lognormal",TRUE,"H3",124,3,0.999948346529041
"elk-115","lognormal",TRUE,"H3",125,3,0.995261678040878
"elk-115","lognormal",TRUE,"H3",126,2,0.999994401532794
"elk-115","lognormal",TRUE,"H3",127,1,0.999975453701638
"elk-115","lognormal",TRUE,"H3",128,1,0.999999821278782
"elk-115","lognormal",TRUE,"H3",129,1,0.999994150272328
"elk-115","lognormal",TRUE,"H3",130,1,0.999903502801517
"elk-115","lognormal",TRUE,"H3",131,1,0.999231308622677
"elk-115","lognormal",TRUE,"H3",132,1,0.996281516976595
"elk-115","lognormal",TRUE,"H3",133,1,0.991307061234534
"elk-115","lognormal",TRUE,"H3",134,3,0.999975866653059
"elk-115","lognormal",TRUE,"H3",135,3,0.999026005882991
"elk-115","lognormal",TRUE,"H3",136,3,0.999083614410279
"elk-115","lognormal",TRUE,"H3",137,3,0.998979867841399
"elk-115","lognormal",TRUE,"H3",138,3,0.999417595889778
"elk-115","lognormal",TRUE,"H3",139,3,0.999825398444307
"elk-115","lognormal",TRUE,"H3",140,3,0.999480502679926
"elk-115","lognormal",TRUE,"H3",141,3,0.993529163967695
"elk-115","lognormal",TRUE,"H3",142,3,0.983344591638843
"elk-115","lognormal",TRUE,"H3",143,3,0.997815135090489
"elk-115","lognormal",TRUE,"H3",144,3,0.997441625566248
"elk-115","lognormal",TRUE,"H3",145,2,0.956665552367408
"elk-115","lognormal",TRUE,"H3",146,3,0.992395967989001
"elk-115","lognormal",TRUE,"H3",147,3,0.999609831324552
"elk-115","lognormal",TRUE,"H3",148,3,0.995156882455053
"elk-115","lognormal",TRUE,"H3",149,3,0.999412630383535
"elk-115","lognormal",TRUE,"H3",150,3,0.995752395820146
"elk-115","lognormal",TRUE,"H3",151,3,0.997366975803438
"elk-115","lognormal",TRUE,"H3",152,3,0.999729287086888
"elk-115","lognormal",TRUE,"H3",153,3,0.999951968078912
"elk-115","lognormal",TRUE,"H3",154,3,0.999481575543831
"elk-115","lognormal",TRUE,"H3",155,3,0.999510862838309
"elk-115","lognormal",TRUE,"H3",156,3,0.999405210504359
"elk-115","lognormal",TRUE,"H3",157,3,0.986694200038789
"elk-115","lognormal",TRUE,"H3",158,3,0.998844748462806
"elk-115","lognormal",TRUE,"H3",159,3,0.999847455827654
"elk-115","lognormal",TRUE,"H3",160,3,0.999952177594554
"elk-115","lognormal",TRUE,"H3",161,3,0.999892846342474
"elk-115","lognormal",TRUE,"H3",162,3,0.999857519962159
"elk-115","lognormal",TRUE,"H3",163,3,0.999797052583715
"elk-115","lognormal",TRUE,"H3",164,3,0.999318728959224
"elk-115","lognormal",TRUE,"H3",165,3,0.999866929526597
"elk-115","lognormal",TRUE,"H3",166,3,0.999616447484209
"elk-115","lognormal",TRUE,"H3",167,3,0.997756760670363
"elk-115","lognormal",TRUE,"H3",168,3,0.982779344501045
"elk-115","lognormal",TRUE,"H3",169,3,0.999559374160212
"elk-115","lognormal",TRUE,"H3",170,3,0.999921426941339
"elk-115","lognormal",TRUE,"H3",171,3,0.999760608227505
"elk-115","lognormal",TRUE,"H3",172,3,0.975936050113551
"elk-115","lognormal",TRUE,"H3",173,3,0.999049868326875
"elk-115","lognormal",TRUE,"H3",174,3,0.999783224609478
"elk-115","lognormal",TRUE,"H3",175,3,0.999767027666447
"elk-115","lognormal",TRUE,"H3",176,3,0.999913487274796
"elk-115","lognormal",TRUE,"H3",177,3,0.99994336386447
"elk-115","lognormal",TRUE,"H3",178,3,0.998893510420667
"elk-115","lognormal",TRUE,"H3",179,3,0.999830542527078
"elk-115","lognormal",TRUE,"H3",180,3,0.999549339359396
"elk-115","lognormal",TRUE,"H3",181,3,0.999887024306871
"elk-115","lognormal",TRUE,"H3",182,3,0.999948061216818
"elk-115","lognormal",TRUE,"H3",183,3,0.999937349611265
"elk-115","lognormal",TRUE,"H3",184,3,0.995024577449065
"elk-115","lognormal",TRUE,"H3",185,2,0.999766881976989
"elk-115","lognormal",TRUE,"H3",186,2,0.999999979494556
"elk-115","lognormal",TRUE,"H3",187,2,0.999986289610227
"elk-115","lognormal",TRUE,"H3",188,2,0.999989460954394
"elk-115","lognormal",TRUE,"H3",189,2,0.999999980192336
"elk-115","lognormal",TRUE,"H3",190,2,0.999999973833364
"elk-115","lognormal",TRUE,"H3",191,2,0.999999916761813
"elk-115","lognormal",TRUE,"H3",192,2,0.999999967142565
"elk-115","lognormal",TRUE,"H3",193,2,0.999910440389282
"elk-163","lognormal",TRUE,"M21",1,2,1
"elk-163","lognormal",TRUE,"M21",2,2,0.999999077067438
"elk-163","lognormal",TRUE,"M21",3,2,0.999335637042574
"elk-163","lognormal",TRUE,"M21",4,2,0.996101965249949
"elk-163","lognormal",TRUE,"M21",5,2,0.999981851613615
"elk-163","lognormal",TRUE,"M21",6,2,0.999999667164687
"elk-163","lognormal",TRUE,"M21",7,2,0.999694441875236
"elk-163","lognormal",TRUE,"M21",8,2,1
"elk-163","lognormal",TRUE,"M21",9,2,0.999999999630285
"elk-163","lognormal",TRUE,"M21",10,2,1
"elk-163","lognormal",TRUE,"M21",11,2,0.999999815660948
"elk-163","lognormal",TRUE,"M21",12,2,0.999918215442794
"elk-163","lognormal",TRUE,"M21",13,2,0.99760991087785
"elk-163","lognormal",TRUE,"M21",14,2,1
"elk-163","lognormal",TRUE,"M21",15,2,0.966048610139962
"elk-163","lognormal",TRUE,"M21",16,2,0.960840066580551
"elk-163","lognormal",TRUE,"M21",17,2,0.964313157756232
"elk-163","lognormal",TRUE,"M21",18,2,0.977594292140467
"elk-163","lognormal",TRUE,"M21",19,2,0.981106175307622
"elk-163","lognormal",TRUE,"M21",20,2,0.987366961830359
"elk-163","lognormal",TRUE,"M21",21,2,0.999999821645121
"elk-163","lognormal",TRUE,"M21",22,2,0.997578100093479
"elk-163","lognormal",TRUE,"M21",23,2,1
"elk-163","lognormal",TRUE,"M21",24,2,0.999999999999933
"elk-163","lognormal",TRUE,"M21",25,2,0.999991909098604
"elk-163","lognormal",TRUE,"M21",26,2,0.999324364915747
"elk-163","lognormal",TRUE,"M21",27,2,0.996749798359127
"elk-163","lognormal",TRUE,"M21",28,2,0.99999999999908
"elk-163","lognormal",TRUE,"M21",29,2,0.999986759257553
"elk-163","lognormal",TRUE,"M21",30,2,0.999999999855766
"elk-163","lognormal",TRUE,"M21",31,2,0.999999999998286
"elk-163","lognormal",TRUE,"M21",32,2,1
"elk-163","lognormal",TRUE,"M21",33,2,1
"elk-163","lognormal",TRUE,"M21",34,2,0.996501623822969
"elk-163","lognormal",TRUE,"M21",35,2,0.999879495620614
"elk-163","lognormal",TRUE,"M21",36,2,0.999883428745187
"elk-163","lognormal",TRUE,"M21",37,2,0.99770946683227
"elk-163","lognormal",TRUE,"M21",38,2,0.999999999943711
"elk-163","lognormal",TRUE,"M21",39,2,0.945750565960664
"elk-163","lognormal",TRUE,"M21",40,2,0.937278675136322
"elk-163","lognormal",TRUE,"M21",41,2,0.965558470502911
"elk-163","lognormal",TRUE,"M21",42,2,0.999999999988921
"elk-163","lognormal",TRUE,"M21",43,2,0.999999999995163
"elk-163","lognormal",TRUE,"M21",44,2,0.991905268329736
"elk-163","lognormal",TRUE,"M21",45,2,0.989413815939334
"elk-163","lognormal",TRUE,"M21",46,2,1
"elk-163","lognormal",TRUE,"M21",47,2,1
"elk-163","lognormal",TRUE,"M21",48,2,0.990206458142755
"elk-163","lognormal",TRUE,"M21",49,2,0.991772302060839
"elk-163","lognormal",TRUE,"M21",50,2,0.999999999995366
"elk-163","lognormal",TRUE,"M21",51,2,0.533714006630514
"elk-163","lognormal",TRUE,"M21",52,2,0.533409832906727
"elk-163","lognormal",TRUE,"M21",53,2,0.515319050622755
"elk-163","lognormal",TRUE,"M21",54,2,0.5147700728424
"elk-163","lognormal",TRUE,"M21",55,2,0.688467644038123
"elk-163","lognormal",TRUE,"M21",56,2,0.775835708016624
"elk-163","lognormal",TRUE,"M21",57,2,0.825274716625983
"elk-163","lognormal",TRUE,"M21",58,2,0.89803539832913
"elk-163","lognormal",TRUE,"M21",59,2,0.95003333854749
"elk-163","lognormal",TRUE,"M21",60,2,0.983781372145516
"elk-163","lognormal",TRUE,"M21",61,2,0.986119337395058
"elk-163","lognormal",TRUE,"M21",62,2,0.993814342211054
"elk-163","lognormal",TRUE,"M21",63,2,0.988377897429789
"elk-163","lognormal",TRUE,"M21",64,2,0.999800457570973
"elk-163","lognormal",TRUE,"M21",65,2,0.999999999999864
"elk-163","lognormal",TRUE,"M21",66,2,0.995956720996268
"elk-163","lognormal",TRUE,"M21",67,2,1
"elk-163","lognormal",TRUE,"M21",68,2,1
"elk-163","lognormal",TRUE,"M21",69,1,0.595007990821057
"elk-163","lognormal",TRUE,"M21",70,1,0.677805005285896
"elk-163","lognormal",TRUE,"M21",71,1,0.862342246509012
"elk-163","lognormal",TRUE,"M21",72,1,0.920805003240465
"elk-163","lognormal",TRUE,"M21",73,1,0.965723185368241
"elk-163","lognormal",TRUE,"M21",74,1,0.985061980602053
"elk-163","lognormal",TRUE,"M21",75,1,0.994552077822893
"elk-163","lognormal",TRUE,"M21",76,1,0.996372852155714
"elk-163","lognormal",TRUE,"M21",77,1,0.996645201955465
"elk-163","lognormal",TRUE,"M21",78,1,0.998497622315445
"elk-163","lognormal",TRUE,"M21",79,1,0.998893543214733
"elk-163","lognormal",TRUE,"M21",80,1,0.997748964869341
"elk-163","lognormal",TRUE,"M21",81,1,0.99837028472918
"elk-163","lognormal",TRUE,"M21",82,1,0.997583632154257
"elk-163","lognormal",TRUE,"M21",83,1,0.997294614828429
"elk-163","lognormal",TRUE,"M21",84,1,0.993823598984525
"elk-163","lognormal",TRUE,"M21",85,1,0.990206718824148
"elk-163","lognormal",TRUE,"M21",86,1,0.972336248544522
"elk-163","lognormal",TRUE,"M21",87,1,0.951456307885945
"elk-163","lognormal",TRUE,"M21",88,1,0.890814556541626
"elk-163","lognormal",TRUE,"M21",89,1,0.750324345452789
"elk-163","lognormal",TRUE,"M21",90,2,0.999998792957299
"elk-163","lognormal",TRUE,"M21",91,2,0.989369068132626
"elk-163","lognormal",TRUE,"M21",92,2,0.985723238551203
"elk-163","lognormal",TRUE,"M21",93,2,0.975556754276888
"elk-163","lognormal",TRUE,"M21",94,2,0.999999871991257
"elk-163","lognormal",TRUE,"M21",95,2,0.993211659429273
"elk-163","lognormal",TRUE,"M21",96,2,0.999997177279961
"elk-163","lognormal",TRUE,"M21",97,2,0.998814661035657
"elk-163","lognormal",TRUE,"M21",98,2,0.999999999998659
"elk-163","lognormal",TRUE,"M21",99,2,0.99988612383319
"elk-163","lognormal",TRUE,"M21",100,2,0.997453154662812
"elk-163","lognormal",TRUE,"M21",101,2,0.995358894727911
"elk-163","lognormal",TRUE,"M21",102,2,0.999999999855081
"elk-163","lognormal",TRUE,"M21",103,2,0.994976168310282
"elk-163","lognormal",TRUE,"M21",104,2,0.982907073989492
"elk-163","lognormal",TRUE,"M21",105,2,0.972835666914306
"elk-163","lognormal",TRUE,"M21",106,2,0.999965948611719
"elk-163","lognormal",TRUE,"M21",107,2,0.995293519004202
"elk-163","lognormal",TRUE,"M21",108,2,0.999972411343476
"elk-163","lognormal",TRUE,"M21",109,2,0.997113148889057
"elk-163","lognormal",TRUE,"M21",110,2,0.994922335342576
"elk-163","lognormal",TRUE,"M21",111,2,0.999999988771538
"elk-163","lognormal",TRUE,"M21",112,2,0.999996878209362
"elk-163","lognormal",TRUE,"M21",113,2,0.988004028789021
"elk-163","lognormal",TRUE,"M21",114,2,0.992409260204518
"elk-163","lognormal",TRUE,"M21",115,2,0.999999999999999
"elk-163","lognormal",TRUE,"M21",116,1,0.751533686713849
"elk-163","lognormal",TRUE,"M21",117,1,0.902906639357658
"elk-163","lognormal",TRUE,"M21",118,1,0.927644714406915
"elk-163","lognormal",TRUE,"M21",119,1,0.942556009653209
"elk-163","lognormal",TRUE,"M21",120,1,0.982355471200503
"elk-163","lognormal",TRUE,"M21",121,1,0.992544791101088
"elk-163","lognormal",TRUE,"M21",122,1,0.99745467907949
"elk-163","lognormal",TRUE,"M21",123,1,0.9981197565362
"elk-163","lognormal",TRUE,"M21",124,1,0.998617407062753
"elk-163","lognormal",TRUE,"M21",125,1,0.99823516361061
"elk-163","lognormal",TRUE,"M21",126,1,0.997439161805982
"elk-163","lognormal",TRUE,"M21",127,1,0.995228476852143
"elk-163","lognormal",TRUE,"M21",128,1,0.991773305410852
"elk-163","lognormal",TRUE,"M21",129,1,0.989274169591303
"elk-163","lognormal",TRUE,"M21",130,1,0.996140211172202
"elk-163","lognormal",TRUE,"M21",131,1,0.998054938208934
"elk-163","lognormal",TRUE,"M21",132,1,0.99788394851448
"elk-163","lognormal",TRUE,"M21",133,1,0.992767142363359
"elk-163","lognormal",TRUE,"M21",134,1,0.98144202462694
"elk-163","lognormal",TRUE,"M21",135,1,0.95805711351153
"elk-163","lognormal",TRUE,"M21",136,1,0.932703302261116
"elk-163","lognormal",TRUE,"M21",137,1,0.919229273866604
"elk-163","lognormal",TRUE,"M21",138,1,0.862636985998221
"elk-163","lognormal",TRUE,"M21",139,1,0.840914552788689
"elk-163","lognormal",TRUE,"M21",140,1,0.723240003803222
"elk-163","lognormal",TRUE,"M21",141,1,0.657705403872278
"elk-163","lognormal",TRUE,"M21",142,1,0.529017463616208
"elk-163","lognormal",TRUE,"M21",143,1,0.51741932268948
"elk-163","lognormal",TRUE,"M21",144,2,0.720840822949483
"elk-163","lognormal",TRUE,"M21",145,2,0.800604410741117
"elk-163","lognormal",TRUE,"M21",146,2,0.992506348096109
"elk-163","lognormal",TRUE,"M21",147,2,0.999540609220146
"elk-163","lognormal",TRUE,"M21",148,2,0.999949476277374
"elk-163","lognormal",TRUE,"M21",149,2,0.999999958968938
"elk-163","lognormal",TRUE,"M21",150,2,0.935263951738207
"elk-163","lognormal",TRUE,"M21",151,2,0.9156909058324
"elk-163","lognormal",TRUE,"M21",152,2,0.92007702238962
"elk-163","lognormal",TRUE,"M21",153,2,0.953529345343246
"elk-163","lognormal",TRUE,"M21",154,2,0.970353445935508
"elk-163","lognormal",TRUE,"M21",155,2,0.995538442857936
"elk-163","lognormal",TRUE,"M21",156,2,0.998168728496172
"elk-163","lognormal",TRUE,"M21",157,2,0.99918870592618
"elk-163","lognormal",TRUE,"M21",158,2,0.964220613803568
"elk-163","lognormal",TRUE,"H2",1,1,0.999999999968694
"elk-163","lognormal",TRUE,"H2",2,1,0.999879818818506
"elk-163","lognormal",TRUE,"H2",3,1,0.99767530539517
"elk-163","lognormal",TRUE,"H2",4,1,0.993378006058404
"elk-163","lognormal",TRUE,"H2",5,1,0.999504690105952
"elk-163","lognormal",TRUE,"H2",6,1,0.999929596026404
"elk-163","lognormal",TRUE,"H2",7,1,0.99920682762569
"elk-163","lognormal",TRUE,"H2",8,1,0.999999997181069
"elk-163","lognormal",TRUE,"H2",9,1,0.999996500283553
"elk-163","lognormal",TRUE,"H2",10,1,0.999999994494499
"elk-163","lognormal",TRUE,"H2",11,1,0.999956404013323
"elk-163","lognormal",TRUE,"H2",12,1,0.999153652934096
"elk-163","lognormal",TRUE,"H2",13,1,0.993824894164373
"elk-163","lognormal",TRUE,"H2",14,1,0.999999806827829
"elk-163","lognormal",TRUE,"H2",15,1,0.922547234003409
"elk-163","lognormal",TRUE,"H2",16,1,0.896304835484882
"elk-163","lognormal",TRUE,"H2",17,1,0.9090068692776
"elk-163","lognormal",TRUE,"H2",18,1,0.937229635214024
"elk-163","lognormal",TRUE,"H2",19,1,0.951630778598737
"elk-163","lognormal",TRUE,"H2",20,1,0.968801743315987
"elk-163","lognormal",TRUE,"H2",21,1,0.999726131579678
"elk-163","lognormal",TRUE,"H2",22,1,0.998266515245175
"elk-163","lognormal",TRUE,"H2",23,1,0.999999999530562
"elk-163","lognormal",TRUE,"H2",24,1,0.999999729622941
"elk-163","lognormal",TRUE,"H2",25,1,0.999741143348572
"elk-163","lognormal",TRUE,"H2",26,1,0.997936851539449
"elk-163","lognormal",TRUE,"H2",27,1,0.994443625329851
"elk-163","lognormal",TRUE,"H2",28,1,0.999998924758084
"elk-163","lognormal",TRUE,"H2",29,1,0.999830243815632
"elk-163","lognormal",TRUE,"H2",30,1,0.999997336287451
"elk-163","lognormal",TRUE,"H2",31,1,0.999999287826039
"elk-163","lognormal",TRUE,"H2",32,1,0.999999997342731
"elk-163","lognormal",TRUE,"H2",33,1,0.999999896495572
"elk-163","lognormal",TRUE,"H2",34,1,0.991814416088561
"elk-163","lognormal",TRUE,"H2",35,1,0.99876594301654
"elk-163","lognormal",TRUE,"H2",36,1,0.999136262291856
"elk-163","lognormal",TRUE,"H2",37,1,0.997174357717469
"elk-163","lognormal",TRUE,"H2",38,1,0.999987439188238
"elk-163","lognormal",TRUE,"H2",39,1,0.966440104795001
"elk-163","lognormal",TRUE,"H2",40,1,0.958371394444735
"elk-163","lognormal",TRUE,"H2",41,1,0.974360422186039
"elk-163","lognormal",TRUE,"H2",42,1,0.999995840764565
"elk-163","lognormal",TRUE,"H2",43,1,0.99999340142537
"elk-163","lognormal",TRUE,"H2",44,1,0.971555221809435
"elk-163","lognormal",TRUE,"H2",45,1,0.968929010587863
"elk-163","lognormal",TRUE,"H2",46,1,0.99999987322086
"elk-163","lognormal",TRUE,"H2",47,1,0.999999958453454
"elk-163","lognormal",TRUE,"H2",48,1,0.987474730861599
"elk-163","lognormal",TRUE,"H2",49,1,0.985989544097133
"elk-163","lognormal",TRUE,"H2",50,1,0.999948539230149
"elk-163","lognormal",TRUE,"H2",51,1,0.706418411878424
"elk-163","lognormal",TRUE,"H2",52,1,0.594392261717528
"elk-163","lognormal",TRUE,"H2",53,1,0.575376020559892
"elk-163","lognormal",TRUE,"H2",54,1,0.607586125399255
"elk-163","lognormal",TRUE,"H2",55,1,0.74682714945901
"elk-163","lognormal",TRUE,"H2",56,1,0.823906504252313
"elk-163","lognormal",TRUE,"H2",57,1,0.873173251519535
"elk-163","lognormal",TRUE,"H2",58,1,0.926546344259971
"elk-163","lognormal",TRUE,"H2",59,1,0.966923822143265
"elk-163","lognormal",TRUE,"H2",60,1,0.9844130870872
"elk-163","lognormal",TRUE,"H2",61,1,0.985711676255228
"elk-163","lognormal",TRUE,"H2",62,1,0.993338935812685
"elk-163","lognormal",TRUE,"H2",63,1,0.99208267612853
"elk-163","lognormal",TRUE,"H2",64,1,0.999413881372686
"elk-163","lognormal",TRUE,"H2",65,1,0.999999136484881
"elk-163","lognormal",TRUE,"H2",66,1,0.992643854993493
"elk-163","lognormal",TRUE,"H2",67,1,0.999999942474233
"elk-163","lognormal",TRUE,"H2",68,1,0.999999354697459
"elk-163","lognormal",TRUE,"H2",69,2,0.671238140584446
"elk-163","lognormal",TRUE,"H2",70,2,0.875850882474272
"elk-163","lognormal",TRUE,"H2",71,2,0.93690573505491
"elk-163","lognormal",TRUE,"H2",72,2,0.974228700745446
"elk-163","lognormal",TRUE,"H2",73,2,0.987381785041737
"elk-163","lognormal",TRUE,"H2",74,2,0.994738444812265
"elk-163","lognormal",TRUE,"H2",75,2,0.99690604367769
"elk-163","lognormal",TRUE,"H2",76,2,0.996745611781835
"elk-163","lognormal",TRUE,"H2",77,2,0.994459780204511
"elk-163","lognormal",TRUE,"H2",78,2,0.993038850932644
"elk-163","lognormal",TRUE,"H2",79,2,0.992308639733738
"elk-163","lognormal",TRUE,"H2",80,2,0.987831307310033
"elk-163","lognormal",TRUE,"H2",81,2,0.992405321780821
"elk-163","lognormal",TRUE,"H2",82,2,0.992935716194641
"elk-163","lognormal",TRUE,"H2",83,2,0.992713605925374
"elk-163","lognormal",TRUE,"H2",84,2,0.988592668719073
"elk-163","lognormal",TRUE,"H2",85,2,0.987979677890946
"elk-163","lognormal",TRUE,"H2",86,2,0.97885672405428
"elk-163","lognormal",TRUE,"H2",87,2,0.950107079962801
"elk-163","lognormal",TRUE,"H2",88,2,0.847672387377355
"elk-163","lognormal",TRUE,"H2",89,2,0.568593984855794
"elk-163","lognormal",TRUE,"H2",90,1,0.993336559617868
"elk-163","lognormal",TRUE,"H2",91,1,0.978035598881986
"elk-163","lognormal",TRUE,"H2",92,1,0.981965440583284
"elk-163","lognormal",TRUE,"H2",93,1,0.980517468470105
"elk-163","lognormal",TRUE,"H2",94,1,0.999861366330128
"elk-163","lognormal",TRUE,"H2",95,1,0.995194639777129
"elk-163","lognormal",TRUE,"H2",96,1,0.999769999677152
"elk-163","lognormal",TRUE,"H2",97,1,0.998148664444056
"elk-163","lognormal",TRUE,"H2",98,1,0.999998975844823
"elk-163","lognormal",TRUE,"H2",99,1,0.999083963476593
"elk-163","lognormal",TRUE,"H2",100,1,0.993913029898156
"elk-163","lognormal",TRUE,"H2",101,1,0.988703002107314
"elk-163","lognormal",TRUE,"H2",102,1,0.999985173174986
"elk-163","lognormal",TRUE,"H2",103,1,0.996673302564566
"elk-163","lognormal",TRUE,"H2",104,1,0.991230514662833
"elk-163","lognormal",TRUE,"H2",105,1,0.986169018636904
"elk-163","lognormal",TRUE,"H2",106,1,0.998907130789085
"elk-163","lognormal",TRUE,"H2",107,1,0.991642926250329
"elk-163","lognormal",TRUE,"H2",108,1,0.99909070328394
"elk-163","lognormal",TRUE,"H2",109,1,0.996110263399405
"elk-163","lognormal",TRUE,"H2",110,1,0.994675328659755
"elk-163","lognormal",TRUE,"H2",111,1,0.999974511137701
"elk-163","lognormal",TRUE,"H2",112,1,0.999635253861255
"elk-163","lognormal",TRUE,"H2",113,1,0.983412651329504
"elk-163","lognormal",TRUE,"H2",114,1,0.991837452586632
"elk-163","lognormal",TRUE,"H2",115,1,0.999994703551306
"elk-163","lognormal",TRUE,"H2",116,2,0.655607996565638
"elk-163","lognormal",TRUE,"H2",117,2,0.86537556423288
"elk-163","lognormal",TRUE,"H2",118,2,0.927119163354824
"elk-163","lognormal",TRUE,"H2",119,2,0.938527456876865
"elk-163","lognormal",TRUE,"H2",120,2,0.96710010327999
"elk-163","lognormal",TRUE,"H2",121,2,0.98627641237102
"elk-163","lognormal",TRUE,"H2",122,2,0.993457033611403
"elk-163","lognormal",TRUE,"H2",123,2,0.996026488459937
"elk-163","lognormal",TRUE,"H2",124,2,0.996835228333707
"elk-163","lognormal",TRUE,"H2",125,2,0.997717303536166
"elk-163","lognormal",TRUE,"H2",126,2,0.997216499215045
"elk-163","lognormal",TRUE,"H2",127,2,0.994116040971256
"elk-163","lognormal",TRUE,"H2",128,2,0.98857275155361
"elk-163","lognormal",TRUE,"H2",129,2,0.976522874642903
"elk-163","lognormal",TRUE,"H2",130,2,0.979785704211353
"elk-163","lognormal",TRUE,"H2",131,2,0.984441022999556
"elk-163","lognormal",TRUE,"H2",132,2,0.985293639605833
"elk-163","lognormal",TRUE,"H2",133,2,0.977746880537724
"elk-163","lognormal",TRUE,"H2",134,2,0.957051474487668
"elk-163","lognormal",TRUE,"H2",135,2,0.873675296935916
"elk-163","lognormal",TRUE,"H2",136,2,0.798358855262045
"elk-163","lognormal",TRUE,"H2",137,2,0.763660387651312
"elk-163","lognormal",TRUE,"H2",138,2,0.605278754269621
"elk-163","lognormal",TRUE,"H2",139,2,0.520735099196863
"elk-163","lognormal",TRUE,"H2",140,1,0.641468153899591
"elk-163","lognormal",TRUE,"H2",141,1,0.734558734017794
"elk-163","lognormal",TRUE,"H2",142,1,0.81281226159244
"elk-163","lognormal",TRUE,"H2",143,1,0.848035651597131
"elk-163","lognormal",TRUE,"H2",144,1,0.911343699525794
"elk-163","lognormal",TRUE,"H2",145,1,0.928039701370531
"elk-163","lognormal",TRUE,"H2",146,1,0.990818507872993
"elk-163","lognormal",TRUE,"H2",147,1,0.998152386847716
"elk-163","lognormal",TRUE,"H2",148,1,0.999322547382752
"elk-163","lognormal",TRUE,"H2",149,1,0.999009122392079
"elk-163","lognormal",TRUE,"H2",150,1,0.607148063457134
"elk-163","lognormal",TRUE,"H2",151,1,0.507440119308263
"elk-163","lognormal",TRUE,"H2",152,1,0.509380896810589
"elk-163","lognormal",TRUE,"H2",153,1,0.585130506029415
"elk-163","lognormal",TRUE,"H2",154,1,0.670124511277766
"elk-163","lognormal",TRUE,"H2",155,1,0.873772130479821
"elk-163","lognormal",TRUE,"H2",156,1,0.931455579441061
"elk-163","lognormal",TRUE,"H2",157,1,0.947630869198553
"elk-163","lognormal",TRUE,"H2",158,1,0.886142447332757
"elk-163","lognormal",TRUE,"H3",1,2,0.999999954889763
"elk-163","lognormal",TRUE,"H3",2,2,0.999999999496582
"elk-163","lognormal",TRUE,"H3",3,2,0.999999989395182
"elk-163","lognormal",TRUE,"H3",4,2,0.99999996126237
"elk-163","lognormal",TRUE,"H3",5,2,0.999999997841738
"elk-163","lognormal",TRUE,"H3",6,2,0.999999999769557
"elk-163","lognormal",TRUE,"H3",7,2,0.999999996452006
"elk-163","lognormal",TRUE,"H3",8,2,0.877823965803275
"elk-163","lognormal",TRUE,"H3",9,2,0.999998927046721
"elk-163","lognormal",TRUE,"H3",10,3,0.800380108312289
"elk-163","lognormal",TRUE,"H3",11,2,0.999547582412048
"elk-163","lognormal",TRUE,"H3",12,2,0.99995245873678
"elk-163","lognormal",TRUE,"H3",13,2,0.999974697617387
"elk-163","lognormal",TRUE,"H3",14,2,0.5009749977001
"elk-163","lognormal",TRUE,"H3",15,2,0.723595005450701
"elk-163","lognormal",TRUE,"H3",16,2,0.748825707402809
"elk-163","lognormal",TRUE,"H3",17,2,0.823574097575563
"elk-163","lognormal",TRUE,"H3",18,2,0.904672027603845
"elk-163","lognormal",TRUE,"H3",19,2,0.941612848848723
"elk-163","lognormal",TRUE,"H3",20,2,0.967488213184039
"elk-163","lognormal",TRUE,"H3",21,2,0.99987628235978
"elk-163","lognormal",TRUE,"H3",22,2,0.999959894211108
"elk-163","lognormal",TRUE,"H3",23,2,0.99705987153344
"elk-163","lognormal",TRUE,"H3",24,2,0.999955714392536
"elk-163","lognormal",TRUE,"H3",25,2,0.999999856218795
"elk-163","lognormal",TRUE,"H3",26,2,0.999999929241919
"elk-163","lognormal",TRUE,"H3",27,2,0.999999919260891
"elk-163","lognormal",TRUE,"H3",28,2,0.999998817639367
"elk-163","lognormal",TRUE,"H3",29,2,0.999999995248549
"elk-163","lognormal",TRUE,"H3",30,2,0.999999999990226
"elk-163","lognormal",TRUE,"H3",31,2,0.999999539671768
"elk-163","lognormal",TRUE,"H3",32,3,0.9525153751505
"elk-163","lognormal",TRUE,"H3",33,3,0.875254032676477
"elk-163","lognormal",TRUE,"H3",34,2,0.858410097589277
"elk-163","lognormal",TRUE,"H3",35,2,0.987931392176021
"elk-163","lognormal",TRUE,"H3",36,2,0.998497927181094
"elk-163","lognormal",TRUE,"H3",37,2,0.999286921397819
"elk-163","lognormal",TRUE,"H3",38,2,0.999998622499
"elk-163","lognormal",TRUE,"H3",39,2,0.999998992234396
"elk-163","lognormal",TRUE,"H3",40,2,0.999999114028687
"elk-163","lognormal",TRUE,"H3",41,2,0.999999502283803
"elk-163","lognormal",TRUE,"H3",42,2,0.999999466149827
"elk-163","lognormal",TRUE,"H3",43,2,0.999999798341297
"elk-163","lognormal",TRUE,"H3",44,2,0.999999886629069
"elk-163","lognormal",TRUE,"H3",45,2,0.999999963199774
"elk-163","lognormal",TRUE,"H3",46,3,0.877149218936352
"elk-163","lognormal",TRUE,"H3",47,3,0.833042532834939
"elk-163","lognormal",TRUE,"H3",48,2,0.810929154885129
"elk-163","lognormal",TRUE,"H3",49,2,0.872251828538934
"elk-163","lognormal",TRUE,"H3",50,2,0.951973130533759
"elk-163","lognormal",TRUE,"H3",51,2,0.957358478702657
"elk-163","lognormal",TRUE,"H3",52,2,0.95811550943299
"elk-163","lognormal",TRUE,"H3",53,2,0.960036056155967
"elk-163","lognormal",TRUE,"H3",54,2,0.965368679826244
"elk-163","lognormal",TRUE,"H3",55,2,0.980106055889769
"elk-163","lognormal",TRUE,"H3",56,2,0.988243191442117
"elk-163","lognormal",TRUE,"H3",57,2,0.993039690441405
"elk-163","lognormal",TRUE,"H3",58,2,0.996331252674481
"elk-163","lognormal",TRUE,"H3",59,2,0.998679374973763
"elk-163","lognormal",TRUE,"H3",60,2,0.999506308001748
"elk-163","lognormal",TRUE,"H3",61,2,0.999704820766516
"elk-163","lognormal",TRUE,"H3",62,2,0.999928261678643
"elk-163","lognormal",TRUE,"H3",63,2,0.999961741802683
"elk-163","lognormal",TRUE,"H3",64,2,0.999998480412825
"elk-163","lognormal",TRUE,"H3",65,2,0.999966047494571
"elk-163","lognormal",TRUE,"H3",66,2,0.999999391211253
"elk-163","lognormal",TRUE,"H3",67,3,0.87707106273433
"elk-163","lognormal",TRUE,"H3",68,3,0.999999908383627
"elk-163","lognormal",TRUE,"H3",69,1,0.999998599308976
"elk-163","lognormal",TRUE,"H3",70,1,0.999998462484977
"elk-163","lognormal",TRUE,"H3",71,1,0.999997733026205
"elk-163","lognormal",TRUE,"H3",72,1,0.999996541883566
"elk-163","lognormal",TRUE,"H3",73,1,0.999992978541303
"elk-163","lognormal",TRUE,"H3",74,1,0.99998556041256
"elk-163","lognormal",TRUE,"H3",75,1,0.999966094974374
"elk-163","lognormal",TRUE,"H3",76,1,0.999907625184005
"elk-163","lognormal",TRUE,"H3",77,1,0.999754396263303
"elk-163","lognormal",TRUE,"H3",78,1,0.999518677890905
"elk-163","lognormal",TRUE,"H3",79,1,0.999201335736348
"elk-163","lognormal",TRUE,"H3",80,1,0.998493401051166
"elk-163","lognormal",TRUE,"H3",81,1,0.998089646914485
"elk-163","lognormal",TRUE,"H3",82,1,0.997056187006853
"elk-163","lognormal",TRUE,"H3",83,1,0.995435933859622
"elk-163","lognormal",TRUE,"H3",84,1,0.991397886707811
"elk-163","lognormal",TRUE,"H3",85,1,0.986644515072843
"elk-163","lognormal",TRUE,"H3",86,1,0.973694565285395
"elk-163","lognormal",TRUE,"H3",87,1,0.934398133781232
"elk-163","lognormal",TRUE,"H3",88,1,0.819449117547985
"elk-163","lognormal",TRUE,"H3",89,1,0.508425951818087
"elk-163","lognormal",TRUE,"H3",90,2,0.99758207279957
"elk-163","lognormal",TRUE,"H3",91,2,0.997914835525888
"elk-163","lognormal",TRUE,"H3",92,2,0.998758912165692
"elk-163","lognormal",TRUE,"H3",93,2,0.999144754678713
"elk-163","lognormal",TRUE,"H3",94,2,0.999997783645492
"elk-163","lognormal",TRUE,"H3",95,2,0.999998697656084
"elk-163","lognormal",TRUE,"H3",96,2,0.999999976953036
"elk-163","lognormal",TRUE,"H3",97,2,0.999999978948018
"elk-163","lognormal",TRUE,"H3",98,2,0.999999939995606
"elk-163","lognormal",TRUE,"H3",99,2,0.999999992858706
"elk-163","lognormal",TRUE,"H3",100,2,0.999999951908441
"elk-163","lognormal",TRUE,"H3",101,2,0.999999906275883
"elk-163","lognormal",TRUE,"H3",102,2,0.999999999952974
"elk-163","lognormal",TRUE,"H3",103,2,0.999999980029616
"elk-163","lognormal",TRUE,"H3",104,2,0.999999947131505
"elk-163","lognormal",TRUE,"H3",105,2,0.999999912895526
"elk-163","lognormal",TRUE,"H3",106,2,0.999999995758947
"elk-163","lognormal",TRUE,"H3",107,2,0.999999943974337
"elk-163","lognormal",TRUE,"H3",108,2,0.999999995714171
"elk-163","lognormal",TRUE,"H3",109,2,0.999999975133181
"elk-163","lognormal",TRUE,"H3",110,2,0.999999969344298
"elk-163","lognormal",TRUE,"H3",111,2,0.99999999993426
"elk-163","lognormal",TRUE,"H3",112,2,0.999999999139401
"elk-163","lognormal",TRUE,"H3",113,2,0.999999930939656
"elk-163","lognormal",TRUE,"H3",114,2,0.999999999903701
"elk-163","lognormal",TRUE,"H3",115,3,0.99998876394896
"elk-163","lognormal",TRUE,"H3",116,1,0.999985595131474
"elk-163","lognormal",TRUE,"H3",117,1,0.999985347508272
"elk-163","lognormal",TRUE,"H3",118,1,0.999983632594884
"elk-163","lognormal",TRUE,"H3",119,1,0.999977434934448
"elk-163","lognormal",TRUE,"H3",120,1,0.999973769267228
"elk-163","lognormal",TRUE,"H3",121,1,0.999968264033186
"elk-163","lognormal",TRUE,"H3",122,1,0.999956296270105
"elk-163","lognormal",TRUE,"H3",123,1,0.99992507192904
"elk-163","lognormal",TRUE,"H3",124,1,0.999846878750777
"elk-163","lognormal",TRUE,"H3",125,1,0.99970482419236
"elk-163","lognormal",TRUE,"H3",126,1,0.999287375382932
"elk-163","lognormal",TRUE,"H3",127,1,0.99807912381095
"elk-163","lognormal",TRUE,"H3",128,1,0.99506897007932
"elk-163","lognormal",TRUE,"H3",129,1,0.987560916074342
"elk-163","lognormal",TRUE,"H3",130,1,0.983612401087738
"elk-163","lognormal",TRUE,"H3",131,1,0.979557131482522
"elk-163","lognormal",TRUE,"H3",132,1,0.972142496174863
"elk-163","lognormal",TRUE,"H3",133,1,0.953405746910757
"elk-163","lognormal",TRUE,"H3",134,1,0.906021472373051
"elk-163","lognormal",TRUE,"H3",135,1,0.760941791714265
"elk-163","lognormal",TRUE,"H3",136,1,0.620547755825813
"elk-163","lognormal",TRUE,"H3",137,1,0.56313946893786
"elk-163","lognormal",TRUE,"H3",138,2,0.612800480440573
"elk-163","lognormal",TRUE,"H3",139,2,0.710229352330712
"elk-163","lognormal",TRUE,"H3",140,2,0.85070931906194
"elk-163","lognormal",TRUE,"H3",141,2,0.908738728703077
"elk-163","lognormal",TRUE,"H3",142,2,0.944287439949941
"elk-163","lognormal",TRUE,"H3",143,2,0.961391491080112
"elk-163","lognormal",TRUE,"H3",144,2,0.981467066304145
"elk-163","lognormal",TRUE,"H3",145,2,0.986457222115775
"elk-163","lognormal",TRUE,"H3",146,2,0.99874156586733
"elk-163","lognormal",TRUE,"H3",147,2,0.999843298292434
"elk-163","lognormal",TRUE,"H3",148,2,0.999988294851802
"elk-163","lognormal",TRUE,"H3",149,2,0.999998769860027
"elk-163","lognormal",TRUE,"H3",150,2,0.999995919266423
"elk-163","lognormal",TRUE,"H3",151,2,0.999995097326821
"elk-163","lognormal",TRUE,"H3",152,2,0.999995263167705
"elk-163","lognormal",TRUE,"H3",153,2,0.999996255147602
"elk-163","lognormal",TRUE,"H3",154,2,0.999997063118565
"elk-163","lognormal",TRUE,"H3",155,2,0.999999229157446
"elk-163","lognormal",TRUE,"H3",156,2,0.99999967716351
"elk-163","lognormal",TRUE,"H3",157,2,0.999999750692267
"elk-163","lognormal",TRUE,"H3",158,2,0.999999034640072
"elk-287","lognormal",TRUE,"M21",1,1,0.999999997802188
"elk-287","lognormal",TRUE,"M21",2,1,0.999999769789464
"elk-287","lognormal",TRUE,"M21",3,1,0.999999727390668
"elk-287","lognormal",TRUE,"M21",4,1,0.999999867965049
"elk-287","lognormal",TRUE,"M21",5,1,0.99999999996478
"elk-287","lognormal",TRUE,"M21",6,1,0.999999999966511
"elk-287","lognormal",TRUE,"M21",7,1,0.999999999970843
"elk-287","lognormal",TRUE,"M21",8,1,0.999999999968022
"elk-287","lognormal",TRUE,"M21",9,1,0.99999999615476
"elk-287","lognormal",TRUE,"M21",10,1,0.999999999891235
"elk-287","lognormal",TRUE,"M21",11,1,0.999999936460976
"elk-287","lognormal",TRUE,"M21",12,1,0.999999773390664
"elk-287","lognormal",TRUE,"M21",13,1,0.999999180437025
"elk-287","lognormal",TRUE,"M21",14,1,0.99999932597067
"elk-287","lognormal",TRUE,"M21",15,1,0.999995889053132
"elk-287","lognormal",TRUE,"M21",16,1,0.999981184509314
"elk-287","lognormal",TRUE,"M21",17,1,0.999973102371881
"elk-287","lognormal",TRUE,"M21",18,1,0.999973224067272
"elk-287","lognormal",TRUE,"M21",19,1,0.999971408138691
"elk-287","lognormal",TRUE,"M21",20,1,0.999970851513076
"elk-287","lognormal",TRUE,"M21",21,1,0.999968266168397
"elk-287","lognormal",TRUE,"M21",22,1,0.999969543425479
"elk-287","lognormal",TRUE,"M21",23,1,0.999973013374082
"elk-287","lognormal",TRUE,"M21",24,1,0.999980792180484
"elk-287","lognormal",TRUE,"M21",25,1,0.999986405931157
"elk-287","lognormal",TRUE,"M21",26,1,0.999994597376663
"elk-287","lognormal",TRUE,"M21",27,1,0.999999979409172
"elk-287","lognormal",TRUE,"M21",28,1,0.999999893407038
"elk-287","lognormal",TRUE,"M21",29,1,0.999999999263
"elk-287","lognormal",TRUE,"M21",30,1,0.999999999998726
"elk-287","lognormal",TRUE,"M21",31,1,0.999999999927902
"elk-287","lognormal",TRUE,"M21",32,1,0.999999713884676
"elk-287","lognormal",TRUE,"M21",33,1,0.999999659125476
"elk-287","lognormal",TRUE,"M21",34,1,0.999999990200653
"elk-287","lognormal",TRUE,"M21",35,1,0.999999910618281
"elk-287","lognormal",TRUE,"M21",36,1,0.999999982059279
"elk-287","lognormal",TRUE,"M21",37,1,0.999999946691896
"elk-287","lognormal",TRUE,"M21",38,1,0.999999862032576
"elk-287","lognormal",TRUE,"M21",39,1,0.999999943704657
"elk-287","lognormal",TRUE,"M21",40,1,0.999999234892183
"elk-287","lognormal",TRUE,"M21",41,1,0.999999175599189
"elk-287","lognormal",TRUE,"M21",42,1,0.999999804976431
"elk-287","lognormal",TRUE,"M21",43,1,0.999999987011104
"elk-287","lognormal",TRUE,"M21",44,1,0.999999994385734
"elk-287","lognormal",TRUE,"M21",45,1,0.99999999569125
"elk-287","lognormal",TRUE,"M21",46,1,0.999999882912206
"elk-287","lognormal",TRUE,"M21",47,1,0.999999967140755
"elk-287","lognormal",TRUE,"M21",48,1,0.999999947688249
"elk-287","lognormal",TRUE,"M21",49,1,0.999999999544067
"elk-287","lognormal",TRUE,"M21",50,1,0.999999999999049
"elk-287","lognormal",TRUE,"M21",51,1,0.999999896195151
"elk-287","lognormal",TRUE,"M21",52,1,0.99999999900575
"elk-287","lognormal",TRUE,"M21",53,1,0.999999999986134
"elk-287","lognormal",TRUE,"M21",54,1,0.999999999936647
"elk-287","lognormal",TRUE,"M21",55,1,0.999999999355069
"elk-287","lognormal",TRUE,"M21",56,1,0.999999961579208
"elk-287","lognormal",TRUE,"M21",57,1,0.999999860598409
"elk-287","lognormal",TRUE,"M21",58,1,0.99999978957085
"elk-287","lognormal",TRUE,"M21",59,1,0.999999984424618
"elk-287","lognormal",TRUE,"M21",60,1,0.999999464994422
"elk-287","lognormal",TRUE,"M21",61,1,0.999999568357554
"elk-287","lognormal",TRUE,"M21",62,1,0.999999718210617
"elk-287","lognormal",TRUE,"M21",63,1,0.999999225468433
"elk-287","lognormal",TRUE,"M21",64,1,0.999998974319678
"elk-287","lognormal",TRUE,"M21",65,1,0.999998617240549
"elk-287","lognormal",TRUE,"M21",66,1,0.999997449564766
"elk-287","lognormal",TRUE,"M21",67,1,0.999997510251671
"elk-287","lognormal",TRUE,"M21",68,1,0.999998611141323
"elk-287","lognormal",TRUE,"M21",69,1,0.999999331605362
"elk-287","lognormal",TRUE,"M21",70,1,0.999999164006321
"elk-287","lognormal",TRUE,"M21",71,1,0.999999996992049
"elk-287","lognormal",TRUE,"M21",72,1,0.999999884836252
"elk-287","lognormal",TRUE,"M21",73,1,0.999999999961472
"elk-287","lognormal",TRUE,"M21",74,1,0.999999999961886
"elk-287","lognormal",TRUE,"M21",75,1,0.999999997045858
"elk-287","lognormal",TRUE,"M21",76,1,0.999999876672944
"elk-287","lognormal",TRUE,"M21",77,1,0.999999999819324
"elk-287","lognormal",TRUE,"M21",78,1,0.999999936293313
"elk-287","lognormal",TRUE,"M21",79,1,0.999999999884026
"elk-287","lognormal",TRUE,"M21",80,1,0.999999922054949
"elk-287","lognormal",TRUE,"M21",81,1,0.999999894353332
"elk-287","lognormal",TRUE,"M21",82,1,0.999999798664055
"elk-287","lognormal",TRUE,"M21",83,1,0.999999028961131
"elk-287","lognormal",TRUE,"M21",84,1,0.999997649062134
"elk-287","lognormal",TRUE,"M21",85,1,0.999996595161199
"elk-287","lognormal",TRUE,"M21",86,1,0.999997047528668
"elk-287","lognormal",TRUE,"M21",87,1,0.99999782001318
"elk-287","lognormal",TRUE,"M21",88,1,0.99999992065037
"elk-287","lognormal",TRUE,"M21",89,1,0.999999877847868
"elk-287","lognormal",TRUE,"M21",90,1,0.999340815401744
"elk-287","lognormal",TRUE,"M21",91,1,0.99868185179291
"elk-287","lognormal",TRUE,"M21",92,1,0.998025073548734
"elk-287","lognormal",TRUE,"M21",93,1,0.99789973371143
"elk-287","lognormal",TRUE,"M21",94,1,0.997771102397507
"elk-287","lognormal",TRUE,"M21",95,1,0.997691066500436
"elk-287","lognormal",TRUE,"M21",96,1,0.997570080353485
"elk-287","lognormal",TRUE,"M21",97,2,0.738559336812025
"elk-287","lognormal",TRUE,"M21",98,2,0.954360770487653
"elk-287","lognormal",TRUE,"M21",99,2,0.981776550876266
"elk-287","lognormal",TRUE,"M21",100,2,0.985016759974007
"elk-287","lognormal",TRUE,"M21",101,2,0.98636818535026
"elk-287","lognormal",TRUE,"M21",102,2,0.986813551305068
"elk-287","lognormal",TRUE,"M21",103,2,0.987545810109454
"elk-287","lognormal",TRUE,"M21",104,2,0.990775785368577
"elk-287","lognormal",TRUE,"M21",105,2,0.997184267589718
"elk-287","lognormal",TRUE,"M21",106,2,0.999022517791288
"elk-287","lognormal",TRUE,"M21",107,2,0.999676131108711
"elk-287","lognormal",TRUE,"M21",108,2,0.999958358538636
"elk-287","lognormal",TRUE,"M21",109,2,0.999994015831614
"elk-287","lognormal",TRUE,"M21",110,2,0.999998240771056
"elk-287","lognormal",TRUE,"M21",111,2,0.999999631350854
"elk-287","lognormal",TRUE,"M21",112,2,0.999999890684986
"elk-287","lognormal",TRUE,"M21",113,2,0.999999968954663
"elk-287","lognormal",TRUE,"M21",114,2,0.999999955851831
"elk-287","lognormal",TRUE,"M21",115,2,0.999999970418859
"elk-287","lognormal",TRUE,"M21",116,2,0.999999978244925
"elk-287","lognormal",TRUE,"M21",117,2,0.999999945707621
"elk-287","lognormal",TRUE,"M21",118,2,0.999999968908853
"elk-287","lognormal",TRUE,"M21",119,2,0.999999977657111
"elk-287","lognormal",TRUE,"M21",120,2,0.999999974161519
"elk-287","lognormal",TRUE,"M21",121,2,0.99999995712327
"elk-287","lognormal",TRUE,"M21",122,2,0.999999907060738
"elk-287","lognormal",TRUE,"M21",123,2,0.999999643871253
"elk-287","lognormal",TRUE,"M21",124,2,0.999999065976281
"elk-287","lognormal",TRUE,"M21",125,2,0.999999101243419
"elk-287","lognormal",TRUE,"M21",126,2,0.999999474242478
"elk-287","lognormal",TRUE,"M21",127,2,0.999999488938504
"elk-287","lognormal",TRUE,"M21",128,2,0.999999753117295
"elk-287","lognormal",TRUE,"M21",129,2,0.999999907069563
"elk-287","lognormal",TRUE,"M21",130,2,0.999999940566924
"elk-287","lognormal",TRUE,"M21",131,2,0.999999964651067
"elk-287","lognormal",TRUE,"M21",132,2,0.999999868959013
"elk-287","lognormal",TRUE,"M21",133,2,0.999999932205104
"elk-287","lognormal",TRUE,"M21",134,2,0.999999978384487
"elk-287","lognormal",TRUE,"M21",135,2,0.99999996290207
"elk-287","lognormal",TRUE,"M21",136,2,0.999999977652956
"elk-287","lognormal",TRUE,"M21",137,2,0.999999974843291
"elk-287","lognormal",TRUE,"M21",138,2,0.99999989966095
"elk-287","lognormal",TRUE,"M21",139,2,0.999999962931023
"elk-287","lognormal",TRUE,"M21",140,2,0.999999983437023
"elk-287","lognormal",TRUE,"M21",141,2,0.999999978600209
"elk-287","lognormal",TRUE,"M21",142,2,0.99999993462994
"elk-287","lognormal",TRUE,"M21",143,2,0.999999869033116
"elk-287","lognormal",TRUE,"M21",144,2,0.999999574986945
"elk-287","lognormal",TRUE,"M21",145,2,0.99999971484049
"elk-287","lognormal",TRUE,"M21",146,2,0.999999892674366
"elk-287","lognormal",TRUE,"M21",147,2,0.999999864276563
"elk-287","lognormal",TRUE,"M21",148,2,0.999999905208108
"elk-287","lognormal",TRUE,"M21",149,2,0.999999828444622
"elk-287","lognormal",TRUE,"M21",150,2,0.999999047636184
"elk-287","lognormal",TRUE,"M21",151,2,0.99999902992144
"elk-287","lognormal",TRUE,"M21",152,2,0.999999026150955
"elk-287","lognormal",TRUE,"M21",153,2,0.999998886986265
"elk-287","lognormal",TRUE,"M21",154,2,0.999999516286789
"elk-287","lognormal",TRUE,"M21",155,2,0.99999952791863
"elk-287","lognormal",TRUE,"M21",156,2,0.999999531317066
"elk-287","lognormal",TRUE,"M21",157,2,0.999999626676303
"elk-287","lognormal",TRUE,"M21",158,2,0.999999629059941
"elk-287","lognormal",TRUE,"M21",159,2,0.999999495647565
"elk-287","lognormal",TRUE,"M21",160,2,0.999999561278354
"elk-287","lognormal",TRUE,"M21",161,2,0.999998705021209
"elk-287","lognormal",TRUE,"M21",162,2,0.999997731801161
"elk-287","lognormal",TRUE,"M21",163,2,0.999989943718788
"elk-287","lognormal",TRUE,"H2",1,1,0.99999722045312
"elk-287","lognormal",TRUE,"H2",2,1,0.999921424341561
"elk-287","lognormal",TRUE,"H2",3,1,0.999999566124804
"elk-287","lognormal",TRUE,"H2",4,1,0.999999811937759
"elk-287","lognormal",TRUE,"H2",5,2,0.99725900067879
"elk-287","lognormal",TRUE,"H2",6,2,0.9998670981996
"elk-287","lognormal",TRUE,"H2",7,2,0.999798482453389
"elk-287","lognormal",TRUE,"H2",8,2,0.999890119952505
"elk-287","lognormal",TRUE,"H2",9,2,0.99509912983898
"elk-287","lognormal",TRUE,"H2",10,2,0.997746063774897
"elk-287","lognormal",TRUE,"H2",11,1,0.999980383263947
"elk-287","lognormal",TRUE,"H2",12,1,0.999999957284987
"elk-287","lognormal",TRUE,"H2",13,1,0.999980003782005
"elk-287","lognormal",TRUE,"H2",14,2,0.802151918484608
"elk-287","lognormal",TRUE,"H2",15,2,0.72171379988648
"elk-287","lognormal",TRUE,"H2",16,1,0.999192453640363
"elk-287","lognormal",TRUE,"H2",17,1,0.998511915037946
"elk-287","lognormal",TRUE,"H2",18,1,0.999999458538898
"elk-287","lognormal",TRUE,"H2",19,1,0.998616018560884
"elk-287","lognormal",TRUE,"H2",20,1,0.999997657788182
"elk-287","lognormal",TRUE,"H2",21,1,0.999995511809977
"elk-287","lognormal",TRUE,"H2",22,1,0.999987316451692
"elk-287","lognormal",TRUE,"H2",23,1,0.999998893914366
"elk-287","lognormal",TRUE,"H2",24,1,0.999999003990874
"elk-287","lognormal",TRUE,"H2",25,1,0.999985131104305
"elk-287","lognormal",TRUE,"H2",26,2,0.595183487010102
"elk-287","lognormal",TRUE,"H2",27,2,0.981293638589081
"elk-287","lognormal",TRUE,"H2",28,1,0.999981105301757
"elk-287","lognormal",TRUE,"H2",29,2,0.975431390588976
"elk-287","lognormal",TRUE,"H2",30,2,0.99997139558096
"elk-287","lognormal",TRUE,"H2",31,2,0.999089227577975
"elk-287","lognormal",TRUE,"H2",32,1,0.999934156863809
"elk-287","lognormal",TRUE,"H2",33,1,0.902355798573114
"elk-287","lognormal",TRUE,"H2",34,2,0.957781871567548
"elk-287","lognormal",TRUE,"H2",35,2,0.935234404404361
"elk-287","lognormal",TRUE,"H2",36,2,0.980851029651401
"elk-287","lognormal",TRUE,"H2",37,2,0.857896744978705
"elk-287","lognormal",TRUE,"H2",38,1,0.999987914624412
"elk-287","lognormal",TRUE,"H2",39,2,0.612541782196265
"elk-287","lognormal",TRUE,"H2",40,1,0.999955682489901
"elk-287","lognormal",TRUE,"H2",41,1,0.98794474371109
"elk-287","lognormal",TRUE,"H2",42,1,0.99999833083256
"elk-287","lognormal",TRUE,"H2",43,1,0.99999998722854
"elk-287","lognormal",TRUE,"H2",44,1,0.999999999977586
"elk-287","lognormal",TRUE,"H2",45,1,0.999999999850339
"elk-287","lognormal",TRUE,"H2",46,1,0.999998937206485
"elk-287","lognormal",TRUE,"H2",47,1,0.999999999715074
"elk-287","lognormal",TRUE,"H2",48,1,0.999997491544592
"elk-287","lognormal",TRUE,"H2",49,1,0.999999999789281
"elk-287","lognormal",TRUE,"H2",50,2,0.997803198290677
"elk-287","lognormal",TRUE,"H2",51,1,0.95152864622475
"elk-287","lognormal",TRUE,"H2",52,2,0.983572820659262
"elk-287","lognormal",TRUE,"H2",53,2,0.999914364204783
"elk-287","lognormal",TRUE,"H2",54,2,0.996312444340376
"elk-287","lognormal",TRUE,"H2",55,1,0.999999999972034
"elk-287","lognormal",TRUE,"H2",56,1,0.999999986433622
"elk-287","lognormal",TRUE,"H2",57,1,0.999993233719311
"elk-287","lognormal",TRUE,"H2",58,1,0.999999719733647
"elk-287","lognormal",TRUE,"H2",59,1,0.999999999998463
"elk-287","lognormal",TRUE,"H2",60,1,0.999986906223352
"elk-287","lognormal",TRUE,"H2",61,1,0.999999930167867
"elk-287","lognormal",TRUE,"H2",62,1,0.999999993924861
"elk-287","lognormal",TRUE,"H2",63,1,0.999869358663478
"elk-287","lognormal",TRUE,"H2",64,1,0.999999496490745
"elk-287","lognormal",TRUE,"H2",65,1,0.999999896656806
"elk-287","lognormal",TRUE,"H2",66,1,0.999978124127388
"elk-287","lognormal",TRUE,"H2",67,1,0.964754679010359
"elk-287","lognormal",TRUE,"H2",68,1,0.999984805099085
"elk-287","lognormal",TRUE,"H2",69,1,0.99999999251425
"elk-287","lognormal",TRUE,"H2",70,1,0.875592022516979
"elk-287","lognormal",TRUE,"H2",71,2,0.960140646082921
"elk-287","lognormal",TRUE,"H2",72,1,0.999941107866127
"elk-287","lognormal",TRUE,"H2",73,2,0.994813998085495
"elk-287","lognormal",TRUE,"H2",74,2,0.999721301198956
"elk-287","lognormal",TRUE,"H2",75,2,0.992370652571532
"elk-287","lognormal",TRUE,"H2",76,2,0.503622957885314
"elk-287","lognormal",TRUE,"H2",77,2,0.98854705837209
"elk-287","lognormal",TRUE,"H2",78,1,0.999186432195115
"elk-287","lognormal",TRUE,"H2",79,2,0.911365102822999
"elk-287","lognormal",TRUE,"H2",80,1,0.999685837816399
"elk-287","lognormal",TRUE,"H2",81,1,0.999999998892075
"elk-287","lognormal",TRUE,"H2",82,1,0.999999958317605
"elk-287","lognormal",TRUE,"H2",83,1,0.999999996127476
"elk-287","lognormal",TRUE,"H2",84,1,0.999963057857347
"elk-287","lognormal",TRUE,"H2",85,1,0.999986135784451
"elk-287","lognormal",TRUE,"H2",86,1,0.999995601824936
"elk-287","lognormal",TRUE,"H2",87,1,0.999994107384208
"elk-287","lognormal",TRUE,"H2",88,2,0.951829636349188
"elk-287","lognormal",TRUE,"H2",89,2,0.998652729701054
"elk-287","lognormal",TRUE,"H2",90,1,0.999999132745062
"elk-287","lognormal",TRUE,"H2",91,1,0.999998873099251
"elk-287","lognormal",TRUE,"H2",92,1,0.999979248429844
"elk-287","lognormal",TRUE,"H2",93,1,0.999702729679578
"elk-287","lognormal",TRUE,"H2",94,1,0.951127761302658
"elk-287","lognormal",TRUE,"H2",95,1,0.999999839271158
"elk-287","lognormal",TRUE,"H2",96,1,0.999999999999998
"elk-287","lognormal",TRUE,"H2",97,1,0.999952597813127
"elk-287","lognormal",TRUE,"H2",98,1,0.999371981108435
"elk-287","lognormal",TRUE,"H2",99,1,0.998664699813181
"elk-287","lognormal",TRUE,"H2",100,1,0.999964818781784
"elk-287","lognormal",TRUE,"H2",101,1,0.99999333833829
"elk-287","lognormal",TRUE,"H2",102,1,0.999999694774385
"elk-287","lognormal",TRUE,"H2",103,1,0.999999918382121
"elk-287","lognormal",TRUE,"H2",104,1,0.999999995963279
"elk-287","lognormal",TRUE,"H2",105,1,0.999996827462107
"elk-287","lognormal",TRUE,"H2",106,1,0.999985338470434
"elk-287","lognormal",TRUE,"H2",107,1,0.999994989807066
"elk-287","lognormal",TRUE,"H2",108,1,0.997162901603504
"elk-287","lognormal",TRUE,"H2",109,1,0.997969722649969
"elk-287","lognormal",TRUE,"H2",110,1,0.99998933426778
"elk-287","lognormal",TRUE,"H2",111,1,0.999981282597905
"elk-287","lognormal",TRUE,"H2",112,1,0.990360251039592
"elk-287","lognormal",TRUE,"H2",113,1,0.994869550602553
"elk-287","lognormal",TRUE,"H2",114,1,0.999935881774923
"elk-287","lognormal",TRUE,"H2",115,1,0.992270423012429
"elk-287","lognormal",TRUE,"H2",116,1,0.996947900922034
"elk-287","lognormal",TRUE,"H2",117,1,0.999783878074255
"elk-287","lognormal",TRUE,"H2",118,1,0.999939586575058
"elk-287","lognormal",TRUE,"H2",119,1,0.999982996147571
"elk-287","lognormal",TRUE,"H2",120,1,0.998063453065655
"elk-287","lognormal",TRUE,"H2",121,1,0.999948012760324
"elk-287","lognormal",TRUE,"H2",122,1,0.999899154301667
"elk-287","lognormal",TRUE,"H2",123,1,0.999539549236718
"elk-287","lognormal",TRUE,"H2",124,1,0.999998938798339
"elk-287","lognormal",TRUE,"H2",125,1,0.999999787924106
"elk-287","lognormal",TRUE,"H2",126,1,0.999737702599054
"elk-287","lognormal",TRUE,"H2",127,1,0.999954828829613
"elk-287","lognormal",TRUE,"H2",128,1,0.99969903381243
"elk-287","lognormal",TRUE,"H2",129,1,0.999983979043059
"elk-287","lognormal",TRUE,"H2",130,1,0.993071415077516
"elk-287","lognormal",TRUE,"H2",131,1,0.998737688233444
"elk-287","lognormal",TRUE,"H2",132,1,0.999999971697221
"elk-287","lognormal",TRUE,"H2",133,1,0.995796341215341
"elk-287","lognormal",TRUE,"H2",134,1,0.999377066355911
"elk-287","lognormal",TRUE,"H2",135,1,0.999253485803079
"elk-287","lognormal",TRUE,"H2",136,1,0.999294352517347
"elk-287","lognormal",TRUE,"H2",137,1,0.999087638432636
"elk-287","lognormal",TRUE,"H2",138,1,0.999997896331574
"elk-287","lognormal",TRUE,"H2",139,1,0.999752275920707
"elk-287","lognormal",TRUE,"H2",140,1,0.999530273297789
"elk-287","lognormal",TRUE,"H2",141,1,0.999918437544139
"elk-287","lognormal",TRUE,"H2",142,1,0.999164085456362
"elk-287","lognormal",TRUE,"H2",143,1,0.999898889348804
"elk-287","lognormal",TRUE,"H2",144,1,0.999999937137082
"elk-287","lognormal",TRUE,"H2",145,1,0.999994438211499
"elk-287","lognormal",TRUE,"H2",146,1,0.999952944139953
"elk-287","lognormal",TRUE,"H2",147,1,0.999975243366676
"elk-287","lognormal",TRUE,"H2",148,1,0.99950900184826
"elk-287","lognormal",TRUE,"H2",149,1,0.999664423588395
"elk-287","lognormal",TRUE,"H2",150,1,0.999999896196599
"elk-287","lognormal",TRUE,"H2",151,1,0.999982402127244
"elk-287","lognormal",TRUE,"H2",152,1,0.999739864173678
"elk-287","lognormal",TRUE,"H2",153,1,0.999999994562759
"elk-287","lognormal",TRUE,"H2",154,1,0.998945199993396
"elk-287","lognormal",TRUE,"H2",155,1,0.999999907053825
"elk-287","lognormal",TRUE,"H2",156,1,0.999929038415953
"elk-287","lognormal",TRUE,"H2",157,1,0.999999724664865
"elk-287","lognormal",TRUE,"H2",158,1,0.996105110269092
"elk-287","lognormal",TRUE,"H2",159,1,0.999976324275239
"elk-287","lognormal",TRUE,"H2",160,1,0.99937460747673
"elk-287","lognormal",TRUE,"H2",161,1,0.999969956866866
"elk-287","lognormal",TRUE,"H2",162,1,0.999161700842713
"elk-287","lognormal",TRUE,"H2",163,1,0.999999933926294
"elk-287","lognormal",TRUE,"H3",1,1,0.999990213544567
"elk-287","lognormal",TRUE,"H3",2,1,0.999632966904912
"elk-287","lognormal",TRUE,"H3",3,1,0.999997113632892
"elk-287","lognormal",TRUE,"H3",4,1,0.999998982086992
"elk-287","lognormal",TRUE,"H3",5,3,0.99969545240101
"elk-287","lognormal",TRUE,"H3",6,3,0.99992612042223
"elk-287","lognormal",TRUE,"H3",7,3,0.999912822961543
"elk-287","lognormal",TRUE,"H3",8,3,0.999932883294588
"elk-287","lognormal",TRUE,"H3",9,3,0.996479982686828
"elk-287","lognormal",TRUE,"H3",10,3,0.999484218100549
"elk-287","lognormal",TRUE,"H3",11,1,0.999981133631864
"elk-287","lognormal",TRUE,"H3",12,1,0.999999494621491
"elk-287","lognormal",TRUE,"H3",13,1,0.999932185874983
"elk-287","lognormal",TRUE,"H3",14,3,0.985585704287619
"elk-287","lognormal",TRUE,"H3",15,3,0.941956115138
"elk-287","lognormal",TRUE,"H3",16,1,0.998026264648294
"elk-287","lognormal",TRUE,"H3",17,1,0.983925921581854
"elk-287","lognormal",TRUE,"H3",18,1,0.999991552749918
"elk-287","lognormal",TRUE,"H3",19,1,0.994741963821447
"elk-287","lognormal",TRUE,"H3",20,1,0.999982691433861
"elk-287","lognormal",TRUE,"H3",21,1,0.999953715476982
"elk-287","lognormal",TRUE,"H3",22,1,0.999912295720216
"elk-287","lognormal",TRUE,"H3",23,1,0.999978414934489
"elk-287","lognormal",TRUE,"H3",24,1,0.999981033433303
"elk-287","lognormal",TRUE,"H3",25,1,0.99994150658169
"elk-287","lognormal",TRUE,"H3",26,3,0.861953300091445
"elk-287","lognormal",TRUE,"H3",27,3,0.998758913050613
"elk-287","lognormal",TRUE,"H3",28,1,0.999983815297935
"elk-287","lognormal",TRUE,"H3",29,3,0.997856873776916
"elk-287","lognormal",TRUE,"H3",30,3,0.999991715003004
"elk-287","lognormal",TRUE,"H3",31,3,0.999813268320475
"elk-287","lognormal",TRUE,"H3",32,1,0.999899364391994
"elk-287","lognormal",TRUE,"H3",33,1,0.793690346521396
"elk-287","lognormal",TRUE,"H3",34,3,0.994592618071474
"elk-287","lognormal",TRUE,"H3",35,3,0.936466995916971
"elk-287","lognormal",TRUE,"H3",36,3,0.994431351224089
"elk-287","lognormal",TRUE,"H3",37,3,0.943405374762684
"elk-287","lognormal",TRUE,"H3",38,1,0.999984257602478
"elk-287","lognormal",TRUE,"H3",39,3,0.951243045241989
"elk-287","lognormal",TRUE,"H3",40,1,0.99979813979149
"elk-287","lognormal",TRUE,"H3",41,1,0.894236278205886
"elk-287","lognormal",TRUE,"H3",42,1,0.999994689746219
"elk-287","lognormal",TRUE,"H3",43,1,0.999999971501614
"elk-287","lognormal",TRUE,"H3",44,1,0.999999999523687
"elk-287","lognormal",TRUE,"H3",45,1,0.999999999276024
"elk-287","lognormal",TRUE,"H3",46,1,0.999993894788722
"elk-287","lognormal",TRUE,"H3",47,1,0.999999996414159
"elk-287","lognormal",TRUE,"H3",48,1,0.999990750981869
"elk-287","lognormal",TRUE,"H3",49,1,0.999999997191824
"elk-287","lognormal",TRUE,"H3",50,3,0.999899527884398
"elk-287","lognormal",TRUE,"H3",51,1,0.971230372174106
"elk-287","lognormal",TRUE,"H3",52,3,0.996900131080522
"elk-287","lognormal",TRUE,"H3",53,3,0.999960753693166
"elk-287","lognormal",TRUE,"H3",54,3,0.999277680554754
"elk-287","lognormal",TRUE,"H3",55,1,0.999999999971078
"elk-287","lognormal",TRUE,"H3",56,1,0.999999947218036
"elk-287","lognormal",TRUE,"H3",57,1,0.999973645521207
"elk-287","lognormal",TRUE,"H3",58,1,0.999998100064489
"elk-287","lognormal",TRUE,"H3",59,1,0.999999998272379
"elk-287","lognormal",TRUE,"H3",60,1,0.999902717327402
"elk-287","lognormal",TRUE,"H3",61,1,0.99999951421163
"elk-287","lognormal",TRUE,"H3",62,1,0.999999861019491
"elk-287","lognormal",TRUE,"H3",63,1,0.999488430741127
"elk-287","lognormal",TRUE,"H3",64,1,0.99999689056412
"elk-287","lognormal",TRUE,"H3",65,1,0.999998290133056
"elk-287","lognormal",TRUE,"H3",66,1,0.999723044748305
"elk-287","lognormal",TRUE,"H3",67,1,0.605388490918115
"elk-287","lognormal",TRUE,"H3",68,1,0.999909010716983
"elk-287","lognormal",TRUE,"H3",69,1,0.999997207530599
"elk-287","lognormal",TRUE,"H3",70,1,0.602897777871114
"elk-287","lognormal",TRUE,"H3",71,3,0.997391579306373
"elk-287","lognormal",TRUE,"H3",72,1,0.99994930023958
"elk-287","lognormal",TRUE,"H3",73,3,0.999639520789854
"elk-287","lognormal",TRUE,"H3",74,3,0.999894785462782
"elk-287","lognormal",TRUE,"H3",75,3,0.996589171858056
"elk-287","lognormal",TRUE,"H3",76,1,0.641973405234734
"elk-287","lognormal",TRUE,"H3",77,3,0.99874184953144
"elk-287","lognormal",TRUE,"H3",78,1,0.999503195137823
"elk-287","lognormal",TRUE,"H3",79,3,0.997082968329269
"elk-287","lognormal",TRUE,"H3",80,1,0.999646345903049
"elk-287","lognormal",TRUE,"H3",81,1,0.999999948324198
"elk-287","lognormal",TRUE,"H3",82,1,0.99999965781865
"elk-287","lognormal",TRUE,"H3",83,1,0.999998583158007
"elk-287","lognormal",TRUE,"H3",84,1,0.999823430598221
"elk-287","lognormal",TRUE,"H3",85,1,0.999882750024445
"elk-287","lognormal",TRUE,"H3",86,1,0.999971085416385
"elk-287","lognormal",TRUE,"H3",87,1,0.99997645967908
"elk-287","lognormal",TRUE,"H3",88,3,0.993050923965867
"elk-287","lognormal",TRUE,"H3",89,3,0.999849766444428
"elk-287","lognormal",TRUE,"H3",90,1,0.999998030878957
"elk-287","lognormal",TRUE,"H3",91,1,0.99969163353879
"elk-287","lognormal",TRUE,"H3",92,1,0.999159617281533
"elk-287","lognormal",TRUE,"H3",93,1,0.998148673392985
"elk-287","lognormal",TRUE,"H3",94,1,0.786848481327328
"elk-287","lognormal",TRUE,"H3",95,1,0.999123447551124
"elk-287","lognormal",TRUE,"H3",96,1,0.99902492955908
"elk-287","lognormal",TRUE,"H3",97,2,0.683003570586012
"elk-287","lognormal",TRUE,"H3",98,2,0.916369433934047
"elk-287","lognormal",TRUE,"H3",99,2,0.950084419989295
"elk-287","lognormal",TRUE,"H3",100,2,0.954502169038843
"elk-287","lognormal",TRUE,"H3",101,2,0.95667367741804
"elk-287","lognormal",TRUE,"H3",102,2,0.957530767220234
"elk-287","lognormal",TRUE,"H3",103,2,0.959188296857337
"elk-287","lognormal",TRUE,"H3",104,2,0.967583921690425
"elk-287","lognormal",TRUE,"H3",105,2,0.988174336908497
"elk-287","lognormal",TRUE,"H3",106,2,0.995296528203837
"elk-287","lognormal",TRUE,"H3",107,2,0.998245541678424
"elk-287","lognormal",TRUE,"H3",108,2,0.999759874165227
"elk-287","lognormal",TRUE,"H3",109,2,0.99995997206773
"elk-287","lognormal",TRUE,"H3",110,2,0.999986497490026
"elk-287","lognormal",TRUE,"H3",111,2,0.999996942486602
"elk-287","lognormal",TRUE,"H3",112,2,0.99999930235694
"elk-287","lognormal",TRUE,"H3",113,2,0.99999986441332
"elk-287","lognormal",TRUE,"H3",114,2,0.999999942315638
"elk-287","lognormal",TRUE,"H3",115,2,0.999999982860554
"elk-287","lognormal",TRUE,"H3",116,2,0.999999990374426
"elk-287","lognormal",TRUE,"H3",117,2,0.999999989530642
"elk-287","lognormal",TRUE,"H3",118,2,0.999999995039962
"elk-287","lognormal",TRUE,"H3",119,2,0.999999996933528
"elk-287","lognormal",TRUE,"H3",120,2,0.99999999512979
"elk-287","lognormal",TRUE,"H3",121,2,0.999999992069192
"elk-287","lognormal",TRUE,"H3",122,2,0.999999983637947
"elk-287","lognormal",TRUE,"H3",123,2,0.999999939043308
"elk-287","lognormal",TRUE,"H3",124,2,0.999999864299844
"elk-287","lognormal",TRUE,"H3",125,2,0.999999867485995
"elk-287","lognormal",TRUE,"H3",126,2,0.999999915848139
"elk-287","lognormal",TRUE,"H3",127,2,0.99999992245068
"elk-287","lognormal",TRUE,"H3",128,2,0.999999961326154
"elk-287","lognormal",TRUE,"H3",129,2,0.999999984866749
"elk-287","lognormal",TRUE,"H3",130,2,0.999999988527546
"elk-287","lognormal",TRUE,"H3",131,2,0.999999989834419
"elk-287","lognormal",TRUE,"H3",132,2,0.999999980391342
"elk-287","lognormal",TRUE,"H3",133,2,0.999999990027285
"elk-287","lognormal",TRUE,"H3",134,2,0.99999999583712
"elk-287","lognormal",TRUE,"H3",135,2,0.999999995066589
"elk-287","lognormal",TRUE,"H3",136,2,0.999999996840557
"elk-287","lognormal",TRUE,"H3",137,2,0.999999995582111
"elk-287","lognormal",TRUE,"H3",138,2,0.999999987644009
"elk-287","lognormal",TRUE,"H3",139,2,0.999999995337797
"elk-287","lognormal",TRUE,"H3",140,2,0.999999997755355
"elk-287","lognormal",TRUE,"H3",141,2,0.99999999691846
"elk-287","lognormal",TRUE,"H3",142,2,0.999999988929362
"elk-287","lognormal",TRUE,"H3",143,2,0.999999978446205
"elk-287","lognormal",TRUE,"H3",144,2,0.999999942266876
"elk-287","lognormal",TRUE,"H3",145,2,0.999999958371886
"elk-287","lognormal",TRUE,"H3",146,2,0.999999980942075
"elk-287","lognormal",TRUE,"H3",147,2,0.999999977521223
"elk-287","lognormal",TRUE,"H3",148,2,0.999999979540694
"elk-287","lognormal",TRUE,"H3",149,2,0.99999995913824
"elk-287","lognormal",TRUE,"H3",150,2,0.999999837039952
"elk-287","lognormal",TRUE,"H3",151,2,0.999999828197862
"elk-287","lognormal",TRUE,"H3",152,2,0.999999822112316
"elk-287","lognormal",TRUE,"H3",153,2,0.999999803296521
"elk-287","lognormal",TRUE,"H3",154,2,0.999999891165966
"elk-287","lognormal",TRUE,"H3",155,2,0.999999894602809
"elk-287","lognormal",TRUE,"H3",156,2,0.999999901204601
"elk-287","lognormal",TRUE,"H3",157,2,0.999999920058963
"elk-287","lognormal",TRUE,"H3",158,2,0.999999908232369
"elk-287","lognormal",TRUE,"H3",159,2,0.999999896292981
"elk-287","lognormal",TRUE,"H3",160,2,0.999999909350852
"elk-287","lognormal",TRUE,"H3",161,2,0.999999828148366
"elk-287","lognormal",TRUE,"H3",162,2,0.999999684134184
"elk-287","lognormal",TRUE,"H3",163,2,0.999999104875326
"elk-363","lognormal",TRUE,"M21",1,2,0.999999999983483
"elk-363","lognormal",TRUE,"M21",2,2,0.999999976556505
"elk-363","lognormal",TRUE,"M21",3,2,0.999999943483096
"elk-363","lognormal",TRUE,"M21",4,2,0.995777073224129
"elk-363","lognormal",TRUE,"M21",5,2,0.999999654629256
"elk-363","lognormal",TRUE,"M21",6,2,0.999711065701016
"elk-363","lognormal",TRUE,"M21",7,2,0.999999980897874
"elk-363","lognormal",TRUE,"M21",8,2,0.999999983391602
"elk-363","lognormal",TRUE,"M21",9,2,0.99999998177197
"elk-363","lognormal",TRUE,"M21",10,2,0.999998537472132
"elk-363","lognormal",TRUE,"M21",11,2,0.999999993004084
"elk-363","lognormal",TRUE,"M21",12,2,0.999421449994733
"elk-363","lognormal",TRUE,"M21",13,2,0.999999770910716
"elk-363","lognormal",TRUE,"M21",14,2,0.999994750763829
"elk-363","lognormal",TRUE,"M21",15,2,0.999999517236296
"elk-363","lognormal",TRUE,"M21",16,2,0.999999459973027
"elk-363","lognormal",TRUE,"M21",17,2,0.999976948577468
"elk-363","lognormal",TRUE,"M21",18,2,0.999919252102781
"elk-363","lognormal",TRUE,"M21",19,2,0.999999992197719
"elk-363","lognormal",TRUE,"M21",20,2,0.99977229052887
"elk-363","lognormal",TRUE,"M21",21,2,0.99999998212684
"elk-363","lognormal",TRUE,"M21",22,2,0.999999684593776
"elk-363","lognormal",TRUE,"M21",23,2,0.999999813007807
"elk-363","lognormal",TRUE,"M21",24,2,0.999999762908844
"elk-363","lognormal",TRUE,"M21",25,2,0.99999998357688
"elk-363","lognormal",TRUE,"M21",26,2,0.999999941940017
"elk-363","lognormal",TRUE,"M21",27,2,0.999999973140111
"elk-363","lognormal",TRUE,"M21",28,2,0.999993221870276
"elk-363","lognormal",TRUE,"M21",29,2,0.999993560623082
"elk-363","lognormal",TRUE,"M21",30,2,0.999999913754592
"elk-363","lognormal",TRUE,"M21",31,2,0.999999932538375
"elk-363","lognormal",TRUE,"M21",32,2,0.99996879687494
"elk-363","lognormal",TRUE,"M21",33,2,0.54403167649137
"elk-363","lognormal",TRUE,"M21",34,2,0.99888373155323
"elk-363","lognormal",TRUE,"M21",35,2,0.972215979387984
"elk-363","lognormal",TRUE,"M21",36,2,0.999992284092359
"elk-363","lognormal",TRUE,"M21",37,2,0.999938560803867
"elk-363","lognormal",TRUE,"M21",38,2,0.911477641585489
"elk-363","lognormal",TRUE,"M21",39,2,0.999959835786
"elk-363","lognormal",TRUE,"M21",40,2,0.999952329135245
"elk-363","lognormal",TRUE,"M21",41,2,0.993127783885673
"elk-363","lognormal",TRUE,"M21",42,2,0.999999895722962
"elk-363","lognormal",TRUE,"M21",43,2,0.994417567869155
"elk-363","lognormal",TRUE,"M21",44,2,0.930527511785901
"elk-363","lognormal",TRUE,"M21",45,2,0.999981804116712
"elk-363","lognormal",TRUE,"M21",46,2,0.999803621950605
"elk-363","lognormal",TRUE,"M21",47,2,0.991501497871336
"elk-363","lognormal",TRUE,"M21",48,2,0.999892013641486
"elk-363","lognormal",TRUE,"M21",49,2,0.999999987356765
"elk-363","lognormal",TRUE,"M21",50,2,0.999994197097273
"elk-363","lognormal",TRUE,"M21",51,2,0.999999892334973
"elk-363","lognormal",TRUE,"M21",52,2,0.9999999729394
"elk-363","lognormal",TRUE,"M21",53,2,0.999981391076101
"elk-363","lognormal",TRUE,"M21",54,2,0.999999566789463
"elk-363","lognormal",TRUE,"M21",55,2,0.999999859425536
"elk-363","lognormal",TRUE,"M21",56,2,0.999999490345028
"elk-363","lognormal",TRUE,"M21",57,2,0.999999914407639
"elk-363","lognormal",TRUE,"M21",58,2,0.999999640226553
"elk-363","lognormal",TRUE,"M21",59,2,0.999993032227455
"elk-363","lognormal",TRUE,"M21",60,2,0.999998370259298
"elk-363","lognormal",TRUE,"M21",61,2,0.999997073467512
"elk-363","lognormal",TRUE,"M21",62,2,0.959047871989379
"elk-363","lognormal",TRUE,"M21",63,2,0.999996341321418
"elk-363","lognormal",TRUE,"M21",64,2,0.999844117971858
"elk-363","lognormal",TRUE,"M21",65,1,0.892510906212278
"elk-363","lognormal",TRUE,"M21",66,1,0.995988578337767
"elk-363","lognormal",TRUE,"M21",67,1,0.999156314099211
"elk-363","lognormal",TRUE,"M21",68,1,0.962804675459446
"elk-363","lognormal",TRUE,"M21",69,2,0.999763545111203
"elk-363","lognormal",TRUE,"M21",70,2,0.99999913577489
"elk-363","lognormal",TRUE,"M21",71,2,0.999990540121486
"elk-363","lognormal",TRUE,"M21",72,2,0.999999935848846
"elk-363","lognormal",TRUE,"M21",73,2,0.999998465924552
"elk-363","lognormal",TRUE,"M21",74,2,0.999982345342295
"elk-363","lognormal",TRUE,"M21",75,2,0.999999820412591
"elk-363","lognormal",TRUE,"M21",76,2,0.999998241202445
"elk-363","lognormal",TRUE,"M21",77,2,0.999999573674239
"elk-363","lognormal",TRUE,"M21",78,2,0.999999936277838
"elk-363","lognormal",TRUE,"M21",79,2,0.999999971921625
"elk-363","lognormal",TRUE,"M21",80,2,0.999999970389478
"elk-363","lognormal",TRUE,"M21",81,2,0.999999983646699
"elk-363","lognormal",TRUE,"M21",82,2,0.999999952993147
"elk-363","lognormal",TRUE,"M21",83,2,0.999999971531135
"elk-363","lognormal",TRUE,"M21",84,2,0.999999625872129
"elk-363","lognormal",TRUE,"M21",85,2,0.999999963891099
"elk-363","lognormal",TRUE,"M21",86,2,0.99999997635179
"elk-363","lognormal",TRUE,"M21",87,2,0.99999947128497
"elk-363","lognormal",TRUE,"M21",88,2,0.99999899277197
"elk-363","lognormal",TRUE,"M21",89,2,0.995353637834032
"elk-363","lognormal",TRUE,"M21",90,2,0.999999899274099
"elk-363","lognormal",TRUE,"M21",91,2,0.999999355526377
"elk-363","lognormal",TRUE,"M21",92,2,0.99999987430983
"elk-363","lognormal",TRUE,"M21",93,2,0.9999934913792
"elk-363","lognormal",TRUE,"M21",94,2,0.999991002857303
"elk-363","lognormal",TRUE,"M21",95,2,0.999980768430285
"elk-363","lognormal",TRUE,"M21",96,2,0.999994716608952
"elk-363","lognormal",TRUE,"M21",97,2,0.999999963343306
"elk-363","lognormal",TRUE,"M21",98,2,0.99999946013211
"elk-363","lognormal",TRUE,"M21",99,2,0.999999729371111
"elk-363","lognormal",TRUE,"M21",100,2,0.999724513249776
"elk-363","lognormal",TRUE,"M21",101,2,0.999999021998105
"elk-363","lognormal",TRUE,"M21",102,2,0.99999999009598
"elk-363","lognormal",TRUE,"M21",103,2,0.999999837560069
"elk-363","lognormal",TRUE,"M21",104,2,0.997713063252827
"elk-363","lognormal",TRUE,"M21",105,2,0.999999949603551
"elk-363","lognormal",TRUE,"M21",106,2,0.999999976790413
"elk-363","lognormal",TRUE,"M21",107,2,0.999936476427565
"elk-363","lognormal",TRUE,"M21",108,2,0.95076126565558
"elk-363","lognormal",TRUE,"M21",109,2,0.99999977606418
"elk-363","lognormal",TRUE,"M21",110,2,0.999999966043789
"elk-363","lognormal",TRUE,"M21",111,2,0.945573004692123
"elk-363","lognormal",TRUE,"M21",112,2,0.999999588093408
"elk-363","lognormal",TRUE,"M21",113,2,0.99999389135678
"elk-363","lognormal",TRUE,"M21",114,2,0.999999986400007
"elk-363","lognormal",TRUE,"M21",115,2,0.999999889328567
"elk-363","lognormal",TRUE,"M21",116,2,0.999999722075766
"elk-363","lognormal",TRUE,"M21",117,2,0.995597844790886
"elk-363","lognormal",TRUE,"M21",118,1,0.982895025965676
"elk-363","lognormal",TRUE,"M21",119,1,0.99878549155913
"elk-363","lognormal",TRUE,"M21",120,1,0.986793443870147
"elk-363","lognormal",TRUE,"M21",121,1,0.999068061996261
"elk-363","lognormal",TRUE,"M21",122,1,0.975841260683646
"elk-363","lognormal",TRUE,"M21",123,2,0.999977480137318
"elk-363","lognormal",TRUE,"M21",124,2,0.999999900828044
"elk-363","lognormal",TRUE,"M21",125,2,0.999950940704357
"elk-363","lognormal",TRUE,"M21",126,2,0.999999994955818
"elk-363","lognormal",TRUE,"M21",127,2,0.999999837651596
"elk-363","lognormal",TRUE,"M21",128,2,0.999954406660009
"elk-363","lognormal",TRUE,"M21",129,2,0.999999486729614
"elk-363","lognormal",TRUE,"M21",130,2,0.999999989458024
"elk-363","lognormal",TRUE,"M21",131,2,0.999236147175702
"elk-363","lognormal",TRUE,"M21",132,2,0.999998140927209
"elk-363","lognormal",TRUE,"M21",133,2,0.999970675729772
"elk-363","lognormal",TRUE,"M21",134,2,0.999740968736129
"elk-363","lognormal",TRUE,"M21",135,2,0.999920361007818
"elk-363","lognormal",TRUE,"M21",136,2,0.999998245708449
"elk-363","lognormal",TRUE,"M21",137,2,0.999988324855606
"elk-363","lognormal",TRUE,"M21",138,2,0.999999989671677
"elk-363","lognormal",TRUE,"M21",139,2,0.997063741732274
"elk-363","lognormal",TRUE,"M21",140,2,0.999999912057146
"elk-363","lognormal",TRUE,"M21",141,2,0.999992198749592
"elk-363","lognormal",TRUE,"M21",142,2,0.94865901257412
"elk-363","lognormal",TRUE,"M21",143,2,0.979428659032667
"elk-363","lognormal",TRUE,"M21",144,2,0.966085008273204
"elk-363","lognormal",TRUE,"M21",145,2,0.999902687207606
"elk-363","lognormal",TRUE,"M21",146,2,0.99999928043674
"elk-363","lognormal",TRUE,"M21",147,2,0.999999910128389
"elk-363","lognormal",TRUE,"M21",148,2,0.999675116275376
"elk-363","lognormal",TRUE,"M21",149,2,0.999999980802363
"elk-363","lognormal",TRUE,"M21",150,2,0.986110913605619
"elk-363","lognormal",TRUE,"M21",151,2,0.999999548521038
"elk-363","lognormal",TRUE,"M21",152,2,0.974603595921159
"elk-363","lognormal",TRUE,"M21",153,2,0.998127129054978
"elk-363","lognormal",TRUE,"M21",154,2,0.975719253104462
"elk-363","lognormal",TRUE,"M21",155,2,0.999761236189128
"elk-363","lognormal",TRUE,"M21",156,2,0.999998021539964
"elk-363","lognormal",TRUE,"M21",157,2,0.999999279764186
"elk-363","lognormal",TRUE,"M21",158,2,0.999796421109308
"elk-363","lognormal",TRUE,"M21",159,2,0.999999211550023
"elk-363","lognormal",TRUE,"M21",160,2,0.999988897487446
"elk-363","lognormal",TRUE,"M21",161,2,0.999998612861999
"elk-363","lognormal",TRUE,"M21",162,2,0.999182535577331
"elk-363","lognormal",TRUE,"M21",163,2,0.999999675721389
"elk-363","lognormal",TRUE,"M21",164,2,0.999999477759215
"elk-363","lognormal",TRUE,"M21",165,2,0.999999106612001
"elk-363","lognormal",TRUE,"M21",166,2,0.998259714599079
"elk-363","lognormal",TRUE,"M21",167,2,0.998918620206719
"elk-363","lognormal",TRUE,"M21",168,2,0.999999943379005
"elk-363","lognormal",TRUE,"M21",169,2,0.99984827541241
"elk-363","lognormal",TRUE,"M21",170,1,0.979794544711739
"elk-363","lognormal",TRUE,"M21",171,1,0.99979657256126
"elk-363","lognormal",TRUE,"M21",172,1,0.997657027414932
"elk-363","lognormal",TRUE,"M21",173,2,0.99536757841451
"elk-363","lognormal",TRUE,"M21",174,2,0.99983872206102
"elk-363","lognormal",TRUE,"M21",175,2,0.974973325621644
"elk-363","lognormal",TRUE,"M21",176,2,0.922888862680499
"elk-363","lognormal",TRUE,"M21",177,2,0.999900542787163
"elk-363","lognormal",TRUE,"M21",178,2,0.999988955253091
"elk-363","lognormal",TRUE,"M21",179,2,0.999944078712775
"elk-363","lognormal",TRUE,"M21",180,2,0.999998353821266
"elk-363","lognormal",TRUE,"M21",181,2,0.999988711927306
"elk-363","lognormal",TRUE,"M21",182,2,0.99912667256907
"elk-363","lognormal",TRUE,"M21",183,2,0.98791518242797
"elk-363","lognormal",TRUE,"M21",184,2,0.9999999185266
"elk-363","lognormal",TRUE,"M21",185,2,0.997768669111981
"elk-363","lognormal",TRUE,"M21",186,2,0.99685857423862
"elk-363","lognormal",TRUE,"M21",187,2,0.924305050966603
"elk-363","lognormal",TRUE,"M21",188,2,0.99981154743136
"elk-363","lognormal",TRUE,"M21",189,2,0.99999996964247
"elk-363","lognormal",TRUE,"M21",190,2,0.99998111202038
"elk-363","lognormal",TRUE,"M21",191,2,0.999966580290635
"elk-363","lognormal",TRUE,"M21",192,2,0.955497644619506
"elk-363","lognormal",TRUE,"M21",193,2,0.999963613631749
"elk-363","lognormal",TRUE,"M21",194,2,0.999993397241772
"elk-363","lognormal",TRUE,"M21",195,2,0.999999076178122
"elk-363","lognormal",TRUE,"M21",196,2,0.999994405051772
"elk-363","lognormal",TRUE,"M21",197,2,0.991047945932423
"elk-363","lognormal",TRUE,"M21",198,2,0.99994418357391
"elk-363","lognormal",TRUE,"M21",199,2,0.999533721128557
"elk-363","lognormal",TRUE,"M21",200,2,0.999999912958054
"elk-363","lognormal",TRUE,"M21",201,2,0.999999965244959
"elk-363","lognormal",TRUE,"M21",202,2,0.999784636829007
"elk-363","lognormal",TRUE,"M21",203,2,0.592460002322621
"elk-363","lognormal",TRUE,"M21",204,2,0.999979988929728
"elk-363","lognormal",TRUE,"M21",205,2,0.999999987122587
"elk-363","lognormal",TRUE,"M21",206,2,0.999978692633395
"elk-363","lognormal",TRUE,"M21",207,1,0.998693695436759
"elk-363","lognormal",TRUE,"M21",208,1,0.999496967214126
"elk-363","lognormal",TRUE,"M21",209,1,0.999572110157645
"elk-363","lognormal",TRUE,"M21",210,1,0.999822067267303
"elk-363","lognormal",TRUE,"M21",211,1,0.996045747078967
"elk-363","lognormal",TRUE,"M21",212,1,0.999982968470795
"elk-363","lognormal",TRUE,"M21",213,1,0.999978845484598
"elk-363","lognormal",TRUE,"M21",214,1,0.999802963448126
"elk-363","lognormal",TRUE,"M21",215,1,0.999645814089485
"elk-363","lognormal",TRUE,"M21",216,1,0.997231613863917
"elk-363","lognormal",TRUE,"M21",217,1,0.978508277956406
"elk-363","lognormal",TRUE,"H2",1,2,1
"elk-363","lognormal",TRUE,"H2",2,2,0.999999999999901
"elk-363","lognormal",TRUE,"H2",3,2,0.999999999999834
"elk-363","lognormal",TRUE,"H2",4,2,1
"elk-363","lognormal",TRUE,"H2",5,2,0.999999999999065
"elk-363","lognormal",TRUE,"H2",6,2,1
"elk-363","lognormal",TRUE,"H2",7,2,0.999999999999999
"elk-363","lognormal",TRUE,"H2",8,2,0.999999999999949
"elk-363","lognormal",TRUE,"H2",9,2,0.999999999999927
"elk-363","lognormal",TRUE,"H2",10,2,1
"elk-363","lognormal",TRUE,"H2",11,2,0.999999999999987
"elk-363","lognormal",TRUE,"H2",12,2,1
"elk-363","lognormal",TRUE,"H2",13,2,1
"elk-363","lognormal",TRUE,"H2",14,2,1
"elk-363","lognormal",TRUE,"H2",15,2,1
"elk-363","lognormal",TRUE,"H2",16,2,1
"elk-363","lognormal",TRUE,"H2",17,2,0.999999999854372
"elk-363","lognormal",TRUE,"H2",18,2,1
"elk-363","lognormal",TRUE,"H2",19,2,0.999999999999986
"elk-363","lognormal",TRUE,"H2",20,2,1
"elk-363","lognormal",TRUE,"H2",21,2,0.999999999999984
"elk-363","lognormal",TRUE,"H2",22,2,1
"elk-363","lognormal",TRUE,"H2",23,2,1
"elk-363","lognormal",TRUE,"H2",24,2,1
"elk-363","lognormal",TRUE,"H2",25,2,0.999999999999999
"elk-363","lognormal",TRUE,"H2",26,2,1
"elk-363","lognormal",TRUE,"H2",27,2,0.999999999999917
"elk-363","lognormal",TRUE,"H2",28,2,1
"elk-363","lognormal",TRUE,"H2",29,2,1
"elk-363","lognormal",TRUE,"H2",30,2,1
"elk-363","lognormal",TRUE,"H2",31,2,1
"elk-363","lognormal",TRUE,"H2",32,2,0.99999999999708
"elk-363","lognormal",TRUE,"H2",33,2,1
"elk-363","lognormal",TRUE,"H2",34,2,0.999999999983694
"elk-363","lognormal",TRUE,"H2",35,2,1
"elk-363","lognormal",TRUE,"H2",36,2,0.999999999990235
"elk-363","lognormal",TRUE,"H2",37,2,1
"elk-363","lognormal",TRUE,"H2",38,2,1
"elk-363","lognormal",TRUE,"H2",39,2,1
"elk-363","lognormal",TRUE,"H2",40,2,0.999999999770432
"elk-363","lognormal",TRUE,"H2",41,2,1
"elk-363","lognormal",TRUE,"H2",42,2,0.999999999999993
"elk-363","lognormal",TRUE,"H2",43,2,1
"elk-363","lognormal",TRUE,"H2",44,2,1
"elk-363","lognormal",TRUE,"H2",45,2,0.999999999990939
"elk-363","lognormal",TRUE,"H2",46,2,0.999999998309639
"elk-363","lognormal",TRUE,"H2",47,2,0.99999994816031
"elk-363","lognormal",TRUE,"H2",48,2,0.99999999931966
"elk-363","lognormal",TRUE,"H2",49,2,0.999999999999956
"elk-363","lognormal",TRUE,"H2",50,2,0.999999999975047
"elk-363","lognormal",TRUE,"H2",51,2,1
"elk-363","lognormal",TRUE,"H2",52,2,0.999999999999933
"elk-363","lognormal",TRUE,"H2",53,2,0.999999999900735
"elk-363","lognormal",TRUE,"H2",54,2,0.999999999998412
"elk-363","lognormal",TRUE,"H2",55,2,0.999999999999272
"elk-363","lognormal",TRUE,"H2",56,2,0.999999999997193
"elk-363","lognormal",TRUE,"H2",57,2,1
"elk-363","lognormal",TRUE,"H2",58,2,1
"elk-363","lognormal",TRUE,"H2",59,2,1
"elk-363","lognormal",TRUE,"H2",60,2,0.999999999988526
"elk-363","lognormal",TRUE,"H2",61,2,1
"elk-363","lognormal",TRUE,"H2",62,2,1
"elk-363","lognormal",TRUE,"H2",63,2,1
"elk-363","lognormal",TRUE,"H2",64,2,0.999999999991743
"elk-363","lognormal",TRUE,"H2",65,2,1
"elk-363","lognormal",TRUE,"H2",66,2,1
"elk-363","lognormal",TRUE,"H2",67,2,1
"elk-363","lognormal",TRUE,"H2",68,2,1
"elk-363","lognormal",TRUE,"H2",69,2,0.999999999993013
"elk-363","lognormal",TRUE,"H2",70,2,0.99999999999433
"elk-363","lognormal",TRUE,"H2",71,2,0.999999999919245
"elk-363","lognormal",TRUE,"H2",72,2,0.999999999999845
"elk-363","lognormal",TRUE,"H2",73,2,1
"elk-363","lognormal",TRUE,"H2",74,2,0.99999999985393
"elk-363","lognormal",TRUE,"H2",75,2,0.999999999999522
"elk-363","lognormal",TRUE,"H2",76,2,0.999999999987196
"elk-363","lognormal",TRUE,"H2",77,2,1
"elk-363","lognormal",TRUE,"H2",78,2,0.999999999999685
"elk-363","lognormal",TRUE,"H2",79,2,0.999999999999947
"elk-363","lognormal",TRUE,"H2",80,2,0.999999999999921
"elk-363","lognormal",TRUE,"H2",81,2,0.999999999999999
"elk-363","lognormal",TRUE,"H2",82,2,0.999999999999804
"elk-363","lognormal",TRUE,"H2",83,2,0.999999999999885
"elk-363","lognormal",TRUE,"H2",84,2,1
"elk-363","lognormal",TRUE,"H2",85,2,0.999999999999909
"elk-363","lognormal",TRUE,"H2",86,2,0.9999999999999
"elk-363","lognormal",TRUE,"H2",87,2,1
"elk-363","lognormal",TRUE,"H2",88,2,1
"elk-363","lognormal",TRUE,"H2",89,2,0.999999967887687
"elk-363","lognormal",TRUE,"H2",90,2,0.999999999999998
"elk-363","lognormal",TRUE,"H2",91,2,0.999999999995755
"elk-363","lognormal",TRUE,"H2",92,2,0.999999999999998
"elk-363","lognormal",TRUE,"H2",93,2,0.999999999972007
"elk-363","lognormal",TRUE,"H2",94,2,1
"elk-363","lognormal",TRUE,"H2",95,2,1
"elk-363","lognormal",TRUE,"H2",96,2,0.999999999976429
"elk-363","lognormal",TRUE,"H2",97,2,0.999999999999852
"elk-363","lognormal",TRUE,"H2",98,2,0.999999999996726
"elk-363","lognormal",TRUE,"H2",99,2,0.999999999999136
"elk-363","lognormal",TRUE,"H2",100,2,0.999999997128589
"elk-363","lognormal",TRUE,"H2",101,2,0.999999999992901
"elk-363","lognormal",TRUE,"H2",102,2,0.999999999999963
"elk-363","lognormal",TRUE,"H2",103,2,0.999999999999999
"elk-363","lognormal",TRUE,"H2",104,2,1
"elk-363","lognormal",TRUE,"H2",105,2,0.999999999999904
"elk-363","lognormal",TRUE,"H2",106,2,0.999999999999901
"elk-363","lognormal",TRUE,"H2",107,2,0.99999999995551
"elk-363","lognormal",TRUE,"H2",108,2,1
"elk-363","lognormal",TRUE,"H2",109,2,0.99999999999998
"elk-363","lognormal",TRUE,"H2",110,2,0.99999999999999
"elk-363","lognormal",TRUE,"H2",111,2,1
"elk-363","lognormal",TRUE,"H2",112,2,0.999999999999858
"elk-363","lognormal",TRUE,"H2",113,2,0.99999999995224
"elk-363","lognormal",TRUE,"H2",114,2,0.999999999999974
"elk-363","lognormal",TRUE,"H2",115,2,0.999999999999414
"elk-363","lognormal",TRUE,"H2",116,2,0.999999999999541
"elk-363","lognormal",TRUE,"H2",117,2,1
"elk-363","lognormal",TRUE,"H2",118,2,1
"elk-363","lognormal",TRUE,"H2",119,2,1
"elk-363","lognormal",TRUE,"H2",120,2,1
"elk-363","lognormal",TRUE,"H2",121,2,1
"elk-363","lognormal",TRUE,"H2",122,2,1
"elk-363","lognormal",TRUE,"H2",123,2,1
"elk-363","lognormal",TRUE,"H2",124,2,1
"elk-363","lognormal",TRUE,"H2",125,2,1
"elk-363","lognormal",TRUE,"H2",126,2,0.999999999999998
"elk-363","lognormal",TRUE,"H2",127,2,0.999999999999583
"elk-363","lognormal",TRUE,"H2",128,2,1
"elk-363","lognormal",TRUE,"H2",129,2,0.99999999999689
"elk-363","lognormal",TRUE,"H2",130,2,0.999999999999966
"elk-363","lognormal",TRUE,"H2",131,2,1
"elk-363","lognormal",TRUE,"H2",132,2,1
"elk-363","lognormal",TRUE,"H2",133,2,1
"elk-363","lognormal",TRUE,"H2",134,2,1
"elk-363","lognormal",TRUE,"H2",135,2,1
"elk-363","lognormal",TRUE,"H2",136,2,0.999999999987407
"elk-363","lognormal",TRUE,"H2",137,2,0.999999999929473
"elk-363","lognormal",TRUE,"H2",138,2,0.999999999999996
"elk-363","lognormal",TRUE,"H2",139,2,0.999999972000845
"elk-363","lognormal",TRUE,"H2",140,2,0.999999999999712
"elk-363","lognormal",TRUE,"H2",141,2,0.999999999999999
"elk-363","lognormal",TRUE,"H2",142,2,0.999999721322421
"elk-363","lognormal",TRUE,"H2",143,2,0.999999913644124
"elk-363","lognormal",TRUE,"H2",144,2,1
"elk-363","lognormal",TRUE,"H2",145,2,0.9999999999218
"elk-363","lognormal",TRUE,"H2",146,2,1
"elk-363","lognormal",TRUE,"H2",147,2,1
"elk-363","lognormal",TRUE,"H2",148,2,0.999999997064023
"elk-363","lognormal",TRUE,"H2",149,2,0.999999999999879
"elk-363","lognormal",TRUE,"H2",150,2,0.999999871226049
"elk-363","lognormal",TRUE,"H2",151,2,0.999999999999936
"elk-363","lognormal",TRUE,"H2",152,2,1
"elk-363","lognormal",TRUE,"H2",153,2,1
"elk-363","lognormal",TRUE,"H2",154,2,1
"elk-363","lognormal",TRUE,"H2",155,2,0.999999999694703
"elk-363","lognormal",TRUE,"H2",156,2,0.999999999991264
"elk-363","lognormal",TRUE,"H2",157,2,0.999999999995242
"elk-363","lognormal",TRUE,"H2",158,2,0.999999997856323
"elk-363","lognormal",TRUE,"H2",159,2,0.999999999996517
"elk-363","lognormal",TRUE,"H2",160,2,0.999999999905642
"elk-363","lognormal",TRUE,"H2",161,2,0.999999999992775
"elk-363","lognormal",TRUE,"H2",162,2,1
"elk-363","lognormal",TRUE,"H2",163,2,0.999999999999178
"elk-363","lognormal",TRUE,"H2",164,2,0.999999999997815
"elk-363","lognormal",TRUE,"H2",165,2,0.999999999993623
"elk-363","lognormal",TRUE,"H2",166,2,0.999999988201233
"elk-363","lognormal",TRUE,"H2",167,2,0.999999989385752
"elk-363","lognormal",TRUE,"H2",168,2,0.999999999999813
"elk-363","lognormal",TRUE,"H2",169,2,0.999999999996056
"elk-363","lognormal",TRUE,"H2",170,2,1
"elk-363","lognormal",TRUE,"H2",171,2,1
"elk-363","lognormal",TRUE,"H2",172,2,0.999994784872091
"elk-363","lognormal",TRUE,"H2",173,2,0.999999971208846
"elk-363","lognormal",TRUE,"H2",174,2,0.999999999172574
"elk-363","lognormal",TRUE,"H2",175,2,0.99999996970654
"elk-363","lognormal",TRUE,"H2",176,2,1
"elk-363","lognormal",TRUE,"H2",177,2,0.999999999959234
"elk-363","lognormal",TRUE,"H2",178,2,0.999999999906886
"elk-363","lognormal",TRUE,"H2",179,2,0.999999999663561
"elk-363","lognormal",TRUE,"H2",180,2,0.999999999991458
"elk-363","lognormal",TRUE,"H2",181,2,0.999999999911779
"elk-363","lognormal",TRUE,"H2",182,2,0.999999997093639
"elk-363","lognormal",TRUE,"H2",183,2,1
"elk-363","lognormal",TRUE,"H2",184,2,0.999999999999897
"elk-363","lognormal",TRUE,"H2",185,2,1
"elk-363","lognormal",TRUE,"H2",186,2,1
"elk-363","lognormal",TRUE,"H2",187,2,0.999999503995804
"elk-363","lognormal",TRUE,"H2",188,2,0.999999998037504
"elk-363","lognormal",TRUE,"H2",189,2,0.999999999999884
"elk-363","lognormal",TRUE,"H2",190,2,1
"elk-363","lognormal",TRUE,"H2",191,2,0.999999999981348
"elk-363","lognormal",TRUE,"H2",192,2,1
"elk-363","lognormal",TRUE,"H2",193,2,0.999999999957413
"elk-363","lognormal",TRUE,"H2",194,2,0.999999999946074
"elk-363","lognormal",TRUE,"H2",195,2,0.999999999993655
"elk-363","lognormal",TRUE,"H2",196,2,0.999999999947037
"elk-363","lognormal",TRUE,"H2",197,2,0.9999999460798
"elk-363","lognormal",TRUE,"H2",198,2,0.999999999328314
"elk-363","lognormal",TRUE,"H2",199,2,0.999999997325276
"elk-363","lognormal",TRUE,"H2",200,2,0.999999999999544
"elk-363","lognormal",TRUE,"H2",201,2,0.999999999999833
"elk-363","lognormal",TRUE,"H2",202,2,0.999999996898251
"elk-363","lognormal",TRUE,"H2",203,2,0.999996881654046
"elk-363","lognormal",TRUE,"H2",204,2,0.999999999867632
"elk-363","lognormal",TRUE,"H2",205,2,0.999999999973085
"elk-363","lognormal",TRUE,"H2",206,2,0.99998360656615
"elk-363","lognormal",TRUE,"H2",207,1,0.997558112696
"elk-363","lognormal",TRUE,"H2",208,1,0.999921879020086
"elk-363","lognormal",TRUE,"H2",209,1,0.999997005137997
"elk-363","lognormal",TRUE,"H2",210,1,0.999999964429928
"elk-363","lognormal",TRUE,"H2",211,1,0.999999985669505
"elk-363","lognormal",TRUE,"H2",212,1,0.999999999830616
"elk-363","lognormal",TRUE,"H2",213,1,0.999999999844582
"elk-363","lognormal",TRUE,"H2",214,1,0.999999999420434
"elk-363","lognormal",TRUE,"H2",215,1,0.9999999989109
"elk-363","lognormal",TRUE,"H2",216,1,0.999999973042913
"elk-363","lognormal",TRUE,"H2",217,1,0.999999630801087
"elk-363","lognormal",TRUE,"H3",1,3,0.999999999489998
"elk-363","lognormal",TRUE,"H3",2,3,0.999999992325344
"elk-363","lognormal",TRUE,"H3",3,3,0.99999999079854
"elk-363","lognormal",TRUE,"H3",4,3,0.951507095584888
"elk-363","lognormal",TRUE,"H3",5,3,0.999999911024701
"elk-363","lognormal",TRUE,"H3",6,3,0.994751743813457
"elk-363","lognormal",TRUE,"H3",7,3,0.999999178498145
"elk-363","lognormal",TRUE,"H3",8,3,0.999999989428175
"elk-363","lognormal",TRUE,"H3",9,3,0.999999994088067
"elk-363","lognormal",TRUE,"H3",10,3,0.999969488510556
"elk-363","lognormal",TRUE,"H3",11,3,0.999999921942954
"elk-363","lognormal",TRUE,"H3",12,3,0.993280372510624
"elk-363","lognormal",TRUE,"H3",13,3,0.999992665365926
"elk-363","lognormal",TRUE,"H3",14,3,0.999798707188844
"elk-363","lognormal",TRUE,"H3",15,3,0.999978602990585
"elk-363","lognormal",TRUE,"H3",16,3,0.999986157442619
"elk-363","lognormal",TRUE,"H3",17,3,0.999995354244911
"elk-363","lognormal",TRUE,"H3",18,3,0.998807273136172
"elk-363","lognormal",TRUE,"H3",19,3,0.999999891928379
"elk-363","lognormal",TRUE,"H3",20,3,0.996174514574999
"elk-363","lognormal",TRUE,"H3",21,3,0.999999138940576
"elk-363","lognormal",TRUE,"H3",22,3,0.999985746813049
"elk-363","lognormal",TRUE,"H3",23,3,0.999994939661922
"elk-363","lognormal",TRUE,"H3",24,3,0.999993861656837
"elk-363","lognormal",TRUE,"H3",25,3,0.99999942341455
"elk-363","lognormal",TRUE,"H3",26,3,0.99999817285527
"elk-363","lognormal",TRUE,"H3",27,3,0.999999974623693
"elk-363","lognormal",TRUE,"H3",28,3,0.999882175669073
"elk-363","lognormal",TRUE,"H3",29,3,0.999886637983721
"elk-363","lognormal",TRUE,"H3",30,3,0.999996213473619
"elk-363","lognormal",TRUE,"H3",31,3,0.99999792022365
"elk-363","lognormal",TRUE,"H3",32,3,0.999999987044074
"elk-363","lognormal",TRUE,"H3",33,2,0.874120740042202
"elk-363","lognormal",TRUE,"H3",34,3,0.999986881948856
"elk-363","lognormal",TRUE,"H3",35,3,0.848906574752332
"elk-363","lognormal",TRUE,"H3",36,3,0.999998589366582
"elk-363","lognormal",TRUE,"H3",37,3,0.998061042619491
"elk-363","lognormal",TRUE,"H3",38,2,0.528898444215585
"elk-363","lognormal",TRUE,"H3",39,3,0.998751793735808
"elk-363","lognormal",TRUE,"H3",40,3,0.999995174525253
"elk-363","lognormal",TRUE,"H3",41,3,0.953733947762
"elk-363","lognormal",TRUE,"H3",42,3,0.999983894177648
"elk-363","lognormal",TRUE,"H3",43,3,0.915510827052506
"elk-363","lognormal",TRUE,"H3",44,3,0.531887731880545
"elk-363","lognormal",TRUE,"H3",45,3,0.999996066650909
"elk-363","lognormal",TRUE,"H3",46,3,0.999941085298442
"elk-363","lognormal",TRUE,"H3",47,3,0.998238533690087
"elk-363","lognormal",TRUE,"H3",48,3,0.999967846942922
"elk-363","lognormal",TRUE,"H3",49,3,0.999999981225705
"elk-363","lognormal",TRUE,"H3",50,3,0.999998940316073
"elk-363","lognormal",TRUE,"H3",51,3,0.999995357200957
"elk-363","lognormal",TRUE,"H3",52,3,0.999999954407605
"elk-363","lognormal",TRUE,"H3",53,3,0.999996257421644
"elk-363","lognormal",TRUE,"H3",54,3,0.999999918988634
"elk-363","lognormal",TRUE,"H3",55,3,0.999999971604944
"elk-363","lognormal",TRUE,"H3",56,3,0.999999896806759
"elk-363","lognormal",TRUE,"H3",57,3,0.999997420184998
"elk-363","lognormal",TRUE,"H3",58,3,0.999990404566047
"elk-363","lognormal",TRUE,"H3",59,3,0.999868189024222
"elk-363","lognormal",TRUE,"H3",60,3,0.999999673354145
"elk-363","lognormal",TRUE,"H3",61,3,0.999814310535957
"elk-363","lognormal",TRUE,"H3",62,3,0.746807098061731
"elk-363","lognormal",TRUE,"H3",63,3,0.99979289924654
"elk-363","lognormal",TRUE,"H3",64,3,0.99999998627439
"elk-363","lognormal",TRUE,"H3",65,2,0.947317175102021
"elk-363","lognormal",TRUE,"H3",66,2,0.998767066895829
"elk-363","lognormal",TRUE,"H3",67,2,0.999339816853165
"elk-363","lognormal",TRUE,"H3",68,2,0.970579737860083
"elk-363","lognormal",TRUE,"H3",69,3,0.999992041848648
"elk-363","lognormal",TRUE,"H3",70,3,0.999999830856554
"elk-363","lognormal",TRUE,"H3",71,3,0.999998119227597
"elk-363","lognormal",TRUE,"H3",72,3,0.999999965848786
"elk-363","lognormal",TRUE,"H3",73,3,0.999960884040078
"elk-363","lognormal",TRUE,"H3",74,3,0.999996435126378
"elk-363","lognormal",TRUE,"H3",75,3,0.99999995440752
"elk-363","lognormal",TRUE,"H3",76,3,0.99999964912329
"elk-363","lognormal",TRUE,"H3",77,3,0.999989695162081
"elk-363","lognormal",TRUE,"H3",78,3,0.999999986808371
"elk-363","lognormal",TRUE,"H3",79,3,0.999999889287016
"elk-363","lognormal",TRUE,"H3",80,3,0.999999976258603
"elk-363","lognormal",TRUE,"H3",81,3,0.999999409199741
"elk-363","lognormal",TRUE,"H3",82,3,0.9999999898133
"elk-363","lognormal",TRUE,"H3",83,3,0.999999992962199
"elk-363","lognormal",TRUE,"H3",84,3,0.999990634339837
"elk-363","lognormal",TRUE,"H3",85,3,0.999999953407866
"elk-363","lognormal",TRUE,"H3",86,3,0.999999993760014
"elk-363","lognormal",TRUE,"H3",87,3,0.999986809405933
"elk-363","lognormal",TRUE,"H3",88,3,0.999985252383647
"elk-363","lognormal",TRUE,"H3",89,3,0.999020754908039
"elk-363","lognormal",TRUE,"H3",90,3,0.999998040017385
"elk-363","lognormal",TRUE,"H3",91,3,0.999999871626356
"elk-363","lognormal",TRUE,"H3",92,3,0.99999564552621
"elk-363","lognormal",TRUE,"H3",93,3,0.99999872948052
"elk-363","lognormal",TRUE,"H3",94,3,0.999708699593933
"elk-363","lognormal",TRUE,"H3",95,3,0.999676295861369
"elk-363","lognormal",TRUE,"H3",96,3,0.999998946105282
"elk-363","lognormal",TRUE,"H3",97,3,0.999999991579086
"elk-363","lognormal",TRUE,"H3",98,3,0.999999893000301
"elk-363","lognormal",TRUE,"H3",99,3,0.99999994609003
"elk-363","lognormal",TRUE,"H3",100,3,0.999944847231602
"elk-363","lognormal",TRUE,"H3",101,3,0.999999797713122
"elk-363","lognormal",TRUE,"H3",102,3,0.999999992498211
"elk-363","lognormal",TRUE,"H3",103,3,0.999994036526315
"elk-363","lognormal",TRUE,"H3",104,3,0.979212376267416
"elk-363","lognormal",TRUE,"H3",105,3,0.999999904797688
"elk-363","lognormal",TRUE,"H3",106,3,0.999999993398316
"elk-363","lognormal",TRUE,"H3",107,3,0.999999011863539
"elk-363","lognormal",TRUE,"H3",108,3,0.639824240388188
"elk-363","lognormal",TRUE,"H3",109,3,0.999986445526753
"elk-363","lognormal",TRUE,"H3",110,3,0.999999583547232
"elk-363","lognormal",TRUE,"H3",111,3,0.580918502277032
"elk-363","lognormal",TRUE,"H3",112,3,0.999999692108394
"elk-363","lognormal",TRUE,"H3",113,3,0.999998773296181
"elk-363","lognormal",TRUE,"H3",114,3,0.999999848795153
"elk-363","lognormal",TRUE,"H3",115,3,0.999999977712602
"elk-363","lognormal",TRUE,"H3",116,3,0.999999957726522
"elk-363","lognormal",TRUE,"H3",117,3,0.985041766452562
"elk-363","lognormal",TRUE,"H3",118,2,0.990171063176219
"elk-363","lognormal",TRUE,"H3",119,2,0.999329309673372
"elk-363","lognormal",TRUE,"H3",120,2,0.974217451216614
"elk-363","lognormal",TRUE,"H3",121,2,0.999197625825028
"elk-363","lognormal",TRUE,"H3",122,2,0.978881237536778
"elk-363","lognormal",TRUE,"H3",123,3,0.999856502284254
"elk-363","lognormal",TRUE,"H3",124,3,0.999997075707623
"elk-363","lognormal",TRUE,"H3",125,3,0.99919001330433
"elk-363","lognormal",TRUE,"H3",126,3,0.999999818664363
"elk-363","lognormal",TRUE,"H3",127,3,0.999999959920742
"elk-363","lognormal",TRUE,"H3",128,3,0.999268162630378
"elk-363","lognormal",TRUE,"H3",129,3,0.999999895939404
"elk-363","lognormal",TRUE,"H3",130,3,0.999999990893439
"elk-363","lognormal",TRUE,"H3",131,3,0.992674195413737
"elk-363","lognormal",TRUE,"H3",132,3,0.999957845190309
"elk-363","lognormal",TRUE,"H3",133,3,0.999450944707933
"elk-363","lognormal",TRUE,"H3",134,3,0.996774058811878
"elk-363","lognormal",TRUE,"H3",135,3,0.998794645481364
"elk-363","lognormal",TRUE,"H3",136,3,0.999999643874303
"elk-363","lognormal",TRUE,"H3",137,3,0.999997812087417
"elk-363","lognormal",TRUE,"H3",138,3,0.999999730278183
"elk-363","lognormal",TRUE,"H3",139,3,0.999383958822356
"elk-363","lognormal",TRUE,"H3",140,3,0.999999953526115
"elk-363","lognormal",TRUE,"H3",141,3,0.999971775367805
"elk-363","lognormal",TRUE,"H3",142,3,0.990544442705685
"elk-363","lognormal",TRUE,"H3",143,3,0.997848421778937
"elk-363","lognormal",TRUE,"H3",144,3,0.892330124196824
"elk-363","lognormal",TRUE,"H3",145,3,0.999989069024433
"elk-363","lognormal",TRUE,"H3",146,3,0.999979785565877
"elk-363","lognormal",TRUE,"H3",147,3,0.999997466583341
"elk-363","lognormal",TRUE,"H3",148,3,0.999933176826391
"elk-363","lognormal",TRUE,"H3",149,3,0.999999980672555
"elk-363","lognormal",TRUE,"H3",150,3,0.997003016134401
"elk-363","lognormal",TRUE,"H3",151,3,0.999986733674485
"elk-363","lognormal",TRUE,"H3",152,3,0.824202087298127
"elk-363","lognormal",TRUE,"H3",153,3,0.961099549600849
"elk-363","lognormal",TRUE,"H3",154,3,0.823794093201023
"elk-363","lognormal",TRUE,"H3",155,3,0.999949900189094
"elk-363","lognormal",TRUE,"H3",156,3,0.999999620290275
"elk-363","lognormal",TRUE,"H3",157,3,0.99999985293796
"elk-363","lognormal",TRUE,"H3",158,3,0.999959080933152
"elk-363","lognormal",TRUE,"H3",159,3,0.9999998352364
"elk-363","lognormal",TRUE,"H3",160,3,0.999997796516941
"elk-363","lognormal",TRUE,"H3",161,3,0.999999759206561
"elk-363","lognormal",TRUE,"H3",162,3,0.992382499917033
"elk-363","lognormal",TRUE,"H3",163,3,0.999999932911915
"elk-363","lognormal",TRUE,"H3",164,3,0.999999901722163
"elk-363","lognormal",TRUE,"H3",165,3,0.999999782119701
"elk-363","lognormal",TRUE,"H3",166,3,0.999631374093159
"elk-363","lognormal",TRUE,"H3",167,3,0.999737825074901
"elk-363","lognormal",TRUE,"H3",168,3,0.99999997677009
"elk-363","lognormal",TRUE,"H3",169,3,0.99999997816278
"elk-363","lognormal",TRUE,"H3",170,2,0.988811059319474
"elk-363","lognormal",TRUE,"H3",171,2,0.999442793094733
"elk-363","lognormal",TRUE,"H3",172,1,0.946751715921199
"elk-363","lognormal",TRUE,"H3",173,3,0.991281315446822
"elk-363","lognormal",TRUE,"H3",174,3,0.999900550453553
"elk-363","lognormal",TRUE,"H3",175,3,0.999498086572337
"elk-363","lognormal",TRUE,"H3",176,3,0.744407233654207
"elk-363","lognormal",TRUE,"H3",177,3,0.999989415540551
"elk-363","lognormal",TRUE,"H3",178,3,0.999997770519064
"elk-363","lognormal",TRUE,"H3",179,3,0.999989689756245
"elk-363","lognormal",TRUE,"H3",180,3,0.999999685858603
"elk-363","lognormal",TRUE,"H3",181,3,0.999997780083344
"elk-363","lognormal",TRUE,"H3",182,3,0.999935528588849
"elk-363","lognormal",TRUE,"H3",183,3,0.911055655288314
"elk-363","lognormal",TRUE,"H3",184,3,0.999999975521045
"elk-363","lognormal",TRUE,"H3",185,3,0.983591697770531
"elk-363","lognormal",TRUE,"H3",186,3,0.994988808353955
"elk-363","lognormal",TRUE,"H3",187,3,0.983678471651549
"elk-363","lognormal",TRUE,"H3",188,3,0.999923719297698
"elk-363","lognormal",TRUE,"H3",189,3,0.999999985057455
"elk-363","lognormal",TRUE,"H3",190,3,0.999579420400568
"elk-363","lognormal",TRUE,"H3",191,3,0.999999436972983
"elk-363","lognormal",TRUE,"H3",192,3,0.627054447780522
"elk-363","lognormal",TRUE,"H3",193,3,0.999990471402901
"elk-363","lognormal",TRUE,"H3",194,3,0.999998668967496
"elk-363","lognormal",TRUE,"H3",195,3,0.99999981554656
"elk-363","lognormal",TRUE,"H3",196,3,0.999998192674527
"elk-363","lognormal",TRUE,"H3",197,3,0.998179269221577
"elk-363","lognormal",TRUE,"H3",198,3,0.999980987442232
"elk-363","lognormal",TRUE,"H3",199,3,0.99990812204152
"elk-363","lognormal",TRUE,"H3",200,3,0.999999981221366
"elk-363","lognormal",TRUE,"H3",201,3,0.999999990501606
"elk-363","lognormal",TRUE,"H3",202,3,0.999865335411732
"elk-363","lognormal",TRUE,"H3",203,3,0.876854975422342
"elk-363","lognormal",TRUE,"H3",204,3,0.999987443806317
"elk-363","lognormal",TRUE,"H3",205,3,0.999999989633387
"elk-363","lognormal",TRUE,"H3",206,3,0.999958897686358
"elk-363","lognormal",TRUE,"H3",207,1,0.999469962835976
"elk-363","lognormal",TRUE,"H3",208,1,0.999970008594477
"elk-363","lognormal",TRUE,"H3",209,1,0.999983183126003
"elk-363","lognormal",TRUE,"H3",210,1,0.999993941836114
"elk-363","lognormal",TRUE,"H3",211,1,0.999830166984745
"elk-363","lognormal",TRUE,"H3",212,1,0.999999450901644
"elk-363","lognormal",TRUE,"H3",213,1,0.999999191388914
"elk-363","lognormal",TRUE,"H3",214,1,0.999991717444618
"elk-363","lognormal",TRUE,"H3",215,1,0.999985011595859
"elk-363","lognormal",TRUE,"H3",216,1,0.99971350350627
"elk-363","lognormal",TRUE,"H3",217,1,0.994753617198425
"elk-115","truncated_normal",FALSE,"M21",1,1,1
"elk-115","truncated_normal",FALSE,"M21",2,1,1
"elk-115","truncated_normal",FALSE,"M21",3,1,0.99999999991496
"elk-115","truncated_normal",FALSE,"M21",4,1,1
"elk-115","truncated_normal",FALSE,"M21",5,1,0.99998465725479
"elk-115","truncated_normal",FALSE,"M21",6,1,1
"elk-115","truncated_normal",FALSE,"M21",7,1,1
"elk-115","truncated_normal",FALSE,"M21",8,1,0.999999999999709
"elk-115","truncated_normal",FALSE,"M21",9,1,0.999999999999709
"elk-115","truncated_normal",FALSE,"M21",10,1,1
"elk-115","truncated_normal",FALSE,"M21",11,1,1
"elk-115","truncated_normal",FALSE,"M21",12,1,1
"elk-115","truncated_normal",FALSE,"M21",13,1,1
"elk-115","truncated_normal",FALSE,"M21",14,1,1
"elk-115","truncated_normal",FALSE,"M21",15,1,1
"elk-115","truncated_normal",FALSE,"M21",16,1,1
"elk-115","truncated_normal",FALSE,"M21",17,1,1
"elk-115","truncated_normal",FALSE,"M21",18,1,1
"elk-115","truncated_normal",FALSE,"M21",19,1,1
"elk-115","truncated_normal",FALSE,"M21",20,1,1
"elk-115","truncated_normal",FALSE,"M21",21,1,0.999999999999868
"elk-115","truncated_normal",FALSE,"M21",22,1,1
"elk-115","truncated_normal",FALSE,"M21",23,1,0.99999999991496
"elk-115","truncated_normal",FALSE,"M21",24,1,1
"elk-115","truncated_normal",FALSE,"M21",25,1,1
"elk-115","truncated_normal",FALSE,"M21",26,1,1
"elk-115","truncated_normal",FALSE,"M21",27,1,0.999999998958052
"elk-115","truncated_normal",FALSE,"M21",28,1,1
"elk-115","truncated_normal",FALSE,"M21",29,1,0.99999999991496
"elk-115","truncated_normal",FALSE,"M21",30,1,1
"elk-115","truncated_normal",FALSE,"M21",31,1,1
"elk-115","truncated_normal",FALSE,"M21",32,1,1
"elk-115","truncated_normal",FALSE,"M21",33,1,1
"elk-115","truncated_normal",FALSE,"M21",34,1,1
"elk-115","truncated_normal",FALSE,"M21",35,1,1
"elk-115","truncated_normal",FALSE,"M21",36,1,0.99999999431931
"elk-115","truncated_normal",FALSE,"M21",37,1,0.99999999999856
"elk-115","truncated_normal",FALSE,"M21",38,1,1
"elk-115","truncated_normal",FALSE,"M21",39,1,0.99011472153739
"elk-115","truncated_normal",FALSE,"M21",40,1,1
"elk-115","truncated_normal",FALSE,"M21",41,1,1
"elk-115","truncated_normal",FALSE,"M21",42,1,0.996132983697952
"elk-115","truncated_normal",FALSE,"M21",43,1,1
"elk-115","truncated_normal",FALSE,"M21",44,1,0.999999999962744
"elk-115","truncated_normal",FALSE,"M21",45,1,1
"elk-115","truncated_normal",FALSE,"M21",46,1,1
"elk-115","truncated_normal",FALSE,"M21",47,1,0.999905356550245
"elk-115","truncated_normal",FALSE,"M21",48,1,1
"elk-115","truncated_normal",FALSE,"M21",49,1,1
"elk-115","truncated_normal",FALSE,"M21",50,1,0.999999999999997
"elk-115","truncated_normal",FALSE,"M21",51,1,0.999999999983599
"elk-115","truncated_normal",FALSE,"M21",52,1,1
"elk-115","truncated_normal",FALSE,"M21",53,1,0.999984337808329
"elk-115","truncated_normal",FALSE,"M21",54,1,0.999961689200692
"elk-115","truncated_normal",FALSE,"M21",55,1,0.999999998935565
"elk-115","truncated_normal",FALSE,"M21",56,1,0.999998952906842
"elk-115","truncated_normal",FALSE,"M21",57,1,1
"elk-115","truncated_normal",FALSE,"M21",58,1,1
"elk-115","truncated_normal",FALSE,"M21",59,1,0.999999924652551
"elk-115","truncated_normal",FALSE,"M21",60,1,0.999997452544148
"elk-115","truncated_normal",FALSE,"M21",61,1,0.999999998956598
"elk-115","truncated_normal",FALSE,"M21",62,1,1
"elk-115","truncated_normal",FALSE,"M21",63,1,1
"elk-115","truncated_normal",FALSE,"M21",64,1,0.999762787084184
"elk-115","truncated_normal",FALSE,"M21",65,1,1
"elk-115","truncated_normal",FALSE,"M21",66,1,1
"elk-115","truncated_normal",FALSE,"M21",67,1,1
"elk-115","truncated_normal",FALSE,"M21",68,1,1
"elk-115","truncated_normal",FALSE,"M21",69,1,0.974802454266867
"elk-115","truncated_normal",FALSE,"M21",70,1,0.999999999978678
"elk-115","truncated_normal",FALSE,"M21",71,1,1
"elk-115","truncated_normal",FALSE,"M21",72,1,1
"elk-115","truncated_normal",FALSE,"M21",73,1,1
"elk-115","truncated_normal",FALSE,"M21",74,1,1
"elk-115","truncated_normal",FALSE,"M21",75,1,0.99999999991496
"elk-115","truncated_normal",FALSE,"M21",76,1,0.999999997349118
"elk-115","truncated_normal",FALSE,"M21",77,2,0.664884649845124
"elk-115","truncated_normal",FALSE,"M21",78,2,0.976697912756889
"elk-115","truncated_normal",FALSE,"M21",79,2,0.998657894122953
"elk-115","truncated_normal",FALSE,"M21",80,2,0.997328082875117
"elk-115","truncated_normal",FALSE,"M21",81,2,0.971246943780171
"elk-115","truncated_normal",FALSE,"M21",82,1,1
"elk-115","truncated_normal",FALSE,"M21",83,1,1
"elk-115","truncated_normal",FALSE,"M21",84,1,1
"elk-115","truncated_normal",FALSE,"M21",85,1,0.999401848510151
"elk-115","truncated_normal",FALSE,"M21",86,1,1
"elk-115","truncated_normal",FALSE,"M21",87,1,1
"elk-115","truncated_normal",FALSE,"M21",88,1,1
"elk-115","truncated_normal",FALSE,"M21",89,1,1
"elk-115","truncated_normal",FALSE,"M21",90,1,1
"elk-115","truncated_normal",FALSE,"M21",91,1,1
"elk-115","truncated_normal",FALSE,"M21",92,1,1
"elk-115","truncated_normal",FALSE,"M21",93,1,1
"elk-115","truncated_normal",FALSE,"M21",94,1,0.999905356550245
"elk-115","truncated_normal",FALSE,"M21",95,1,1
"elk-115","truncated_normal",FALSE,"M21",96,1,1
"elk-115","truncated_normal",FALSE,"M21",97,1,1
"elk-115","truncated_normal",FALSE,"M21",98,1,1
"elk-115","truncated_normal",FALSE,"M21",99,1,1
"elk-115","truncated_normal",FALSE,"M21",100,1,0.99011472153739
"elk-115","truncated_normal",FALSE,"M21",101,1,1
"elk-115","truncated_normal",FALSE,"M21",102,1,0.999993766730527
"elk-115","truncated_normal",FALSE,"M21",103,1,1
"elk-115","truncated_normal",FALSE,"M21",104,1,0.853509491095005
"elk-115","truncated_normal",FALSE,"M21",105,1,0.680172740000665
"elk-115","truncated_normal",FALSE,"M21",106,1,0.603592071561755
"elk-115","truncated_normal",FALSE,"M21",107,1,0.999999999999997
"elk-115","truncated_normal",FALSE,"M21",108,1,0.999999968369771
"elk-115","truncated_normal",FALSE,"M21",109,1,0.999999999540931
"elk-115","truncated_normal",FALSE,"M21",110,1,0.999962007993713
"elk-115","truncated_normal",FALSE,"M21",111,1,0.999999967711206
"elk-115","truncated_normal",FALSE,"M21",112,1,1
"elk-115","truncated_normal",FALSE,"M21",113,1,0.999993766730527
"elk-115","truncated_normal",FALSE,"M21",114,1,1
"elk-115","truncated_normal",FALSE,"M21",115,1,1
"elk-115","truncated_normal",FALSE,"M21",116,1,1
"elk-115","truncated_normal",FALSE,"M21",117,1,1
"elk-115","truncated_normal",FALSE,"M21",118,1,0.99999999431931
"elk-115","truncated_normal",FALSE,"M21",119,1,1
"elk-115","truncated_normal",FALSE,"M21",120,1,1
"elk-115","truncated_normal",FALSE,"M21",121,1,1
"elk-115","truncated_normal",FALSE,"M21",122,1,1
"elk-115","truncated_normal",FALSE,"M21",123,1,1
"elk-115","truncated_normal",FALSE,"M21",124,1,1
"elk-115","truncated_normal",FALSE,"M21",125,1,1
"elk-115","truncated_normal",FALSE,"M21",126,1,0.99011472153739
"elk-115","truncated_normal",FALSE,"M21",127,1,1
"elk-115","truncated_normal",FALSE,"M21",128,1,1
"elk-115","truncated_normal",FALSE,"M21",129,1,1
"elk-115","truncated_normal",FALSE,"M21",130,1,1
"elk-115","truncated_normal",FALSE,"M21",131,1,1
"elk-115","truncated_normal",FALSE,"M21",132,1,1
"elk-115","truncated_normal",FALSE,"M21",133,1,1
"elk-115","truncated_normal",FALSE,"M21",134,1,0.999999998958052
"elk-115","truncated_normal",FALSE,"M21",135,1,0.999999998958052
"elk-115","truncated_normal",FALSE,"M21",136,1,1
"elk-115","truncated_normal",FALSE,"M21",137,1,1
"elk-115","truncated_normal",FALSE,"M21",138,1,1
"elk-115","truncated_normal",FALSE,"M21",139,1,1
"elk-115","truncated_normal",FALSE,"M21",140,1,1
"elk-115","truncated_normal",FALSE,"M21",141,1,0.999999998957454
"elk-115","truncated_normal",FALSE,"M21",142,1,0.999998952906855
"elk-115","truncated_normal",FALSE,"M21",143,1,1
"elk-115","truncated_normal",FALSE,"M21",144,1,1
"elk-115","truncated_normal",FALSE,"M21",145,1,0.936875034258403
"elk-115","truncated_normal",FALSE,"M21",146,1,1
"elk-115","truncated_normal",FALSE,"M21",147,1,1
"elk-115","truncated_normal",FALSE,"M21",148,1,0.999999968369779
"elk-115","truncated_normal",FALSE,"M21",149,1,0.999999999999994
"elk-115","truncated_normal",FALSE,"M21",150,1,0.999999968369771
"elk-115","truncated_normal",FALSE,"M21",151,1,0.999999999550295
"elk-115","truncated_normal",FALSE,"M21",152,1,1
"elk-115","truncated_normal",FALSE,"M21",153,1,1
"elk-115","truncated_normal",FALSE,"M21",154,1,0.999999999996776
"elk-115","truncated_normal",FALSE,"M21",155,1,1
"elk-115","truncated_normal",FALSE,"M21",156,1,1
"elk-115","truncated_normal",FALSE,"M21",157,1,0.999998952907453
"elk-115","truncated_normal",FALSE,"M21",158,1,1
"elk-115","truncated_normal",FALSE,"M21",159,1,1
"elk-115","truncated_normal",FALSE,"M21",160,1,1
"elk-115","truncated_normal",FALSE,"M21",161,1,1
"elk-115","truncated_normal",FALSE,"M21",162,1,1
"elk-115","truncated_normal",FALSE,"M21",163,1,1
"elk-115","truncated_normal",FALSE,"M21",164,1,1
"elk-115","truncated_normal",FALSE,"M21",165,1,1
"elk-115","truncated_normal",FALSE,"M21",166,1,0.999999999999987
"elk-115","truncated_normal",FALSE,"M21",167,1,0.999999997522889
"elk-115","truncated_normal",FALSE,"M21",168,1,0.999962008611102
"elk-115","truncated_normal",FALSE,"M21",169,1,1
"elk-115","truncated_normal",FALSE,"M21",170,1,1
"elk-115","truncated_normal",FALSE,"M21",171,1,1
"elk-115","truncated_normal",FALSE,"M21",172,1,0.999905356550245
"elk-115","truncated_normal",FALSE,"M21",173,1,1
"elk-115","truncated_normal",FALSE,"M21",174,1,1
"elk-115","truncated_normal",FALSE,"M21",175,1,1
"elk-115","truncated_normal",FALSE,"M21",176,1,1
"elk-115","truncated_normal",FALSE,"M21",177,1,1
"elk-115","truncated_normal",FALSE,"M21",178,1,0.999999999999999
"elk-115","truncated_normal",FALSE,"M21",179,1,1
"elk-115","truncated_normal",FALSE,"M21",180,1,0.999999999999709
"elk-115","truncated_normal",FALSE,"M21",181,1,1
"elk-115","truncated_normal",FALSE,"M21",182,1,1
"elk-115","truncated_normal",FALSE,"M21",183,1,1
"elk-115","truncated_normal",FALSE,"M21",184,1,1
"elk-115","truncated_normal",FALSE,"M21",185,2,0.973325024714868
"elk-115","truncated_normal",FALSE,"M21",186,2,0.999610296635802
"elk-115","truncated_normal",FALSE,"M21",187,2,0.99993891197886
"elk-115","truncated_normal",FALSE,"M21",188,2,0.999948469906352
"elk-115","truncated_normal",FALSE,"M21",189,2,0.999974376886832
"elk-115","truncated_normal",FALSE,"M21",190,2,0.999974718575056
"elk-115","truncated_normal",FALSE,"M21",191,2,0.999974168691562
"elk-115","truncated_normal",FALSE,"M21",192,2,0.999933019483196
"elk-115","truncated_normal",FALSE,"M21",193,2,0.996879836774887
"elk-115","truncated_normal",FALSE,"H2",1,2,1
"elk-115","truncated_normal",FALSE,"H2",2,2,1
"elk-115","truncated_normal",FALSE,"H2",3,2,0.999999999999995
"elk-115","truncated_normal",FALSE,"H2",4,2,1
"elk-115","truncated_normal",FALSE,"H2",5,2,0.999998789471104
"elk-115","truncated_normal",FALSE,"H2",6,2,1
"elk-115","truncated_normal",FALSE,"H2",7,2,1
"elk-115","truncated_normal",FALSE,"H2",8,2,1
"elk-115","truncated_normal",FALSE,"H2",9,2,1
"elk-115","truncated_normal",FALSE,"H2",10,2,1
"elk-115","truncated_normal",FALSE,"H2",11,2,1
"elk-115","truncated_normal",FALSE,"H2",12,2,1
"elk-115","truncated_normal",FALSE,"H2",13,2,1
"elk-115","truncated_normal",FALSE,"H2",14,2,1
"elk-115","truncated_normal",FALSE,"H2",15,2,1
"elk-115","truncated_normal",FALSE,"H2",16,2,1
"elk-115","truncated_normal",FALSE,"H2",17,2,1
"elk-115","truncated_normal",FALSE,"H2",18,2,1
"elk-115","truncated_normal",FALSE,"H2",19,2,1
"elk-115","truncated_normal",FALSE,"H2",20,2,1
"elk-115","truncated_normal",FALSE,"H2",21,2,1
"elk-115","truncated_normal",FALSE,"H2",22,2,1
"elk-115","truncated_normal",FALSE,"H2",23,2,0.999999999999995
"elk-115","truncated_normal",FALSE,"H2",24,2,1
"elk-115","truncated_normal",FALSE,"H2",25,2,1
"elk-115","truncated_normal",FALSE,"H2",26,2,1
"elk-115","truncated_normal",FALSE,"H2",27,2,0.999999999999595
"elk-115","truncated_normal",FALSE,"H2",28,2,1
"elk-115","truncated_normal",FALSE,"H2",29,2,0.999999999999995
"elk-115","truncated_normal",FALSE,"H2",30,2,1
"elk-115","truncated_normal",FALSE,"H2",31,2,1
"elk-115","truncated_normal",FALSE,"H2",32,2,1
"elk-115","truncated_normal",FALSE,"H2",33,2,1
"elk-115","truncated_normal",FALSE,"H2",34,2,1
"elk-115","truncated_normal",FALSE,"H2",35,2,1
"elk-115","truncated_normal",FALSE,"H2",36,2,0.999999999992863
"elk-115","truncated_normal",FALSE,"H2",37,2,1
"elk-115","truncated_normal",FALSE,"H2",38,2,1
"elk-115","truncated_normal",FALSE,"H2",39,2,0.99574187134405
"elk-115","truncated_normal",FALSE,"H2",40,2,1
"elk-115","truncated_normal",FALSE,"H2",41,2,1
"elk-115","truncated_normal",FALSE,"H2",42,2,0.998567487325479
"elk-115","truncated_normal",FALSE,"H2",43,2,1
"elk-115","truncated_normal",FALSE,"H2",44,2,0.999999999999999
"elk-115","truncated_normal",FALSE,"H2",45,2,1
"elk-115","truncated_normal",FALSE,"H2",46,2,1
"elk-115","truncated_normal",FALSE,"H2",47,2,0.99998591950747
"elk-115","truncated_normal",FALSE,"H2",48,2,1
"elk-115","truncated_normal",FALSE,"H2",49,2,1
"elk-115","truncated_normal",FALSE,"H2",50,2,1
"elk-115","truncated_normal",FALSE,"H2",51,2,1
"elk-115","truncated_normal",FALSE,"H2",52,2,1
"elk-115","truncated_normal",FALSE,"H2",53,2,0.99999878565084
"elk-115","truncated_normal",FALSE,"H2",54,2,0.999995821148624
"elk-115","truncated_normal",FALSE,"H2",55,2,0.999999999999594
"elk-115","truncated_normal",FALSE,"H2",56,2,0.999999974023072
"elk-115","truncated_normal",FALSE,"H2",57,2,1
"elk-115","truncated_normal",FALSE,"H2",58,2,1
"elk-115","truncated_normal",FALSE,"H2",59,2,0.999999999533194
"elk-115","truncated_normal",FALSE,"H2",60,2,0.999999904578056
"elk-115","truncated_normal",FALSE,"H2",61,2,0.999999999999595
"elk-115","truncated_normal",FALSE,"H2",62,2,1
"elk-115","truncated_normal",FALSE,"H2",63,2,1
"elk-115","truncated_normal",FALSE,"H2",64,2,0.999953599182041
"elk-115","truncated_normal",FALSE,"H2",65,2,1
"elk-115","truncated_normal",FALSE,"H2",66,2,1
"elk-115","truncated_normal",FALSE,"H2",67,2,1
"elk-115","truncated_normal",FALSE,"H2",68,2,1
"elk-115","truncated_normal",FALSE,"H2",69,2,0.987746509076293
"elk-115","truncated_normal",FALSE,"H2",70,2,1
"elk-115","truncated_normal",FALSE,"H2",71,2,1
"elk-115","truncated_normal",FALSE,"H2",72,2,1
"elk-115","truncated_normal",FALSE,"H2",73,2,1
"elk-115","truncated_normal",FALSE,"H2",74,2,1
"elk-115","truncated_normal",FALSE,"H2",75,2,0.999999999999995
"elk-115","truncated_normal",FALSE,"H2",76,2,0.999999999999981
"elk-115","truncated_normal",FALSE,"H2",77,1,0.508297622104607
"elk-115","truncated_normal",FALSE,"H2",78,1,0.944392857252939
"elk-115","truncated_normal",FALSE,"H2",79,1,0.992483372047484
"elk-115","truncated_normal",FALSE,"H2",80,1,0.990381451270064
"elk-115","truncated_normal",FALSE,"H2",81,1,0.954672087398883
"elk-115","truncated_normal",FALSE,"H2",82,2,1
"elk-115","truncated_normal",FALSE,"H2",83,2,1
"elk-115","truncated_normal",FALSE,"H2",84,2,1
"elk-115","truncated_normal",FALSE,"H2",85,2,0.999850709031424
"elk-115","truncated_normal",FALSE,"H2",86,2,1
"elk-115","truncated_normal",FALSE,"H2",87,2,1
"elk-115","truncated_normal",FALSE,"H2",88,2,1
"elk-115","truncated_normal",FALSE,"H2",89,2,1
"elk-115","truncated_normal",FALSE,"H2",90,2,1
"elk-115","truncated_normal",FALSE,"H2",91,2,1
"elk-115","truncated_normal",FALSE,"H2",92,2,1
"elk-115","truncated_normal",FALSE,"H2",93,2,1
"elk-115","truncated_normal",FALSE,"H2",94,2,0.99998591950747
"elk-115","truncated_normal",FALSE,"H2",95,2,1
"elk-115","truncated_normal",FALSE,"H2",96,2,1
"elk-115","truncated_normal",FALSE,"H2",97,2,1
"elk-115","truncated_normal",FALSE,"H2",98,2,1
"elk-115","truncated_normal",FALSE,"H2",99,2,1
"elk-115","truncated_normal",FALSE,"H2",100,2,0.99574187134405
"elk-115","truncated_normal",FALSE,"H2",101,2,1
"elk-115","truncated_normal",FALSE,"H2",102,2,0.999999656542894
"elk-115","truncated_normal",FALSE,"H2",103,2,1
"elk-115","truncated_normal",FALSE,"H2",104,2,0.975530890888559
"elk-115","truncated_normal",FALSE,"H2",105,2,0.908188330278183
"elk-115","truncated_normal",FALSE,"H2",106,2,0.848510682792628
"elk-115","truncated_normal",FALSE,"H2",107,2,1
"elk-115","truncated_normal",FALSE,"H2",108,2,0.999999999882139
"elk-115","truncated_normal",FALSE,"H2",109,2,0.999999999999905
"elk-115","truncated_normal",FALSE,"H2",110,2,0.999995824968505
"elk-115","truncated_normal",FALSE,"H2",111,2,0.999999999881767
"elk-115","truncated_normal",FALSE,"H2",112,2,1
"elk-115","truncated_normal",FALSE,"H2",113,2,0.999999656542894
"elk-115","truncated_normal",FALSE,"H2",114,2,1
"elk-115","truncated_normal",FALSE,"H2",115,2,1
"elk-115","truncated_normal",FALSE,"H2",116,2,1
"elk-115","truncated_normal",FALSE,"H2",117,2,1
"elk-115","truncated_normal",FALSE,"H2",118,2,0.999999999992863
"elk-115","truncated_normal",FALSE,"H2",119,2,1
"elk-115","truncated_normal",FALSE,"H2",120,2,1
"elk-115","truncated_normal",FALSE,"H2",121,2,1
"elk-115","truncated_normal",FALSE,"H2",122,2,1
"elk-115","truncated_normal",FALSE,"H2",123,2,1
"elk-115","truncated_normal",FALSE,"H2",124,2,1
"elk-115","truncated_normal",FALSE,"H2",125,2,1
"elk-115","truncated_normal",FALSE,"H2",126,2,0.99574187134405
"elk-115","truncated_normal",FALSE,"H2",127,2,1
"elk-115","truncated_normal",FALSE,"H2",128,2,1
"elk-115","truncated_normal",FALSE,"H2",129,2,1
"elk-115","truncated_normal",FALSE,"H2",130,2,1
"elk-115","truncated_normal",FALSE,"H2",131,2,1
"elk-115","truncated_normal",FALSE,"H2",132,2,1
"elk-115","truncated_normal",FALSE,"H2",133,2,1
"elk-115","truncated_normal",FALSE,"H2",134,2,0.999999999999595
"elk-115","truncated_normal",FALSE,"H2",135,2,0.999999999999595
"elk-115","truncated_normal",FALSE,"H2",136,2,1
"elk-115","truncated_normal",FALSE,"H2",137,2,1
"elk-115","truncated_normal",FALSE,"H2",138,2,1
"elk-115","truncated_normal",FALSE,"H2",139,2,1
"elk-115","truncated_normal",FALSE,"H2",140,2,1
"elk-115","truncated_normal",FALSE,"H2",141,2,0.999999999999595
"elk-115","truncated_normal",FALSE,"H2",142,2,0.999999974023072
"elk-115","truncated_normal",FALSE,"H2",143,2,1
"elk-115","truncated_normal",FALSE,"H2",144,2,1
"elk-115","truncated_normal",FALSE,"H2",145,2,0.966192146729401
"elk-115","truncated_normal",FALSE,"H2",146,2,1
"elk-115","truncated_normal",FALSE,"H2",147,2,1
"elk-115","truncated_normal",FALSE,"H2",148,2,0.999999999882139
"elk-115","truncated_normal",FALSE,"H2",149,2,1
"elk-115","truncated_normal",FALSE,"H2",150,2,0.999999999882139
"elk-115","truncated_normal",FALSE,"H2",151,2,0.999999999999906
"elk-115","truncated_normal",FALSE,"H2",152,2,1
"elk-115","truncated_normal",FALSE,"H2",153,2,1
"elk-115","truncated_normal",FALSE,"H2",154,2,1
"elk-115","truncated_normal",FALSE,"H2",155,2,1
"elk-115","truncated_normal",FALSE,"H2",156,2,1
"elk-115","truncated_normal",FALSE,"H2",157,2,0.999999974023072
"elk-115","truncated_normal",FALSE,"H2",158,2,1
"elk-115","truncated_normal",FALSE,"H2",159,2,1
"elk-115","truncated_normal",FALSE,"H2",160,2,1
"elk-115","truncated_normal",FALSE,"H2",161,2,1
"elk-115","truncated_normal",FALSE,"H2",162,2,1
"elk-115","truncated_normal",FALSE,"H2",163,2,1
"elk-115","truncated_normal",FALSE,"H2",164,2,1
"elk-115","truncated_normal",FALSE,"H2",165,2,1
"elk-115","truncated_normal",FALSE,"H2",166,2,1
"elk-115","truncated_normal",FALSE,"H2",167,2,0.999999999998281
"elk-115","truncated_normal",FALSE,"H2",168,2,0.999995824968872
"elk-115","truncated_normal",FALSE,"H2",169,2,1
"elk-115","truncated_normal",FALSE,"H2",170,2,1
"elk-115","truncated_normal",FALSE,"H2",171,2,1
"elk-115","truncated_normal",FALSE,"H2",172,2,0.99998591950747
"elk-115","truncated_normal",FALSE,"H2",173,2,1
"elk-115","truncated_normal",FALSE,"H2",174,2,1
"elk-115","truncated_normal",FALSE,"H2",175,2,1
"elk-115","truncated_normal",FALSE,"H2",176,2,1
"elk-115","truncated_normal",FALSE,"H2",177,2,1
"elk-115","truncated_normal",FALSE,"H2",178,2,1
"elk-115","truncated_normal",FALSE,"H2",179,2,1
"elk-115","truncated_normal",FALSE,"H2",180,2,1
"elk-115","truncated_normal",FALSE,"H2",181,2,1
"elk-115","truncated_normal",FALSE,"H2",182,2,1
"elk-115","truncated_normal",FALSE,"H2",183,2,1
"elk-115","truncated_normal",FALSE,"H2",184,2,1
"elk-115","truncated_normal",FALSE,"H2",185,1,0.962952086950531
"elk-115","truncated_normal",FALSE,"H2",186,1,0.999286518562899
"elk-115","truncated_normal",FALSE,"H2",187,1,0.999921318510379
"elk-115","truncated_normal",FALSE,"H2",188,1,0.999946280649022
"elk-115","truncated_normal",FALSE,"H2",189,1,0.999974467932534
"elk-115","truncated_normal",FALSE,"H2",190,1,0.999974959611587
"elk-115","truncated_normal",FALSE,"H2",191,1,0.99997376599943
"elk-115","truncated_normal",FALSE,"H2",192,1,0.999907743820174
"elk-115","truncated_normal",FALSE,"H2",193,1,0.996284253814893
"elk-115","truncated_normal",FALSE,"H3",1,1,0.999999999990967
"elk-115","truncated_normal",FALSE,"H3",2,1,0.996871033853655
"elk-115","truncated_normal",FALSE,"H3",3,1,0.994040838213987
"elk-115","truncated_normal",FALSE,"H3",4,1,0.993522721868653
"elk-115","truncated_normal",FALSE,"H3",5,1,0.996362573739451
"elk-115","truncated_normal",FALSE,"H3",6,1,0.999999999842067
"elk-115","truncated_normal",FALSE,"H3",7,2,0.55702532138824
"elk-115","truncated_normal",FALSE,"H3",8,2,0.653317235239957
"elk-115","truncated_normal",FALSE,"H3",9,2,0.776963417687726
"elk-115","truncated_normal",FALSE,"H3",10,2,0.84953517135878
"elk-115","truncated_normal",FALSE,"H3",11,2,0.883008659518836
"elk-115","truncated_normal",FALSE,"H3",12,2,0.897725106912383
"elk-115","truncated_normal",FALSE,"H3",13,2,0.949785837051104
"elk-115","truncated_normal",FALSE,"H3",14,2,0.97506358777915
"elk-115","truncated_normal",FALSE,"H3",15,2,0.986948808317823
"elk-115","truncated_normal",FALSE,"H3",16,2,0.993231132367092
"elk-115","truncated_normal",FALSE,"H3",17,2,0.99617010555981
"elk-115","truncated_normal",FALSE,"H3",18,2,0.997451386870772
"elk-115","truncated_normal",FALSE,"H3",19,2,0.998244056650517
"elk-115","truncated_normal",FALSE,"H3",20,2,0.998609785867075
"elk-115","truncated_normal",FALSE,"H3",21,2,0.998676375064777
"elk-115","truncated_normal",FALSE,"H3",22,2,0.998784979142704
"elk-115","truncated_normal",FALSE,"H3",23,2,0.998647696683593
"elk-115","truncated_normal",FALSE,"H3",24,2,0.998795751896754
"elk-115","truncated_normal",FALSE,"H3",25,2,0.998841355041213
"elk-115","truncated_normal",FALSE,"H3",26,2,0.998776130079089
"elk-115","truncated_normal",FALSE,"H3",27,2,0.998546743694742
"elk-115","truncated_normal",FALSE,"H3",28,2,0.998700099165753
"elk-115","truncated_normal",FALSE,"H3",29,2,0.998576421212963
"elk-115","truncated_normal",FALSE,"H3",30,2,0.998722140290465
"elk-115","truncated_normal",FALSE,"H3",31,2,0.998717938993281
"elk-115","truncated_normal",FALSE,"H3",32,2,0.99852138893579
"elk-115","truncated_normal",FALSE,"H3",33,2,0.998003949398012
"elk-115","truncated_normal",FALSE,"H3",34,2,0.996948841724648
"elk-115","truncated_normal",FALSE,"H3",35,2,0.996684703885528
"elk-115","truncated_normal",FALSE,"H3",36,2,0.996655245038252
"elk-115","truncated_normal",FALSE,"H3",37,2,0.996873968631534
"elk-115","truncated_normal",FALSE,"H3",38,2,0.996805906279373
"elk-115","truncated_normal",FALSE,"H3",39,2,0.995006802832542
"elk-115","truncated_normal",FALSE,"H3",40,2,0.995803179550311
"elk-115","truncated_normal",FALSE,"H3",41,2,0.995791863291983
"elk-115","truncated_normal",FALSE,"H3",42,2,0.994082581914231
"elk-115","truncated_normal",FALSE,"H3",43,2,0.994593027574814
"elk-115","truncated_normal",FALSE,"H3",44,2,0.993824680051498
"elk-115","truncated_normal",FALSE,"H3",45,2,0.992504391386246
"elk-115","truncated_normal",FALSE,"H3",46,2,0.988972671876392
"elk-115","truncated_normal",FALSE,"H3",47,2,0.988018974754172
"elk-115","truncated_normal",FALSE,"H3",48,2,0.988468442299225
"elk-115","truncated_normal",FALSE,"H3",49,2,0.986333089862794
"elk-115","truncated_normal",FALSE,"H3",50,2,0.98066039896475
"elk-115","truncated_normal",FALSE,"H3",51,2,0.96964687782739
"elk-115","truncated_normal",FALSE,"H3",52,2,0.952733846034786
"elk-115","truncated_normal",FALSE,"H3",53,2,0.929078416365271
"elk-115","truncated_normal",FALSE,"H3",54,2,0.906970920247008
"elk-115","truncated_normal",FALSE,"H3",55,2,0.887387986385087
"elk-115","truncated_normal",FALSE,"H3",56,2,0.860024709390955
"elk-115","truncated_normal",FALSE,"H3",57,2,0.83089799675532
"elk-115","truncated_normal",FALSE,"H3",58,2,0.76618365111757
"elk-115","truncated_normal",FALSE,"H3",59,2,0.633585249331201
"elk-115","truncated_normal",FALSE,"H3",60,2,0.52415334904656
"elk-115","truncated_normal",FALSE,"H3",61,2,0.688618881263947
"elk-115","truncated_normal",FALSE,"H3",62,1,0.914747786691608
"elk-115","truncated_normal",FALSE,"H3",63,1,0.977486612483599
"elk-115","truncated_normal",FALSE,"H3",64,1,0.979252933230245
"elk-115","truncated_normal",FALSE,"H3",65,1,0.981519860038439
"elk-115","truncated_normal",FALSE,"H3",66,1,0.989259657532562
"elk-115","truncated_normal",FALSE,"H3",67,1,0.985033986283763
"elk-115","truncated_normal",FALSE,"H3",68,1,0.984192045865554
"elk-115","truncated_normal",FALSE,"H3",69,1,0.962652189556958
"elk-115","truncated_normal",FALSE,"H3",70,1,0.995059879028108
"elk-115","truncated_normal",FALSE,"H3",71,1,0.999999987123161
"elk-115","truncated_normal",FALSE,"H3",72,1,0.999999938207384
"elk-115","truncated_normal",FALSE,"H3",73,1,0.80113325845763
"elk-115","truncated_normal",FALSE,"H3",74,1,0.704176153332831
"elk-115","truncated_normal",FALSE,"H3",75,1,0.660330661871984
"elk-115","truncated_normal",FALSE,"H3",76,1,0.632585461602114
"elk-115","truncated_normal",FALSE,"H3",77,3,0.702192280751519
"elk-115","truncated_normal",FALSE,"H3",78,3,0.981541896418165
"elk-115","truncated_normal",FALSE,"H3",79,3,0.999059188621608
"elk-115","truncated_normal",FALSE,"H3",80,3,0.9976248039264
"elk-115","truncated_normal",FALSE,"H3",81,3,0.971412905294736
"elk-115","truncated_normal",FALSE,"H3",82,1,0.999995204557146
"elk-115","truncated_normal",FALSE,"H3",83,1,0.999999999843396
"elk-115","truncated_normal",FALSE,"H3",84,1,0.986394418213377
"elk-115","truncated_normal",FALSE,"H3",85,1,0.977593362765496
"elk-115","truncated_normal",FALSE,"H3",86,1,0.968860240400215
"elk-115","truncated_normal",FALSE,"H3",87,1,0.966305621333693
"elk-115","truncated_normal",FALSE,"H3",88,1,0.969225861539716
"elk-115","truncated_normal",FALSE,"H3",89,1,0.976669788370451
"elk-115","truncated_normal",FALSE,"H3",90,1,0.980206708090948
"elk-115","truncated_normal",FALSE,"H3",91,1,0.99071096114012
"elk-115","truncated_normal",FALSE,"H3",92,1,0.997984385234454
"elk-115","truncated_normal",FALSE,"H3",93,1,0.994112282695027
"elk-115","truncated_normal",FALSE,"H3",94,1,0.993910956983809
"elk-115","truncated_normal",FALSE,"H3",95,1,0.994460524043291
"elk-115","truncated_normal",FALSE,"H3",96,1,0.998738555954664
"elk-115","truncated_normal",FALSE,"H3",97,1,0.995866771445522
"elk-115","truncated_normal",FALSE,"H3",98,1,0.996190742798542
"elk-115","truncated_normal",FALSE,"H3",99,1,0.999865149839163
"elk-115","truncated_normal",FALSE,"H3",100,1,0.989691596308695
"elk-115","truncated_normal",FALSE,"H3",101,1,0.999999999999999
"elk-115","truncated_normal",FALSE,"H3",102,1,0.997491313940822
"elk-115","truncated_normal",FALSE,"H3",103,1,0.995903812106633
"elk-115","truncated_normal",FALSE,"H3",104,1,0.828767511755107
"elk-115","truncated_normal",FALSE,"H3",105,1,0.656824737325281
"elk-115","truncated_normal",FALSE,"H3",106,1,0.58630151371005
"elk-115","truncated_normal",FALSE,"H3",107,1,0.984485666022798
"elk-115","truncated_normal",FALSE,"H3",108,1,0.98111059005631
"elk-115","truncated_normal",FALSE,"H3",109,1,0.979865686930161
"elk-115","truncated_normal",FALSE,"H3",110,1,0.981474563842751
"elk-115","truncated_normal",FALSE,"H3",111,1,0.983620281152382
"elk-115","truncated_normal",FALSE,"H3",112,1,0.987848329122765
"elk-115","truncated_normal",FALSE,"H3",113,1,0.993451397196362
"elk-115","truncated_normal",FALSE,"H3",114,1,0.99999119884626
"elk-115","truncated_normal",FALSE,"H3",115,1,0.999873470878587
"elk-115","truncated_normal",FALSE,"H3",116,1,0.999998578311076
"elk-115","truncated_normal",FALSE,"H3",117,1,0.999999999975445
"elk-115","truncated_normal",FALSE,"H3",118,1,0.997637025799634
"elk-115","truncated_normal",FALSE,"H3",119,1,0.996843704252717
"elk-115","truncated_normal",FALSE,"H3",120,1,0.998765199996042
"elk-115","truncated_normal",FALSE,"H3",121,1,0.999660196310652
"elk-115","truncated_normal",FALSE,"H3",122,1,0.995692520826448
"elk-115","truncated_normal",FALSE,"H3",123,1,0.9944987377425
"elk-115","truncated_normal",FALSE,"H3",124,1,0.99584864877898
"elk-115","truncated_normal",FALSE,"H3",125,1,0.994647244574409
"elk-115","truncated_normal",FALSE,"H3",126,1,0.986630837323051
"elk-115","truncated_normal",FALSE,"H3",127,1,0.999999996749292
"elk-115","truncated_normal",FALSE,"H3",128,1,0.999999834564151
"elk-115","truncated_normal",FALSE,"H3",129,1,0.999999999625821
"elk-115","truncated_normal",FALSE,"H3",130,1,0.999998857974935
"elk-115","truncated_normal",FALSE,"H3",131,1,0.999998113813397
"elk-115","truncated_normal",FALSE,"H3",132,1,0.999998605235117
"elk-115","truncated_normal",FALSE,"H3",133,1,0.999999998289594
"elk-115","truncated_normal",FALSE,"H3",134,1,0.992891724531282
"elk-115","truncated_normal",FALSE,"H3",135,1,0.988754349539076
"elk-115","truncated_normal",FALSE,"H3",136,1,0.987165745680911
"elk-115","truncated_normal",FALSE,"H3",137,1,0.990155457160044
"elk-115","truncated_normal",FALSE,"H3",138,1,0.986706526523073
"elk-115","truncated_normal",FALSE,"H3",139,2,0.624217531039732
"elk-115","truncated_normal",FALSE,"H3",140,2,0.548179202947374
"elk-115","truncated_normal",FALSE,"H3",141,2,0.63153240339353
"elk-115","truncated_normal",FALSE,"H3",142,2,0.691763575380515
"elk-115","truncated_normal",FALSE,"H3",143,2,0.747696503214157
"elk-115","truncated_normal",FALSE,"H3",144,2,0.781862056386374
"elk-115","truncated_normal",FALSE,"H3",145,2,0.821683404642709
"elk-115","truncated_normal",FALSE,"H3",146,2,0.890448506535285
"elk-115","truncated_normal",FALSE,"H3",147,2,0.925492239093468
"elk-115","truncated_normal",FALSE,"H3",148,2,0.942004016588219
"elk-115","truncated_normal",FALSE,"H3",149,2,0.955637104371702
"elk-115","truncated_normal",FALSE,"H3",150,2,0.962110112078826
"elk-115","truncated_normal",FALSE,"H3",151,2,0.96737381221554
"elk-115","truncated_normal",FALSE,"H3",152,2,0.97053467230305
"elk-115","truncated_normal",FALSE,"H3",153,2,0.975995554359084
"elk-115","truncated_normal",FALSE,"H3",154,2,0.984504305929221
"elk-115","truncated_normal",FALSE,"H3",155,2,0.989811092240829
"elk-115","truncated_normal",FALSE,"H3",156,2,0.992072426905614
"elk-115","truncated_normal",FALSE,"H3",157,2,0.992567311904115
"elk-115","truncated_normal",FALSE,"H3",158,2,0.993662868683956
"elk-115","truncated_normal",FALSE,"H3",159,2,0.993048741850101
"elk-115","truncated_normal",FALSE,"H3",160,2,0.992135560632016
"elk-115","truncated_normal",FALSE,"H3",161,2,0.995379347639895
"elk-115","truncated_normal",FALSE,"H3",162,2,0.996935149643931
"elk-115","truncated_normal",FALSE,"H3",163,2,0.997415409646138
"elk-115","truncated_normal",FALSE,"H3",164,2,0.998088785295199
"elk-115","truncated_normal",FALSE,"H3",165,2,0.998229211642274
"elk-115","truncated_normal",FALSE,"H3",166,2,0.997874717589955
"elk-115","truncated_normal",FALSE,"H3",167,2,0.99720558103076
"elk-115","truncated_normal",FALSE,"H3",168,2,0.996757574416507
"elk-115","truncated_normal",FALSE,"H3",169,2,0.997373371339884
"elk-115","truncated_normal",FALSE,"H3",170,2,0.997546689429735
"elk-115","truncated_normal",FALSE,"H3",171,2,0.99718331514696
"elk-115","truncated_normal",FALSE,"H3",172,2,0.995990943192279
"elk-115","truncated_normal",FALSE,"H3",173,2,0.996001328883126
"elk-115","truncated_normal",FALSE,"H3",174,2,0.994811455747072
"elk-115","truncated_normal",FALSE,"H3",175,2,0.991841866646264
"elk-115","truncated_normal",FALSE,"H3",176,2,0.989402514115091
"elk-115","truncated_normal",FALSE,"H3",177,2,0.989922341357031
"elk-115","truncated_normal",FALSE,"H3",178,2,0.989927355452798
"elk-115","truncated_normal",FALSE,"H3",179,2,0.988036500197331
"elk-115","truncated_normal",FALSE,"H3",180,2,0.98296035335248
"elk-115","truncated_normal",FALSE,"H3",181,2,0.974107828927838
"elk-115","truncated_normal",FALSE,"H3",182,2,0.970533750559787
"elk-115","truncated_normal",FALSE,"H3",183,2,0.966111543719938
"elk-115","truncated_normal",FALSE,"H3",184,2,0.96079708485563
"elk-115","truncated_normal",FALSE,"H3",185,3,0.981755110668724
"elk-115","truncated_normal",FALSE,"H3",186,3,0.999804881327077
"elk-115","truncated_normal",FALSE,"H3",187,3,0.999947901517538
"elk-115","truncated_normal",FALSE,"H3",188,3,0.999951109993079
"elk-115","truncated_normal",FALSE,"H3",189,3,0.999975039082911
"elk-115","truncated_normal",FALSE,"H3",190,3,0.999975368570981
"elk-115","truncated_normal",FALSE,"H3",191,3,0.999974767840315
"elk-115","truncated_normal",FALSE,"H3",192,3,0.999931597743717
"elk-115","truncated_normal",FALSE,"H3",193,3,0.996877406491896
"elk-163","truncated_normal",FALSE,"M21",1,1,1
"elk-163","truncated_normal",FALSE,"M21",2,1,0.999983131205071
"elk-163","truncated_normal",FALSE,"M21",3,1,0.996832933577356
"elk-163","truncated_normal",FALSE,"M21",4,1,0.989997933267459
"elk-163","truncated_normal",FALSE,"M21",5,1,0.999677331464025
"elk-163","truncated_normal",FALSE,"M21",6,1,0.999998484159907
"elk-163","truncated_normal",FALSE,"M21",7,1,0.999057958684531
"elk-163","truncated_normal",FALSE,"M21",8,1,1
"elk-163","truncated_normal",FALSE,"M21",9,1,0.999999999795735
"elk-163","truncated_normal",FALSE,"M21",10,1,1
"elk-163","truncated_normal",FALSE,"M21",11,1,0.999967170462247
"elk-163","truncated_normal",FALSE,"M21",12,1,0.949114183872157
"elk-163","truncated_normal",FALSE,"M21",13,1,0.953081484451687
"elk-163","truncated_normal",FALSE,"M21",14,1,1
"elk-163","truncated_normal",FALSE,"M21",15,1,0.866737122737976
"elk-163","truncated_normal",FALSE,"M21",16,1,0.805168057497581
"elk-163","truncated_normal",FALSE,"M21",17,1,0.814386981571163
"elk-163","truncated_normal",FALSE,"M21",18,1,0.85096010647456
"elk-163","truncated_normal",FALSE,"M21",19,1,0.8794975351311
"elk-163","truncated_normal",FALSE,"M21",20,1,0.916060603659278
"elk-163","truncated_normal",FALSE,"M21",21,1,0.999998440287794
"elk-163","truncated_normal",FALSE,"M21",22,1,0.997240024128457
"elk-163","truncated_normal",FALSE,"M21",23,1,1
"elk-163","truncated_normal",FALSE,"M21",24,1,1
"elk-163","truncated_normal",FALSE,"M21",25,1,0.99991160522488
"elk-163","truncated_normal",FALSE,"M21",26,1,0.994105991279306
"elk-163","truncated_normal",FALSE,"M21",27,1,0.987153738271742
"elk-163","truncated_normal",FALSE,"M21",28,1,0.999999999999999
"elk-163","truncated_normal",FALSE,"M21",29,1,0.999837547447859
"elk-163","truncated_normal",FALSE,"M21",30,1,0.99999999999783
"elk-163","truncated_normal",FALSE,"M21",31,1,0.999999999999999
"elk-163","truncated_normal",FALSE,"M21",32,1,1
"elk-163","truncated_normal",FALSE,"M21",33,1,1
"elk-163","truncated_normal",FALSE,"M21",34,1,0.987965396760086
"elk-163","truncated_normal",FALSE,"M21",35,1,0.998607319729182
"elk-163","truncated_normal",FALSE,"M21",36,1,0.999370643333581
"elk-163","truncated_normal",FALSE,"M21",37,1,0.993799247517122
"elk-163","truncated_normal",FALSE,"M21",38,1,0.999999999999993
"elk-163","truncated_normal",FALSE,"M21",39,1,0.883550780136481
"elk-163","truncated_normal",FALSE,"M21",40,1,0.862458905545033
"elk-163","truncated_normal",FALSE,"M21",41,1,0.907105492645306
"elk-163","truncated_normal",FALSE,"M21",42,1,0.999999999999996
"elk-163","truncated_normal",FALSE,"M21",43,1,0.999999999999998
"elk-163","truncated_normal",FALSE,"M21",44,1,0.962139853169164
"elk-163","truncated_normal",FALSE,"M21",45,1,0.963005316425146
"elk-163","truncated_normal",FALSE,"M21",46,1,1
"elk-163","truncated_normal",FALSE,"M21",47,1,1
"elk-163","truncated_normal",FALSE,"M21",48,1,0.951862523102069
"elk-163","truncated_normal",FALSE,"M21",49,1,0.955018577808772
"elk-163","truncated_normal",FALSE,"M21",50,1,1
"elk-163","truncated_normal",FALSE,"M21",51,2,0.643106133967549
"elk-163","truncated_normal",FALSE,"M21",52,2,0.843501526238448
"elk-163","truncated_normal",FALSE,"M21",53,2,0.902707001232716
"elk-163","truncated_normal",FALSE,"M21",54,2,0.914201258928352
"elk-163","truncated_normal",FALSE,"M21",55,2,0.900613123590146
"elk-163","truncated_normal",FALSE,"M21",56,2,0.895399861257746
"elk-163","truncated_normal",FALSE,"M21",57,2,0.832459665164093
"elk-163","truncated_normal",FALSE,"M21",58,2,0.604319405017351
"elk-163","truncated_normal",FALSE,"M21",59,1,0.668432746019159
"elk-163","truncated_normal",FALSE,"M21",60,1,0.792107995774897
"elk-163","truncated_normal",FALSE,"M21",61,1,0.832026287068523
"elk-163","truncated_normal",FALSE,"M21",62,1,0.915630771140518
"elk-163","truncated_normal",FALSE,"M21",63,1,0.906524896716946
"elk-163","truncated_normal",FALSE,"M21",64,1,0.913691149545541
"elk-163","truncated_normal",FALSE,"M21",65,1,1
"elk-163","truncated_normal",FALSE,"M21",66,1,0.989818721881372
"elk-163","truncated_normal",FALSE,"M21",67,1,1
"elk-163","truncated_normal",FALSE,"M21",68,1,1
"elk-163","truncated_normal",FALSE,"M21",69,2,0.653713953886281
"elk-163","truncated_normal",FALSE,"M21",70,2,0.865407906037696
"elk-163","truncated_normal",FALSE,"M21",71,2,0.932518914842928
"elk-163","truncated_normal",FALSE,"M21",72,2,0.971801987084711
"elk-163","truncated_normal",FALSE,"M21",73,2,0.983857037717446
"elk-163","truncated_normal",FALSE,"M21",74,2,0.989953193556604
"elk-163","truncated_normal",FALSE,"M21",75,2,0.992137165249608
"elk-163","truncated_normal",FALSE,"M21",76,2,0.992272312905891
"elk-163","truncated_normal",FALSE,"M21",77,2,0.991024171774712
"elk-163","truncated_normal",FALSE,"M21",78,2,0.989939568323544
"elk-163","truncated_normal",FALSE,"M21",79,2,0.992455010980598
"elk-163","truncated_normal",FALSE,"M21",80,2,0.995159450844127
"elk-163","truncated_normal",FALSE,"M21",81,2,0.994588637413976
"elk-163","truncated_normal",FALSE,"M21",82,2,0.991572078581186
"elk-163","truncated_normal",FALSE,"M21",83,2,0.99009552566337
"elk-163","truncated_normal",FALSE,"M21",84,2,0.986311163512017
"elk-163","truncated_normal",FALSE,"M21",85,2,0.984341089789184
"elk-163","truncated_normal",FALSE,"M21",86,2,0.976049874460995
"elk-163","truncated_normal",FALSE,"M21",87,2,0.946490515178541
"elk-163","truncated_normal",FALSE,"M21",88,2,0.864224423383154
"elk-163","truncated_normal",FALSE,"M21",89,2,0.66403082557721
"elk-163","truncated_normal",FALSE,"M21",90,1,0.999999936230937
"elk-163","truncated_normal",FALSE,"M21",91,1,0.952209116920009
"elk-163","truncated_normal",FALSE,"M21",92,1,0.950220860241817
"elk-163","truncated_normal",FALSE,"M21",93,1,0.949022489211808
"elk-163","truncated_normal",FALSE,"M21",94,1,0.999999984946717
"elk-163","truncated_normal",FALSE,"M21",95,1,0.99350884532313
"elk-163","truncated_normal",FALSE,"M21",96,1,0.999937194805315
"elk-163","truncated_normal",FALSE,"M21",97,1,0.98515069135886
"elk-163","truncated_normal",FALSE,"M21",98,1,0.999999999999986
"elk-163","truncated_normal",FALSE,"M21",99,1,0.997608591693631
"elk-163","truncated_normal",FALSE,"M21",100,1,0.981214508279725
"elk-163","truncated_normal",FALSE,"M21",101,1,0.972735690443928
"elk-163","truncated_normal",FALSE,"M21",102,1,0.99999999997978
"elk-163","truncated_normal",FALSE,"M21",103,1,0.970011077052125
"elk-163","truncated_normal",FALSE,"M21",104,1,0.915536303966859
"elk-163","truncated_normal",FALSE,"M21",105,1,0.923067627470261
"elk-163","truncated_normal",FALSE,"M21",106,1,0.999768000099485
"elk-163","truncated_normal",FALSE,"M21",107,1,0.98831775745313
"elk-163","truncated_normal",FALSE,"M21",108,1,0.999335120016114
"elk-163","truncated_normal",FALSE,"M21",109,1,0.990489230926372
"elk-163","truncated_normal",FALSE,"M21",110,1,0.989970469483185
"elk-163","truncated_normal",FALSE,"M21",111,1,0.999999998140617
"elk-163","truncated_normal",FALSE,"M21",112,1,0.999991223348386
"elk-163","truncated_normal",FALSE,"M21",113,1,0.979585424394488
"elk-163","truncated_normal",FALSE,"M21",114,1,0.986724606986723
"elk-163","truncated_normal",FALSE,"M21",115,1,1
"elk-163","truncated_normal",FALSE,"M21",116,2,0.665699590759461
"elk-163","truncated_normal",FALSE,"M21",117,2,0.889926634364523
"elk-163","truncated_normal",FALSE,"M21",118,2,0.962765333522592
"elk-163","truncated_normal",FALSE,"M21",119,2,0.986556488215232
"elk-163","truncated_normal",FALSE,"M21",120,2,0.993099671181227
"elk-163","truncated_normal",FALSE,"M21",121,2,0.993959106574008
"elk-163","truncated_normal",FALSE,"M21",122,2,0.995560168638754
"elk-163","truncated_normal",FALSE,"M21",123,2,0.995871238458124
"elk-163","truncated_normal",FALSE,"M21",124,2,0.996413492867471
"elk-163","truncated_normal",FALSE,"M21",125,2,0.995746673994064
"elk-163","truncated_normal",FALSE,"M21",126,2,0.995972389175117
"elk-163","truncated_normal",FALSE,"M21",127,2,0.994713586838945
"elk-163","truncated_normal",FALSE,"M21",128,2,0.99054258032266
"elk-163","truncated_normal",FALSE,"M21",129,2,0.979928557438058
"elk-163","truncated_normal",FALSE,"M21",130,2,0.980548004973328
"elk-163","truncated_normal",FALSE,"M21",131,2,0.986352488891685
"elk-163","truncated_normal",FALSE,"M21",132,2,0.990592291273898
"elk-163","truncated_normal",FALSE,"M21",133,2,0.988362492700715
"elk-163","truncated_normal",FALSE,"M21",134,2,0.97731059103784
"elk-163","truncated_normal",FALSE,"M21",135,2,0.93975449467515
"elk-163","truncated_normal",FALSE,"M21",136,2,0.892507167775216
"elk-163","truncated_normal",FALSE,"M21",137,2,0.884422903661911
"elk-163","truncated_normal",FALSE,"M21",138,2,0.82700524055898
"elk-163","truncated_normal",FALSE,"M21",139,2,0.777625110253499
"elk-163","truncated_normal",FALSE,"M21",140,2,0.696480527357777
"elk-163","truncated_normal",FALSE,"M21",141,2,0.667125542735904
"elk-163","truncated_normal",FALSE,"M21",142,2,0.510747739245375
"elk-163","truncated_normal",FALSE,"M21",143,2,0.623407032206344
"elk-163","truncated_normal",FALSE,"M21",144,1,0.808005216600868
"elk-163","truncated_normal",FALSE,"M21",145,1,0.85344593973871
"elk-163","truncated_normal",FALSE,"M21",146,1,0.987421219045349
"elk-163","truncated_normal",FALSE,"M21",147,1,0.997075017095705
"elk-163","truncated_normal",FALSE,"M21",148,1,0.999654384292824
"elk-163","truncated_normal",FALSE,"M21",149,1,0.999999983126359
"elk-163","truncated_normal",FALSE,"M21",150,2,0.563616501628121
"elk-163","truncated_normal",FALSE,"M21",151,2,0.766370137624778
"elk-163","truncated_normal",FALSE,"M21",152,2,0.834867742122763
"elk-163","truncated_normal",FALSE,"M21",153,2,0.853985462106305
"elk-163","truncated_normal",FALSE,"M21",154,2,0.817399975034628
"elk-163","truncated_normal",FALSE,"M21",155,2,0.705477202952755
"elk-163","truncated_normal",FALSE,"M21",156,2,0.692881040914534
"elk-163","truncated_normal",FALSE,"M21",157,2,0.779741087923953
"elk-163","truncated_normal",FALSE,"M21",158,2,0.782831170024713
"elk-163","truncated_normal",FALSE,"H2",1,2,0.999999999986115
"elk-163","truncated_normal",FALSE,"H2",2,2,0.909159839850119
"elk-163","truncated_normal",FALSE,"H2",3,1,0.727735548821232
"elk-163","truncated_normal",FALSE,"H2",4,1,0.940161500721067
"elk-163","truncated_normal",FALSE,"H2",5,2,0.676381738245535
"elk-163","truncated_normal",FALSE,"H2",6,2,0.955051795467152
"elk-163","truncated_normal",FALSE,"H2",7,2,0.62409447084995
"elk-163","truncated_normal",FALSE,"H2",8,2,0.999999998163987
"elk-163","truncated_normal",FALSE,"H2",9,2,0.999528869428111
"elk-163","truncated_normal",FALSE,"H2",10,2,0.999999988593693
"elk-163","truncated_normal",FALSE,"H2",11,2,0.937528555969218
"elk-163","truncated_normal",FALSE,"H2",12,1,0.985077395821502
"elk-163","truncated_normal",FALSE,"H2",13,1,0.971846491501822
"elk-163","truncated_normal",FALSE,"H2",14,2,0.999999978008464
"elk-163","truncated_normal",FALSE,"H2",15,1,0.956434025360368
"elk-163","truncated_normal",FALSE,"H2",16,1,0.993982372955488
"elk-163","truncated_normal",FALSE,"H2",17,1,0.983322985460495
"elk-163","truncated_normal",FALSE,"H2",18,1,0.965560383253201
"elk-163","truncated_normal",FALSE,"H2",19,1,0.971569655722687
"elk-163","truncated_normal",FALSE,"H2",20,1,0.952176492322231
"elk-163","truncated_normal",FALSE,"H2",21,2,0.965968529590851
"elk-163","truncated_normal",FALSE,"H2",22,1,0.607624446075029
"elk-163","truncated_normal",FALSE,"H2",23,2,0.99999999984605
"elk-163","truncated_normal",FALSE,"H2",24,2,0.999996575765309
"elk-163","truncated_normal",FALSE,"H2",25,2,0.816392651364901
"elk-163","truncated_normal",FALSE,"H2",26,1,0.823255298834478
"elk-163","truncated_normal",FALSE,"H2",27,1,0.944449071439269
"elk-163","truncated_normal",FALSE,"H2",28,2,0.999949297922256
"elk-163","truncated_normal",FALSE,"H2",29,2,0.864598697558298
"elk-163","truncated_normal",FALSE,"H2",30,2,0.999836833786986
"elk-163","truncated_normal",FALSE,"H2",31,2,0.999987152802903
"elk-163","truncated_normal",FALSE,"H2",32,2,0.999999997172461
"elk-163","truncated_normal",FALSE,"H2",33,2,0.999999485274841
"elk-163","truncated_normal",FALSE,"H2",34,1,0.949886041492742
"elk-163","truncated_normal",FALSE,"H2",35,1,0.693674741445636
"elk-163","truncated_normal",FALSE,"H2",36,1,0.621352678934427
"elk-163","truncated_normal",FALSE,"H2",37,1,0.874122037090101
"elk-163","truncated_normal",FALSE,"H2",38,2,0.999893133614942
"elk-163","truncated_normal",FALSE,"H2",39,1,0.982040726042461
"elk-163","truncated_normal",FALSE,"H2",40,1,0.995074392144495
"elk-163","truncated_normal",FALSE,"H2",41,1,0.950747533814396
"elk-163","truncated_normal",FALSE,"H2",42,2,0.999967796230952
"elk-163","truncated_normal",FALSE,"H2",43,2,0.999964623840547
"elk-163","truncated_normal",FALSE,"H2",44,1,0.972561108754989
"elk-163","truncated_normal",FALSE,"H2",45,1,0.968871697005773
"elk-163","truncated_normal",FALSE,"H2",46,2,0.999999898548196
"elk-163","truncated_normal",FALSE,"H2",47,2,0.999999975762008
"elk-163","truncated_normal",FALSE,"H2",48,1,0.982180664586029
"elk-163","truncated_normal",FALSE,"H2",49,1,0.971628380365186
"elk-163","truncated_normal",FALSE,"H2",50,2,0.999991023138899
"elk-163","truncated_normal",FALSE,"H2",51,1,0.98205147244009
"elk-163","truncated_normal",FALSE,"H2",52,1,0.99531005729781
"elk-163","truncated_normal",FALSE,"H2",53,1,0.994345971376575
"elk-163","truncated_normal",FALSE,"H2",54,1,0.991559049077588
"elk-163","truncated_normal",FALSE,"H2",55,1,0.97489332306526
"elk-163","truncated_normal",FALSE,"H2",56,1,0.995892501217228
"elk-163","truncated_normal",FALSE,"H2",57,1,0.99591956150518
"elk-163","truncated_normal",FALSE,"H2",58,1,0.977241886285145
"elk-163","truncated_normal",FALSE,"H2",59,1,0.937662812400612
"elk-163","truncated_normal",FALSE,"H2",60,1,0.929047216674247
"elk-163","truncated_normal",FALSE,"H2",61,1,0.977903759047033
"elk-163","truncated_normal",FALSE,"H2",62,1,0.863742778864344
"elk-163","truncated_normal",FALSE,"H2",63,1,0.973908126726449
"elk-163","truncated_normal",FALSE,"H2",64,1,0.984430434643237
"elk-163","truncated_normal",FALSE,"H2",65,2,0.999956500180777
"elk-163","truncated_normal",FALSE,"H2",66,1,0.884076032164996
"elk-163","truncated_normal",FALSE,"H2",67,2,0.999999893934008
"elk-163","truncated_normal",FALSE,"H2",68,2,0.999999988717554
"elk-163","truncated_normal",FALSE,"H2",69,1,0.980681865422395
"elk-163","truncated_normal",FALSE,"H2",70,1,0.994839562595205
"elk-163","truncated_normal",FALSE,"H2",71,1,0.988112015613594
"elk-163","truncated_normal",FALSE,"H2",72,1,0.994612916853899
"elk-163","truncated_normal",FALSE,"H2",73,1,0.990812449803777
"elk-163","truncated_normal",FALSE,"H2",74,1,0.992428678872337
"elk-163","truncated_normal",FALSE,"H2",75,1,0.992451217528646
"elk-163","truncated_normal",FALSE,"H2",76,1,0.991850436447157
"elk-163","truncated_normal",FALSE,"H2",77,1,0.989161622017095
"elk-163","truncated_normal",FALSE,"H2",78,1,0.98418781630733
"elk-163","truncated_normal",FALSE,"H2",79,1,0.989981629282739
"elk-163","truncated_normal",FALSE,"H2",80,1,0.996053949877426
"elk-163","truncated_normal",FALSE,"H2",81,1,0.994694396102124
"elk-163","truncated_normal",FALSE,"H2",82,1,0.987983937039073
"elk-163","truncated_normal",FALSE,"H2",83,1,0.991062469648485
"elk-163","truncated_normal",FALSE,"H2",84,1,0.985310828131321
"elk-163","truncated_normal",FALSE,"H2",85,1,0.991813983127888
"elk-163","truncated_normal",FALSE,"H2",86,1,0.994720561516032
"elk-163","truncated_normal",FALSE,"H2",87,1,0.993930778286931
"elk-163","truncated_normal",FALSE,"H2",88,1,0.992293967084455
"elk-163","truncated_normal",FALSE,"H2",89,1,0.983225612526006
"elk-163","truncated_normal",FALSE,"H2",90,2,0.995563850897976
"elk-163","truncated_normal",FALSE,"H2",91,1,0.974251810080536
"elk-163","truncated_normal",FALSE,"H2",92,1,0.965557583402735
"elk-163","truncated_normal",FALSE,"H2",93,1,0.980659153313546
"elk-163","truncated_normal",FALSE,"H2",94,2,0.990983427617029
"elk-163","truncated_normal",FALSE,"H2",95,1,0.833811463681111
"elk-163","truncated_normal",FALSE,"H2",96,2,0.752082312990125
"elk-163","truncated_normal",FALSE,"H2",97,1,0.951132486925502
"elk-163","truncated_normal",FALSE,"H2",98,2,0.999824126869141
"elk-163","truncated_normal",FALSE,"H2",99,1,0.566337899196356
"elk-163","truncated_normal",FALSE,"H2",100,1,0.943191185565108
"elk-163","truncated_normal",FALSE,"H2",101,1,0.977869785443428
"elk-163","truncated_normal",FALSE,"H2",102,2,0.99900642317279
"elk-163","truncated_normal",FALSE,"H2",103,1,0.828602707612703
"elk-163","truncated_normal",FALSE,"H2",104,1,0.993998546930301
"elk-163","truncated_normal",FALSE,"H2",105,1,0.985107104353147
"elk-163","truncated_normal",FALSE,"H2",106,2,0.769657458220375
"elk-163","truncated_normal",FALSE,"H2",107,1,0.949542133991496
"elk-163","truncated_normal",FALSE,"H2",108,1,0.553885089093744
"elk-163","truncated_normal",FALSE,"H2",109,1,0.933213403335386
"elk-163","truncated_normal",FALSE,"H2",110,1,0.909835757881446
"elk-163","truncated_normal",FALSE,"H2",111,2,0.997105843258092
"elk-163","truncated_normal",FALSE,"H2",112,2,0.950434030665254
"elk-163","truncated_normal",FALSE,"H2",113,1,0.965932060307339
"elk-163","truncated_normal",FALSE,"H2",114,1,0.889434081886318
"elk-163","truncated_normal",FALSE,"H2",115,2,0.99999994538188
"elk-163","truncated_normal",FALSE,"H2",116,1,0.979255903343806
"elk-163","truncated_normal",FALSE,"H2",117,1,0.994925697411501
"elk-163","truncated_normal",FALSE,"H2",118,1,0.995167431632357
"elk-163","truncated_normal",FALSE,"H2",119,1,0.9961273254805
"elk-163","truncated_normal",FALSE,"H2",120,1,0.995778308899792
"elk-163","truncated_normal",FALSE,"H2",121,1,0.990904874592617
"elk-163","truncated_normal",FALSE,"H2",122,1,0.994700353384827
"elk-163","truncated_normal",FALSE,"H2",123,1,0.993553003478575
"elk-163","truncated_normal",FALSE,"H2",124,1,0.995767007772941
"elk-163","truncated_normal",FALSE,"H2",125,1,0.99260490648486
"elk-163","truncated_normal",FALSE,"H2",126,1,0.99546395261156
"elk-163","truncated_normal",FALSE,"H2",127,1,0.99513778986606
"elk-163","truncated_normal",FALSE,"H2",128,1,0.993549132631638
"elk-163","truncated_normal",FALSE,"H2",129,1,0.97061710178771
"elk-163","truncated_normal",FALSE,"H2",130,1,0.978622907273186
"elk-163","truncated_normal",FALSE,"H2",131,1,0.988350734269606
"elk-163","truncated_normal",FALSE,"H2",132,1,0.995052344022055
"elk-163","truncated_normal",FALSE,"H2",133,1,0.994792839418158
"elk-163","truncated_normal",FALSE,"H2",134,1,0.995311392060862
"elk-163","truncated_normal",FALSE,"H2",135,1,0.981686606839296
"elk-163","truncated_normal",FALSE,"H2",136,1,0.952059651557447
"elk-163","truncated_normal",FALSE,"H2",137,1,0.993286054088047
"elk-163","truncated_normal",FALSE,"H2",138,1,0.97411652452972
"elk-163","truncated_normal",FALSE,"H2",139,1,0.982984125178282
"elk-163","truncated_normal",FALSE,"H2",140,1,0.954926814107607
"elk-163","truncated_normal",FALSE,"H2",141,1,0.995329610555162
"elk-163","truncated_normal",FALSE,"H2",142,1,0.97066253414632
"elk-163","truncated_normal",FALSE,"H2",143,1,0.977368241323453
"elk-163","truncated_normal",FALSE,"H2",144,1,0.917804173105532
"elk-163","truncated_normal",FALSE,"H2",145,1,0.98200677306193
"elk-163","truncated_normal",FALSE,"H2",146,1,0.706751529922936
"elk-163","truncated_normal",FALSE,"H2",147,1,0.661968432861025
"elk-163","truncated_normal",FALSE,"H2",148,2,0.658025818329008
"elk-163","truncated_normal",FALSE,"H2",149,2,0.996685617725033
"elk-163","truncated_normal",FALSE,"H2",150,1,0.976091018056191
"elk-163","truncated_normal",FALSE,"H2",151,1,0.993588769191264
"elk-163","truncated_normal",FALSE,"H2",152,1,0.992040358829065
"elk-163","truncated_normal",FALSE,"H2",153,1,0.996039824134961
"elk-163","truncated_normal",FALSE,"H2",154,1,0.991454134483294
"elk-163","truncated_normal",FALSE,"H2",155,1,0.915011693920032
"elk-163","truncated_normal",FALSE,"H2",156,1,0.904936319819662
"elk-163","truncated_normal",FALSE,"H2",157,1,0.995240366066546
"elk-163","truncated_normal",FALSE,"H2",158,1,0.988441708226988
"elk-163","truncated_normal",FALSE,"H3",1,3,0.999999852663885
"elk-163","truncated_normal",FALSE,"H3",2,2,0.9407373227206
"elk-163","truncated_normal",FALSE,"H3",3,2,0.999120915828691
"elk-163","truncated_normal",FALSE,"H3",4,2,0.999828160007212
"elk-163","truncated_normal",FALSE,"H3",5,2,0.996126494911811
"elk-163","truncated_normal",FALSE,"H3",6,2,0.971983306207118
"elk-163","truncated_normal",FALSE,"H3",7,2,0.99574039999203
"elk-163","truncated_normal",FALSE,"H3",8,3,0.997191476472607
"elk-163","truncated_normal",FALSE,"H3",9,3,0.900527360218017
"elk-163","truncated_normal",FALSE,"H3",10,3,0.996126748195694
"elk-163","truncated_normal",FALSE,"H3",11,2,0.72404938289485
"elk-163","truncated_normal",FALSE,"H3",12,2,0.803337531690968
"elk-163","truncated_normal",FALSE,"H3",13,2,0.822420516205898
"elk-163","truncated_normal",FALSE,"H3",14,3,0.99487507417674
"elk-163","truncated_normal",FALSE,"H3",15,2,0.503799781405267
"elk-163","truncated_normal",FALSE,"H3",16,2,0.567391385515561
"elk-163","truncated_normal",FALSE,"H3",17,2,0.76263981709171
"elk-163","truncated_normal",FALSE,"H3",18,2,0.94487744281997
"elk-163","truncated_normal",FALSE,"H3",19,2,0.972965103458638
"elk-163","truncated_normal",FALSE,"H3",20,2,0.98286901371318
"elk-163","truncated_normal",FALSE,"H3",21,2,0.922260232037476
"elk-163","truncated_normal",FALSE,"H3",22,2,0.996692996547473
"elk-163","truncated_normal",FALSE,"H3",23,3,0.998588879363345
"elk-163","truncated_normal",FALSE,"H3",24,3,0.974936533521109
"elk-163","truncated_normal",FALSE,"H3",25,2,0.968926201052712
"elk-163","truncated_normal",FALSE,"H3",26,2,0.999054133602795
"elk-163","truncated_normal",FALSE,"H3",27,2,0.999297964986983
"elk-163","truncated_normal",FALSE,"H3",28,3,0.785222499381093
"elk-163","truncated_normal",FALSE,"H3",29,2,0.95077393439868
"elk-163","truncated_normal",FALSE,"H3",30,3,0.812595446484341
"elk-163","truncated_normal",FALSE,"H3",31,3,0.979132988552976
"elk-163","truncated_normal",FALSE,"H3",32,3,0.999466623040398
"elk-163","truncated_normal",FALSE,"H3",33,3,0.993345645640819
"elk-163","truncated_normal",FALSE,"H3",34,2,0.825679560129644
"elk-163","truncated_normal",FALSE,"H3",35,2,0.99782996289334
"elk-163","truncated_normal",FALSE,"H3",36,2,0.997395170578643
"elk-163","truncated_normal",FALSE,"H3",37,2,0.99907540548327
"elk-163","truncated_normal",FALSE,"H3",38,3,0.955645898083786
"elk-163","truncated_normal",FALSE,"H3",39,1,0.780343677086494
"elk-163","truncated_normal",FALSE,"H3",40,1,0.736810822992376
"elk-163","truncated_normal",FALSE,"H3",41,1,0.59996207730345
"elk-163","truncated_normal",FALSE,"H3",42,3,0.970308086304375
"elk-163","truncated_normal",FALSE,"H3",43,3,0.981758384887324
"elk-163","truncated_normal",FALSE,"H3",44,1,0.6716408301453
"elk-163","truncated_normal",FALSE,"H3",45,1,0.602885217997771
"elk-163","truncated_normal",FALSE,"H3",46,3,0.997335791878132
"elk-163","truncated_normal",FALSE,"H3",47,3,0.999119025854899
"elk-163","truncated_normal",FALSE,"H3",48,1,0.717333197154965
"elk-163","truncated_normal",FALSE,"H3",49,1,0.64742851578553
"elk-163","truncated_normal",FALSE,"H3",50,3,0.999022954919319
"elk-163","truncated_normal",FALSE,"H3",51,1,0.975474483730014
"elk-163","truncated_normal",FALSE,"H3",52,1,0.969661778603936
"elk-163","truncated_normal",FALSE,"H3",53,1,0.951286633041399
"elk-163","truncated_normal",FALSE,"H3",54,1,0.896021098841006
"elk-163","truncated_normal",FALSE,"H3",55,1,0.763554587784487
"elk-163","truncated_normal",FALSE,"H3",56,1,0.723936583182824
"elk-163","truncated_normal",FALSE,"H3",57,1,0.600481266476204
"elk-163","truncated_normal",FALSE,"H3",58,2,0.78292142081703
"elk-163","truncated_normal",FALSE,"H3",59,2,0.993532567425523
"elk-163","truncated_normal",FALSE,"H3",60,2,0.999366413652165
"elk-163","truncated_normal",FALSE,"H3",61,2,0.99978876164763
"elk-163","truncated_normal",FALSE,"H3",62,2,0.998506183261757
"elk-163","truncated_normal",FALSE,"H3",63,2,0.999285527008849
"elk-163","truncated_normal",FALSE,"H3",64,2,0.999362979388978
"elk-163","truncated_normal",FALSE,"H3",65,3,0.911231847245688
"elk-163","truncated_normal",FALSE,"H3",66,2,0.639750930005285
"elk-163","truncated_normal",FALSE,"H3",67,3,0.996423797635051
"elk-163","truncated_normal",FALSE,"H3",68,3,0.99999995407697
"elk-163","truncated_normal",FALSE,"H3",69,1,0.999955064652982
"elk-163","truncated_normal",FALSE,"H3",70,1,0.999988218794733
"elk-163","truncated_normal",FALSE,"H3",71,1,0.999979559415314
"elk-163","truncated_normal",FALSE,"H3",72,1,0.999993527984955
"elk-163","truncated_normal",FALSE,"H3",73,1,0.999988959001961
"elk-163","truncated_normal",FALSE,"H3",74,1,0.999990074212065
"elk-163","truncated_normal",FALSE,"H3",75,1,0.999985580773707
"elk-163","truncated_normal",FALSE,"H3",76,1,0.99997307925887
"elk-163","truncated_normal",FALSE,"H3",77,1,0.999941982507929
"elk-163","truncated_normal",FALSE,"H3",78,1,0.999884864760391
"elk-163","truncated_normal",FALSE,"H3",79,1,0.999871824654294
"elk-163","truncated_normal",FALSE,"H3",80,1,0.999809887232332
"elk-163","truncated_normal",FALSE,"H3",81,1,0.999587364214038
"elk-163","truncated_normal",FALSE,"H3",82,1,0.998896656693358
"elk-163","truncated_normal",FALSE,"H3",83,1,0.997911485858008
"elk-163","truncated_normal",FALSE,"H3",84,1,0.995677095590941
"elk-163","truncated_normal",FALSE,"H3",85,1,0.99336222368212
"elk-163","truncated_normal",FALSE,"H3",86,1,0.987772318572583
"elk-163","truncated_normal",FALSE,"H3",87,1,0.970556939573044
"elk-163","truncated_normal",FALSE,"H3",88,1,0.92035384087253
"elk-163","truncated_normal",FALSE,"H3",89,1,0.79269646588873
"elk-163","truncated_normal",FALSE,"H3",90,3,0.633798743414389
"elk-163","truncated_normal",FALSE,"H3",91,2,0.807198838891001
"elk-163","truncated_normal",FALSE,"H3",92,2,0.908662973782274
"elk-163","truncated_normal",FALSE,"H3",93,2,0.924441675053456
"elk-163","truncated_normal",FALSE,"H3",94,2,0.760389300039722
"elk-163","truncated_normal",FALSE,"H3",95,2,0.982465044153428
"elk-163","truncated_normal",FALSE,"H3",96,2,0.975144557986187
"elk-163","truncated_normal",FALSE,"H3",97,2,0.989868981190169
"elk-163","truncated_normal",FALSE,"H3",98,3,0.721730208450607
"elk-163","truncated_normal",FALSE,"H3",99,2,0.994124726351712
"elk-163","truncated_normal",FALSE,"H3",100,2,0.998791160455464
"elk-163","truncated_normal",FALSE,"H3",101,2,0.998988874800554
"elk-163","truncated_normal",FALSE,"H3",102,3,0.534985796006171
"elk-163","truncated_normal",FALSE,"H3",103,2,0.978269236887553
"elk-163","truncated_normal",FALSE,"H3",104,2,0.98064077021918
"elk-163","truncated_normal",FALSE,"H3",105,2,0.98512143030567
"elk-163","truncated_normal",FALSE,"H3",106,2,0.977779890923269
"elk-163","truncated_normal",FALSE,"H3",107,2,0.99604273504269
"elk-163","truncated_normal",FALSE,"H3",108,2,0.995199875416808
"elk-163","truncated_normal",FALSE,"H3",109,2,0.999650939583545
"elk-163","truncated_normal",FALSE,"H3",110,2,0.999673319849964
"elk-163","truncated_normal",FALSE,"H3",111,2,0.776440504849437
"elk-163","truncated_normal",FALSE,"H3",112,2,0.939470949598115
"elk-163","truncated_normal",FALSE,"H3",113,2,0.98358758608217
"elk-163","truncated_normal",FALSE,"H3",114,2,0.992077435635656
"elk-163","truncated_normal",FALSE,"H3",115,3,0.999999793451153
"elk-163","truncated_normal",FALSE,"H3",116,1,0.999955225078123
"elk-163","truncated_normal",FALSE,"H3",117,1,0.999993513591495
"elk-163","truncated_normal",FALSE,"H3",118,1,0.999995155179485
"elk-163","truncated_normal",FALSE,"H3",119,1,0.999994610207552
"elk-163","truncated_normal",FALSE,"H3",120,1,0.999989369641745
"elk-163","truncated_normal",FALSE,"H3",121,1,0.999969747434199
"elk-163","truncated_normal",FALSE,"H3",122,1,0.99994288164671
"elk-163","truncated_normal",FALSE,"H3",123,1,0.99984593702737
"elk-163","truncated_normal",FALSE,"H3",124,1,0.999577377253586
"elk-163","truncated_normal",FALSE,"H3",125,1,0.998727543571791
"elk-163","truncated_normal",FALSE,"H3",126,1,0.99657493392169
"elk-163","truncated_normal",FALSE,"H3",127,1,0.989797646584776
"elk-163","truncated_normal",FALSE,"H3",128,1,0.968626983923978
"elk-163","truncated_normal",FALSE,"H3",129,1,0.906737820960791
"elk-163","truncated_normal",FALSE,"H3",130,1,0.893574835552633
"elk-163","truncated_normal",FALSE,"H3",131,1,0.886391028008964
"elk-163","truncated_normal",FALSE,"H3",132,1,0.874639635501403
"elk-163","truncated_normal",FALSE,"H3",133,1,0.8377985068402
"elk-163","truncated_normal",FALSE,"H3",134,1,0.724417430394114
"elk-163","truncated_normal",FALSE,"H3",135,2,0.632074450641806
"elk-163","truncated_normal",FALSE,"H3",136,2,0.925563976102782
"elk-163","truncated_normal",FALSE,"H3",137,2,0.938093488468403
"elk-163","truncated_normal",FALSE,"H3",138,2,0.974347547166518
"elk-163","truncated_normal",FALSE,"H3",139,2,0.985353420944403
"elk-163","truncated_normal",FALSE,"H3",140,2,0.996570570111725
"elk-163","truncated_normal",FALSE,"H3",141,2,0.9974194125637
"elk-163","truncated_normal",FALSE,"H3",142,2,0.999120376439216
"elk-163","truncated_normal",FALSE,"H3",143,2,0.999595955980063
"elk-163","truncated_normal",FALSE,"H3",144,2,0.999354739955932
"elk-163","truncated_normal",FALSE,"H3",145,2,0.999855459865864
"elk-163","truncated_normal",FALSE,"H3",146,2,0.998421423689072
"elk-163","truncated_normal",FALSE,"H3",147,2,0.99917285638156
"elk-163","truncated_normal",FALSE,"H3",148,2,0.989456488342387
"elk-163","truncated_normal",FALSE,"H3",149,3,0.887616903600158
"elk-163","truncated_normal",FALSE,"H3",150,1,0.847350031887715
"elk-163","truncated_normal",FALSE,"H3",151,1,0.838144308313651
"elk-163","truncated_normal",FALSE,"H3",152,1,0.811120880712615
"elk-163","truncated_normal",FALSE,"H3",153,1,0.746385913416037
"elk-163","truncated_normal",FALSE,"H3",154,1,0.545260181938142
"elk-163","truncated_normal",FALSE,"H3",155,2,0.993402756420568
"elk-163","truncated_normal",FALSE,"H3",156,2,0.994196080512411
"elk-163","truncated_normal",FALSE,"H3",157,2,0.994726240478994
"elk-163","truncated_normal",FALSE,"H3",158,2,0.9948394520905
"elk-287","truncated_normal",FALSE,"M21",1,1,0.999999999870604
"elk-287","truncated_normal",FALSE,"M21",2,1,0.999999837252806
"elk-287","truncated_normal",FALSE,"M21",3,1,0.999999873196373
"elk-287","truncated_normal",FALSE,"M21",4,1,0.999999924005375
"elk-287","truncated_normal",FALSE,"M21",5,1,1
"elk-287","truncated_normal",FALSE,"M21",6,1,1
"elk-287","truncated_normal",FALSE,"M21",7,1,1
"elk-287","truncated_normal",FALSE,"M21",8,1,1
"elk-287","truncated_normal",FALSE,"M21",9,1,0.999999999957196
"elk-287","truncated_normal",FALSE,"M21",10,1,1
"elk-287","truncated_normal",FALSE,"M21",11,1,0.999999937212662
"elk-287","truncated_normal",FALSE,"M21",12,1,0.999999911473156
"elk-287","truncated_normal",FALSE,"M21",13,1,0.999999910925046
"elk-287","truncated_normal",FALSE,"M21",14,1,0.999999999999449
"elk-287","truncated_normal",FALSE,"M21",15,1,0.999998824179458
"elk-287","truncated_normal",FALSE,"M21",16,1,0.999986080391815
"elk-287","truncated_normal",FALSE,"M21",17,1,0.999981004003002
"elk-287","truncated_normal",FALSE,"M21",18,1,0.999982816388393
"elk-287","truncated_normal",FALSE,"M21",19,1,0.999983092963911
"elk-287","truncated_normal",FALSE,"M21",20,1,0.999987888308879
"elk-287","truncated_normal",FALSE,"M21",21,1,0.999990226625172
"elk-287","truncated_normal",FALSE,"M21",22,1,0.999992791138194
"elk-287","truncated_normal",FALSE,"M21",23,1,0.999995981008823
"elk-287","truncated_normal",FALSE,"M21",24,1,0.999998045004734
"elk-287","truncated_normal",FALSE,"M21",25,1,0.99999917118898
"elk-287","truncated_normal",FALSE,"M21",26,1,0.9999999564013
"elk-287","truncated_normal",FALSE,"M21",27,1,0.999999999999981
"elk-287","truncated_normal",FALSE,"M21",28,1,0.999999965855732
"elk-287","truncated_normal",FALSE,"M21",29,1,1
"elk-287","truncated_normal",FALSE,"M21",30,1,1
"elk-287","truncated_normal",FALSE,"M21",31,1,1
"elk-287","truncated_normal",FALSE,"M21",32,1,0.999999325039413
"elk-287","truncated_normal",FALSE,"M21",33,1,0.999998375403125
"elk-287","truncated_normal",FALSE,"M21",34,1,0.999999999998583
"elk-287","truncated_normal",FALSE,"M21",35,1,0.999999541560028
"elk-287","truncated_normal",FALSE,"M21",36,1,0.999999969014773
"elk-287","truncated_normal",FALSE,"M21",37,1,0.999999926181767
"elk-287","truncated_normal",FALSE,"M21",38,1,0.999999941153158
"elk-287","truncated_normal",FALSE,"M21",39,1,0.999999999898923
"elk-287","truncated_normal",FALSE,"M21",40,1,0.999999604408694
"elk-287","truncated_normal",FALSE,"M21",41,1,0.99999930502513
"elk-287","truncated_normal",FALSE,"M21",42,1,0.999999554202283
"elk-287","truncated_normal",FALSE,"M21",43,1,0.999999660509012
"elk-287","truncated_normal",FALSE,"M21",44,1,0.999999713738858
"elk-287","truncated_normal",FALSE,"M21",45,1,0.999999750427668
"elk-287","truncated_normal",FALSE,"M21",46,1,0.9999997812876
"elk-287","truncated_normal",FALSE,"M21",47,1,0.999999818604814
"elk-287","truncated_normal",FALSE,"M21",48,1,0.999999856175533
"elk-287","truncated_normal",FALSE,"M21",49,1,0.999999901335314
"elk-287","truncated_normal",FALSE,"M21",50,1,1
"elk-287","truncated_normal",FALSE,"M21",51,1,0.999999773658712
"elk-287","truncated_normal",FALSE,"M21",52,1,0.999999999999986
"elk-287","truncated_normal",FALSE,"M21",53,1,1
"elk-287","truncated_normal",FALSE,"M21",54,1,1
"elk-287","truncated_normal",FALSE,"M21",55,1,0.99999989381773
"elk-287","truncated_normal",FALSE,"M21",56,1,0.999999836756428
"elk-287","truncated_normal",FALSE,"M21",57,1,0.999999764490555
"elk-287","truncated_normal",FALSE,"M21",58,1,0.999999672682154
"elk-287","truncated_normal",FALSE,"M21",59,1,0.999999511973021
"elk-287","truncated_normal",FALSE,"M21",60,1,0.999999298501334
"elk-287","truncated_normal",FALSE,"M21",61,1,0.999999471912666
"elk-287","truncated_normal",FALSE,"M21",62,1,0.999999500414735
"elk-287","truncated_normal",FALSE,"M21",63,1,0.999999423667983
"elk-287","truncated_normal",FALSE,"M21",64,1,0.999999596470373
"elk-287","truncated_normal",FALSE,"M21",65,1,0.999999668059618
"elk-287","truncated_normal",FALSE,"M21",66,1,0.99999965773078
"elk-287","truncated_normal",FALSE,"M21",67,1,0.999999978270183
"elk-287","truncated_normal",FALSE,"M21",68,1,0.999999907310403
"elk-287","truncated_normal",FALSE,"M21",69,1,0.999999874763592
"elk-287","truncated_normal",FALSE,"M21",70,1,0.999999856696797
"elk-287","truncated_normal",FALSE,"M21",71,1,0.999999999999999
"elk-287","truncated_normal",FALSE,"M21",72,1,0.999999963634858
"elk-287","truncated_normal",FALSE,"M21",73,1,1
"elk-287","truncated_normal",FALSE,"M21",74,1,1
"elk-287","truncated_normal",FALSE,"M21",75,1,0.999999998188428
"elk-287","truncated_normal",FALSE,"M21",76,1,0.999998543487785
"elk-287","truncated_normal",FALSE,"M21",77,1,1
"elk-287","truncated_normal",FALSE,"M21",78,1,0.999999956705842
"elk-287","truncated_normal",FALSE,"M21",79,1,1
"elk-287","truncated_normal",FALSE,"M21",80,1,0.999999898325951
"elk-287","truncated_normal",FALSE,"M21",81,1,0.999999823130723
"elk-287","truncated_normal",FALSE,"M21",82,1,0.999999731657907
"elk-287","truncated_normal",FALSE,"M21",83,1,0.999999572907789
"elk-287","truncated_normal",FALSE,"M21",84,1,0.999999271432026
"elk-287","truncated_normal",FALSE,"M21",85,1,0.99999912134388
"elk-287","truncated_normal",FALSE,"M21",86,1,0.999999472046909
"elk-287","truncated_normal",FALSE,"M21",87,1,0.999999772222386
"elk-287","truncated_normal",FALSE,"M21",88,1,0.999999999999998
"elk-287","truncated_normal",FALSE,"M21",89,1,1
"elk-287","truncated_normal",FALSE,"M21",90,1,0.896035196102948
"elk-287","truncated_normal",FALSE,"M21",91,1,0.685772655864114
"elk-287","truncated_normal",FALSE,"M21",92,2,0.689354831460015
"elk-287","truncated_normal",FALSE,"M21",93,2,0.802145967186052
"elk-287","truncated_normal",FALSE,"M21",94,2,0.924786445312035
"elk-287","truncated_normal",FALSE,"M21",95,2,0.935875135901072
"elk-287","truncated_normal",FALSE,"M21",96,2,0.958302092786213
"elk-287","truncated_normal",FALSE,"M21",97,2,0.991568469318499
"elk-287","truncated_normal",FALSE,"M21",98,2,0.998681242350876
"elk-287","truncated_normal",FALSE,"M21",99,2,0.999168637994495
"elk-287","truncated_normal",FALSE,"M21",100,2,0.99922687094352
"elk-287","truncated_normal",FALSE,"M21",101,2,0.999249519212561
"elk-287","truncated_normal",FALSE,"M21",102,2,0.999268445521512
"elk-287","truncated_normal",FALSE,"M21",103,2,0.9993098512216
"elk-287","truncated_normal",FALSE,"M21",104,2,0.999394936164992
"elk-287","truncated_normal",FALSE,"M21",105,2,0.999563186555302
"elk-287","truncated_normal",FALSE,"M21",106,2,0.99974630053595
"elk-287","truncated_normal",FALSE,"M21",107,2,0.999850293453328
"elk-287","truncated_normal",FALSE,"M21",108,2,0.999963525730783
"elk-287","truncated_normal",FALSE,"M21",109,2,0.999990419397215
"elk-287","truncated_normal",FALSE,"M21",110,2,0.999995000155786
"elk-287","truncated_normal",FALSE,"M21",111,2,0.999998056817812
"elk-287","truncated_normal",FALSE,"M21",112,2,0.999999131452253
"elk-287","truncated_normal",FALSE,"M21",113,2,0.9999996136254
"elk-287","truncated_normal",FALSE,"M21",114,2,0.999999861869273
"elk-287","truncated_normal",FALSE,"M21",115,2,0.999999909371567
"elk-287","truncated_normal",FALSE,"M21",116,2,0.999999963738548
"elk-287","truncated_normal",FALSE,"M21",117,2,0.999999975539292
"elk-287","truncated_normal",FALSE,"M21",118,2,0.999999984084838
"elk-287","truncated_normal",FALSE,"M21",119,2,0.999999968430291
"elk-287","truncated_normal",FALSE,"M21",120,2,0.999999988518584
"elk-287","truncated_normal",FALSE,"M21",121,2,0.999999987116631
"elk-287","truncated_normal",FALSE,"M21",122,2,0.999999992811238
"elk-287","truncated_normal",FALSE,"M21",123,2,0.999999968702783
"elk-287","truncated_normal",FALSE,"M21",124,2,0.999999529639849
"elk-287","truncated_normal",FALSE,"M21",125,2,0.999999519267923
"elk-287","truncated_normal",FALSE,"M21",126,2,0.999999932454174
"elk-287","truncated_normal",FALSE,"M21",127,2,0.999999833882386
"elk-287","truncated_normal",FALSE,"M21",128,2,0.999999968759911
"elk-287","truncated_normal",FALSE,"M21",129,2,0.999999949755806
"elk-287","truncated_normal",FALSE,"M21",130,2,0.999999981123927
"elk-287","truncated_normal",FALSE,"M21",131,2,0.99999997180836
"elk-287","truncated_normal",FALSE,"M21",132,2,0.999999829695631
"elk-287","truncated_normal",FALSE,"M21",133,2,0.999999979169833
"elk-287","truncated_normal",FALSE,"M21",134,2,0.999999993718727
"elk-287","truncated_normal",FALSE,"M21",135,2,0.999999996483503
"elk-287","truncated_normal",FALSE,"M21",136,2,0.999999994380645
"elk-287","truncated_normal",FALSE,"M21",137,2,0.999999982595587
"elk-287","truncated_normal",FALSE,"M21",138,2,0.99999986899666
"elk-287","truncated_normal",FALSE,"M21",139,2,0.999999990970036
"elk-287","truncated_normal",FALSE,"M21",140,2,0.999999995174636
"elk-287","truncated_normal",FALSE,"M21",141,2,0.999999995118419
"elk-287","truncated_normal",FALSE,"M21",142,2,0.999999995107441
"elk-287","truncated_normal",FALSE,"M21",143,2,0.999999963178962
"elk-287","truncated_normal",FALSE,"M21",144,2,0.999999601948949
"elk-287","truncated_normal",FALSE,"M21",145,2,0.99999963877932
"elk-287","truncated_normal",FALSE,"M21",146,2,0.999999912049802
"elk-287","truncated_normal",FALSE,"M21",147,2,0.999999895690021
"elk-287","truncated_normal",FALSE,"M21",148,2,0.99999998895664
"elk-287","truncated_normal",FALSE,"M21",149,2,0.999999971516171
"elk-287","truncated_normal",FALSE,"M21",150,2,0.999999548675158
"elk-287","truncated_normal",FALSE,"M21",151,2,0.999999552300516
"elk-287","truncated_normal",FALSE,"M21",152,2,0.999999722158145
"elk-287","truncated_normal",FALSE,"M21",153,2,0.999999560502096
"elk-287","truncated_normal",FALSE,"M21",154,2,0.999999774008776
"elk-287","truncated_normal",FALSE,"M21",155,2,0.99999923387597
"elk-287","truncated_normal",FALSE,"M21",156,2,0.999999202848197
"elk-287","truncated_normal",FALSE,"M21",157,2,0.999999293647162
"elk-287","truncated_normal",FALSE,"M21",158,2,0.999999864587038
"elk-287","truncated_normal",FALSE,"M21",159,2,0.999999682448988
"elk-287","truncated_normal",FALSE,"M21",160,2,0.999999749097298
"elk-287","truncated_normal",FALSE,"M21",161,2,0.999998714023465
"elk-287","truncated_normal",FALSE,"M21",162,2,0.999997779914121
"elk-287","truncated_normal",FALSE,"M21",163,2,0.999985192098503
"elk-287","truncated_normal",FALSE,"H2",1,1,0.999996667873998
"elk-287","truncated_normal",FALSE,"H2",2,1,0.999834064163907
"elk-287","truncated_normal",FALSE,"H2",3,1,0.999923458291983
"elk-287","truncated_normal",FALSE,"H2",4,1,0.999524568500881
"elk-287","truncated_normal",FALSE,"H2",5,2,0.999999421311342
"elk-287","truncated_normal",FALSE,"H2",6,2,0.999979441796925
"elk-287","truncated_normal",FALSE,"H2",7,2,0.999996452418441
"elk-287","truncated_normal",FALSE,"H2",8,2,0.999981449355126
"elk-287","truncated_normal",FALSE,"H2",9,2,0.9954666462842
"elk-287","truncated_normal",FALSE,"H2",10,2,0.999599672407988
"elk-287","truncated_normal",FALSE,"H2",11,1,0.999482730477666
"elk-287","truncated_normal",FALSE,"H2",12,1,0.999949144538953
"elk-287","truncated_normal",FALSE,"H2",13,1,0.99893394903117
"elk-287","truncated_normal",FALSE,"H2",14,2,0.992829116294058
"elk-287","truncated_normal",FALSE,"H2",15,2,0.619198460495145
"elk-287","truncated_normal",FALSE,"H2",16,1,0.998570969391556
"elk-287","truncated_normal",FALSE,"H2",17,1,0.996277188766628
"elk-287","truncated_normal",FALSE,"H2",18,1,0.999933218230569
"elk-287","truncated_normal",FALSE,"H2",19,1,0.999724504163127
"elk-287","truncated_normal",FALSE,"H2",20,1,0.999929602060366
"elk-287","truncated_normal",FALSE,"H2",21,1,0.999857041026603
"elk-287","truncated_normal",FALSE,"H2",22,1,0.999845816412538
"elk-287","truncated_normal",FALSE,"H2",23,1,0.999902946390476
"elk-287","truncated_normal",FALSE,"H2",24,1,0.999923376591905
"elk-287","truncated_normal",FALSE,"H2",25,1,0.999328807895529
"elk-287","truncated_normal",FALSE,"H2",26,2,0.699946948886662
"elk-287","truncated_normal",FALSE,"H2",27,2,0.994995358108917
"elk-287","truncated_normal",FALSE,"H2",28,1,0.994263484461219
"elk-287","truncated_normal",FALSE,"H2",29,2,0.999992285940466
"elk-287","truncated_normal",FALSE,"H2",30,2,0.999999954956702
"elk-287","truncated_normal",FALSE,"H2",31,2,0.999954836802418
"elk-287","truncated_normal",FALSE,"H2",32,1,0.998937775547107
"elk-287","truncated_normal",FALSE,"H2",33,1,0.981105834673175
"elk-287","truncated_normal",FALSE,"H2",34,2,0.9889339260546
"elk-287","truncated_normal",FALSE,"H2",35,1,0.83472475221427
"elk-287","truncated_normal",FALSE,"H2",36,1,0.60747225295083
"elk-287","truncated_normal",FALSE,"H2",37,1,0.845563483245888
"elk-287","truncated_normal",FALSE,"H2",38,1,0.998795337957097
"elk-287","truncated_normal",FALSE,"H2",39,2,0.838877902423367
"elk-287","truncated_normal",FALSE,"H2",40,1,0.998796112938793
"elk-287","truncated_normal",FALSE,"H2",41,1,0.985184635442626
"elk-287","truncated_normal",FALSE,"H2",42,1,0.999938496226268
"elk-287","truncated_normal",FALSE,"H2",43,1,0.999961272326808
"elk-287","truncated_normal",FALSE,"H2",44,1,0.999964554517392
"elk-287","truncated_normal",FALSE,"H2",45,1,0.999964539281277
"elk-287","truncated_normal",FALSE,"H2",46,1,0.999910487988382
"elk-287","truncated_normal",FALSE,"H2",47,1,0.999961249729289
"elk-287","truncated_normal",FALSE,"H2",48,1,0.999923649186311
"elk-287","truncated_normal",FALSE,"H2",49,1,0.999692999489545
"elk-287","truncated_normal",FALSE,"H2",50,2,0.999999722549223
"elk-287","truncated_normal",FALSE,"H2",51,1,0.97752537474739
"elk-287","truncated_normal",FALSE,"H2",52,2,0.998947474730407
"elk-287","truncated_normal",FALSE,"H2",53,2,0.999996104836506
"elk-287","truncated_normal",FALSE,"H2",54,2,0.999863226534662
"elk-287","truncated_normal",FALSE,"H2",55,1,0.999693115084413
"elk-287","truncated_normal",FALSE,"H2",56,1,0.999953792465358
"elk-287","truncated_normal",FALSE,"H2",57,1,0.999917360608755
"elk-287","truncated_normal",FALSE,"H2",58,1,0.99992379788701
"elk-287","truncated_normal",FALSE,"H2",59,1,0.999967527969206
"elk-287","truncated_normal",FALSE,"H2",60,1,0.999807627428031
"elk-287","truncated_normal",FALSE,"H2",61,1,0.99994045639846
"elk-287","truncated_normal",FALSE,"H2",62,1,0.999957685489004
"elk-287","truncated_normal",FALSE,"H2",63,1,0.999834018233522
"elk-287","truncated_normal",FALSE,"H2",64,1,0.99992971952353
"elk-287","truncated_normal",FALSE,"H2",65,1,0.999945043274412
"elk-287","truncated_normal",FALSE,"H2",66,1,0.999364339207326
"elk-287","truncated_normal",FALSE,"H2",67,1,0.7273988553283
"elk-287","truncated_normal",FALSE,"H2",68,1,0.999726654181591
"elk-287","truncated_normal",FALSE,"H2",69,1,0.999879596644826
"elk-287","truncated_normal",FALSE,"H2",70,1,0.782227772299939
"elk-287","truncated_normal",FALSE,"H2",71,2,0.996548854411552
"elk-287","truncated_normal",FALSE,"H2",72,1,0.9932361967294
"elk-287","truncated_normal",FALSE,"H2",73,2,0.999999945901735
"elk-287","truncated_normal",FALSE,"H2",74,2,0.999993263232125
"elk-287","truncated_normal",FALSE,"H2",75,2,0.947790698797262
"elk-287","truncated_normal",FALSE,"H2",76,1,0.947023666331368
"elk-287","truncated_normal",FALSE,"H2",77,2,0.998325239087842
"elk-287","truncated_normal",FALSE,"H2",78,1,0.991395860052065
"elk-287","truncated_normal",FALSE,"H2",79,2,0.999995844084247
"elk-287","truncated_normal",FALSE,"H2",80,1,0.999218294091922
"elk-287","truncated_normal",FALSE,"H2",81,1,0.999957469992631
"elk-287","truncated_normal",FALSE,"H2",82,1,0.999953909887996
"elk-287","truncated_normal",FALSE,"H2",83,1,0.999953870704481
"elk-287","truncated_normal",FALSE,"H2",84,1,0.999857006330469
"elk-287","truncated_normal",FALSE,"H2",85,1,0.999792797344922
"elk-287","truncated_normal",FALSE,"H2",86,1,0.999894310143838
"elk-287","truncated_normal",FALSE,"H2",87,1,0.999218244927995
"elk-287","truncated_normal",FALSE,"H2",88,2,0.999472735515653
"elk-287","truncated_normal",FALSE,"H2",89,2,0.999992147220686
"elk-287","truncated_normal",FALSE,"H2",90,1,0.999436996211642
"elk-287","truncated_normal",FALSE,"H2",91,1,0.999916872314541
"elk-287","truncated_normal",FALSE,"H2",92,1,0.999743101432808
"elk-287","truncated_normal",FALSE,"H2",93,1,0.999864135972072
"elk-287","truncated_normal",FALSE,"H2",94,1,0.997015959084573
"elk-287","truncated_normal",FALSE,"H2",95,1,0.999939057321103
"elk-287","truncated_normal",FALSE,"H2",96,1,0.99996962563599
"elk-287","truncated_normal",FALSE,"H2",97,1,0.99969952012603
"elk-287","truncated_normal",FALSE,"H2",98,1,0.997887002775933
"elk-287","truncated_normal",FALSE,"H2",99,1,0.995625416977826
"elk-287","truncated_normal",FALSE,"H2",100,1,0.999769199836306
"elk-287","truncated_normal",FALSE,"H2",101,1,0.999845744167259
"elk-287","truncated_normal",FALSE,"H2",102,1,0.999935297762968
"elk-287","truncated_normal",FALSE,"H2",103,1,0.999949772237727
"elk-287","truncated_normal",FALSE,"H2",104,1,0.999953873184151
"elk-287","truncated_normal",FALSE,"H2",105,1,0.999867502215877
"elk-287","truncated_normal",FALSE,"H2",106,1,0.999807328923882
"elk-287","truncated_normal",FALSE,"H2",107,1,0.999856999965705
"elk-287","truncated_normal",FALSE,"H2",108,1,0.990582860501391
"elk-287","truncated_normal",FALSE,"H2",109,1,0.993113623782339
"elk-287","truncated_normal",FALSE,"H2",110,1,0.999810564766258
"elk-287","truncated_normal",FALSE,"H2",111,1,0.99972384311071
"elk-287","truncated_normal",FALSE,"H2",112,1,0.981718922487629
"elk-287","truncated_normal",FALSE,"H2",113,1,0.98100240669156
"elk-287","truncated_normal",FALSE,"H2",114,1,0.999632524312139
"elk-287","truncated_normal",FALSE,"H2",115,1,0.982153455496818
"elk-287","truncated_normal",FALSE,"H2",116,1,0.991136057933978
"elk-287","truncated_normal",FALSE,"H2",117,1,0.999681786790614
"elk-287","truncated_normal",FALSE,"H2",118,1,0.999635352899637
"elk-287","truncated_normal",FALSE,"H2",119,1,0.999753349318682
"elk-287","truncated_normal",FALSE,"H2",120,1,0.996492075710071
"elk-287","truncated_normal",FALSE,"H2",121,1,0.999649523044699
"elk-287","truncated_normal",FALSE,"H2",122,1,0.999489338845028
"elk-287","truncated_normal",FALSE,"H2",123,1,0.999456344949442
"elk-287","truncated_normal",FALSE,"H2",124,1,0.999935076616077
"elk-287","truncated_normal",FALSE,"H2",125,1,0.999935036807593
"elk-287","truncated_normal",FALSE,"H2",126,1,0.999383554982335
"elk-287","truncated_normal",FALSE,"H2",127,1,0.999902286986058
"elk-287","truncated_normal",FALSE,"H2",128,1,0.999583470231793
"elk-287","truncated_normal",FALSE,"H2",129,1,0.999784319342968
"elk-287","truncated_normal",FALSE,"H2",130,1,0.995335013971338
"elk-287","truncated_normal",FALSE,"H2",131,1,0.996179996962834
"elk-287","truncated_normal",FALSE,"H2",132,1,0.999942230263686
"elk-287","truncated_normal",FALSE,"H2",133,1,0.997125735121551
"elk-287","truncated_normal",FALSE,"H2",134,1,0.997902548941629
"elk-287","truncated_normal",FALSE,"H2",135,1,0.999128382728661
"elk-287","truncated_normal",FALSE,"H2",136,1,0.998125292035509
"elk-287","truncated_normal",FALSE,"H2",137,1,0.9971301123041
"elk-287","truncated_normal",FALSE,"H2",138,1,0.999907747292012
"elk-287","truncated_normal",FALSE,"H2",139,1,0.999195921317578
"elk-287","truncated_normal",FALSE,"H2",140,1,0.998359815506806
"elk-287","truncated_normal",FALSE,"H2",141,1,0.999482240823182
"elk-287","truncated_normal",FALSE,"H2",142,1,0.999095919960778
"elk-287","truncated_normal",FALSE,"H2",143,1,0.99955227812205
"elk-287","truncated_normal",FALSE,"H2",144,1,0.999945110090099
"elk-287","truncated_normal",FALSE,"H2",145,1,0.999886267618509
"elk-287","truncated_normal",FALSE,"H2",146,1,0.99963625924583
"elk-287","truncated_normal",FALSE,"H2",147,1,0.999844145681668
"elk-287","truncated_normal",FALSE,"H2",148,1,0.998843705710755
"elk-287","truncated_normal",FALSE,"H2",149,1,0.998700880729252
"elk-287","truncated_normal",FALSE,"H2",150,1,0.999944707017113
"elk-287","truncated_normal",FALSE,"H2",151,1,0.999867376742493
"elk-287","truncated_normal",FALSE,"H2",152,1,0.999704417788755
"elk-287","truncated_normal",FALSE,"H2",153,1,0.999952939931171
"elk-287","truncated_normal",FALSE,"H2",154,1,0.997725696651006
"elk-287","truncated_normal",FALSE,"H2",155,1,0.999934086191508
"elk-287","truncated_normal",FALSE,"H2",156,1,0.999857139675713
"elk-287","truncated_normal",FALSE,"H2",157,1,0.999922996498174
"elk-287","truncated_normal",FALSE,"H2",158,1,0.998785794239328
"elk-287","truncated_normal",FALSE,"H2",159,1,0.99989218051661
"elk-287","truncated_normal",FALSE,"H2",160,1,0.997845355981995
"elk-287","truncated_normal",FALSE,"H2",161,1,0.999851588643459
"elk-287","truncated_normal",FALSE,"H2",162,1,0.997459842353288
"elk-287","truncated_normal",FALSE,"H2",163,1,0.999896960676864
"elk-287","truncated_normal",FALSE,"H3",1,3,0.999996733018834
"elk-287","truncated_normal",FALSE,"H3",2,3,0.988886840641978
"elk-287","truncated_normal",FALSE,"H3",3,3,0.99581050761418
"elk-287","truncated_normal",FALSE,"H3",4,3,0.982781953180275
"elk-287","truncated_normal",FALSE,"H3",5,2,1
"elk-287","truncated_normal",FALSE,"H3",6,2,1
"elk-287","truncated_normal",FALSE,"H3",7,2,1
"elk-287","truncated_normal",FALSE,"H3",8,2,1
"elk-287","truncated_normal",FALSE,"H3",9,2,1
"elk-287","truncated_normal",FALSE,"H3",10,2,1
"elk-287","truncated_normal",FALSE,"H3",11,3,0.983121779248086
"elk-287","truncated_normal",FALSE,"H3",12,3,0.995787071167432
"elk-287","truncated_normal",FALSE,"H3",13,3,0.973737272553019
"elk-287","truncated_normal",FALSE,"H3",14,2,0.99999999999813
"elk-287","truncated_normal",FALSE,"H3",15,2,0.999999999588256
"elk-287","truncated_normal",FALSE,"H3",16,3,0.656465417976959
"elk-287","truncated_normal",FALSE,"H3",17,2,0.999984627593572
"elk-287","truncated_normal",FALSE,"H3",18,3,0.980633019246823
"elk-287","truncated_normal",FALSE,"H3",19,3,0.954345782655424
"elk-287","truncated_normal",FALSE,"H3",20,3,0.995602137937571
"elk-287","truncated_normal",FALSE,"H3",21,3,0.991495089438625
"elk-287","truncated_normal",FALSE,"H3",22,3,0.990186163690065
"elk-287","truncated_normal",FALSE,"H3",23,3,0.995171114087304
"elk-287","truncated_normal",FALSE,"H3",24,3,0.9958386494504
"elk-287","truncated_normal",FALSE,"H3",25,3,0.978232313156188
"elk-287","truncated_normal",FALSE,"H3",26,2,0.999999997196577
"elk-287","truncated_normal",FALSE,"H3",27,2,0.999999999999994
"elk-287","truncated_normal",FALSE,"H3",28,3,0.925213510368597
"elk-287","truncated_normal",FALSE,"H3",29,2,1
"elk-287","truncated_normal",FALSE,"H3",30,2,1
"elk-287","truncated_normal",FALSE,"H3",31,2,1
"elk-287","truncated_normal",FALSE,"H3",32,3,0.905508933028565
"elk-287","truncated_normal",FALSE,"H3",33,2,0.999917816714328
"elk-287","truncated_normal",FALSE,"H3",34,2,0.99999999999992
"elk-287","truncated_normal",FALSE,"H3",35,2,0.999999998133354
"elk-287","truncated_normal",FALSE,"H3",36,2,0.99999999999859
"elk-287","truncated_normal",FALSE,"H3",37,2,0.999999999985563
"elk-287","truncated_normal",FALSE,"H3",38,3,0.925213510403386
"elk-287","truncated_normal",FALSE,"H3",39,2,0.999999999535186
"elk-287","truncated_normal",FALSE,"H3",40,3,0.861481054254921
"elk-287","truncated_normal",FALSE,"H3",41,2,0.999998391594255
"elk-287","truncated_normal",FALSE,"H3",42,3,0.983100637405855
"elk-287","truncated_normal",FALSE,"H3",43,3,0.995432360703362
"elk-287","truncated_normal",FALSE,"H3",44,3,0.995239388861722
"elk-287","truncated_normal",FALSE,"H3",45,3,0.995242404846586
"elk-287","truncated_normal",FALSE,"H3",46,3,0.995607806872882
"elk-287","truncated_normal",FALSE,"H3",47,3,0.995639601701258
"elk-287","truncated_normal",FALSE,"H3",48,3,0.995812534901595
"elk-287","truncated_normal",FALSE,"H3",49,3,0.975865901660723
"elk-287","truncated_normal",FALSE,"H3",50,2,1
"elk-287","truncated_normal",FALSE,"H3",51,3,0.555249002648396
"elk-287","truncated_normal",FALSE,"H3",52,2,1
"elk-287","truncated_normal",FALSE,"H3",53,2,1
"elk-287","truncated_normal",FALSE,"H3",54,2,1
"elk-287","truncated_normal",FALSE,"H3",55,3,0.975869482742304
"elk-287","truncated_normal",FALSE,"H3",56,3,0.995856907857173
"elk-287","truncated_normal",FALSE,"H3",57,3,0.995897393337685
"elk-287","truncated_normal",FALSE,"H3",58,3,0.996080705268129
"elk-287","truncated_normal",FALSE,"H3",59,3,0.994525985160964
"elk-287","truncated_normal",FALSE,"H3",60,3,0.984053628124258
"elk-287","truncated_normal",FALSE,"H3",61,3,0.996209860104541
"elk-287","truncated_normal",FALSE,"H3",62,3,0.995831326288817
"elk-287","truncated_normal",FALSE,"H3",63,3,0.988734590810932
"elk-287","truncated_normal",FALSE,"H3",64,3,0.996140688084587
"elk-287","truncated_normal",FALSE,"H3",65,3,0.99547325147808
"elk-287","truncated_normal",FALSE,"H3",66,3,0.929689072755094
"elk-287","truncated_normal",FALSE,"H3",67,2,0.999999933519845
"elk-287","truncated_normal",FALSE,"H3",68,3,0.98005648294966
"elk-287","truncated_normal",FALSE,"H3",69,3,0.980223861700634
"elk-287","truncated_normal",FALSE,"H3",70,2,0.999999972430457
"elk-287","truncated_normal",FALSE,"H3",71,2,0.999999999999998
"elk-287","truncated_normal",FALSE,"H3",72,3,0.920825378044313
"elk-287","truncated_normal",FALSE,"H3",73,2,1
"elk-287","truncated_normal",FALSE,"H3",74,2,1
"elk-287","truncated_normal",FALSE,"H3",75,2,0.999999999999982
"elk-287","truncated_normal",FALSE,"H3",76,2,0.975125967102767
"elk-287","truncated_normal",FALSE,"H3",77,2,1
"elk-287","truncated_normal",FALSE,"H3",78,3,0.905502926473537
"elk-287","truncated_normal",FALSE,"H3",79,2,1
"elk-287","truncated_normal",FALSE,"H3",80,3,0.98105331180086
"elk-287","truncated_normal",FALSE,"H3",81,3,0.995717211580857
"elk-287","truncated_normal",FALSE,"H3",82,3,0.996137893950892
"elk-287","truncated_normal",FALSE,"H3",83,3,0.996075583472773
"elk-287","truncated_normal",FALSE,"H3",84,3,0.99122511575002
"elk-287","truncated_normal",FALSE,"H3",85,3,0.980460125345551
"elk-287","truncated_normal",FALSE,"H3",86,3,0.994245238900981
"elk-287","truncated_normal",FALSE,"H3",87,3,0.980958588986864
"elk-287","truncated_normal",FALSE,"H3",88,2,1
"elk-287","truncated_normal",FALSE,"H3",89,2,1
"elk-287","truncated_normal",FALSE,"H3",90,3,0.986553805855768
"elk-287","truncated_normal",FALSE,"H3",91,3,0.803957905544933
"elk-287","truncated_normal",FALSE,"H3",92,1,0.640085899270884
"elk-287","truncated_normal",FALSE,"H3",93,1,0.771178418182676
"elk-287","truncated_normal",FALSE,"H3",94,1,0.948267410066664
"elk-287","truncated_normal",FALSE,"H3",95,1,0.94826777445011
"elk-287","truncated_normal",FALSE,"H3",96,1,0.964297370338403
"elk-287","truncated_normal",FALSE,"H3",97,1,0.992981430763845
"elk-287","truncated_normal",FALSE,"H3",98,1,0.998499279726512
"elk-287","truncated_normal",FALSE,"H3",99,1,0.998499338183004
"elk-287","truncated_normal",FALSE,"H3",100,1,0.998493857005893
"elk-287","truncated_normal",FALSE,"H3",101,1,0.99849860444971
"elk-287","truncated_normal",FALSE,"H3",102,1,0.998505546267956
"elk-287","truncated_normal",FALSE,"H3",103,1,0.998550307522775
"elk-287","truncated_normal",FALSE,"H3",104,1,0.998674635432341
"elk-287","truncated_normal",FALSE,"H3",105,1,0.998986173667812
"elk-287","truncated_normal",FALSE,"H3",106,1,0.99939461248268
"elk-287","truncated_normal",FALSE,"H3",107,1,0.999650746186052
"elk-287","truncated_normal",FALSE,"H3",108,1,0.999990609681758
"elk-287","truncated_normal",FALSE,"H3",109,1,0.999990615053971
"elk-287","truncated_normal",FALSE,"H3",110,1,0.999990456864547
"elk-287","truncated_normal",FALSE,"H3",111,1,0.9999972460176
"elk-287","truncated_normal",FALSE,"H3",112,1,0.999999905044679
"elk-287","truncated_normal",FALSE,"H3",113,1,0.999999904010832
"elk-287","truncated_normal",FALSE,"H3",114,1,0.999999865803882
"elk-287","truncated_normal",FALSE,"H3",115,1,0.999999996584514
"elk-287","truncated_normal",FALSE,"H3",116,1,0.999999996112322
"elk-287","truncated_normal",FALSE,"H3",117,1,0.999999961602786
"elk-287","truncated_normal",FALSE,"H3",118,1,0.999999974593785
"elk-287","truncated_normal",FALSE,"H3",119,1,0.999999935833947
"elk-287","truncated_normal",FALSE,"H3",120,1,0.999999999525075
"elk-287","truncated_normal",FALSE,"H3",121,1,0.999999979392957
"elk-287","truncated_normal",FALSE,"H3",122,1,0.999999993319792
"elk-287","truncated_normal",FALSE,"H3",123,1,0.999999962042623
"elk-287","truncated_normal",FALSE,"H3",124,1,0.999998474353179
"elk-287","truncated_normal",FALSE,"H3",125,1,0.999998457747477
"elk-287","truncated_normal",FALSE,"H3",126,1,0.999999899777474
"elk-287","truncated_normal",FALSE,"H3",127,1,0.999999575480347
"elk-287","truncated_normal",FALSE,"H3",128,1,0.999999948710248
"elk-287","truncated_normal",FALSE,"H3",129,1,0.999999895394079
"elk-287","truncated_normal",FALSE,"H3",130,1,0.999999996925276
"elk-287","truncated_normal",FALSE,"H3",131,1,0.999999994017729
"elk-287","truncated_normal",FALSE,"H3",132,1,0.999999585616614
"elk-287","truncated_normal",FALSE,"H3",133,1,0.999999999985965
"elk-287","truncated_normal",FALSE,"H3",134,1,0.999999999984175
"elk-287","truncated_normal",FALSE,"H3",135,1,0.999999999593874
"elk-287","truncated_normal",FALSE,"H3",136,1,0.999999999741123
"elk-287","truncated_normal",FALSE,"H3",137,1,0.99999999777219
"elk-287","truncated_normal",FALSE,"H3",138,1,0.999999660106413
"elk-287","truncated_normal",FALSE,"H3",139,1,0.999999998371036
"elk-287","truncated_normal",FALSE,"H3",140,1,0.99999999995196
"elk-287","truncated_normal",FALSE,"H3",141,1,0.999999995748115
"elk-287","truncated_normal",FALSE,"H3",142,1,0.99999999912024
"elk-287","truncated_normal",FALSE,"H3",143,1,0.999999935520155
"elk-287","truncated_normal",FALSE,"H3",144,1,0.999998729088618
"elk-287","truncated_normal",FALSE,"H3",145,1,0.999998843774075
"elk-287","truncated_normal",FALSE,"H3",146,1,0.999999772705249
"elk-287","truncated_normal",FALSE,"H3",147,1,0.999999718388419
"elk-287","truncated_normal",FALSE,"H3",148,1,0.999999994888092
"elk-287","truncated_normal",FALSE,"H3",149,1,0.999999989714011
"elk-287","truncated_normal",FALSE,"H3",150,1,0.999998579720116
"elk-287","truncated_normal",FALSE,"H3",151,1,0.999998602568447
"elk-287","truncated_normal",FALSE,"H3",152,1,0.999999212749756
"elk-287","truncated_normal",FALSE,"H3",153,1,0.999998852496882
"elk-287","truncated_normal",FALSE,"H3",154,1,0.999999682605397
"elk-287","truncated_normal",FALSE,"H3",155,1,0.999997663168861
"elk-287","truncated_normal",FALSE,"H3",156,1,0.999997494086633
"elk-287","truncated_normal",FALSE,"H3",157,1,0.999997818071745
"elk-287","truncated_normal",FALSE,"H3",158,1,0.999999908295142
"elk-287","truncated_normal",FALSE,"H3",159,1,0.999999568185039
"elk-287","truncated_normal",FALSE,"H3",160,1,0.999999924516145
"elk-287","truncated_normal",FALSE,"H3",161,1,0.999998952779438
"elk-287","truncated_normal",FALSE,"H3",162,1,0.999999025131387
"elk-287","truncated_normal",FALSE,"H3",163,1,0.999977107393734
"elk-363","truncated_normal",FALSE,"M21",1,2,0.999999779978705
"elk-363","truncated_normal",FALSE,"M21",2,2,0.994366343229975
"elk-363","truncated_normal",FALSE,"M21",3,2,0.991513290696241
"elk-363","truncated_normal",FALSE,"M21",4,2,0.992651238667767
"elk-363","truncated_normal",FALSE,"M21",5,2,0.991213435477526
"elk-363","truncated_normal",FALSE,"M21",6,2,0.99698139144931
"elk-363","truncated_normal",FALSE,"M21",7,2,0.997003950356872
"elk-363","truncated_normal",FALSE,"M21",8,2,0.994446540385404
"elk-363","truncated_normal",FALSE,"M21",9,2,0.994814947457978
"elk-363","truncated_normal",FALSE,"M21",10,2,0.998453073568312
"elk-363","truncated_normal",FALSE,"M21",11,2,0.99605706257247
"elk-363","truncated_normal",FALSE,"M21",12,2,0.99493631613397
"elk-363","truncated_normal",FALSE,"M21",13,2,0.998874902334682
"elk-363","truncated_normal",FALSE,"M21",14,2,0.999452178156056
"elk-363","truncated_normal",FALSE,"M21",15,2,0.999192549040529
"elk-363","truncated_normal",FALSE,"M21",16,2,0.998684472068295
"elk-363","truncated_normal",FALSE,"M21",17,2,0.992382922821465
"elk-363","truncated_normal",FALSE,"M21",18,2,0.998068078749008
"elk-363","truncated_normal",FALSE,"M21",19,2,0.997368448710282
"elk-363","truncated_normal",FALSE,"M21",20,2,0.998490500891313
"elk-363","truncated_normal",FALSE,"M21",21,2,0.997829955135499
"elk-363","truncated_normal",FALSE,"M21",22,2,0.998961906862935
"elk-363","truncated_normal",FALSE,"M21",23,2,0.999511417180327
"elk-363","truncated_normal",FALSE,"M21",24,2,0.999551712675354
"elk-363","truncated_normal",FALSE,"M21",25,2,0.999102601715912
"elk-363","truncated_normal",FALSE,"M21",26,2,0.999010235253845
"elk-363","truncated_normal",FALSE,"M21",27,2,0.997773676926135
"elk-363","truncated_normal",FALSE,"M21",28,2,0.998934642268371
"elk-363","truncated_normal",FALSE,"M21",29,2,0.995901855288291
"elk-363","truncated_normal",FALSE,"M21",30,2,0.965128906731959
"elk-363","truncated_normal",FALSE,"M21",31,2,0.857428468980589
"elk-363","truncated_normal",FALSE,"M21",32,1,0.693454058200692
"elk-363","truncated_normal",FALSE,"M21",33,1,0.999987431117057
"elk-363","truncated_normal",FALSE,"M21",34,1,0.999120982846
"elk-363","truncated_normal",FALSE,"M21",35,1,0.99999965959109
"elk-363","truncated_normal",FALSE,"M21",36,1,0.991743131791088
"elk-363","truncated_normal",FALSE,"M21",37,1,0.97679530210186
"elk-363","truncated_normal",FALSE,"M21",38,1,0.993646269302955
"elk-363","truncated_normal",FALSE,"M21",39,1,0.969676463544426
"elk-363","truncated_normal",FALSE,"M21",40,1,0.99134309160827
"elk-363","truncated_normal",FALSE,"M21",41,1,0.999720967175713
"elk-363","truncated_normal",FALSE,"M21",42,1,0.99191756715336
"elk-363","truncated_normal",FALSE,"M21",43,1,0.993475257291457
"elk-363","truncated_normal",FALSE,"M21",44,1,0.997946019209246
"elk-363","truncated_normal",FALSE,"M21",45,1,0.995509192272528
"elk-363","truncated_normal",FALSE,"M21",46,1,0.993465496919659
"elk-363","truncated_normal",FALSE,"M21",47,1,0.986224962140608
"elk-363","truncated_normal",FALSE,"M21",48,1,0.95397103282342
"elk-363","truncated_normal",FALSE,"M21",49,1,0.867453809881967
"elk-363","truncated_normal",FALSE,"M21",50,1,0.812219706840679
"elk-363","truncated_normal",FALSE,"M21",51,1,0.697039365396575
"elk-363","truncated_normal",FALSE,"M21",52,1,0.678332277883536
"elk-363","truncated_normal",FALSE,"M21",53,1,0.666124690353544
"elk-363","truncated_normal",FALSE,"M21",54,1,0.599567760273623
"elk-363","truncated_normal",FALSE,"M21",55,1,0.511448281305297
"elk-363","truncated_normal",FALSE,"M21",56,1,0.61892202481983
"elk-363","truncated_normal",FALSE,"M21",57,2,0.85873831761163
"elk-363","truncated_normal",FALSE,"M21",58,2,0.904835098456223
"elk-363","truncated_normal",FALSE,"M21",59,2,0.894340700580508
"elk-363","truncated_normal",FALSE,"M21",60,2,0.700878544365337
"elk-363","truncated_normal",FALSE,"M21",61,2,0.614731224296278
"elk-363","truncated_normal",FALSE,"M21",62,1,0.732867103773743
"elk-363","truncated_normal",FALSE,"M21",63,1,0.75798147644171
"elk-363","truncated_normal",FALSE,"M21",64,1,0.912436295646801
"elk-363","truncated_normal",FALSE,"M21",65,1,0.999533847889725
"elk-363","truncated_normal",FALSE,"M21",66,1,0.999988603546272
"elk-363","truncated_normal",FALSE,"M21",67,1,0.999999945668927
"elk-363","truncated_normal",FALSE,"M21",68,1,0.999996660847969
"elk-363","truncated_normal",FALSE,"M21",69,1,0.976577245732256
"elk-363","truncated_normal",FALSE,"M21",70,1,0.934658827577424
"elk-363","truncated_normal",FALSE,"M21",71,1,0.855914670218453
"elk-363","truncated_normal",FALSE,"M21",72,2,0.654213221673625
"elk-363","truncated_normal",FALSE,"M21",73,2,0.51399416725985
"elk-363","truncated_normal",FALSE,"M21",74,2,0.525370900380058
"elk-363","truncated_normal",FALSE,"M21",75,2,0.600135016584777
"elk-363","truncated_normal",FALSE,"M21",76,2,0.689045347164
"elk-363","truncated_normal",FALSE,"M21",77,2,0.888215235744657
"elk-363","truncated_normal",FALSE,"M21",78,2,0.907463934312622
"elk-363","truncated_normal",FALSE,"M21",79,2,0.934743276462985
"elk-363","truncated_normal",FALSE,"M21",80,2,0.953524350762548
"elk-363","truncated_normal",FALSE,"M21",81,2,0.973912932497053
"elk-363","truncated_normal",FALSE,"M21",82,2,0.975508990375387
"elk-363","truncated_normal",FALSE,"M21",83,2,0.982719686257313
"elk-363","truncated_normal",FALSE,"M21",84,2,0.994111614175391
"elk-363","truncated_normal",FALSE,"M21",85,2,0.992093730945488
"elk-363","truncated_normal",FALSE,"M21",86,2,0.993248317365868
"elk-363","truncated_normal",FALSE,"M21",87,2,0.997988272632982
"elk-363","truncated_normal",FALSE,"M21",88,2,0.99626208544057
"elk-363","truncated_normal",FALSE,"M21",89,2,0.975271694804053
"elk-363","truncated_normal",FALSE,"M21",90,2,0.980629510428357
"elk-363","truncated_normal",FALSE,"M21",91,2,0.970106231570842
"elk-363","truncated_normal",FALSE,"M21",92,2,0.972211885221769
"elk-363","truncated_normal",FALSE,"M21",93,2,0.960065164120221
"elk-363","truncated_normal",FALSE,"M21",94,2,0.96581457874471
"elk-363","truncated_normal",FALSE,"M21",95,2,0.925259578655407
"elk-363","truncated_normal",FALSE,"M21",96,1,0.608654323004661
"elk-363","truncated_normal",FALSE,"M21",97,1,0.528154476567833
"elk-363","truncated_normal",FALSE,"M21",98,1,0.652542175520195
"elk-363","truncated_normal",FALSE,"M21",99,1,0.727599349081294
"elk-363","truncated_normal",FALSE,"M21",100,1,0.792734984446126
"elk-363","truncated_normal",FALSE,"M21",101,1,0.799438402578696
"elk-363","truncated_normal",FALSE,"M21",102,1,0.785556062495398
"elk-363","truncated_normal",FALSE,"M21",103,1,0.781977906075242
"elk-363","truncated_normal",FALSE,"M21",104,1,0.860875622043309
"elk-363","truncated_normal",FALSE,"M21",105,1,0.887328911259256
"elk-363","truncated_normal",FALSE,"M21",106,1,0.919364609473618
"elk-363","truncated_normal",FALSE,"M21",107,1,0.95736644234056
"elk-363","truncated_normal",FALSE,"M21",108,1,0.974611241830439
"elk-363","truncated_normal",FALSE,"M21",109,1,0.967607390183451
"elk-363","truncated_normal",FALSE,"M21",110,1,0.971500918181247
"elk-363","truncated_normal",FALSE,"M21",111,1,0.987218785463421
"elk-363","truncated_normal",FALSE,"M21",112,1,0.976339478861722
"elk-363","truncated_normal",FALSE,"M21",113,1,0.972394609049251
"elk-363","truncated_normal",FALSE,"M21",114,1,0.955536981171594
"elk-363","truncated_normal",FALSE,"M21",115,1,0.949025069685912
"elk-363","truncated_normal",FALSE,"M21",116,1,0.940679042364206
"elk-363","truncated_normal",FALSE,"M21",117,1,0.933625127401027
"elk-363","truncated_normal",FALSE,"M21",118,1,0.999999999946224
"elk-363","truncated_normal",FALSE,"M21",119,1,0.999998583221332
"elk-363","truncated_normal",FALSE,"M21",120,1,0.998789523806488
"elk-363","truncated_normal",FALSE,"M21",121,1,0.999999850579797
"elk-363","truncated_normal",FALSE,"M21",122,1,0.999999813109479
"elk-363","truncated_normal",FALSE,"M21",123,2,0.815689242839957
"elk-363","truncated_normal",FALSE,"M21",124,2,0.963933830436678
"elk-363","truncated_normal",FALSE,"M21",125,2,0.989652513215221
"elk-363","truncated_normal",FALSE,"M21",126,2,0.991937028655434
"elk-363","truncated_normal",FALSE,"M21",127,2,0.990230619290834
"elk-363","truncated_normal",FALSE,"M21",128,2,0.992981615579068
"elk-363","truncated_normal",FALSE,"M21",129,2,0.976407783394054
"elk-363","truncated_normal",FALSE,"M21",130,2,0.973075598143217
"elk-363","truncated_normal",FALSE,"M21",131,2,0.97008186566941
"elk-363","truncated_normal",FALSE,"M21",132,2,0.994461937268307
"elk-363","truncated_normal",FALSE,"M21",133,2,0.99483104406212
"elk-363","truncated_normal",FALSE,"M21",134,2,0.973966742056731
"elk-363","truncated_normal",FALSE,"M21",135,2,0.915638669010812
"elk-363","truncated_normal",FALSE,"M21",136,2,0.694023505234888
"elk-363","truncated_normal",FALSE,"M21",137,2,0.594266884478871
"elk-363","truncated_normal",FALSE,"M21",138,2,0.558614402753916
"elk-363","truncated_normal",FALSE,"M21",139,2,0.567164958872589
"elk-363","truncated_normal",FALSE,"M21",140,2,0.584175674455238
"elk-363","truncated_normal",FALSE,"M21",141,2,0.609991770073091
"elk-363","truncated_normal",FALSE,"M21",142,1,0.912823529892178
"elk-363","truncated_normal",FALSE,"M21",143,1,0.981673997624693
"elk-363","truncated_normal",FALSE,"M21",144,1,0.999986134942157
"elk-363","truncated_normal",FALSE,"M21",145,1,0.945615199872187
"elk-363","truncated_normal",FALSE,"M21",146,1,0.817401192185486
"elk-363","truncated_normal",FALSE,"M21",147,1,0.817988924606981
"elk-363","truncated_normal",FALSE,"M21",148,1,0.91300204625657
"elk-363","truncated_normal",FALSE,"M21",149,1,0.935912625023684
"elk-363","truncated_normal",FALSE,"M21",150,1,0.974114960631017
"elk-363","truncated_normal",FALSE,"M21",151,1,0.980211008810204
"elk-363","truncated_normal",FALSE,"M21",152,1,0.999977710250756
"elk-363","truncated_normal",FALSE,"M21",153,1,0.995362391955606
"elk-363","truncated_normal",FALSE,"M21",154,1,0.99998934281922
"elk-363","truncated_normal",FALSE,"M21",155,1,0.998522932596914
"elk-363","truncated_normal",FALSE,"M21",156,1,0.997106801199359
"elk-363","truncated_normal",FALSE,"M21",157,1,0.996881225879525
"elk-363","truncated_normal",FALSE,"M21",158,1,0.997779403003744
"elk-363","truncated_normal",FALSE,"M21",159,1,0.997055754315108
"elk-363","truncated_normal",FALSE,"M21",160,1,0.997257150145129
"elk-363","truncated_normal",FALSE,"M21",161,1,0.996798650012509
"elk-363","truncated_normal",FALSE,"M21",162,1,0.997434740741133
"elk-363","truncated_normal",FALSE,"M21",163,1,0.994728803609458
"elk-363","truncated_normal",FALSE,"M21",164,1,0.994441219799284
"elk-363","truncated_normal",FALSE,"M21",165,1,0.995856114650389
"elk-363","truncated_normal",FALSE,"M21",166,1,0.997869206899588
"elk-363","truncated_normal",FALSE,"M21",167,1,0.997949903844474
"elk-363","truncated_normal",FALSE,"M21",168,1,0.995921591820238
"elk-363","truncated_normal",FALSE,"M21",169,1,0.997395233178186
"elk-363","truncated_normal",FALSE,"M21",170,1,0.999999953771518
"elk-363","truncated_normal",FALSE,"M21",171,1,0.999999999992412
"elk-363","truncated_normal",FALSE,"M21",172,1,0.999416784509271
"elk-363","truncated_normal",FALSE,"M21",173,1,0.998806338361453
"elk-363","truncated_normal",FALSE,"M21",174,1,0.998829413468246
"elk-363","truncated_normal",FALSE,"M21",175,1,0.999318966829379
"elk-363","truncated_normal",FALSE,"M21",176,1,0.99999982797198
"elk-363","truncated_normal",FALSE,"M21",177,1,0.998579688966296
"elk-363","truncated_normal",FALSE,"M21",178,1,0.998285727305072
"elk-363","truncated_normal",FALSE,"M21",179,1,0.998011533199579
"elk-363","truncated_normal",FALSE,"M21",180,1,0.997461616162817
"elk-363","truncated_normal",FALSE,"M21",181,1,0.998297481033279
"elk-363","truncated_normal",FALSE,"M21",182,1,0.999099288003624
"elk-363","truncated_normal",FALSE,"M21",183,1,0.999922197511708
"elk-363","truncated_normal",FALSE,"M21",184,1,0.995625495373041
"elk-363","truncated_normal",FALSE,"M21",185,1,0.995452735787701
"elk-363","truncated_normal",FALSE,"M21",186,1,0.990357397561099
"elk-363","truncated_normal",FALSE,"M21",187,1,0.989258546803276
"elk-363","truncated_normal",FALSE,"M21",188,1,0.974139447635398
"elk-363","truncated_normal",FALSE,"M21",189,1,0.938158349938677
"elk-363","truncated_normal",FALSE,"M21",190,1,0.913624768553965
"elk-363","truncated_normal",FALSE,"M21",191,1,0.967116024133663
"elk-363","truncated_normal",FALSE,"M21",192,1,0.994662751185239
"elk-363","truncated_normal",FALSE,"M21",193,1,0.996432101962635
"elk-363","truncated_normal",FALSE,"M21",194,1,0.99714669564099
"elk-363","truncated_normal",FALSE,"M21",195,1,0.997105245645642
"elk-363","truncated_normal",FALSE,"M21",196,1,0.997734275170035
"elk-363","truncated_normal",FALSE,"M21",197,1,0.998588255885094
"elk-363","truncated_normal",FALSE,"M21",198,1,0.998166320235776
"elk-363","truncated_normal",FALSE,"M21",199,1,0.997352840913074
"elk-363","truncated_normal",FALSE,"M21",200,1,0.993992446812055
"elk-363","truncated_normal",FALSE,"M21",201,1,0.992924994309826
"elk-363","truncated_normal",FALSE,"M21",202,1,0.995655154794064
"elk-363","truncated_normal",FALSE,"M21",203,1,0.99672261672784
"elk-363","truncated_normal",FALSE,"M21",204,1,0.992911369854058
"elk-363","truncated_normal",FALSE,"M21",205,1,0.989372338867512
"elk-363","truncated_normal",FALSE,"M21",206,1,0.991943456977333
"elk-363","truncated_normal",FALSE,"M21",207,1,0.997859221130929
"elk-363","truncated_normal",FALSE,"M21",208,1,0.999034552637141
"elk-363","truncated_normal",FALSE,"M21",209,1,0.99928412235553
"elk-363","truncated_normal",FALSE,"M21",210,1,0.999331846396187
"elk-363","truncated_normal",FALSE,"M21",211,1,0.999316155823953
"elk-363","truncated_normal",FALSE,"M21",212,1,0.999377148827076
"elk-363","truncated_normal",FALSE,"M21",213,1,0.999370872167654
"elk-363","truncated_normal",FALSE,"M21",214,1,0.999277757691289
"elk-363","truncated_normal",FALSE,"M21",215,1,0.99896110972738
"elk-363","truncated_normal",FALSE,"M21",216,1,0.997502441194322
"elk-363","truncated_normal",FALSE,"M21",217,1,0.991263390675524
"elk-363","truncated_normal",FALSE,"H2",1,1,0.999999452346105
"elk-363","truncated_normal",FALSE,"H2",2,1,0.964491944664492
"elk-363","truncated_normal",FALSE,"H2",3,1,0.960715226963472
"elk-363","truncated_normal",FALSE,"H2",4,1,0.999999996248248
"elk-363","truncated_normal",FALSE,"H2",5,1,0.969413215827386
"elk-363","truncated_normal",FALSE,"H2",6,1,0.999999907144019
"elk-363","truncated_normal",FALSE,"H2",7,1,0.994059612449757
"elk-363","truncated_normal",FALSE,"H2",8,1,0.9630965116184
"elk-363","truncated_normal",FALSE,"H2",9,1,0.963737396285192
"elk-363","truncated_normal",FALSE,"H2",10,1,0.999862996019099
"elk-363","truncated_normal",FALSE,"H2",11,1,0.990072854546057
"elk-363","truncated_normal",FALSE,"H2",12,1,0.999999999997001
"elk-363","truncated_normal",FALSE,"H2",13,1,0.999719744237379
"elk-363","truncated_normal",FALSE,"H2",14,1,0.99976495431316
"elk-363","truncated_normal",FALSE,"H2",15,1,0.998965032850044
"elk-363","truncated_normal",FALSE,"H2",16,1,0.999553001518912
"elk-363","truncated_normal",FALSE,"H2",17,1,0.951846315308329
"elk-363","truncated_normal",FALSE,"H2",18,1,0.999998084346181
"elk-363","truncated_normal",FALSE,"H2",19,1,0.990124672981998
"elk-363","truncated_normal",FALSE,"H2",20,1,0.999999970349303
"elk-363","truncated_normal",FALSE,"H2",21,1,0.990211686579135
"elk-363","truncated_normal",FALSE,"H2",22,1,0.998008183072964
"elk-363","truncated_normal",FALSE,"H2",23,1,0.999720663562277
"elk-363","truncated_normal",FALSE,"H2",24,1,0.999778877027288
"elk-363","truncated_normal",FALSE,"H2",25,1,0.997907868771006
"elk-363","truncated_normal",FALSE,"H2",26,1,0.998611160736808
"elk-363","truncated_normal",FALSE,"H2",27,1,0.987745463766775
"elk-363","truncated_normal",FALSE,"H2",28,1,0.999997947492477
"elk-363","truncated_normal",FALSE,"H2",29,1,0.999998515904088
"elk-363","truncated_normal",FALSE,"H2",30,1,0.998051559770875
"elk-363","truncated_normal",FALSE,"H2",31,1,0.997705503890915
"elk-363","truncated_normal",FALSE,"H2",32,1,0.962831535428542
"elk-363","truncated_normal",FALSE,"H2",33,1,1
"elk-363","truncated_normal",FALSE,"H2",34,1,0.959403877327509
"elk-363","truncated_normal",FALSE,"H2",35,1,1
"elk-363","truncated_normal",FALSE,"H2",36,1,0.958715228275582
"elk-363","truncated_normal",FALSE,"H2",37,1,0.999006239429
"elk-363","truncated_normal",FALSE,"H2",38,1,1
"elk-363","truncated_normal",FALSE,"H2",39,1,0.999882883877348
"elk-363","truncated_normal",FALSE,"H2",40,1,0.952084509337305
"elk-363","truncated_normal",FALSE,"H2",41,1,1
"elk-363","truncated_normal",FALSE,"H2",42,1,0.993662706823222
"elk-363","truncated_normal",FALSE,"H2",43,1,0.999999999995518
"elk-363","truncated_normal",FALSE,"H2",44,1,0.999999999999998
"elk-363","truncated_normal",FALSE,"H2",45,2,0.582406202745182
"elk-363","truncated_normal",FALSE,"H2",46,2,0.828794998771489
"elk-363","truncated_normal",FALSE,"H2",47,2,0.892443149358195
"elk-363","truncated_normal",FALSE,"H2",48,2,0.870476556227289
"elk-363","truncated_normal",FALSE,"H2",49,2,0.741974814158653
"elk-363","truncated_normal",FALSE,"H2",50,2,0.679191421146231
"elk-363","truncated_normal",FALSE,"H2",51,2,0.549163458923194
"elk-363","truncated_normal",FALSE,"H2",52,2,0.583119549678762
"elk-363","truncated_normal",FALSE,"H2",53,2,0.710883716287234
"elk-363","truncated_normal",FALSE,"H2",54,2,0.699723346293535
"elk-363","truncated_normal",FALSE,"H2",55,2,0.634694802263101
"elk-363","truncated_normal",FALSE,"H2",56,2,0.53226844800392
"elk-363","truncated_normal",FALSE,"H2",57,1,0.978626046404791
"elk-363","truncated_normal",FALSE,"H2",58,1,0.999268861094086
"elk-363","truncated_normal",FALSE,"H2",59,1,0.999959778008695
"elk-363","truncated_normal",FALSE,"H2",60,1,0.955930819536125
"elk-363","truncated_normal",FALSE,"H2",61,1,0.995026832120468
"elk-363","truncated_normal",FALSE,"H2",62,1,1
"elk-363","truncated_normal",FALSE,"H2",63,1,0.996744826312327
"elk-363","truncated_normal",FALSE,"H2",64,1,0.962187303222706
"elk-363","truncated_normal",FALSE,"H2",65,1,1
"elk-363","truncated_normal",FALSE,"H2",66,1,1
"elk-363","truncated_normal",FALSE,"H2",67,1,1
"elk-363","truncated_normal",FALSE,"H2",68,1,1
"elk-363","truncated_normal",FALSE,"H2",69,1,0.631895903460604
"elk-363","truncated_normal",FALSE,"H2",70,1,0.512629527617619
"elk-363","truncated_normal",FALSE,"H2",71,1,0.523530530476545
"elk-363","truncated_normal",FALSE,"H2",72,1,0.717949204957114
"elk-363","truncated_normal",FALSE,"H2",73,1,0.920728988340903
"elk-363","truncated_normal",FALSE,"H2",74,1,0.70985195290386
"elk-363","truncated_normal",FALSE,"H2",75,1,0.698017205069395
"elk-363","truncated_normal",FALSE,"H2",76,1,0.747056229929627
"elk-363","truncated_normal",FALSE,"H2",77,1,0.990549626902187
"elk-363","truncated_normal",FALSE,"H2",78,1,0.932758224080741
"elk-363","truncated_normal",FALSE,"H2",79,1,0.930799948727835
"elk-363","truncated_normal",FALSE,"H2",80,1,0.933426398416843
"elk-363","truncated_normal",FALSE,"H2",81,1,0.971645997407071
"elk-363","truncated_normal",FALSE,"H2",82,1,0.928441558688528
"elk-363","truncated_normal",FALSE,"H2",83,1,0.939660819155368
"elk-363","truncated_normal",FALSE,"H2",84,1,0.99730187119292
"elk-363","truncated_normal",FALSE,"H2",85,1,0.961280946756278
"elk-363","truncated_normal",FALSE,"H2",86,1,0.960767920068427
"elk-363","truncated_normal",FALSE,"H2",87,1,0.999674382500391
"elk-363","truncated_normal",FALSE,"H2",88,1,0.999664130131168
"elk-363","truncated_normal",FALSE,"H2",89,1,0.932956690925066
"elk-363","truncated_normal",FALSE,"H2",90,1,0.980754921465956
"elk-363","truncated_normal",FALSE,"H2",91,1,0.931391006819899
"elk-363","truncated_normal",FALSE,"H2",92,1,0.966884803745972
"elk-363","truncated_normal",FALSE,"H2",93,1,0.934460608012892
"elk-363","truncated_normal",FALSE,"H2",94,1,0.999633037346675
"elk-363","truncated_normal",FALSE,"H2",95,1,0.99999253708868
"elk-363","truncated_normal",FALSE,"H2",96,2,0.508469740021686
"elk-363","truncated_normal",FALSE,"H2",97,2,0.666956070781239
"elk-363","truncated_normal",FALSE,"H2",98,2,0.774737109084028
"elk-363","truncated_normal",FALSE,"H2",99,2,0.802369127357661
"elk-363","truncated_normal",FALSE,"H2",100,2,0.806809484135979
"elk-363","truncated_normal",FALSE,"H2",101,2,0.681844569127453
"elk-363","truncated_normal",FALSE,"H2",102,1,0.664286448595429
"elk-363","truncated_normal",FALSE,"H2",103,1,0.984747009195058
"elk-363","truncated_normal",FALSE,"H2",104,1,0.999999999999541
"elk-363","truncated_normal",FALSE,"H2",105,1,0.92262361329704
"elk-363","truncated_normal",FALSE,"H2",106,1,0.883143918772604
"elk-363","truncated_normal",FALSE,"H2",107,1,0.878425790756653
"elk-363","truncated_normal",FALSE,"H2",108,1,0.99999999999999
"elk-363","truncated_normal",FALSE,"H2",109,1,0.985749027144541
"elk-363","truncated_normal",FALSE,"H2",110,1,0.985749027144544
"elk-363","truncated_normal",FALSE,"H2",111,1,1
"elk-363","truncated_normal",FALSE,"H2",112,1,0.856667727470394
"elk-363","truncated_normal",FALSE,"H2",113,1,0.71874447242735
"elk-363","truncated_normal",FALSE,"H2",114,1,0.740976453414217
"elk-363","truncated_normal",FALSE,"H2",115,1,0.748796705543694
"elk-363","truncated_normal",FALSE,"H2",116,1,0.837127266519023
"elk-363","truncated_normal",FALSE,"H2",117,1,0.999996715598067
"elk-363","truncated_normal",FALSE,"H2",118,1,1
"elk-363","truncated_normal",FALSE,"H2",119,1,1
"elk-363","truncated_normal",FALSE,"H2",120,1,0.999999999999424
"elk-363","truncated_normal",FALSE,"H2",121,1,1
"elk-363","truncated_normal",FALSE,"H2",122,1,1
"elk-363","truncated_normal",FALSE,"H2",123,1,0.999485869455912
"elk-363","truncated_normal",FALSE,"H2",124,1,0.9995411756801
"elk-363","truncated_normal",FALSE,"H2",125,1,0.999999903201003
"elk-363","truncated_normal",FALSE,"H2",126,1,0.991643400107664
"elk-363","truncated_normal",FALSE,"H2",127,1,0.97406259285109
"elk-363","truncated_normal",FALSE,"H2",128,1,0.999981901267415
"elk-363","truncated_normal",FALSE,"H2",129,1,0.935125084279304
"elk-363","truncated_normal",FALSE,"H2",130,1,0.956403762820163
"elk-363","truncated_normal",FALSE,"H2",131,1,0.999999999999976
"elk-363","truncated_normal",FALSE,"H2",132,1,0.999985026563921
"elk-363","truncated_normal",FALSE,"H2",133,1,0.999992292674311
"elk-363","truncated_normal",FALSE,"H2",134,1,0.999999998864861
"elk-363","truncated_normal",FALSE,"H2",135,1,0.999999925231435
"elk-363","truncated_normal",FALSE,"H2",136,1,0.769574599712146
"elk-363","truncated_normal",FALSE,"H2",137,1,0.726065365110622
"elk-363","truncated_normal",FALSE,"H2",138,1,0.8230999815556
"elk-363","truncated_normal",FALSE,"H2",139,1,0.760063124066237
"elk-363","truncated_normal",FALSE,"H2",140,1,0.86323950927701
"elk-363","truncated_normal",FALSE,"H2",141,1,0.985830759770563
"elk-363","truncated_normal",FALSE,"H2",142,1,0.793516669696056
"elk-363","truncated_normal",FALSE,"H2",143,1,0.796947312769875
"elk-363","truncated_normal",FALSE,"H2",144,1,1
"elk-363","truncated_normal",FALSE,"H2",145,1,0.955693724232573
"elk-363","truncated_normal",FALSE,"H2",146,1,0.999155802028491
"elk-363","truncated_normal",FALSE,"H2",147,1,0.992217409469463
"elk-363","truncated_normal",FALSE,"H2",148,1,0.773791101092493
"elk-363","truncated_normal",FALSE,"H2",149,1,0.763982430252607
"elk-363","truncated_normal",FALSE,"H2",150,1,0.742055982333067
"elk-363","truncated_normal",FALSE,"H2",151,1,0.908568000790881
"elk-363","truncated_normal",FALSE,"H2",152,1,1
"elk-363","truncated_normal",FALSE,"H2",153,1,0.999999999445826
"elk-363","truncated_normal",FALSE,"H2",154,1,1
"elk-363","truncated_normal",FALSE,"H2",155,2,0.639265644529466
"elk-363","truncated_normal",FALSE,"H2",156,2,0.830094919800958
"elk-363","truncated_normal",FALSE,"H2",157,2,0.908848482460489
"elk-363","truncated_normal",FALSE,"H2",158,2,0.938323111977792
"elk-363","truncated_normal",FALSE,"H2",159,2,0.914278571347826
"elk-363","truncated_normal",FALSE,"H2",160,2,0.840603297150359
"elk-363","truncated_normal",FALSE,"H2",161,2,0.59022045422594
"elk-363","truncated_normal",FALSE,"H2",162,1,0.999999999996919
"elk-363","truncated_normal",FALSE,"H2",163,2,0.557292246518282
"elk-363","truncated_normal",FALSE,"H2",164,2,0.705859217070969
"elk-363","truncated_normal",FALSE,"H2",165,2,0.844871593121882
"elk-363","truncated_normal",FALSE,"H2",166,2,0.897519899185388
"elk-363","truncated_normal",FALSE,"H2",167,2,0.870641354655902
"elk-363","truncated_normal",FALSE,"H2",168,2,0.710240925709064
"elk-363","truncated_normal",FALSE,"H2",169,2,0.503951940230501
"elk-363","truncated_normal",FALSE,"H2",170,1,1
"elk-363","truncated_normal",FALSE,"H2",171,1,1
"elk-363","truncated_normal",FALSE,"H2",172,2,0.586569201100884
"elk-363","truncated_normal",FALSE,"H2",173,2,0.729339679785199
"elk-363","truncated_normal",FALSE,"H2",174,2,0.730542991816866
"elk-363","truncated_normal",FALSE,"H2",175,2,0.58678462236275
"elk-363","truncated_normal",FALSE,"H2",176,1,1
"elk-363","truncated_normal",FALSE,"H2",177,2,0.631113517051499
"elk-363","truncated_normal",FALSE,"H2",178,2,0.852150890764348
"elk-363","truncated_normal",FALSE,"H2",179,2,0.912399335674664
"elk-363","truncated_normal",FALSE,"H2",180,2,0.9068897763936
"elk-363","truncated_normal",FALSE,"H2",181,2,0.861417181736799
"elk-363","truncated_normal",FALSE,"H2",182,2,0.679238517931208
"elk-363","truncated_normal",FALSE,"H2",183,1,1
"elk-363","truncated_normal",FALSE,"H2",184,1,0.982812568568619
"elk-363","truncated_normal",FALSE,"H2",185,1,0.999999999999987
"elk-363","truncated_normal",FALSE,"H2",186,1,0.999999999887693
"elk-363","truncated_normal",FALSE,"H2",187,1,0.746522224368877
"elk-363","truncated_normal",FALSE,"H2",188,1,0.72599041677879
"elk-363","truncated_normal",FALSE,"H2",189,1,0.859938848580043
"elk-363","truncated_normal",FALSE,"H2",190,1,0.999863096281333
"elk-363","truncated_normal",FALSE,"H2",191,1,0.960938566003783
"elk-363","truncated_normal",FALSE,"H2",192,1,0.999999999999994
"elk-363","truncated_normal",FALSE,"H2",193,2,0.664904960680155
"elk-363","truncated_normal",FALSE,"H2",194,2,0.881539112218803
"elk-363","truncated_normal",FALSE,"H2",195,2,0.948343236318041
"elk-363","truncated_normal",FALSE,"H2",196,2,0.975937830839177
"elk-363","truncated_normal",FALSE,"H2",197,2,0.986839140497059
"elk-363","truncated_normal",FALSE,"H2",198,2,0.987989138179284
"elk-363","truncated_normal",FALSE,"H2",199,2,0.985173600766053
"elk-363","truncated_normal",FALSE,"H2",200,2,0.970955845949907
"elk-363","truncated_normal",FALSE,"H2",201,2,0.965236241615271
"elk-363","truncated_normal",FALSE,"H2",202,2,0.979164322524485
"elk-363","truncated_normal",FALSE,"H2",203,2,0.981088388040173
"elk-363","truncated_normal",FALSE,"H2",204,2,0.964804330678248
"elk-363","truncated_normal",FALSE,"H2",205,2,0.940702064505655
"elk-363","truncated_normal",FALSE,"H2",206,2,0.95498445550348
"elk-363","truncated_normal",FALSE,"H2",207,2,0.982238605415833
"elk-363","truncated_normal",FALSE,"H2",208,2,0.989532578232802
"elk-363","truncated_normal",FALSE,"H2",209,2,0.991477552058084
"elk-363","truncated_normal",FALSE,"H2",210,2,0.991990543773958
"elk-363","truncated_normal",FALSE,"H2",211,2,0.992104676389808
"elk-363","truncated_normal",FALSE,"H2",212,2,0.992084235408897
"elk-363","truncated_normal",FALSE,"H2",213,2,0.991893113471106
"elk-363","truncated_normal",FALSE,"H2",214,2,0.991147357809432
"elk-363","truncated_normal",FALSE,"H2",215,2,0.988305519654275
"elk-363","truncated_normal",FALSE,"H2",216,2,0.977644371327318
"elk-363","truncated_normal",FALSE,"H2",217,2,0.937777465875151
"elk-363","truncated_normal",FALSE,"H3",1,1,0.999999943225864
"elk-363","truncated_normal",FALSE,"H3",2,1,0.999956181322736
"elk-363","truncated_normal",FALSE,"H3",3,1,0.999954220618973
"elk-363","truncated_normal",FALSE,"H3",4,1,0.976705173930663
"elk-363","truncated_normal",FALSE,"H3",5,1,0.999971006537025
"elk-363","truncated_normal",FALSE,"H3",6,1,0.989793995197463
"elk-363","truncated_normal",FALSE,"H3",7,1,0.999750928944251
"elk-363","truncated_normal",FALSE,"H3",8,1,0.999956030946953
"elk-363","truncated_normal",FALSE,"H3",9,1,0.999958662552248
"elk-363","truncated_normal",FALSE,"H3",10,1,0.998520379751203
"elk-363","truncated_normal",FALSE,"H3",11,1,0.999875089233272
"elk-363","truncated_normal",FALSE,"H3",12,1,0.944958491762134
"elk-363","truncated_normal",FALSE,"H3",13,1,0.998967928427148
"elk-363","truncated_normal",FALSE,"H3",14,1,0.999344213669827
"elk-363","truncated_normal",FALSE,"H3",15,1,0.999680296713693
"elk-363","truncated_normal",FALSE,"H3",16,1,0.999121636578
"elk-363","truncated_normal",FALSE,"H3",17,1,0.999992563380743
"elk-363","truncated_normal",FALSE,"H3",18,1,0.994420551706895
"elk-363","truncated_normal",FALSE,"H3",19,1,0.999913117244506
"elk-363","truncated_normal",FALSE,"H3",20,1,0.988105821357612
"elk-363","truncated_normal",FALSE,"H3",21,1,0.999912965977522
"elk-363","truncated_normal",FALSE,"H3",22,1,0.999719292206982
"elk-363","truncated_normal",FALSE,"H3",23,1,0.99938109800798
"elk-363","truncated_normal",FALSE,"H3",24,1,0.999313961674541
"elk-363","truncated_normal",FALSE,"H3",25,1,0.999778951942348
"elk-363","truncated_normal",FALSE,"H3",26,1,0.999626129362721
"elk-363","truncated_normal",FALSE,"H3",27,1,0.999936761880888
"elk-363","truncated_normal",FALSE,"H3",28,1,0.995942130234396
"elk-363","truncated_normal",FALSE,"H3",29,1,0.996078300882723
"elk-363","truncated_normal",FALSE,"H3",30,1,0.999754232122767
"elk-363","truncated_normal",FALSE,"H3",31,1,0.999603439836642
"elk-363","truncated_normal",FALSE,"H3",32,1,0.999817985377479
"elk-363","truncated_normal",FALSE,"H3",33,3,0.810673788340213
"elk-363","truncated_normal",FALSE,"H3",34,1,0.998294584915205
"elk-363","truncated_normal",FALSE,"H3",35,3,0.816382872301945
"elk-363","truncated_normal",FALSE,"H3",36,1,0.999855537527599
"elk-363","truncated_normal",FALSE,"H3",37,1,0.996670621170118
"elk-363","truncated_normal",FALSE,"H3",38,1,0.65963046085922
"elk-363","truncated_normal",FALSE,"H3",39,1,0.991983711479407
"elk-363","truncated_normal",FALSE,"H3",40,1,0.99994020547826
"elk-363","truncated_normal",FALSE,"H3",41,1,0.509279486354819
"elk-363","truncated_normal",FALSE,"H3",42,1,0.997502153344527
"elk-363","truncated_normal",FALSE,"H3",43,1,0.840618737303008
"elk-363","truncated_normal",FALSE,"H3",44,1,0.725048096421338
"elk-363","truncated_normal",FALSE,"H3",45,1,0.999922221945979
"elk-363","truncated_normal",FALSE,"H3",46,1,0.999993179834198
"elk-363","truncated_normal",FALSE,"H3",47,1,0.99999634955031
"elk-363","truncated_normal",FALSE,"H3",48,1,0.999992466617275
"elk-363","truncated_normal",FALSE,"H3",49,1,0.999935845931689
"elk-363","truncated_normal",FALSE,"H3",50,1,0.999987783393203
"elk-363","truncated_normal",FALSE,"H3",51,1,0.999753474070724
"elk-363","truncated_normal",FALSE,"H3",52,1,0.999956053355776
"elk-363","truncated_normal",FALSE,"H3",53,1,0.999992466538983
"elk-363","truncated_normal",FALSE,"H3",54,1,0.999975237463161
"elk-363","truncated_normal",FALSE,"H3",55,1,0.999979135566059
"elk-363","truncated_normal",FALSE,"H3",56,1,0.999985298412292
"elk-363","truncated_normal",FALSE,"H3",57,1,0.999624581186782
"elk-363","truncated_normal",FALSE,"H3",58,1,0.999432604498288
"elk-363","truncated_normal",FALSE,"H3",59,1,0.997971159054178
"elk-363","truncated_normal",FALSE,"H3",60,1,0.999988454596445
"elk-363","truncated_normal",FALSE,"H3",61,1,0.999037407402468
"elk-363","truncated_normal",FALSE,"H3",62,1,0.808599988373607
"elk-363","truncated_normal",FALSE,"H3",63,1,0.998846570964223
"elk-363","truncated_normal",FALSE,"H3",64,1,0.999790902708689
"elk-363","truncated_normal",FALSE,"H3",65,3,0.931334599844614
"elk-363","truncated_normal",FALSE,"H3",66,3,0.991338325083267
"elk-363","truncated_normal",FALSE,"H3",67,3,0.998485109691121
"elk-363","truncated_normal",FALSE,"H3",68,3,0.978210997148732
"elk-363","truncated_normal",FALSE,"H3",69,1,0.999803383674261
"elk-363","truncated_normal",FALSE,"H3",70,1,0.999986618818445
"elk-363","truncated_normal",FALSE,"H3",71,1,0.999991688393428
"elk-363","truncated_normal",FALSE,"H3",72,1,0.999952307464204
"elk-363","truncated_normal",FALSE,"H3",73,1,0.99947951565129
"elk-363","truncated_normal",FALSE,"H3",74,1,0.99999313504302
"elk-363","truncated_normal",FALSE,"H3",75,1,0.99997072423499
"elk-363","truncated_normal",FALSE,"H3",76,1,0.999988790009214
"elk-363","truncated_normal",FALSE,"H3",77,1,0.999167772241295
"elk-363","truncated_normal",FALSE,"H3",78,1,0.999970363103128
"elk-363","truncated_normal",FALSE,"H3",79,1,0.999935800458049
"elk-363","truncated_normal",FALSE,"H3",80,1,0.999959360084941
"elk-363","truncated_normal",FALSE,"H3",81,1,0.999768075485481
"elk-363","truncated_normal",FALSE,"H3",82,1,0.999970622028298
"elk-363","truncated_normal",FALSE,"H3",83,1,0.999965160707289
"elk-363","truncated_normal",FALSE,"H3",84,1,0.999285158195829
"elk-363","truncated_normal",FALSE,"H3",85,1,0.999959100663612
"elk-363","truncated_normal",FALSE,"H3",86,1,0.999962117077458
"elk-363","truncated_normal",FALSE,"H3",87,1,0.999066954043558
"elk-363","truncated_normal",FALSE,"H3",88,1,0.998922612647865
"elk-363","truncated_normal",FALSE,"H3",89,1,0.999996278480145
"elk-363","truncated_normal",FALSE,"H3",90,1,0.99968696065957
"elk-363","truncated_normal",FALSE,"H3",91,1,0.999985275898653
"elk-363","truncated_normal",FALSE,"H3",92,1,0.999807800570785
"elk-363","truncated_normal",FALSE,"H3",93,1,0.999989742942739
"elk-363","truncated_normal",FALSE,"H3",94,1,0.998901429717934
"elk-363","truncated_normal",FALSE,"H3",95,1,0.993933981611635
"elk-363","truncated_normal",FALSE,"H3",96,1,0.99998906309027
"elk-363","truncated_normal",FALSE,"H3",97,1,0.999968205745961
"elk-363","truncated_normal",FALSE,"H3",98,1,0.999982487899421
"elk-363","truncated_normal",FALSE,"H3",99,1,0.999970722405684
"elk-363","truncated_normal",FALSE,"H3",100,1,0.9999949837932
"elk-363","truncated_normal",FALSE,"H3",101,1,0.999986646573997
"elk-363","truncated_normal",FALSE,"H3",102,1,0.999948246917905
"elk-363","truncated_normal",FALSE,"H3",103,1,0.999154893484837
"elk-363","truncated_normal",FALSE,"H3",104,1,0.909207366923001
"elk-363","truncated_normal",FALSE,"H3",105,1,0.999907910812747
"elk-363","truncated_normal",FALSE,"H3",106,1,0.999959457081504
"elk-363","truncated_normal",FALSE,"H3",107,1,0.999966584554141
"elk-363","truncated_normal",FALSE,"H3",108,1,0.856459871026122
"elk-363","truncated_normal",FALSE,"H3",109,1,0.999775224317944
"elk-363","truncated_normal",FALSE,"H3",110,1,0.99971449439176
"elk-363","truncated_normal",FALSE,"H3",111,1,0.798183588271368
"elk-363","truncated_normal",FALSE,"H3",112,1,0.999804036839389
"elk-363","truncated_normal",FALSE,"H3",113,1,0.999991665705056
"elk-363","truncated_normal",FALSE,"H3",114,1,0.999940452516342
"elk-363","truncated_normal",FALSE,"H3",115,1,0.999975203590308
"elk-363","truncated_normal",FALSE,"H3",116,1,0.99993371024875
"elk-363","truncated_normal",FALSE,"H3",117,1,0.922688531024496
"elk-363","truncated_normal",FALSE,"H3",118,3,0.993633703313956
"elk-363","truncated_normal",FALSE,"H3",119,3,0.99590472025045
"elk-363","truncated_normal",FALSE,"H3",120,3,0.936427616918582
"elk-363","truncated_normal",FALSE,"H3",121,3,0.997586283734979
"elk-363","truncated_normal",FALSE,"H3",122,3,0.991819204078764
"elk-363","truncated_normal",FALSE,"H3",123,1,0.993409384272473
"elk-363","truncated_normal",FALSE,"H3",124,1,0.999432858886699
"elk-363","truncated_normal",FALSE,"H3",125,1,0.991804526102968
"elk-363","truncated_normal",FALSE,"H3",126,1,0.999834466020183
"elk-363","truncated_normal",FALSE,"H3",127,1,0.999966485322204
"elk-363","truncated_normal",FALSE,"H3",128,1,0.996288716988595
"elk-363","truncated_normal",FALSE,"H3",129,1,0.999984589283932
"elk-363","truncated_normal",FALSE,"H3",130,1,0.999866842742422
"elk-363","truncated_normal",FALSE,"H3",131,1,0.885726146222662
"elk-363","truncated_normal",FALSE,"H3",132,1,0.995293548401743
"elk-363","truncated_normal",FALSE,"H3",133,1,0.996934483952983
"elk-363","truncated_normal",FALSE,"H3",134,1,0.976799725584131
"elk-363","truncated_normal",FALSE,"H3",135,1,0.982007687355754
"elk-363","truncated_normal",FALSE,"H3",136,1,0.999986124256858
"elk-363","truncated_normal",FALSE,"H3",137,1,0.999989900038044
"elk-363","truncated_normal",FALSE,"H3",138,1,0.999830892084032
"elk-363","truncated_normal",FALSE,"H3",139,1,0.999996339148004
"elk-363","truncated_normal",FALSE,"H3",140,1,0.999952103335087
"elk-363","truncated_normal",FALSE,"H3",141,1,0.999167655356657
"elk-363","truncated_normal",FALSE,"H3",142,1,0.999993610995458
"elk-363","truncated_normal",FALSE,"H3",143,1,0.999945915581125
"elk-363","truncated_normal",FALSE,"H3",144,3,0.816098668750754
"elk-363","truncated_normal",FALSE,"H3",145,1,0.999884774273904
"elk-363","truncated_normal",FALSE,"H3",146,1,0.999242479759293
"elk-363","truncated_normal",FALSE,"H3",147,1,0.999554246299313
"elk-363","truncated_normal",FALSE,"H3",148,1,0.99999545353534
"elk-363","truncated_normal",FALSE,"H3",149,1,0.999940473601799
"elk-363","truncated_normal",FALSE,"H3",150,1,0.999996657055655
"elk-363","truncated_normal",FALSE,"H3",151,1,0.998835019631768
"elk-363","truncated_normal",FALSE,"H3",152,3,0.89674894419994
"elk-363","truncated_normal",FALSE,"H3",153,3,0.706689594524028
"elk-363","truncated_normal",FALSE,"H3",154,3,0.868464376999092
"elk-363","truncated_normal",FALSE,"H3",155,1,0.999900681897774
"elk-363","truncated_normal",FALSE,"H3",156,1,0.999983971473323
"elk-363","truncated_normal",FALSE,"H3",157,1,0.999983992658516
"elk-363","truncated_normal",FALSE,"H3",158,1,0.999994984637936
"elk-363","truncated_normal",FALSE,"H3",159,1,0.999985377034891
"elk-363","truncated_normal",FALSE,"H3",160,1,0.999991688735945
"elk-363","truncated_normal",FALSE,"H3",161,1,0.999956486883349
"elk-363","truncated_normal",FALSE,"H3",162,1,0.877563303519507
"elk-363","truncated_normal",FALSE,"H3",163,1,0.999926770126931
"elk-363","truncated_normal",FALSE,"H3",164,1,0.999977241075082
"elk-363","truncated_normal",FALSE,"H3",165,1,0.999983991258842
"elk-363","truncated_normal",FALSE,"H3",166,1,0.999995483614947
"elk-363","truncated_normal",FALSE,"H3",167,1,0.999995936492972
"elk-363","truncated_normal",FALSE,"H3",168,1,0.999965403988876
"elk-363","truncated_normal",FALSE,"H3",169,1,0.999762370775323
"elk-363","truncated_normal",FALSE,"H3",170,3,0.986029095444806
"elk-363","truncated_normal",FALSE,"H3",171,3,0.992292589029406
"elk-363","truncated_normal",FALSE,"H3",172,1,0.999959840412736
"elk-363","truncated_normal",FALSE,"H3",173,1,0.999992468825188
"elk-363","truncated_normal",FALSE,"H3",174,1,0.999993177505412
"elk-363","truncated_normal",FALSE,"H3",175,1,0.999954194931568
"elk-363","truncated_normal",FALSE,"H3",176,3,0.800231629445198
"elk-363","truncated_normal",FALSE,"H3",177,1,0.999864473799843
"elk-363","truncated_normal",FALSE,"H3",178,1,0.999992458683072
"elk-363","truncated_normal",FALSE,"H3",179,1,0.999992471312616
"elk-363","truncated_normal",FALSE,"H3",180,1,0.9999839940028
"elk-363","truncated_normal",FALSE,"H3",181,1,0.999992468566509
"elk-363","truncated_normal",FALSE,"H3",182,1,0.999967500890235
"elk-363","truncated_normal",FALSE,"H3",183,1,0.559855359729709
"elk-363","truncated_normal",FALSE,"H3",184,1,0.999015871803841
"elk-363","truncated_normal",FALSE,"H3",185,1,0.829013241572198
"elk-363","truncated_normal",FALSE,"H3",186,1,0.891447754605289
"elk-363","truncated_normal",FALSE,"H3",187,1,0.999991738662159
"elk-363","truncated_normal",FALSE,"H3",188,1,0.999990840021709
"elk-363","truncated_normal",FALSE,"H3",189,1,0.99994691607326
"elk-363","truncated_normal",FALSE,"H3",190,1,0.99729605332602
"elk-363","truncated_normal",FALSE,"H3",191,1,0.999954457265065
"elk-363","truncated_normal",FALSE,"H3",192,1,0.814280223490654
"elk-363","truncated_normal",FALSE,"H3",193,1,0.999966980388001
"elk-363","truncated_normal",FALSE,"H3",194,1,0.999991690108619
"elk-363","truncated_normal",FALSE,"H3",195,1,0.999986653765144
"elk-363","truncated_normal",FALSE,"H3",196,1,0.999989923519769
"elk-363","truncated_normal",FALSE,"H3",197,1,0.999996349426376
"elk-363","truncated_normal",FALSE,"H3",198,1,0.999993186779914
"elk-363","truncated_normal",FALSE,"H3",199,1,0.999994984412993
"elk-363","truncated_normal",FALSE,"H3",200,1,0.99997305521971
"elk-363","truncated_normal",FALSE,"H3",201,1,0.999962609227037
"elk-363","truncated_normal",FALSE,"H3",202,1,0.999990842752235
"elk-363","truncated_normal",FALSE,"H3",203,1,0.999997035307772
"elk-363","truncated_normal",FALSE,"H3",204,1,0.999980872998449
"elk-363","truncated_normal",FALSE,"H3",205,1,0.999944792589176
"elk-363","truncated_normal",FALSE,"H3",206,1,0.999998891474944
"elk-363","truncated_normal",FALSE,"H3",207,2,0.969579321883837
"elk-363","truncated_normal",FALSE,"H3",208,2,0.998255076753132
"elk-363","truncated_normal",FALSE,"H3",209,2,0.999899473813539
"elk-363","truncated_normal",FALSE,"H3",210,2,0.999993770964927
"elk-363","truncated_normal",FALSE,"H3",211,2,0.999999178190099
"elk-363","truncated_normal",FALSE,"H3",212,2,0.999999975598416
"elk-363","truncated_normal",FALSE,"H3",213,2,0.999999999178545
"elk-363","truncated_normal",FALSE,"H3",214,2,0.999999999779227
"elk-363","truncated_normal",FALSE,"H3",215,2,0.999999999293396
"elk-363","truncated_normal",FALSE,"H3",216,2,0.999999990192117
"elk-363","truncated_normal",FALSE,"H3",217,2,0.999999930035145
"elk-115","truncated_normal",TRUE,"M21",1,1,1
"elk-115","truncated_normal",TRUE,"M21",2,1,1
"elk-115","truncated_normal",TRUE,"M21",3,1,0.99999999972332
"elk-115","truncated_normal",TRUE,"M21",4,1,1
"elk-115","truncated_normal",TRUE,"M21",5,1,0.999979075108342
"elk-115","truncated_normal",TRUE,"M21",6,1,1
"elk-115","truncated_normal",TRUE,"M21",7,1,1
"elk-115","truncated_normal",TRUE,"M21",8,1,0.999999999999697
"elk-115","truncated_normal",TRUE,"M21",9,1,0.999999999999692
"elk-115","truncated_normal",TRUE,"M21",10,1,1
"elk-115","truncated_normal",TRUE,"M21",11,1,1
"elk-115","truncated_normal",TRUE,"M21",12,1,1
"elk-115","truncated_normal",TRUE,"M21",13,1,1
"elk-115","truncated_normal",TRUE,"M21",14,1,1
"elk-115","truncated_normal",TRUE,"M21",15,1,1
"elk-115","truncated_normal",TRUE,"M21",16,1,1
"elk-115","truncated_normal",TRUE,"M21",17,1,1
"elk-115","truncated_normal",TRUE,"M21",18,1,1
"elk-115","truncated_normal",TRUE,"M21",19,1,1
"elk-115","truncated_normal",TRUE,"M21",20,1,1
"elk-115","truncated_normal",TRUE,"M21",21,1,0.999999999999762
"elk-115","truncated_normal",TRUE,"M21",22,1,1
"elk-115","truncated_normal",TRUE,"M21",23,1,0.999999999879227
"elk-115","truncated_normal",TRUE,"M21",24,1,1
"elk-115","truncated_normal",TRUE,"M21",25,1,1
"elk-115","truncated_normal",TRUE,"M21",26,1,1
"elk-115","truncated_normal",TRUE,"M21",27,1,0.999999997068991
"elk-115","truncated_normal",TRUE,"M21",28,1,1
"elk-115","truncated_normal",TRUE,"M21",29,1,0.999999999731365
"elk-115","truncated_normal",TRUE,"M21",30,1,1
"elk-115","truncated_normal",TRUE,"M21",31,1,1
"elk-115","truncated_normal",TRUE,"M21",32,1,1
"elk-115","truncated_normal",TRUE,"M21",33,1,1
"elk-115","truncated_normal",TRUE,"M21",34,1,1
"elk-115","truncated_normal",TRUE,"M21",35,1,1
"elk-115","truncated_normal",TRUE,"M21",36,1,0.9999999930954
"elk-115","truncated_normal",TRUE,"M21",37,1,0.999999999998061
"elk-115","truncated_normal",TRUE,"M21",38,1,1
"elk-115","truncated_normal",TRUE,"M21",39,1,0.993159151293658
"elk-115","truncated_normal",TRUE,"M21",40,1,1
"elk-115","truncated_normal",TRUE,"M21",41,1,1
"elk-115","truncated_normal",TRUE,"M21",42,1,0.995419513651143
"elk-115","truncated_normal",TRUE,"M21",43,1,1
"elk-115","truncated_normal",TRUE,"M21",44,1,0.99999999994048
"elk-115","truncated_normal",TRUE,"M21",45,1,1
"elk-115","truncated_normal",TRUE,"M21",46,1,1
"elk-115","truncated_normal",TRUE,"M21",47,1,0.999897091956441
"elk-115","truncated_normal",TRUE,"M21",48,1,1
"elk-115","truncated_normal",TRUE,"M21",49,1,1
"elk-115","truncated_normal",TRUE,"M21",50,1,0.99999999999999
"elk-115","truncated_normal",TRUE,"M21",51,1,0.999999999976105
"elk-115","truncated_normal",TRUE,"M21",52,1,1
"elk-115","truncated_normal",TRUE,"M21",53,1,0.99997854998207
"elk-115","truncated_normal",TRUE,"M21",54,1,0.999960977676357
"elk-115","truncated_normal",TRUE,"M21",55,1,0.999999998073401
"elk-115","truncated_normal",TRUE,"M21",56,1,0.999998707207559
"elk-115","truncated_normal",TRUE,"M21",57,1,1
"elk-115","truncated_normal",TRUE,"M21",58,1,1
"elk-115","truncated_normal",TRUE,"M21",59,1,0.999999920893796
"elk-115","truncated_normal",TRUE,"M21",60,1,0.999997416422263
"elk-115","truncated_normal",TRUE,"M21",61,1,0.999999997912278
"elk-115","truncated_normal",TRUE,"M21",62,1,1
"elk-115","truncated_normal",TRUE,"M21",63,1,1
"elk-115","truncated_normal",TRUE,"M21",64,1,0.999803521976121
"elk-115","truncated_normal",TRUE,"M21",65,1,1
"elk-115","truncated_normal",TRUE,"M21",66,1,1
"elk-115","truncated_normal",TRUE,"M21",67,1,1
"elk-115","truncated_normal",TRUE,"M21",68,1,1
"elk-115","truncated_normal",TRUE,"M21",69,1,0.984037599616995
"elk-115","truncated_normal",TRUE,"M21",70,1,0.999999999977921
"elk-115","truncated_normal",TRUE,"M21",71,1,1
"elk-115","truncated_normal",TRUE,"M21",72,1,1
"elk-115","truncated_normal",TRUE,"M21",73,1,1
"elk-115","truncated_normal",TRUE,"M21",74,1,1
"elk-115","truncated_normal",TRUE,"M21",75,1,0.999999999718807
"elk-115","truncated_normal",TRUE,"M21",76,1,0.999999994640236
"elk-115","truncated_normal",TRUE,"M21",77,2,0.748503103645175
"elk-115","truncated_normal",TRUE,"M21",78,2,0.974495824696387
"elk-115","truncated_normal",TRUE,"M21",79,2,0.999206008827666
"elk-115","truncated_normal",TRUE,"M21",80,2,0.998270857462546
"elk-115","truncated_normal",TRUE,"M21",81,2,0.97299240741155
"elk-115","truncated_normal",TRUE,"M21",82,1,1
"elk-115","truncated_normal",TRUE,"M21",83,1,1
"elk-115","truncated_normal",TRUE,"M21",84,1,1
"elk-115","truncated_normal",TRUE,"M21",85,1,0.999521273523585
"elk-115","truncated_normal",TRUE,"M21",86,1,1
"elk-115","truncated_normal",TRUE,"M21",87,1,1
"elk-115","truncated_normal",TRUE,"M21",88,1,1
"elk-115","truncated_normal",TRUE,"M21",89,1,1
"elk-115","truncated_normal",TRUE,"M21",90,1,1
"elk-115","truncated_normal",TRUE,"M21",91,1,1
"elk-115","truncated_normal",TRUE,"M21",92,1,1
"elk-115","truncated_normal",TRUE,"M21",93,1,1
"elk-115","truncated_normal",TRUE,"M21",94,1,0.999859159814654
"elk-115","truncated_normal",TRUE,"M21",95,1,1
"elk-115","truncated_normal",TRUE,"M21",96,1,1
"elk-115","truncated_normal",TRUE,"M21",97,1,1
"elk-115","truncated_normal",TRUE,"M21",98,1,1
"elk-115","truncated_normal",TRUE,"M21",99,1,1
"elk-115","truncated_normal",TRUE,"M21",100,1,0.993180634715671
"elk-115","truncated_normal",TRUE,"M21",101,1,1
"elk-115","truncated_normal",TRUE,"M21",102,1,0.999990010499203
"elk-115","truncated_normal",TRUE,"M21",103,1,1
"elk-115","truncated_normal",TRUE,"M21",104,1,0.84771497132454
"elk-115","truncated_normal",TRUE,"M21",105,1,0.628369919161554
"elk-115","truncated_normal",TRUE,"M21",106,1,0.561281932418433
"elk-115","truncated_normal",TRUE,"M21",107,1,0.999999999999984
"elk-115","truncated_normal",TRUE,"M21",108,1,0.999999940250867
"elk-115","truncated_normal",TRUE,"M21",109,1,0.999999999060861
"elk-115","truncated_normal",TRUE,"M21",110,1,0.999937061159798
"elk-115","truncated_normal",TRUE,"M21",111,1,0.999999932657855
"elk-115","truncated_normal",TRUE,"M21",112,1,1
"elk-115","truncated_normal",TRUE,"M21",113,1,0.999991354834597
"elk-115","truncated_normal",TRUE,"M21",114,1,1
"elk-115","truncated_normal",TRUE,"M21",115,1,1
"elk-115","truncated_normal",TRUE,"M21",116,1,1
"elk-115","truncated_normal",TRUE,"M21",117,1,1
"elk-115","truncated_normal",TRUE,"M21",118,1,0.999999983419674
"elk-115","truncated_normal",TRUE,"M21",119,1,1
"elk-115","truncated_normal",TRUE,"M21",120,1,1
"elk-115","truncated_normal",TRUE,"M21",121,1,1
"elk-115","truncated_normal",TRUE,"M21",122,1,1
"elk-115","truncated_normal",TRUE,"M21",123,1,1
"elk-115","truncated_normal",TRUE,"M21",124,1,1
"elk-115","truncated_normal",TRUE,"M21",125,1,1
"elk-115","truncated_normal",TRUE,"M21",126,1,0.992069177232585
"elk-115","truncated_normal",TRUE,"M21",127,1,1
"elk-115","truncated_normal",TRUE,"M21",128,1,1
"elk-115","truncated_normal",TRUE,"M21",129,1,1
"elk-115","truncated_normal",TRUE,"M21",130,1,1
"elk-115","truncated_normal",TRUE,"M21",131,1,1
"elk-115","truncated_normal",TRUE,"M21",132,1,1
"elk-115","truncated_normal",TRUE,"M21",133,1,1
"elk-115","truncated_normal",TRUE,"M21",134,1,0.999999998524918
"elk-115","truncated_normal",TRUE,"M21",135,1,0.999999998914396
"elk-115","truncated_normal",TRUE,"M21",136,1,1
"elk-115","truncated_normal",TRUE,"M21",137,1,1
"elk-115","truncated_normal",TRUE,"M21",138,1,1
"elk-115","truncated_normal",TRUE,"M21",139,1,1
"elk-115","truncated_normal",TRUE,"M21",140,1,1
"elk-115","truncated_normal",TRUE,"M21",141,1,0.999999998014551
"elk-115","truncated_normal",TRUE,"M21",142,1,0.999998989565573
"elk-115","truncated_normal",TRUE,"M21",143,1,1
"elk-115","truncated_normal",TRUE,"M21",144,1,1
"elk-115","truncated_normal",TRUE,"M21",145,1,0.936571231593331
"elk-115","truncated_normal",TRUE,"M21",146,1,1
"elk-115","truncated_normal",TRUE,"M21",147,1,1
"elk-115","truncated_normal",TRUE,"M21",148,1,0.999999936844204
"elk-115","truncated_normal",TRUE,"M21",149,1,0.999999999999988
"elk-115","truncated_normal",TRUE,"M21",150,1,0.999999923939677
"elk-115","truncated_normal",TRUE,"M21",151,1,0.999999998741826
"elk-115","truncated_normal",TRUE,"M21",152,1,1
"elk-115","truncated_normal",TRUE,"M21",153,1,1
"elk-115","truncated_normal",TRUE,"M21",154,1,0.999999999995094
"elk-115","truncated_normal",TRUE,"M21",155,1,1
"elk-115","truncated_normal",TRUE,"M21",156,1,0.999999999999999
"elk-115","truncated_normal",TRUE,"M21",157,1,0.999998834986703
"elk-115","truncated_normal",TRUE,"M21",158,1,1
"elk-115","truncated_normal",TRUE,"M21",159,1,1
"elk-115","truncated_normal",TRUE,"M21",160,1,1
"elk-115","truncated_normal",TRUE,"M21",161,1,1
"elk-115","truncated_normal",TRUE,"M21",162,1,1
"elk-115","truncated_normal",TRUE,"M21",163,1,1
"elk-115","truncated_normal",TRUE,"M21",164,1,1
"elk-115","truncated_normal",TRUE,"M21",165,1,1
"elk-115","truncated_normal",TRUE,"M21",166,1,0.999999999999974
"elk-115","truncated_normal",TRUE,"M21",167,1,0.999999996950243
"elk-115","truncated_normal",TRUE,"M21",168,1,0.999957313097862
"elk-115","truncated_normal",TRUE,"M21",169,1,1
"elk-115","truncated_normal",TRUE,"M21",170,1,1
"elk-115","truncated_normal",TRUE,"M21",171,1,1
"elk-115","truncated_normal",TRUE,"M21",172,1,0.999900588160704
"elk-115","truncated_normal",TRUE,"M21",173,1,1
"elk-115","truncated_normal",TRUE,"M21",174,1,1
"elk-115","truncated_normal",TRUE,"M21",175,1,1
"elk-115","truncated_normal",TRUE,"M21",176,1,1
"elk-115","truncated_normal",TRUE,"M21",177,1,1
"elk-115","truncated_normal",TRUE,"M21",178,1,0.999999999999998
"elk-115","truncated_normal",TRUE,"M21",179,1,1
"elk-115","truncated_normal",TRUE,"M21",180,1,0.999999999999662
"elk-115","truncated_normal",TRUE,"M21",181,1,1
"elk-115","truncated_normal",TRUE,"M21",182,1,1
"elk-115","truncated_normal",TRUE,"M21",183,1,1
"elk-115","truncated_normal",TRUE,"M21",184,1,1
"elk-115","truncated_normal",TRUE,"M21",185,2,0.964968197998371
"elk-115","truncated_normal",TRUE,"M21",186,2,0.999304782717763
"elk-115","truncated_normal",TRUE,"M21",187,2,0.999944695018076
"elk-115","truncated_normal",TRUE,"M21",188,2,0.99996700487842
"elk-115","truncated_normal",TRUE,"M21",189,2,0.999954494515392
"elk-115","truncated_normal",TRUE,"M21",190,2,0.99995720084883
"elk-115","truncated_normal",TRUE,"M21",191,2,0.99997265732099
"elk-115","truncated_normal",TRUE,"M21",192,2,0.999942919418339
"elk-115","truncated_normal",TRUE,"M21",193,2,0.996746150755025
"elk-115","truncated_normal",TRUE,"H2",1,2,1
"elk-115","truncated_normal",TRUE,"H2",2,2,1
"elk-115","truncated_normal",TRUE,"H2",3,2,0.999999999999999
"elk-115","truncated_normal",TRUE,"H2",4,2,1
"elk-115","truncated_normal",TRUE,"H2",5,2,0.999998909698509
"elk-115","truncated_normal",TRUE,"H2",6,2,1
"elk-115","truncated_normal",TRUE,"H2",7,2,1
"elk-115","truncated_normal",TRUE,"H2",8,2,1
"elk-115","truncated_normal",TRUE,"H2",9,2,1
"elk-115","truncated_normal",TRUE,"H2",10,2,1
"elk-115","truncated_normal",TRUE,"H2",11,2,1
"elk-115","truncated_normal",TRUE,"H2",12,2,1
"elk-115","truncated_normal",TRUE,"H2",13,2,1
"elk-115","truncated_normal",TRUE,"H2",14,2,1
"elk-115","truncated_normal",TRUE,"H2",15,2,1
"elk-115","truncated_normal",TRUE,"H2",16,2,1
"elk-115","truncated_normal",TRUE,"H2",17,2,1
"elk-115","truncated_normal",TRUE,"H2",18,2,1
"elk-115","truncated_normal",TRUE,"H2",19,2,1
"elk-115","truncated_normal",TRUE,"H2",20,2,1
"elk-115","truncated_normal",TRUE,"H2",21,2,1
"elk-115","truncated_normal",TRUE,"H2",22,2,1
"elk-115","truncated_normal",TRUE,"H2",23,2,0.999999999999997
"elk-115","truncated_normal",TRUE,"H2",24,2,1
"elk-115","truncated_normal",TRUE,"H2",25,2,1
"elk-115","truncated_normal",TRUE,"H2",26,2,1
"elk-115","truncated_normal",TRUE,"H2",27,2,0.999999999999838
"elk-115","truncated_normal",TRUE,"H2",28,2,1
"elk-115","truncated_normal",TRUE,"H2",29,2,0.999999999999999
"elk-115","truncated_normal",TRUE,"H2",30,2,1
"elk-115","truncated_normal",TRUE,"H2",31,2,1
"elk-115","truncated_normal",TRUE,"H2",32,2,1
"elk-115","truncated_normal",TRUE,"H2",33,2,1
"elk-115","truncated_normal",TRUE,"H2",34,2,1
"elk-115","truncated_normal",TRUE,"H2",35,2,1
"elk-115","truncated_normal",TRUE,"H2",36,2,0.999999999995357
"elk-115","truncated_normal",TRUE,"H2",37,2,1
"elk-115","truncated_normal",TRUE,"H2",38,2,1
"elk-115","truncated_normal",TRUE,"H2",39,2,0.993454571248362
"elk-115","truncated_normal",TRUE,"H2",40,2,1
"elk-115","truncated_normal",TRUE,"H2",41,2,1
"elk-115","truncated_normal",TRUE,"H2",42,2,0.999286552011111
"elk-115","truncated_normal",TRUE,"H2",43,2,1
"elk-115","truncated_normal",TRUE,"H2",44,2,1
"elk-115","truncated_normal",TRUE,"H2",45,2,1
"elk-115","truncated_normal",TRUE,"H2",46,2,1
"elk-115","truncated_normal",TRUE,"H2",47,2,0.999984594600818
"elk-115","truncated_normal",TRUE,"H2",48,2,1
"elk-115","truncated_normal",TRUE,"H2",49,2,1
"elk-115","truncated_normal",TRUE,"H2",50,2,1
"elk-115","truncated_normal",TRUE,"H2",51,2,1
"elk-115","truncated_normal",TRUE,"H2",52,2,1
"elk-115","truncated_normal",TRUE,"H2",53,2,0.999999531044934
"elk-115","truncated_normal",TRUE,"H2",54,2,0.999995332263628
"elk-115","truncated_normal",TRUE,"H2",55,2,0.999999999999875
"elk-115","truncated_normal",TRUE,"H2",56,2,0.999999985391605
"elk-115","truncated_normal",TRUE,"H2",57,2,1
"elk-115","truncated_normal",TRUE,"H2",58,2,1
"elk-115","truncated_normal",TRUE,"H2",59,2,0.999999999867724
"elk-115","truncated_normal",TRUE,"H2",60,2,0.999999926100053
"elk-115","truncated_normal",TRUE,"H2",61,2,0.999999999999901
"elk-115","truncated_normal",TRUE,"H2",62,2,1
"elk-115","truncated_normal",TRUE,"H2",63,2,1
"elk-115","truncated_normal",TRUE,"H2",64,2,0.999954090276637
"elk-115","truncated_normal",TRUE,"H2",65,2,1
"elk-115","truncated_normal",TRUE,"H2",66,2,1
"elk-115","truncated_normal",TRUE,"H2",67,2,1
"elk-115","truncated_normal",TRUE,"H2",68,2,1
"elk-115","truncated_normal",TRUE,"H2",69,2,0.982171473121672
"elk-115","truncated_normal",TRUE,"H2",70,2,1
"elk-115","truncated_normal",TRUE,"H2",71,2,1
"elk-115","truncated_normal",TRUE,"H2",72,2,1
"elk-115","truncated_normal",TRUE,"H2",73,2,1
"elk-115","truncated_normal",TRUE,"H2",74,2,1
"elk-115","truncated_normal",TRUE,"H2",75,2,0.999999999999999
"elk-115","truncated_normal",TRUE,"H2",76,2,0.999999999999997
"elk-115","truncated_normal",TRUE,"H2",77,2,0.656857800679795
"elk-115","truncated_normal",TRUE,"H2",78,1,0.948836995023905
"elk-115","truncated_normal",TRUE,"H2",79,1,0.986829326144286
"elk-115","truncated_normal",TRUE,"H2",80,1,0.983126225890619
"elk-115","truncated_normal",TRUE,"H2",81,1,0.9301420340404
"elk-115","truncated_normal",TRUE,"H2",82,2,1
"elk-115","truncated_normal",TRUE,"H2",83,2,1
"elk-115","truncated_normal",TRUE,"H2",84,2,1
"elk-115","truncated_normal",TRUE,"H2",85,2,0.999799834452728
"elk-115","truncated_normal",TRUE,"H2",86,2,1
"elk-115","truncated_normal",TRUE,"H2",87,2,1
"elk-115","truncated_normal",TRUE,"H2",88,2,1
"elk-115","truncated_normal",TRUE,"H2",89,2,1
"elk-115","truncated_normal",TRUE,"H2",90,2,1
"elk-115","truncated_normal",TRUE,"H2",91,2,1
"elk-115","truncated_normal",TRUE,"H2",92,2,1
"elk-115","truncated_normal",TRUE,"H2",93,2,1
"elk-115","truncated_normal",TRUE,"H2",94,2,0.999987934688324
"elk-115","truncated_normal",TRUE,"H2",95,2,1
"elk-115","truncated_normal",TRUE,"H2",96,2,1
"elk-115","truncated_normal",TRUE,"H2",97,2,1
"elk-115","truncated_normal",TRUE,"H2",98,2,1
"elk-115","truncated_normal",TRUE,"H2",99,2,1
"elk-115","truncated_normal",TRUE,"H2",100,2,0.994737891278697
"elk-115","truncated_normal",TRUE,"H2",101,2,1
"elk-115","truncated_normal",TRUE,"H2",102,2,0.9999997325287
"elk-115","truncated_normal",TRUE,"H2",103,2,1
"elk-115","truncated_normal",TRUE,"H2",104,2,0.975530739764282
"elk-115","truncated_normal",TRUE,"H2",105,2,0.928407391408657
"elk-115","truncated_normal",TRUE,"H2",106,2,0.884807383860475
"elk-115","truncated_normal",TRUE,"H2",107,2,1
"elk-115","truncated_normal",TRUE,"H2",108,2,0.999999999966506
"elk-115","truncated_normal",TRUE,"H2",109,2,0.999999999999948
"elk-115","truncated_normal",TRUE,"H2",110,2,0.99999679145602
"elk-115","truncated_normal",TRUE,"H2",111,2,0.999999999965894
"elk-115","truncated_normal",TRUE,"H2",112,2,1
"elk-115","truncated_normal",TRUE,"H2",113,2,0.999999698956731
"elk-115","truncated_normal",TRUE,"H2",114,2,1
"elk-115","truncated_normal",TRUE,"H2",115,2,1
"elk-115","truncated_normal",TRUE,"H2",116,2,1
"elk-115","truncated_normal",TRUE,"H2",117,2,1
"elk-115","truncated_normal",TRUE,"H2",118,2,0.999999999997474
"elk-115","truncated_normal",TRUE,"H2",119,2,1
"elk-115","truncated_normal",TRUE,"H2",120,2,1
"elk-115","truncated_normal",TRUE,"H2",121,2,1
"elk-115","truncated_normal",TRUE,"H2",122,2,1
"elk-115","truncated_normal",TRUE,"H2",123,2,1
"elk-115","truncated_normal",TRUE,"H2",124,2,1
"elk-115","truncated_normal",TRUE,"H2",125,2,1
"elk-115","truncated_normal",TRUE,"H2",126,2,0.995948349802062
"elk-115","truncated_normal",TRUE,"H2",127,2,1
"elk-115","truncated_normal",TRUE,"H2",128,2,1
"elk-115","truncated_normal",TRUE,"H2",129,2,1
"elk-115","truncated_normal",TRUE,"H2",130,2,1
"elk-115","truncated_normal",TRUE,"H2",131,2,1
"elk-115","truncated_normal",TRUE,"H2",132,2,1
"elk-115","truncated_normal",TRUE,"H2",133,2,1
"elk-115","truncated_normal",TRUE,"H2",134,2,0.999999999999799
"elk-115","truncated_normal",TRUE,"H2",135,2,0.999999999999906
"elk-115","truncated_normal",TRUE,"H2",136,2,1
"elk-115","truncated_normal",TRUE,"H2",137,2,1
"elk-115","truncated_normal",TRUE,"H2",138,2,1
"elk-115","truncated_normal",TRUE,"H2",139,2,1
"elk-115","truncated_normal",TRUE,"H2",140,2,1
"elk-115","truncated_normal",TRUE,"H2",141,2,0.999999999999761
"elk-115","truncated_normal",TRUE,"H2",142,2,0.99999997479722
"elk-115","truncated_normal",TRUE,"H2",143,2,1
"elk-115","truncated_normal",TRUE,"H2",144,2,1
"elk-115","truncated_normal",TRUE,"H2",145,2,0.976915414702967
"elk-115","truncated_normal",TRUE,"H2",146,2,1
"elk-115","truncated_normal",TRUE,"H2",147,2,1
"elk-115","truncated_normal",TRUE,"H2",148,2,0.999999999929358
"elk-115","truncated_normal",TRUE,"H2",149,2,1
"elk-115","truncated_normal",TRUE,"H2",150,2,0.999999999941794
"elk-115","truncated_normal",TRUE,"H2",151,2,0.999999999999962
"elk-115","truncated_normal",TRUE,"H2",152,2,1
"elk-115","truncated_normal",TRUE,"H2",153,2,1
"elk-115","truncated_normal",TRUE,"H2",154,2,1
"elk-115","truncated_normal",TRUE,"H2",155,2,1
"elk-115","truncated_normal",TRUE,"H2",156,2,1
"elk-115","truncated_normal",TRUE,"H2",157,2,0.999999974800133
"elk-115","truncated_normal",TRUE,"H2",158,2,1
"elk-115","truncated_normal",TRUE,"H2",159,2,1
"elk-115","truncated_normal",TRUE,"H2",160,2,1
"elk-115","truncated_normal",TRUE,"H2",161,2,1
"elk-115","truncated_normal",TRUE,"H2",162,2,1
"elk-115","truncated_normal",TRUE,"H2",163,2,1
"elk-115","truncated_normal",TRUE,"H2",164,2,1
"elk-115","truncated_normal",TRUE,"H2",165,2,1
"elk-115","truncated_normal",TRUE,"H2",166,2,1
"elk-115","truncated_normal",TRUE,"H2",167,2,0.999999999999579
"elk-115","truncated_normal",TRUE,"H2",168,2,0.999997406806714
"elk-115","truncated_normal",TRUE,"H2",169,2,1
"elk-115","truncated_normal",TRUE,"H2",170,2,1
"elk-115","truncated_normal",TRUE,"H2",171,2,1
"elk-115","truncated_normal",TRUE,"H2",172,2,0.999990427285334
"elk-115","truncated_normal",TRUE,"H2",173,2,1
"elk-115","truncated_normal",TRUE,"H2",174,2,1
"elk-115","truncated_normal",TRUE,"H2",175,2,1
"elk-115","truncated_normal",TRUE,"H2",176,2,1
"elk-115","truncated_normal",TRUE,"H2",177,2,1
"elk-115","truncated_normal",TRUE,"H2",178,2,1
"elk-115","truncated_normal",TRUE,"H2",179,2,1
"elk-115","truncated_normal",TRUE,"H2",180,2,1
"elk-115","truncated_normal",TRUE,"H2",181,2,1
"elk-115","truncated_normal",TRUE,"H2",182,2,1
"elk-115","truncated_normal",TRUE,"H2",183,2,1
"elk-115","truncated_normal",TRUE,"H2",184,2,1
"elk-115","truncated_normal",TRUE,"H2",185,1,0.976862352621147
"elk-115","truncated_normal",TRUE,"H2",186,1,0.999721556410152
"elk-115","truncated_normal",TRUE,"H2",187,1,0.999894879305527
"elk-115","truncated_normal",TRUE,"H2",188,1,0.999923825427039
"elk-115","truncated_normal",TRUE,"H2",189,1,0.99998613101564
"elk-115","truncated_normal",TRUE,"H2",190,1,0.999982969365329
"elk-115","truncated_normal",TRUE,"H2",191,1,0.999956709749226
"elk-115","truncated_normal",TRUE,"H2",192,1,0.999895118705212
"elk-115","truncated_normal",TRUE,"H2",193,1,0.994995882206826
"elk-115","truncated_normal",TRUE,"H3",1,3,0.999999908004835
"elk-115","truncated_normal",TRUE,"H3",2,2,0.772545905705096
"elk-115","truncated_normal",TRUE,"H3",3,2,0.99990290691794
"elk-115","truncated_normal",TRUE,"H3",4,2,0.999908981942948
"elk-115","truncated_normal",TRUE,"H3",5,2,0.999397564217014
"elk-115","truncated_normal",TRUE,"H3",6,3,0.999643950749304
"elk-115","truncated_normal",TRUE,"H3",7,2,0.997846701149987
"elk-115","truncated_normal",TRUE,"H3",8,2,0.999986131059445
"elk-115","truncated_normal",TRUE,"H3",9,2,0.999986261322008
"elk-115","truncated_normal",TRUE,"H3",10,2,0.999933375263956
"elk-115","truncated_normal",TRUE,"H3",11,2,0.999896873566858
"elk-115","truncated_normal",TRUE,"H3",12,2,0.996786277389101
"elk-115","truncated_normal",TRUE,"H3",13,2,0.999887049330788
"elk-115","truncated_normal",TRUE,"H3",14,2,0.999803270636286
"elk-115","truncated_normal",TRUE,"H3",15,2,0.998906296431229
"elk-115","truncated_normal",TRUE,"H3",16,2,0.999927505393415
"elk-115","truncated_normal",TRUE,"H3",17,2,0.999937518226534
"elk-115","truncated_normal",TRUE,"H3",18,2,0.999723798387357
"elk-115","truncated_normal",TRUE,"H3",19,2,0.999890196041258
"elk-115","truncated_normal",TRUE,"H3",20,2,0.999958086726848
"elk-115","truncated_normal",TRUE,"H3",21,2,0.999867426137901
"elk-115","truncated_normal",TRUE,"H3",22,2,0.999844704901716
"elk-115","truncated_normal",TRUE,"H3",23,2,0.99990023848323
"elk-115","truncated_normal",TRUE,"H3",24,2,0.999979838328557
"elk-115","truncated_normal",TRUE,"H3",25,2,0.999953137671072
"elk-115","truncated_normal",TRUE,"H3",26,2,0.999195519429338
"elk-115","truncated_normal",TRUE,"H3",27,2,0.999986945495873
"elk-115","truncated_normal",TRUE,"H3",28,2,0.999288859396548
"elk-115","truncated_normal",TRUE,"H3",29,2,0.99999013601249
"elk-115","truncated_normal",TRUE,"H3",30,2,0.999578219621264
"elk-115","truncated_normal",TRUE,"H3",31,2,0.999773651179362
"elk-115","truncated_normal",TRUE,"H3",32,2,0.999506084996281
"elk-115","truncated_normal",TRUE,"H3",33,2,0.999691719003852
"elk-115","truncated_normal",TRUE,"H3",34,2,0.999056115999747
"elk-115","truncated_normal",TRUE,"H3",35,2,0.999585596627644
"elk-115","truncated_normal",TRUE,"H3",36,2,0.999881369805091
"elk-115","truncated_normal",TRUE,"H3",37,2,0.999986381695153
"elk-115","truncated_normal",TRUE,"H3",38,2,0.999969019203059
"elk-115","truncated_normal",TRUE,"H3",39,2,0.99995856997893
"elk-115","truncated_normal",TRUE,"H3",40,2,0.99992947112632
"elk-115","truncated_normal",TRUE,"H3",41,2,0.999895929816445
"elk-115","truncated_normal",TRUE,"H3",42,2,0.999975352641994
"elk-115","truncated_normal",TRUE,"H3",43,2,0.999586334728225
"elk-115","truncated_normal",TRUE,"H3",44,2,0.999902367080253
"elk-115","truncated_normal",TRUE,"H3",45,2,0.998098323533017
"elk-115","truncated_normal",TRUE,"H3",46,2,0.99884663534222
"elk-115","truncated_normal",TRUE,"H3",47,2,0.999984285199082
"elk-115","truncated_normal",TRUE,"H3",48,2,0.99996748157817
"elk-115","truncated_normal",TRUE,"H3",49,2,0.999692038172177
"elk-115","truncated_normal",TRUE,"H3",50,2,0.999965743222914
"elk-115","truncated_normal",TRUE,"H3",51,2,0.999849959611693
"elk-115","truncated_normal",TRUE,"H3",52,2,0.999624783488592
"elk-115","truncated_normal",TRUE,"H3",53,2,0.999994673857085
"elk-115","truncated_normal",TRUE,"H3",54,2,0.999979103772683
"elk-115","truncated_normal",TRUE,"H3",55,2,0.999981193875785
"elk-115","truncated_normal",TRUE,"H3",56,2,0.999973921530998
"elk-115","truncated_normal",TRUE,"H3",57,2,0.999575106492588
"elk-115","truncated_normal",TRUE,"H3",58,2,0.99987548631392
"elk-115","truncated_normal",TRUE,"H3",59,2,0.999994196535757
"elk-115","truncated_normal",TRUE,"H3",60,2,0.999942393102033
"elk-115","truncated_normal",TRUE,"H3",61,2,0.999978372809451
"elk-115","truncated_normal",TRUE,"H3",62,2,0.947426654415026
"elk-115","truncated_normal",TRUE,"H3",63,2,0.971478721266417
"elk-115","truncated_normal",TRUE,"H3",64,2,0.999897202105427
"elk-115","truncated_normal",TRUE,"H3",65,2,0.999125936760558
"elk-115","truncated_normal",TRUE,"H3",66,2,0.938763542718599
"elk-115","truncated_normal",TRUE,"H3",67,2,0.998831319356622
"elk-115","truncated_normal",TRUE,"H3",68,2,0.999638463614544
"elk-115","truncated_normal",TRUE,"H3",69,2,0.994305043188341
"elk-115","truncated_normal",TRUE,"H3",70,2,0.98604209967992
"elk-115","truncated_normal",TRUE,"H3",71,3,0.999464191266684
"elk-115","truncated_normal",TRUE,"H3",72,3,0.999806375918423
"elk-115","truncated_normal",TRUE,"H3",73,2,0.997937863997071
"elk-115","truncated_normal",TRUE,"H3",74,2,0.999817164233775
"elk-115","truncated_normal",TRUE,"H3",75,2,0.999988659648358
"elk-115","truncated_normal",TRUE,"H3",76,2,0.999993187309349
"elk-115","truncated_normal",TRUE,"H3",77,1,0.545914336850907
"elk-115","truncated_normal",TRUE,"H3",78,1,0.971730278131265
"elk-115","truncated_normal",TRUE,"H3",79,1,0.999037185544052
"elk-115","truncated_normal",TRUE,"H3",80,1,0.999883969522891
"elk-115","truncated_normal",TRUE,"H3",81,1,0.999929353615577
"elk-115","truncated_normal",TRUE,"H3",82,3,0.999976566976101
"elk-115","truncated_normal",TRUE,"H3",83,3,0.999409403208266
"elk-115","truncated_normal",TRUE,"H3",84,2,0.984155117857863
"elk-115","truncated_normal",TRUE,"H3",85,2,0.99994287305594
"elk-115","truncated_normal",TRUE,"H3",86,2,0.998817093914902
"elk-115","truncated_normal",TRUE,"H3",87,2,0.999791815554821
"elk-115","truncated_normal",TRUE,"H3",88,2,0.995667314975961
"elk-115","truncated_normal",TRUE,"H3",89,2,0.997850581768045
"elk-115","truncated_normal",TRUE,"H3",90,2,0.999522572555002
"elk-115","truncated_normal",TRUE,"H3",91,2,0.994469313607269
"elk-115","truncated_normal",TRUE,"H3",92,2,0.968838454515257
"elk-115","truncated_normal",TRUE,"H3",93,2,0.99930800855289
"elk-115","truncated_normal",TRUE,"H3",94,2,0.99998960688147
"elk-115","truncated_normal",TRUE,"H3",95,2,0.998735218910244
"elk-115","truncated_normal",TRUE,"H3",96,2,0.724634011612838
"elk-115","truncated_normal",TRUE,"H3",97,2,0.999345283743355
"elk-115","truncated_normal",TRUE,"H3",98,2,0.999900347173485
"elk-115","truncated_normal",TRUE,"H3",99,2,0.956881317099087
"elk-115","truncated_normal",TRUE,"H3",100,2,0.822143198811237
"elk-115","truncated_normal",TRUE,"H3",101,3,0.999161032594493
"elk-115","truncated_normal",TRUE,"H3",102,2,0.999059172702647
"elk-115","truncated_normal",TRUE,"H3",103,2,0.967407282038973
"elk-115","truncated_normal",TRUE,"H3",104,2,0.999820422637908
"elk-115","truncated_normal",TRUE,"H3",105,2,0.999644833622548
"elk-115","truncated_normal",TRUE,"H3",106,2,0.999544023445266
"elk-115","truncated_normal",TRUE,"H3",107,2,0.999572786210409
"elk-115","truncated_normal",TRUE,"H3",108,2,0.999994226968494
"elk-115","truncated_normal",TRUE,"H3",109,2,0.999974643033776
"elk-115","truncated_normal",TRUE,"H3",110,2,0.999992139699742
"elk-115","truncated_normal",TRUE,"H3",111,2,0.999993793903053
"elk-115","truncated_normal",TRUE,"H3",112,2,0.997711263815821
"elk-115","truncated_normal",TRUE,"H3",113,2,0.999386429795019
"elk-115","truncated_normal",TRUE,"H3",114,3,0.983140549711607
"elk-115","truncated_normal",TRUE,"H3",115,3,0.957752971078459
"elk-115","truncated_normal",TRUE,"H3",116,3,0.998460271553869
"elk-115","truncated_normal",TRUE,"H3",117,3,0.999528290979712
"elk-115","truncated_normal",TRUE,"H3",118,2,0.999665451728113
"elk-115","truncated_normal",TRUE,"H3",119,2,0.999840030131911
"elk-115","truncated_normal",TRUE,"H3",120,2,0.91811701660164
"elk-115","truncated_normal",TRUE,"H3",121,2,0.926628208641739
"elk-115","truncated_normal",TRUE,"H3",122,2,0.99834848025775
"elk-115","truncated_normal",TRUE,"H3",123,2,0.999730899083326
"elk-115","truncated_normal",TRUE,"H3",124,2,0.996245636197398
"elk-115","truncated_normal",TRUE,"H3",125,2,0.999788914656053
"elk-115","truncated_normal",TRUE,"H3",126,2,0.836603786565488
"elk-115","truncated_normal",TRUE,"H3",127,3,0.999697046535454
"elk-115","truncated_normal",TRUE,"H3",128,3,0.999886258881507
"elk-115","truncated_normal",TRUE,"H3",129,3,0.99992096547919
"elk-115","truncated_normal",TRUE,"H3",130,3,0.998207435790742
"elk-115","truncated_normal",TRUE,"H3",131,3,0.996059279046302
"elk-115","truncated_normal",TRUE,"H3",132,3,0.992921557258636
"elk-115","truncated_normal",TRUE,"H3",133,3,0.999728449454469
"elk-115","truncated_normal",TRUE,"H3",134,2,0.997022356168963
"elk-115","truncated_normal",TRUE,"H3",135,2,0.999991414793961
"elk-115","truncated_normal",TRUE,"H3",136,2,0.999605632090746
"elk-115","truncated_normal",TRUE,"H3",137,2,0.908075061252196
"elk-115","truncated_normal",TRUE,"H3",138,2,0.895342532912872
"elk-115","truncated_normal",TRUE,"H3",139,2,0.998664272407503
"elk-115","truncated_normal",TRUE,"H3",140,2,0.999873797111766
"elk-115","truncated_normal",TRUE,"H3",141,2,0.999974424249182
"elk-115","truncated_normal",TRUE,"H3",142,2,0.999913313321268
"elk-115","truncated_normal",TRUE,"H3",143,2,0.995047402846294
"elk-115","truncated_normal",TRUE,"H3",144,2,0.998893168437757
"elk-115","truncated_normal",TRUE,"H3",145,2,0.999908033085886
"elk-115","truncated_normal",TRUE,"H3",146,2,0.99985405913503
"elk-115","truncated_normal",TRUE,"H3",147,2,0.999974443617211
"elk-115","truncated_normal",TRUE,"H3",148,2,0.999985225097661
"elk-115","truncated_normal",TRUE,"H3",149,2,0.999975306060771
"elk-115","truncated_normal",TRUE,"H3",150,2,0.999989376099484
"elk-115","truncated_normal",TRUE,"H3",151,2,0.999985171502333
"elk-115","truncated_normal",TRUE,"H3",152,2,0.998380667371601
"elk-115","truncated_normal",TRUE,"H3",153,2,0.999010451533234
"elk-115","truncated_normal",TRUE,"H3",154,2,0.999989111047825
"elk-115","truncated_normal",TRUE,"H3",155,2,0.999960243044975
"elk-115","truncated_normal",TRUE,"H3",156,2,0.999979392904449
"elk-115","truncated_normal",TRUE,"H3",157,2,0.999967904772664
"elk-115","truncated_normal",TRUE,"H3",158,2,0.999699354174804
"elk-115","truncated_normal",TRUE,"H3",159,2,0.99936369588944
"elk-115","truncated_normal",TRUE,"H3",160,2,0.997983174467793
"elk-115","truncated_normal",TRUE,"H3",161,2,0.99987288128361
"elk-115","truncated_normal",TRUE,"H3",162,2,0.999934521824209
"elk-115","truncated_normal",TRUE,"H3",163,2,0.993675314962273
"elk-115","truncated_normal",TRUE,"H3",164,2,0.999756946307069
"elk-115","truncated_normal",TRUE,"H3",165,2,0.999944271369612
"elk-115","truncated_normal",TRUE,"H3",166,2,0.999985034983234
"elk-115","truncated_normal",TRUE,"H3",167,2,0.999991961585572
"elk-115","truncated_normal",TRUE,"H3",168,2,0.999983325501062
"elk-115","truncated_normal",TRUE,"H3",169,2,0.999688429095285
"elk-115","truncated_normal",TRUE,"H3",170,2,0.999873459684842
"elk-115","truncated_normal",TRUE,"H3",171,2,0.999869937100529
"elk-115","truncated_normal",TRUE,"H3",172,2,0.999980911198661
"elk-115","truncated_normal",TRUE,"H3",173,2,0.999037500755272
"elk-115","truncated_normal",TRUE,"H3",174,2,0.999961040826655
"elk-115","truncated_normal",TRUE,"H3",175,2,0.996624480999695
"elk-115","truncated_normal",TRUE,"H3",176,2,0.996154340438388
"elk-115","truncated_normal",TRUE,"H3",177,2,0.999547348530925
"elk-115","truncated_normal",TRUE,"H3",178,2,0.999688230648124
"elk-115","truncated_normal",TRUE,"H3",179,2,0.999627948915667
"elk-115","truncated_normal",TRUE,"H3",180,2,0.999984447772175
"elk-115","truncated_normal",TRUE,"H3",181,2,0.997917356828583
"elk-115","truncated_normal",TRUE,"H3",182,2,0.999526223112851
"elk-115","truncated_normal",TRUE,"H3",183,2,0.99953126364344
"elk-115","truncated_normal",TRUE,"H3",184,2,0.999993784253856
"elk-115","truncated_normal",TRUE,"H3",185,1,0.978534131723083
"elk-115","truncated_normal",TRUE,"H3",186,1,0.999763160046545
"elk-115","truncated_normal",TRUE,"H3",187,1,0.999991250831669
"elk-115","truncated_normal",TRUE,"H3",188,1,0.99999973842425
"elk-115","truncated_normal",TRUE,"H3",189,1,0.999999993234777
"elk-115","truncated_normal",TRUE,"H3",190,1,0.99999999525627
"elk-115","truncated_normal",TRUE,"H3",191,1,0.999999993914089
"elk-115","truncated_normal",TRUE,"H3",192,1,0.999999984658418
"elk-115","truncated_normal",TRUE,"H3",193,1,0.999997936280004
"elk-163","truncated_normal",TRUE,"M21",1,1,1
"elk-163","truncated_normal",TRUE,"M21",2,1,0.999951812362232
"elk-163","truncated_normal",TRUE,"M21",3,1,0.992815768197472
"elk-163","truncated_normal",TRUE,"M21",4,1,0.984824368607039
"elk-163","truncated_normal",TRUE,"M21",5,1,0.999369567382597
"elk-163","truncated_normal",TRUE,"M21",6,1,0.999995950068215
"elk-163","truncated_normal",TRUE,"M21",7,1,0.998090060475651
"elk-163","truncated_normal",TRUE,"M21",8,1,1
"elk-163","truncated_normal",TRUE,"M21",9,1,0.999999999375978
"elk-163","truncated_normal",TRUE,"M21",10,1,1
"elk-163","truncated_normal",TRUE,"M21",11,1,0.999951221760402
"elk-163","truncated_normal",TRUE,"M21",12,1,0.951167881737984
"elk-163","truncated_normal",TRUE,"M21",13,1,0.966835608241171
"elk-163","truncated_normal",TRUE,"M21",14,1,1
"elk-163","truncated_normal",TRUE,"M21",15,1,0.774047971334851
"elk-163","truncated_normal",TRUE,"M21",16,1,0.716660931022035
"elk-163","truncated_normal",TRUE,"M21",17,1,0.708387743702968
"elk-163","truncated_normal",TRUE,"M21",18,1,0.747652232704196
"elk-163","truncated_normal",TRUE,"M21",19,1,0.786729767312526
"elk-163","truncated_normal",TRUE,"M21",20,1,0.870439727112558
"elk-163","truncated_normal",TRUE,"M21",21,1,0.99999289195064
"elk-163","truncated_normal",TRUE,"M21",22,1,0.995881510526581
"elk-163","truncated_normal",TRUE,"M21",23,1,1
"elk-163","truncated_normal",TRUE,"M21",24,1,1
"elk-163","truncated_normal",TRUE,"M21",25,1,0.999851367675106
"elk-163","truncated_normal",TRUE,"M21",26,1,0.996716808853348
"elk-163","truncated_normal",TRUE,"M21",27,1,0.993222436447073
"elk-163","truncated_normal",TRUE,"M21",28,1,0.999999999999992
"elk-163","truncated_normal",TRUE,"M21",29,1,0.999844885745611
"elk-163","truncated_normal",TRUE,"M21",30,1,0.999999999990381
"elk-163","truncated_normal",TRUE,"M21",31,1,0.999999999999992
"elk-163","truncated_normal",TRUE,"M21",32,1,1
"elk-163","truncated_normal",TRUE,"M21",33,1,1
"elk-163","truncated_normal",TRUE,"M21",34,1,0.990327596286602
"elk-163","truncated_normal",TRUE,"M21",35,1,0.998620098625751
"elk-163","truncated_normal",TRUE,"M21",36,1,0.998859577865252
"elk-163","truncated_normal",TRUE,"M21",37,1,0.99580769237144
"elk-163","truncated_normal",TRUE,"M21",38,1,0.999999999999959
"elk-163","truncated_normal",TRUE,"M21",39,1,0.933941275185514
"elk-163","truncated_normal",TRUE,"M21",40,1,0.905779653194683
"elk-163","truncated_normal",TRUE,"M21",41,1,0.944520634832668
"elk-163","truncated_normal",TRUE,"M21",42,1,0.999999999999972
"elk-163","truncated_normal",TRUE,"M21",43,1,0.999999999999979
"elk-163","truncated_normal",TRUE,"M21",44,1,0.967829713501762
"elk-163","truncated_normal",TRUE,"M21",45,1,0.958805945768594
"elk-163","truncated_normal",TRUE,"M21",46,1,1
"elk-163","truncated_normal",TRUE,"M21",47,1,1
"elk-163","truncated_normal",TRUE,"M21",48,1,0.984507463742249
"elk-163","truncated_normal",TRUE,"M21",49,1,0.985498471589276
"elk-163","truncated_normal",TRUE,"M21",50,1,1
"elk-163","truncated_normal",TRUE,"M21",51,2,0.567878447388354
"elk-163","truncated_normal",TRUE,"M21",52,2,0.770571476351235
"elk-163","truncated_normal",TRUE,"M21",53,2,0.80881153219791
"elk-163","truncated_normal",TRUE,"M21",54,2,0.823477121847534
"elk-163","truncated_normal",TRUE,"M21",55,2,0.77978291269457
"elk-163","truncated_normal",TRUE,"M21",56,2,0.768216584599106
"elk-163","truncated_normal",TRUE,"M21",57,2,0.72742565152658
"elk-163","truncated_normal",TRUE,"M21",58,1,0.513586123176183
"elk-163","truncated_normal",TRUE,"M21",59,1,0.691413228168168
"elk-163","truncated_normal",TRUE,"M21",60,1,0.817269802785562
"elk-163","truncated_normal",TRUE,"M21",61,1,0.84800333607753
"elk-163","truncated_normal",TRUE,"M21",62,1,0.88254591313164
"elk-163","truncated_normal",TRUE,"M21",63,1,0.875424461502421
"elk-163","truncated_normal",TRUE,"M21",64,1,0.912803826327757
"elk-163","truncated_normal",TRUE,"M21",65,1,0.999999999999995
"elk-163","truncated_normal",TRUE,"M21",66,1,0.987740860164539
"elk-163","truncated_normal",TRUE,"M21",67,1,1
"elk-163","truncated_normal",TRUE,"M21",68,1,1
"elk-163","truncated_normal",TRUE,"M21",69,2,0.643654440283832
"elk-163","truncated_normal",TRUE,"M21",70,2,0.856984124446622
"elk-163","truncated_normal",TRUE,"M21",71,2,0.925810577672823
"elk-163","truncated_normal",TRUE,"M21",72,2,0.962090785795909
"elk-163","truncated_normal",TRUE,"M21",73,2,0.981451230947586
"elk-163","truncated_normal",TRUE,"M21",74,2,0.993623987341324
"elk-163","truncated_normal",TRUE,"M21",75,2,0.99679848794113
"elk-163","truncated_normal",TRUE,"M21",76,2,0.997295443953397
"elk-163","truncated_normal",TRUE,"M21",77,2,0.995833257215204
"elk-163","truncated_normal",TRUE,"M21",78,2,0.996255723413812
"elk-163","truncated_normal",TRUE,"M21",79,2,0.996529944220109
"elk-163","truncated_normal",TRUE,"M21",80,2,0.995775582270493
"elk-163","truncated_normal",TRUE,"M21",81,2,0.994978697060811
"elk-163","truncated_normal",TRUE,"M21",82,2,0.99523563388574
"elk-163","truncated_normal",TRUE,"M21",83,2,0.993627695651355
"elk-163","truncated_normal",TRUE,"M21",84,2,0.988457062207382
"elk-163","truncated_normal",TRUE,"M21",85,2,0.988090642507294
"elk-163","truncated_normal",TRUE,"M21",86,2,0.978120828195219
"elk-163","truncated_normal",TRUE,"M21",87,2,0.95742013832655
"elk-163","truncated_normal",TRUE,"M21",88,2,0.875758313254049
"elk-163","truncated_normal",TRUE,"M21",89,2,0.675245343482323
"elk-163","truncated_normal",TRUE,"M21",90,1,0.999999885991785
"elk-163","truncated_normal",TRUE,"M21",91,1,0.983212646488735
"elk-163","truncated_normal",TRUE,"M21",92,1,0.981006877723918
"elk-163","truncated_normal",TRUE,"M21",93,1,0.975718792027148
"elk-163","truncated_normal",TRUE,"M21",94,1,0.999999962620813
"elk-163","truncated_normal",TRUE,"M21",95,1,0.98926795241786
"elk-163","truncated_normal",TRUE,"M21",96,1,0.999900844355056
"elk-163","truncated_normal",TRUE,"M21",97,1,0.99316498063185
"elk-163","truncated_normal",TRUE,"M21",98,1,0.999999999999932
"elk-163","truncated_normal",TRUE,"M21",99,1,0.998834780997949
"elk-163","truncated_normal",TRUE,"M21",100,1,0.991939372903746
"elk-163","truncated_normal",TRUE,"M21",101,1,0.987455132461338
"elk-163","truncated_normal",TRUE,"M21",102,1,0.999999999958231
"elk-163","truncated_normal",TRUE,"M21",103,1,0.984917344698017
"elk-163","truncated_normal",TRUE,"M21",104,1,0.960359967141304
"elk-163","truncated_normal",TRUE,"M21",105,1,0.959156073475631
"elk-163","truncated_normal",TRUE,"M21",106,1,0.999753954875237
"elk-163","truncated_normal",TRUE,"M21",107,1,0.989778293373374
"elk-163","truncated_normal",TRUE,"M21",108,1,0.999314342508073
"elk-163","truncated_normal",TRUE,"M21",109,1,0.991963676917385
"elk-163","truncated_normal",TRUE,"M21",110,1,0.986228079019868
"elk-163","truncated_normal",TRUE,"M21",111,1,0.999999992874715
"elk-163","truncated_normal",TRUE,"M21",112,1,0.99997337808067
"elk-163","truncated_normal",TRUE,"M21",113,1,0.97087524258636
"elk-163","truncated_normal",TRUE,"M21",114,1,0.983196901731293
"elk-163","truncated_normal",TRUE,"M21",115,1,1
"elk-163","truncated_normal",TRUE,"M21",116,2,0.676960030010658
"elk-163","truncated_normal",TRUE,"M21",117,2,0.902446005452609
"elk-163","truncated_normal",TRUE,"M21",118,2,0.963748775495362
"elk-163","truncated_normal",TRUE,"M21",119,2,0.979337457354393
"elk-163","truncated_normal",TRUE,"M21",120,2,0.988754724193557
"elk-163","truncated_normal",TRUE,"M21",121,2,0.994558959276545
"elk-163","truncated_normal",TRUE,"M21",122,2,0.995362068428967
"elk-163","truncated_normal",TRUE,"M21",123,2,0.996486850986813
"elk-163","truncated_normal",TRUE,"M21",124,2,0.997956552860973
"elk-163","truncated_normal",TRUE,"M21",125,2,0.997925089868074
"elk-163","truncated_normal",TRUE,"M21",126,2,0.996733121194063
"elk-163","truncated_normal",TRUE,"M21",127,2,0.988887064164348
"elk-163","truncated_normal",TRUE,"M21",128,2,0.981745355537964
"elk-163","truncated_normal",TRUE,"M21",129,2,0.975412209435529
"elk-163","truncated_normal",TRUE,"M21",130,2,0.985696757538411
"elk-163","truncated_normal",TRUE,"M21",131,2,0.990644580168505
"elk-163","truncated_normal",TRUE,"M21",132,2,0.992499457291749
"elk-163","truncated_normal",TRUE,"M21",133,2,0.991337255704951
"elk-163","truncated_normal",TRUE,"M21",134,2,0.992065946994343
"elk-163","truncated_normal",TRUE,"M21",135,2,0.978607531533187
"elk-163","truncated_normal",TRUE,"M21",136,2,0.973108816868849
"elk-163","truncated_normal",TRUE,"M21",137,2,0.97260150311925
"elk-163","truncated_normal",TRUE,"M21",138,2,0.945252644008135
"elk-163","truncated_normal",TRUE,"M21",139,2,0.940376826027098
"elk-163","truncated_normal",TRUE,"M21",140,2,0.904691696576342
"elk-163","truncated_normal",TRUE,"M21",141,2,0.867203933297751
"elk-163","truncated_normal",TRUE,"M21",142,2,0.720067749642451
"elk-163","truncated_normal",TRUE,"M21",143,2,0.642174936795085
"elk-163","truncated_normal",TRUE,"M21",144,2,0.566495175980374
"elk-163","truncated_normal",TRUE,"M21",145,2,0.685232964392244
"elk-163","truncated_normal",TRUE,"M21",146,1,0.960705518871216
"elk-163","truncated_normal",TRUE,"M21",147,1,0.993374078600533
"elk-163","truncated_normal",TRUE,"M21",148,1,0.998852885980269
"elk-163","truncated_normal",TRUE,"M21",149,1,0.999999906689237
"elk-163","truncated_normal",TRUE,"M21",150,2,0.739989928837574
"elk-163","truncated_normal",TRUE,"M21",151,2,0.923728309636796
"elk-163","truncated_normal",TRUE,"M21",152,2,0.961324814706302
"elk-163","truncated_normal",TRUE,"M21",153,2,0.964345192117858
"elk-163","truncated_normal",TRUE,"M21",154,2,0.930111663592877
"elk-163","truncated_normal",TRUE,"M21",155,2,0.881079310699051
"elk-163","truncated_normal",TRUE,"M21",156,2,0.872180290893637
"elk-163","truncated_normal",TRUE,"M21",157,2,0.889577646311324
"elk-163","truncated_normal",TRUE,"M21",158,2,0.854207610208825
"elk-163","truncated_normal",TRUE,"H2",1,2,0.999999999986495
"elk-163","truncated_normal",TRUE,"H2",2,2,0.913897213448373
"elk-163","truncated_normal",TRUE,"H2",3,1,0.681876816419865
"elk-163","truncated_normal",TRUE,"H2",4,1,0.927647511518182
"elk-163","truncated_normal",TRUE,"H2",5,2,0.662508087714268
"elk-163","truncated_normal",TRUE,"H2",6,2,0.967862594186399
"elk-163","truncated_normal",TRUE,"H2",7,2,0.695025343602945
"elk-163","truncated_normal",TRUE,"H2",8,2,0.999999998754164
"elk-163","truncated_normal",TRUE,"H2",9,2,0.999402731496288
"elk-163","truncated_normal",TRUE,"H2",10,2,0.999999985009037
"elk-163","truncated_normal",TRUE,"H2",11,2,0.922570321956747
"elk-163","truncated_normal",TRUE,"H2",12,1,0.980743327080373
"elk-163","truncated_normal",TRUE,"H2",13,1,0.97769640564431
"elk-163","truncated_normal",TRUE,"H2",14,2,0.999999976419377
"elk-163","truncated_normal",TRUE,"H2",15,1,0.943818821827851
"elk-163","truncated_normal",TRUE,"H2",16,1,0.994754260180698
"elk-163","truncated_normal",TRUE,"H2",17,1,0.981479168007082
"elk-163","truncated_normal",TRUE,"H2",18,1,0.96593436412922
"elk-163","truncated_normal",TRUE,"H2",19,1,0.967525143252244
"elk-163","truncated_normal",TRUE,"H2",20,1,0.957342045280496
"elk-163","truncated_normal",TRUE,"H2",21,2,0.965565647610603
"elk-163","truncated_normal",TRUE,"H2",22,1,0.568686304557082
"elk-163","truncated_normal",TRUE,"H2",23,2,0.999999999851074
"elk-163","truncated_normal",TRUE,"H2",24,2,0.999997625426481
"elk-163","truncated_normal",TRUE,"H2",25,2,0.850706832887045
"elk-163","truncated_normal",TRUE,"H2",26,1,0.84915187994597
"elk-163","truncated_normal",TRUE,"H2",27,1,0.956541940426116
"elk-163","truncated_normal",TRUE,"H2",28,2,0.999930346976883
"elk-163","truncated_normal",TRUE,"H2",29,2,0.838145520985169
"elk-163","truncated_normal",TRUE,"H2",30,2,0.999857746401297
"elk-163","truncated_normal",TRUE,"H2",31,2,0.999990520887267
"elk-163","truncated_normal",TRUE,"H2",32,2,0.999999996471661
"elk-163","truncated_normal",TRUE,"H2",33,2,0.999999335601324
"elk-163","truncated_normal",TRUE,"H2",34,1,0.954127069460521
"elk-163","truncated_normal",TRUE,"H2",35,1,0.718057734687732
"elk-163","truncated_normal",TRUE,"H2",36,1,0.576570096646352
"elk-163","truncated_normal",TRUE,"H2",37,1,0.886728533870913
"elk-163","truncated_normal",TRUE,"H2",38,2,0.999905372843527
"elk-163","truncated_normal",TRUE,"H2",39,1,0.985598114463738
"elk-163","truncated_normal",TRUE,"H2",40,1,0.994332902293577
"elk-163","truncated_normal",TRUE,"H2",41,1,0.958652547754284
"elk-163","truncated_normal",TRUE,"H2",42,2,0.999965534125312
"elk-163","truncated_normal",TRUE,"H2",43,2,0.99997336395394
"elk-163","truncated_normal",TRUE,"H2",44,1,0.97662285997341
"elk-163","truncated_normal",TRUE,"H2",45,1,0.959701539523039
"elk-163","truncated_normal",TRUE,"H2",46,2,0.999999879805093
"elk-163","truncated_normal",TRUE,"H2",47,2,0.999999981875777
"elk-163","truncated_normal",TRUE,"H2",48,1,0.9862672478622
"elk-163","truncated_normal",TRUE,"H2",49,1,0.977719943664786
"elk-163","truncated_normal",TRUE,"H2",50,2,0.999989852016732
"elk-163","truncated_normal",TRUE,"H2",51,1,0.982796436981598
"elk-163","truncated_normal",TRUE,"H2",52,1,0.994613148615085
"elk-163","truncated_normal",TRUE,"H2",53,1,0.995512437460162
"elk-163","truncated_normal",TRUE,"H2",54,1,0.990410864029117
"elk-163","truncated_normal",TRUE,"H2",55,1,0.980732033013494
"elk-163","truncated_normal",TRUE,"H2",56,1,0.99688272487223
"elk-163","truncated_normal",TRUE,"H2",57,1,0.995249870085975
"elk-163","truncated_normal",TRUE,"H2",58,1,0.982413481554654
"elk-163","truncated_normal",TRUE,"H2",59,1,0.937761581122066
"elk-163","truncated_normal",TRUE,"H2",60,1,0.94358625899864
"elk-163","truncated_normal",TRUE,"H2",61,1,0.982143802523385
"elk-163","truncated_normal",TRUE,"H2",62,1,0.830332718744687
"elk-163","truncated_normal",TRUE,"H2",63,1,0.964771425687666
"elk-163","truncated_normal",TRUE,"H2",64,1,0.987284648369096
"elk-163","truncated_normal",TRUE,"H2",65,2,0.999953448179137
"elk-163","truncated_normal",TRUE,"H2",66,1,0.865478836901012
"elk-163","truncated_normal",TRUE,"H2",67,2,0.999999901322236
"elk-163","truncated_normal",TRUE,"H2",68,2,0.999999985559681
"elk-163","truncated_normal",TRUE,"H2",69,1,0.980829543220182
"elk-163","truncated_normal",TRUE,"H2",70,1,0.994959404924243
"elk-163","truncated_normal",TRUE,"H2",71,1,0.988532176812992
"elk-163","truncated_normal",TRUE,"H2",72,1,0.995565108223656
"elk-163","truncated_normal",TRUE,"H2",73,1,0.991667542339949
"elk-163","truncated_normal",TRUE,"H2",74,1,0.990683462391316
"elk-163","truncated_normal",TRUE,"H2",75,1,0.99061803800794
"elk-163","truncated_normal",TRUE,"H2",76,1,0.989397038564553
"elk-163","truncated_normal",TRUE,"H2",77,1,0.989198504868973
"elk-163","truncated_normal",TRUE,"H2",78,1,0.979684000088318
"elk-163","truncated_normal",TRUE,"H2",79,1,0.988065522007704
"elk-163","truncated_normal",TRUE,"H2",80,1,0.996506194417256
"elk-163","truncated_normal",TRUE,"H2",81,1,0.995433921435761
"elk-163","truncated_normal",TRUE,"H2",82,1,0.985333266390489
"elk-163","truncated_normal",TRUE,"H2",83,1,0.990383710747773
"elk-163","truncated_normal",TRUE,"H2",84,1,0.987507065060302
"elk-163","truncated_normal",TRUE,"H2",85,1,0.990946772619158
"elk-163","truncated_normal",TRUE,"H2",86,1,0.995450759864737
"elk-163","truncated_normal",TRUE,"H2",87,1,0.993069381728409
"elk-163","truncated_normal",TRUE,"H2",88,1,0.992500816802332
"elk-163","truncated_normal",TRUE,"H2",89,1,0.982676750150386
"elk-163","truncated_normal",TRUE,"H2",90,2,0.996574055244186
"elk-163","truncated_normal",TRUE,"H2",91,1,0.980213278503587
"elk-163","truncated_normal",TRUE,"H2",92,1,0.973521671140264
"elk-163","truncated_normal",TRUE,"H2",93,1,0.981902285125096
"elk-163","truncated_normal",TRUE,"H2",94,2,0.991599338019244
"elk-163","truncated_normal",TRUE,"H2",95,1,0.790221625860619
"elk-163","truncated_normal",TRUE,"H2",96,2,0.745650788919728
"elk-163","truncated_normal",TRUE,"H2",97,1,0.960889767943303
"elk-163","truncated_normal",TRUE,"H2",98,2,0.999756869380708
"elk-163","truncated_normal",TRUE,"H2",99,1,0.627280537099943
"elk-163","truncated_normal",TRUE,"H2",100,1,0.958488890507647
"elk-163","truncated_normal",TRUE,"H2",101,1,0.982333641473814
"elk-163","truncated_normal",TRUE,"H2",102,2,0.998909035781667
"elk-163","truncated_normal",TRUE,"H2",103,1,0.846702963894408
"elk-163","truncated_normal",TRUE,"H2",104,1,0.995476577823268
"elk-163","truncated_normal",TRUE,"H2",105,1,0.985430629367224
"elk-163","truncated_normal",TRUE,"H2",106,2,0.760708450131665
"elk-163","truncated_normal",TRUE,"H2",107,1,0.953766530291002
"elk-163","truncated_normal",TRUE,"H2",108,1,0.614971190051234
"elk-163","truncated_normal",TRUE,"H2",109,1,0.948625936318857
"elk-163","truncated_normal",TRUE,"H2",110,1,0.8887496775736
"elk-163","truncated_normal",TRUE,"H2",111,2,0.997816147221292
"elk-163","truncated_normal",TRUE,"H2",112,2,0.962566766193733
"elk-163","truncated_normal",TRUE,"H2",113,1,0.956847480214997
"elk-163","truncated_normal",TRUE,"H2",114,1,0.896822006381331
"elk-163","truncated_normal",TRUE,"H2",115,2,0.99999995703897
"elk-163","truncated_normal",TRUE,"H2",116,1,0.978854826990515
"elk-163","truncated_normal",TRUE,"H2",117,1,0.994470338629102
"elk-163","truncated_normal",TRUE,"H2",118,1,0.994918020800722
"elk-163","truncated_normal",TRUE,"H2",119,1,0.996964199901829
"elk-163","truncated_normal",TRUE,"H2",120,1,0.996496902416182
"elk-163","truncated_normal",TRUE,"H2",121,1,0.988730520695841
"elk-163","truncated_normal",TRUE,"H2",122,1,0.995241389565349
"elk-163","truncated_normal",TRUE,"H2",123,1,0.993702571749423
"elk-163","truncated_normal",TRUE,"H2",124,1,0.994970890760083
"elk-163","truncated_normal",TRUE,"H2",125,1,0.990273721983937
"elk-163","truncated_normal",TRUE,"H2",126,1,0.994076440014447
"elk-163","truncated_normal",TRUE,"H2",127,1,0.996289664822497
"elk-163","truncated_normal",TRUE,"H2",128,1,0.995162863061844
"elk-163","truncated_normal",TRUE,"H2",129,1,0.976555986743569
"elk-163","truncated_normal",TRUE,"H2",130,1,0.974014229893318
"elk-163","truncated_normal",TRUE,"H2",131,1,0.987673363849385
"elk-163","truncated_normal",TRUE,"H2",132,1,0.995428054382043
"elk-163","truncated_normal",TRUE,"H2",133,1,0.995922966077734
"elk-163","truncated_normal",TRUE,"H2",134,1,0.994048979147517
"elk-163","truncated_normal",TRUE,"H2",135,1,0.984676988247095
"elk-163","truncated_normal",TRUE,"H2",136,1,0.938689699296933
"elk-163","truncated_normal",TRUE,"H2",137,1,0.99198861322913
"elk-163","truncated_normal",TRUE,"H2",138,1,0.979760715108181
"elk-163","truncated_normal",TRUE,"H2",139,1,0.977703553221325
"elk-163","truncated_normal",TRUE,"H2",140,1,0.941573828592253
"elk-163","truncated_normal",TRUE,"H2",141,1,0.99515716045303
"elk-163","truncated_normal",TRUE,"H2",142,1,0.976782776470205
"elk-163","truncated_normal",TRUE,"H2",143,1,0.970622311372539
"elk-163","truncated_normal",TRUE,"H2",144,1,0.901373808921602
"elk-163","truncated_normal",TRUE,"H2",145,1,0.982755937676856
"elk-163","truncated_normal",TRUE,"H2",146,1,0.724499893974691
"elk-163","truncated_normal",TRUE,"H2",147,1,0.700090498353557
"elk-163","truncated_normal",TRUE,"H2",148,2,0.705510053106105
"elk-163","truncated_normal",TRUE,"H2",149,2,0.997611668500341
"elk-163","truncated_normal",TRUE,"H2",150,1,0.970607151365951
"elk-163","truncated_normal",TRUE,"H2",151,1,0.991490013507021
"elk-163","truncated_normal",TRUE,"H2",152,1,0.989929033362355
"elk-163","truncated_normal",TRUE,"H2",153,1,0.995303730098813
"elk-163","truncated_normal",TRUE,"H2",154,1,0.993076244672689
"elk-163","truncated_normal",TRUE,"H2",155,1,0.907474373839641
"elk-163","truncated_normal",TRUE,"H2",156,1,0.878471656479585
"elk-163","truncated_normal",TRUE,"H2",157,1,0.994641535031901
"elk-163","truncated_normal",TRUE,"H2",158,1,0.991014052319424
"elk-163","truncated_normal",TRUE,"H3",1,1,0.999999776325679
"elk-163","truncated_normal",TRUE,"H3",2,3,0.920687898623248
"elk-163","truncated_normal",TRUE,"H3",3,3,0.994423214290069
"elk-163","truncated_normal",TRUE,"H3",4,3,0.997967602212775
"elk-163","truncated_normal",TRUE,"H3",5,3,0.988597159483757
"elk-163","truncated_normal",TRUE,"H3",6,3,0.883408874555707
"elk-163","truncated_normal",TRUE,"H3",7,3,0.989626342169993
"elk-163","truncated_normal",TRUE,"H3",8,1,0.998263857454668
"elk-163","truncated_normal",TRUE,"H3",9,1,0.753461420215541
"elk-163","truncated_normal",TRUE,"H3",10,1,0.993943827667486
"elk-163","truncated_normal",TRUE,"H3",11,3,0.881376159444421
"elk-163","truncated_normal",TRUE,"H3",12,3,0.969204684103853
"elk-163","truncated_normal",TRUE,"H3",13,3,0.984972303165995
"elk-163","truncated_normal",TRUE,"H3",14,1,0.997872432666884
"elk-163","truncated_normal",TRUE,"H3",15,3,0.603838366737971
"elk-163","truncated_normal",TRUE,"H3",16,3,0.569833919063088
"elk-163","truncated_normal",TRUE,"H3",17,3,0.507936463215258
"elk-163","truncated_normal",TRUE,"H3",18,3,0.643249292881934
"elk-163","truncated_normal",TRUE,"H3",19,3,0.736512021223267
"elk-163","truncated_normal",TRUE,"H3",20,3,0.851174883964983
"elk-163","truncated_normal",TRUE,"H3",21,3,0.828492839656343
"elk-163","truncated_normal",TRUE,"H3",22,3,0.994474123345653
"elk-163","truncated_normal",TRUE,"H3",23,1,0.998694594375897
"elk-163","truncated_normal",TRUE,"H3",24,1,0.983952557800267
"elk-163","truncated_normal",TRUE,"H3",25,3,0.93771838756608
"elk-163","truncated_normal",TRUE,"H3",26,3,0.997909791375838
"elk-163","truncated_normal",TRUE,"H3",27,3,0.99918922392198
"elk-163","truncated_normal",TRUE,"H3",28,1,0.86743090968365
"elk-163","truncated_normal",TRUE,"H3",29,3,0.971665165387072
"elk-163","truncated_normal",TRUE,"H3",30,1,0.873567085791514
"elk-163","truncated_normal",TRUE,"H3",31,1,0.979746685828553
"elk-163","truncated_normal",TRUE,"H3",32,1,0.998356012366494
"elk-163","truncated_normal",TRUE,"H3",33,1,0.989317633904104
"elk-163","truncated_normal",TRUE,"H3",34,3,0.931567865584615
"elk-163","truncated_normal",TRUE,"H3",35,3,0.992994307044919
"elk-163","truncated_normal",TRUE,"H3",36,3,0.988159016097198
"elk-163","truncated_normal",TRUE,"H3",37,3,0.999068244119365
"elk-163","truncated_normal",TRUE,"H3",38,1,0.958725340593958
"elk-163","truncated_normal",TRUE,"H3",39,3,0.618842643332634
"elk-163","truncated_normal",TRUE,"H3",40,3,0.660267270889847
"elk-163","truncated_normal",TRUE,"H3",41,3,0.858501210135177
"elk-163","truncated_normal",TRUE,"H3",42,1,0.950365192355582
"elk-163","truncated_normal",TRUE,"H3",43,1,0.971818393513021
"elk-163","truncated_normal",TRUE,"H3",44,3,0.845281808357717
"elk-163","truncated_normal",TRUE,"H3",45,3,0.89403498974146
"elk-163","truncated_normal",TRUE,"H3",46,1,0.993429028769389
"elk-163","truncated_normal",TRUE,"H3",47,1,0.998217336229673
"elk-163","truncated_normal",TRUE,"H3",48,3,0.877887749306904
"elk-163","truncated_normal",TRUE,"H3",49,3,0.939714756408332
"elk-163","truncated_normal",TRUE,"H3",50,1,0.999267561143241
"elk-163","truncated_normal",TRUE,"H3",51,2,0.977344278204138
"elk-163","truncated_normal",TRUE,"H3",52,2,0.975173073565623
"elk-163","truncated_normal",TRUE,"H3",53,2,0.965274669665493
"elk-163","truncated_normal",TRUE,"H3",54,2,0.945733213898626
"elk-163","truncated_normal",TRUE,"H3",55,2,0.88834516345462
"elk-163","truncated_normal",TRUE,"H3",56,2,0.856873334514773
"elk-163","truncated_normal",TRUE,"H3",57,2,0.783616307777957
"elk-163","truncated_normal",TRUE,"H3",58,3,0.581644979171781
"elk-163","truncated_normal",TRUE,"H3",59,3,0.835943257489874
"elk-163","truncated_normal",TRUE,"H3",60,3,0.939805674141632
"elk-163","truncated_normal",TRUE,"H3",61,3,0.962056173437709
"elk-163","truncated_normal",TRUE,"H3",62,3,0.977366002653653
"elk-163","truncated_normal",TRUE,"H3",63,3,0.985145454266225
"elk-163","truncated_normal",TRUE,"H3",64,3,0.99143884224162
"elk-163","truncated_normal",TRUE,"H3",65,1,0.936288443414801
"elk-163","truncated_normal",TRUE,"H3",66,3,0.950014842019282
"elk-163","truncated_normal",TRUE,"H3",67,1,0.995986602258783
"elk-163","truncated_normal",TRUE,"H3",68,1,0.99999967339068
"elk-163","truncated_normal",TRUE,"H3",69,2,0.999881851842328
"elk-163","truncated_normal",TRUE,"H3",70,2,0.999957639239971
"elk-163","truncated_normal",TRUE,"H3",71,2,0.999964866147381
"elk-163","truncated_normal",TRUE,"H3",72,2,0.999986103950136
"elk-163","truncated_normal",TRUE,"H3",73,2,0.999986974362598
"elk-163","truncated_normal",TRUE,"H3",74,2,0.999992876243021
"elk-163","truncated_normal",TRUE,"H3",75,2,0.99999357163865
"elk-163","truncated_normal",TRUE,"H3",76,2,0.999990499898326
"elk-163","truncated_normal",TRUE,"H3",77,2,0.999977855050738
"elk-163","truncated_normal",TRUE,"H3",78,2,0.999959835860573
"elk-163","truncated_normal",TRUE,"H3",79,2,0.999938183634857
"elk-163","truncated_normal",TRUE,"H3",80,2,0.999864949461366
"elk-163","truncated_normal",TRUE,"H3",81,2,0.999622328275762
"elk-163","truncated_normal",TRUE,"H3",82,2,0.999020048336509
"elk-163","truncated_normal",TRUE,"H3",83,2,0.997550379784983
"elk-163","truncated_normal",TRUE,"H3",84,2,0.993888146149641
"elk-163","truncated_normal",TRUE,"H3",85,2,0.989860045657962
"elk-163","truncated_normal",TRUE,"H3",86,2,0.978670878023165
"elk-163","truncated_normal",TRUE,"H3",87,2,0.951916764294396
"elk-163","truncated_normal",TRUE,"H3",88,2,0.852949272546995
"elk-163","truncated_normal",TRUE,"H3",89,2,0.621951077169247
"elk-163","truncated_normal",TRUE,"H3",90,1,0.607771259236301
"elk-163","truncated_normal",TRUE,"H3",91,3,0.923294183020608
"elk-163","truncated_normal",TRUE,"H3",92,3,0.952891284046624
"elk-163","truncated_normal",TRUE,"H3",93,3,0.966463695767785
"elk-163","truncated_normal",TRUE,"H3",94,3,0.515336476326812
"elk-163","truncated_normal",TRUE,"H3",95,3,0.969539070195809
"elk-163","truncated_normal",TRUE,"H3",96,3,0.958196232564217
"elk-163","truncated_normal",TRUE,"H3",97,3,0.997966239324628
"elk-163","truncated_normal",TRUE,"H3",98,1,0.823143612220628
"elk-163","truncated_normal",TRUE,"H3",99,3,0.99028340367203
"elk-163","truncated_normal",TRUE,"H3",100,3,0.997381334362274
"elk-163","truncated_normal",TRUE,"H3",101,3,0.998513229260561
"elk-163","truncated_normal",TRUE,"H3",102,1,0.748045274472917
"elk-163","truncated_normal",TRUE,"H3",103,3,0.920507505167851
"elk-163","truncated_normal",TRUE,"H3",104,3,0.929155192589467
"elk-163","truncated_normal",TRUE,"H3",105,3,0.945428998860538
"elk-163","truncated_normal",TRUE,"H3",106,3,0.937773769437729
"elk-163","truncated_normal",TRUE,"H3",107,3,0.995019398630515
"elk-163","truncated_normal",TRUE,"H3",108,3,0.988636843690487
"elk-163","truncated_normal",TRUE,"H3",109,3,0.999122284276917
"elk-163","truncated_normal",TRUE,"H3",110,3,0.998565260517634
"elk-163","truncated_normal",TRUE,"H3",111,1,0.54963747393224
"elk-163","truncated_normal",TRUE,"H3",112,3,0.816708668717209
"elk-163","truncated_normal",TRUE,"H3",113,3,0.974658440620709
"elk-163","truncated_normal",TRUE,"H3",114,3,0.991913839043725
"elk-163","truncated_normal",TRUE,"H3",115,1,0.999999759771612
"elk-163","truncated_normal",TRUE,"H3",116,2,0.999914388938123
"elk-163","truncated_normal",TRUE,"H3",117,2,0.999985734899094
"elk-163","truncated_normal",TRUE,"H3",118,2,0.99999421716369
"elk-163","truncated_normal",TRUE,"H3",119,2,0.999996618610058
"elk-163","truncated_normal",TRUE,"H3",120,2,0.999996234243581
"elk-163","truncated_normal",TRUE,"H3",121,2,0.999995164731023
"elk-163","truncated_normal",TRUE,"H3",122,2,0.999997065778577
"elk-163","truncated_normal",TRUE,"H3",123,2,0.999996289118186
"elk-163","truncated_normal",TRUE,"H3",124,2,0.999995199761485
"elk-163","truncated_normal",TRUE,"H3",125,2,0.999984985128515
"elk-163","truncated_normal",TRUE,"H3",126,2,0.999950317785642
"elk-163","truncated_normal",TRUE,"H3",127,2,0.99976610677645
"elk-163","truncated_normal",TRUE,"H3",128,2,0.999392367813638
"elk-163","truncated_normal",TRUE,"H3",129,2,0.998738241580013
"elk-163","truncated_normal",TRUE,"H3",130,2,0.998468461634323
"elk-163","truncated_normal",TRUE,"H3",131,2,0.998061133851382
"elk-163","truncated_normal",TRUE,"H3",132,2,0.997173123017219
"elk-163","truncated_normal",TRUE,"H3",133,2,0.994446882114501
"elk-163","truncated_normal",TRUE,"H3",134,2,0.988808148950099
"elk-163","truncated_normal",TRUE,"H3",135,2,0.960947873041466
"elk-163","truncated_normal",TRUE,"H3",136,2,0.936085596365268
"elk-163","truncated_normal",TRUE,"H3",137,2,0.919995824320859
"elk-163","truncated_normal",TRUE,"H3",138,2,0.855476495003839
"elk-163","truncated_normal",TRUE,"H3",139,2,0.820187238902434
"elk-163","truncated_normal",TRUE,"H3",140,2,0.743893318375419
"elk-163","truncated_normal",TRUE,"H3",141,2,0.690306062894382
"elk-163","truncated_normal",TRUE,"H3",142,3,0.522774017497823
"elk-163","truncated_normal",TRUE,"H3",143,3,0.628933398273677
"elk-163","truncated_normal",TRUE,"H3",144,3,0.817190361783343
"elk-163","truncated_normal",TRUE,"H3",145,3,0.875695369449368
"elk-163","truncated_normal",TRUE,"H3",146,3,0.98804802363341
"elk-163","truncated_normal",TRUE,"H3",147,3,0.997324245867101
"elk-163","truncated_normal",TRUE,"H3",148,3,0.97549503025093
"elk-163","truncated_normal",TRUE,"H3",149,1,0.995310459206317
"elk-163","truncated_normal",TRUE,"H3",150,2,0.988131746975392
"elk-163","truncated_normal",TRUE,"H3",151,2,0.987360154790892
"elk-163","truncated_normal",TRUE,"H3",152,2,0.983623119783243
"elk-163","truncated_normal",TRUE,"H3",153,2,0.970667985658508
"elk-163","truncated_normal",TRUE,"H3",154,2,0.909515613108923
"elk-163","truncated_normal",TRUE,"H3",155,2,0.804516940464185
"elk-163","truncated_normal",TRUE,"H3",156,2,0.77453482908944
"elk-163","truncated_normal",TRUE,"H3",157,2,0.766872181311337
"elk-163","truncated_normal",TRUE,"H3",158,2,0.728051081250119
"elk-287","truncated_normal",TRUE,"M21",1,1,0.999999999901288
"elk-287","truncated_normal",TRUE,"M21",2,1,0.999999893278276
"elk-287","truncated_normal",TRUE,"M21",3,1,0.999999872382588
"elk-287","truncated_normal",TRUE,"M21",4,1,0.999999914894628
"elk-287","truncated_normal",TRUE,"M21",5,1,1
"elk-287","truncated_normal",TRUE,"M21",6,1,1
"elk-287","truncated_normal",TRUE,"M21",7,1,1
"elk-287","truncated_normal",TRUE,"M21",8,1,1
"elk-287","truncated_normal",TRUE,"M21",9,1,0.999999999978609
"elk-287","truncated_normal",TRUE,"M21",10,1,1
"elk-287","truncated_normal",TRUE,"M21",11,1,0.99999996933713
"elk-287","truncated_normal",TRUE,"M21",12,1,0.999999940305279
"elk-287","truncated_normal",TRUE,"M21",13,1,0.99999988473356
"elk-287","truncated_normal",TRUE,"M21",14,1,0.999999999999371
"elk-287","truncated_normal",TRUE,"M21",15,1,0.999999507156678
"elk-287","truncated_normal",TRUE,"M21",16,1,0.999980805346907
"elk-287","truncated_normal",TRUE,"M21",17,1,0.99997219590273
"elk-287","truncated_normal",TRUE,"M21",18,1,0.999981730221999
"elk-287","truncated_normal",TRUE,"M21",19,1,0.999984264873838
"elk-287","truncated_normal",TRUE,"M21",20,1,0.999989306391678
"elk-287","truncated_normal",TRUE,"M21",21,1,0.999990732120604
"elk-287","truncated_normal",TRUE,"M21",22,1,0.999993819682164
"elk-287","truncated_normal",TRUE,"M21",23,1,0.999996660491207
"elk-287","truncated_normal",TRUE,"M21",24,1,0.999998802754678
"elk-287","truncated_normal",TRUE,"M21",25,1,0.999999529274835
"elk-287","truncated_normal",TRUE,"M21",26,1,0.999999971043292
"elk-287","truncated_normal",TRUE,"M21",27,1,0.999999999999997
"elk-287","truncated_normal",TRUE,"M21",28,1,0.999999942042531
"elk-287","truncated_normal",TRUE,"M21",29,1,1
"elk-287","truncated_normal",TRUE,"M21",30,1,1
"elk-287","truncated_normal",TRUE,"M21",31,1,1
"elk-287","truncated_normal",TRUE,"M21",32,1,0.999999744218966
"elk-287","truncated_normal",TRUE,"M21",33,1,0.999999492368555
"elk-287","truncated_normal",TRUE,"M21",34,1,0.999999999999928
"elk-287","truncated_normal",TRUE,"M21",35,1,0.999999947441631
"elk-287","truncated_normal",TRUE,"M21",36,1,0.99999999930764
"elk-287","truncated_normal",TRUE,"M21",37,1,0.999999991077266
"elk-287","truncated_normal",TRUE,"M21",38,1,0.999999953163502
"elk-287","truncated_normal",TRUE,"M21",39,1,0.999999999966028
"elk-287","truncated_normal",TRUE,"M21",40,1,0.999999581348482
"elk-287","truncated_normal",TRUE,"M21",41,1,0.999999295480763
"elk-287","truncated_normal",TRUE,"M21",42,1,0.999999730862162
"elk-287","truncated_normal",TRUE,"M21",43,1,0.999999820735989
"elk-287","truncated_normal",TRUE,"M21",44,1,0.999999769577502
"elk-287","truncated_normal",TRUE,"M21",45,1,0.999999836790722
"elk-287","truncated_normal",TRUE,"M21",46,1,0.99999980863453
"elk-287","truncated_normal",TRUE,"M21",47,1,0.999999846845234
"elk-287","truncated_normal",TRUE,"M21",48,1,0.999999914657698
"elk-287","truncated_normal",TRUE,"M21",49,1,0.999999953773911
"elk-287","truncated_normal",TRUE,"M21",50,1,1
"elk-287","truncated_normal",TRUE,"M21",51,1,0.999999840266625
"elk-287","truncated_normal",TRUE,"M21",52,1,0.999999999999995
"elk-287","truncated_normal",TRUE,"M21",53,1,1
"elk-287","truncated_normal",TRUE,"M21",54,1,1
"elk-287","truncated_normal",TRUE,"M21",55,1,0.999999915319093
"elk-287","truncated_normal",TRUE,"M21",56,1,0.99999989355664
"elk-287","truncated_normal",TRUE,"M21",57,1,0.999999871297344
"elk-287","truncated_normal",TRUE,"M21",58,1,0.999999735716614
"elk-287","truncated_normal",TRUE,"M21",59,1,0.99999964659786
"elk-287","truncated_normal",TRUE,"M21",60,1,0.99999945315398
"elk-287","truncated_normal",TRUE,"M21",61,1,0.99999967256532
"elk-287","truncated_normal",TRUE,"M21",62,1,0.999999790709238
"elk-287","truncated_normal",TRUE,"M21",63,1,0.999999753839644
"elk-287","truncated_normal",TRUE,"M21",64,1,0.99999980974648
"elk-287","truncated_normal",TRUE,"M21",65,1,0.999999747824865
"elk-287","truncated_normal",TRUE,"M21",66,1,0.999999565239707
"elk-287","truncated_normal",TRUE,"M21",67,1,0.999999858965754
"elk-287","truncated_normal",TRUE,"M21",68,1,0.999999851934142
"elk-287","truncated_normal",TRUE,"M21",69,1,0.999999748037134
"elk-287","truncated_normal",TRUE,"M21",70,1,0.999999470494744
"elk-287","truncated_normal",TRUE,"M21",71,1,0.999999999999999
"elk-287","truncated_normal",TRUE,"M21",72,1,0.999999940933096
"elk-287","truncated_normal",TRUE,"M21",73,1,1
"elk-287","truncated_normal",TRUE,"M21",74,1,1
"elk-287","truncated_normal",TRUE,"M21",75,1,0.999999999944378
"elk-287","truncated_normal",TRUE,"M21",76,1,0.999999708526878
"elk-287","truncated_normal",TRUE,"M21",77,1,1
"elk-287","truncated_normal",TRUE,"M21",78,1,0.999999964942626
"elk-287","truncated_normal",TRUE,"M21",79,1,1
"elk-287","truncated_normal",TRUE,"M21",80,1,0.999999928643457
"elk-287","truncated_normal",TRUE,"M21",81,1,0.999999786232489
"elk-287","truncated_normal",TRUE,"M21",82,1,0.99999975753056
"elk-287","truncated_normal",TRUE,"M21",83,1,0.999999484010273
"elk-287","truncated_normal",TRUE,"M21",84,1,0.999999291396828
"elk-287","truncated_normal",TRUE,"M21",85,1,0.999998974200222
"elk-287","truncated_normal",TRUE,"M21",86,1,0.999999352480355
"elk-287","truncated_normal",TRUE,"M21",87,1,0.999999618601552
"elk-287","truncated_normal",TRUE,"M21",88,1,0.999999999999996
"elk-287","truncated_normal",TRUE,"M21",89,1,1
"elk-287","truncated_normal",TRUE,"M21",90,1,0.885343022509904
"elk-287","truncated_normal",TRUE,"M21",91,1,0.737407184499236
"elk-287","truncated_normal",TRUE,"M21",92,2,0.529461133062659
"elk-287","truncated_normal",TRUE,"M21",93,2,0.568280765016366
"elk-287","truncated_normal",TRUE,"M21",94,2,0.645872447794753
"elk-287","truncated_normal",TRUE,"M21",95,2,0.703795171495239
"elk-287","truncated_normal",TRUE,"M21",96,2,0.804354678398752
"elk-287","truncated_normal",TRUE,"M21",97,2,0.976402385722132
"elk-287","truncated_normal",TRUE,"M21",98,2,0.999713161988873
"elk-287","truncated_normal",TRUE,"M21",99,2,0.999966570013855
"elk-287","truncated_normal",TRUE,"M21",100,2,0.999970800805572
"elk-287","truncated_normal",TRUE,"M21",101,2,0.999971357117359
"elk-287","truncated_normal",TRUE,"M21",102,2,0.999970368637618
"elk-287","truncated_normal",TRUE,"M21",103,2,0.999971757514194
"elk-287","truncated_normal",TRUE,"M21",104,2,0.999979573177259
"elk-287","truncated_normal",TRUE,"M21",105,2,0.999988686770803
"elk-287","truncated_normal",TRUE,"M21",106,2,0.999994309644105
"elk-287","truncated_normal",TRUE,"M21",107,2,0.999997359668748
"elk-287","truncated_normal",TRUE,"M21",108,2,0.999999901922649
"elk-287","truncated_normal",TRUE,"M21",109,2,0.999999993048987
"elk-287","truncated_normal",TRUE,"M21",110,2,0.999999951145872
"elk-287","truncated_normal",TRUE,"M21",111,2,0.9999999768656
"elk-287","truncated_normal",TRUE,"M21",112,2,0.999999984521078
"elk-287","truncated_normal",TRUE,"M21",113,2,0.999999992698208
"elk-287","truncated_normal",TRUE,"M21",114,2,0.99999997636383
"elk-287","truncated_normal",TRUE,"M21",115,2,0.99999998528958
"elk-287","truncated_normal",TRUE,"M21",116,2,0.999999996150133
"elk-287","truncated_normal",TRUE,"M21",117,2,0.999999980429068
"elk-287","truncated_normal",TRUE,"M21",118,2,0.999999993471322
"elk-287","truncated_normal",TRUE,"M21",119,2,0.9999999862717
"elk-287","truncated_normal",TRUE,"M21",120,2,0.999999997080669
"elk-287","truncated_normal",TRUE,"M21",121,2,0.999999992194462
"elk-287","truncated_normal",TRUE,"M21",122,2,0.999999996042513
"elk-287","truncated_normal",TRUE,"M21",123,2,0.999999938670709
"elk-287","truncated_normal",TRUE,"M21",124,2,0.999998970646561
"elk-287","truncated_normal",TRUE,"M21",125,2,0.999999022572609
"elk-287","truncated_normal",TRUE,"M21",126,2,0.999999868061975
"elk-287","truncated_normal",TRUE,"M21",127,2,0.999999680553108
"elk-287","truncated_normal",TRUE,"M21",128,2,0.999999943072339
"elk-287","truncated_normal",TRUE,"M21",129,2,0.999999964729783
"elk-287","truncated_normal",TRUE,"M21",130,2,0.999999987296378
"elk-287","truncated_normal",TRUE,"M21",131,2,0.999999996585467
"elk-287","truncated_normal",TRUE,"M21",132,2,0.999999886279207
"elk-287","truncated_normal",TRUE,"M21",133,2,0.999999981253385
"elk-287","truncated_normal",TRUE,"M21",134,2,0.999999999056926
"elk-287","truncated_normal",TRUE,"M21",135,2,0.999999996787375
"elk-287","truncated_normal",TRUE,"M21",136,2,0.999999998713001
"elk-287","truncated_normal",TRUE,"M21",137,2,0.999999996181032
"elk-287","truncated_normal",TRUE,"M21",138,2,0.999999822852866
"elk-287","truncated_normal",TRUE,"M21",139,2,0.999999996179289
"elk-287","truncated_normal",TRUE,"M21",140,2,0.999999999236201
"elk-287","truncated_normal",TRUE,"M21",141,2,0.999999998695908
"elk-287","truncated_normal",TRUE,"M21",142,2,0.999999996580528
"elk-287","truncated_normal",TRUE,"M21",143,2,0.999999977868436
"elk-287","truncated_normal",TRUE,"M21",144,2,0.99999948820456
"elk-287","truncated_normal",TRUE,"M21",145,2,0.999999578672368
"elk-287","truncated_normal",TRUE,"M21",146,2,0.999999943718601
"elk-287","truncated_normal",TRUE,"M21",147,2,0.999999875027875
"elk-287","truncated_normal",TRUE,"M21",148,2,0.999999996026936
"elk-287","truncated_normal",TRUE,"M21",149,2,0.999999993777914
"elk-287","truncated_normal",TRUE,"M21",150,2,0.999999369313771
"elk-287","truncated_normal",TRUE,"M21",151,2,0.999999337722223
"elk-287","truncated_normal",TRUE,"M21",152,2,0.999999574111503
"elk-287","truncated_normal",TRUE,"M21",153,2,0.99999955614342
"elk-287","truncated_normal",TRUE,"M21",154,2,0.999999921545313
"elk-287","truncated_normal",TRUE,"M21",155,2,0.999999529103033
"elk-287","truncated_normal",TRUE,"M21",156,2,0.999999364493678
"elk-287","truncated_normal",TRUE,"M21",157,2,0.999999501484099
"elk-287","truncated_normal",TRUE,"M21",158,2,0.999999810322273
"elk-287","truncated_normal",TRUE,"M21",159,2,0.999999673792142
"elk-287","truncated_normal",TRUE,"M21",160,2,0.999999981710955
"elk-287","truncated_normal",TRUE,"M21",161,2,0.999999760043363
"elk-287","truncated_normal",TRUE,"M21",162,2,0.999999741933105
"elk-287","truncated_normal",TRUE,"M21",163,2,0.999991696314185
"elk-287","truncated_normal",TRUE,"H2",1,1,0.999997415892984
"elk-287","truncated_normal",TRUE,"H2",2,1,0.997963209641578
"elk-287","truncated_normal",TRUE,"H2",3,1,0.999834728251145
"elk-287","truncated_normal",TRUE,"H2",4,1,0.998497093836546
"elk-287","truncated_normal",TRUE,"H2",5,2,0.999999988047194
"elk-287","truncated_normal",TRUE,"H2",6,2,0.999999734398244
"elk-287","truncated_normal",TRUE,"H2",7,2,0.999999929214249
"elk-287","truncated_normal",TRUE,"H2",8,2,0.999999802811725
"elk-287","truncated_normal",TRUE,"H2",9,2,0.999504265568112
"elk-287","truncated_normal",TRUE,"H2",10,2,0.99999069553994
"elk-287","truncated_normal",TRUE,"H2",11,1,0.940468465429465
"elk-287","truncated_normal",TRUE,"H2",12,1,0.999403240325916
"elk-287","truncated_normal",TRUE,"H2",13,1,0.99793357223311
"elk-287","truncated_normal",TRUE,"H2",14,2,0.997731598798115
"elk-287","truncated_normal",TRUE,"H2",15,2,0.92601903225096
"elk-287","truncated_normal",TRUE,"H2",16,1,0.983126097851806
"elk-287","truncated_normal",TRUE,"H2",17,1,0.997297471083002
"elk-287","truncated_normal",TRUE,"H2",18,1,0.999396887270465
"elk-287","truncated_normal",TRUE,"H2",19,1,0.987997128762853
"elk-287","truncated_normal",TRUE,"H2",20,1,0.998505831709698
"elk-287","truncated_normal",TRUE,"H2",21,1,0.999829777736461
"elk-287","truncated_normal",TRUE,"H2",22,1,0.99960121916194
"elk-287","truncated_normal",TRUE,"H2",23,1,0.999859582882405
"elk-287","truncated_normal",TRUE,"H2",24,1,0.999615426312549
"elk-287","truncated_normal",TRUE,"H2",25,1,0.997053351421237
"elk-287","truncated_normal",TRUE,"H2",26,2,0.814831902811358
"elk-287","truncated_normal",TRUE,"H2",27,2,0.999838143426419
"elk-287","truncated_normal",TRUE,"H2",28,1,0.976218777074716
"elk-287","truncated_normal",TRUE,"H2",29,2,0.999997806339727
"elk-287","truncated_normal",TRUE,"H2",30,2,0.99999999993936
"elk-287","truncated_normal",TRUE,"H2",31,2,0.999999427339665
"elk-287","truncated_normal",TRUE,"H2",32,1,0.983275370834568
"elk-287","truncated_normal",TRUE,"H2",33,1,0.800632508322731
"elk-287","truncated_normal",TRUE,"H2",34,2,0.999597704502649
"elk-287","truncated_normal",TRUE,"H2",35,2,0.971408101839873
"elk-287","truncated_normal",TRUE,"H2",36,2,0.996032682257263
"elk-287","truncated_normal",TRUE,"H2",37,2,0.912954988976697
"elk-287","truncated_normal",TRUE,"H2",38,1,0.976909175161067
"elk-287","truncated_normal",TRUE,"H2",39,2,0.947302708108461
"elk-287","truncated_normal",TRUE,"H2",40,1,0.996161391887564
"elk-287","truncated_normal",TRUE,"H2",41,1,0.982497750787034
"elk-287","truncated_normal",TRUE,"H2",42,1,0.994911202805573
"elk-287","truncated_normal",TRUE,"H2",43,1,0.996675620736575
"elk-287","truncated_normal",TRUE,"H2",44,1,0.99994016247227
"elk-287","truncated_normal",TRUE,"H2",45,1,0.999608473902468
"elk-287","truncated_normal",TRUE,"H2",46,1,0.999814992260932
"elk-287","truncated_normal",TRUE,"H2",47,1,0.999918594109322
"elk-287","truncated_normal",TRUE,"H2",48,1,0.998826855496603
"elk-287","truncated_normal",TRUE,"H2",49,1,0.980742884516372
"elk-287","truncated_normal",TRUE,"H2",50,2,0.999999999838001
"elk-287","truncated_normal",TRUE,"H2",51,1,0.563087214201544
"elk-287","truncated_normal",TRUE,"H2",52,2,0.999903397589318
"elk-287","truncated_normal",TRUE,"H2",53,2,0.99999997089547
"elk-287","truncated_normal",TRUE,"H2",54,2,0.999993872060082
"elk-287","truncated_normal",TRUE,"H2",55,1,0.997345220331313
"elk-287","truncated_normal",TRUE,"H2",56,1,0.999741943662133
"elk-287","truncated_normal",TRUE,"H2",57,1,0.998349037891214
"elk-287","truncated_normal",TRUE,"H2",58,1,0.999897256696113
"elk-287","truncated_normal",TRUE,"H2",59,1,0.999874737913407
"elk-287","truncated_normal",TRUE,"H2",60,1,0.999754047923809
"elk-287","truncated_normal",TRUE,"H2",61,1,0.999886235597371
"elk-287","truncated_normal",TRUE,"H2",62,1,0.999620693583628
"elk-287","truncated_normal",TRUE,"H2",63,1,0.996747462788806
"elk-287","truncated_normal",TRUE,"H2",64,1,0.999697872419906
"elk-287","truncated_normal",TRUE,"H2",65,1,0.999670137410241
"elk-287","truncated_normal",TRUE,"H2",66,1,0.99929928337933
"elk-287","truncated_normal",TRUE,"H2",67,1,0.90467753147958
"elk-287","truncated_normal",TRUE,"H2",68,1,0.994081653976115
"elk-287","truncated_normal",TRUE,"H2",69,1,0.999266235280035
"elk-287","truncated_normal",TRUE,"H2",70,1,0.808157695931032
"elk-287","truncated_normal",TRUE,"H2",71,2,0.999775046725206
"elk-287","truncated_normal",TRUE,"H2",72,1,0.970749811630342
"elk-287","truncated_normal",TRUE,"H2",73,2,0.999999998958403
"elk-287","truncated_normal",TRUE,"H2",74,2,0.999999889799523
"elk-287","truncated_normal",TRUE,"H2",75,2,0.999454799477498
"elk-287","truncated_normal",TRUE,"H2",76,2,0.816966780400982
"elk-287","truncated_normal",TRUE,"H2",77,2,0.999987361529516
"elk-287","truncated_normal",TRUE,"H2",78,1,0.864591463425036
"elk-287","truncated_normal",TRUE,"H2",79,2,0.999999713661084
"elk-287","truncated_normal",TRUE,"H2",80,1,0.921668770063697
"elk-287","truncated_normal",TRUE,"H2",81,1,0.999856327588064
"elk-287","truncated_normal",TRUE,"H2",82,1,0.999256146217843
"elk-287","truncated_normal",TRUE,"H2",83,1,0.999930575290161
"elk-287","truncated_normal",TRUE,"H2",84,1,0.998601721174185
"elk-287","truncated_normal",TRUE,"H2",85,1,0.999770527629501
"elk-287","truncated_normal",TRUE,"H2",86,1,0.999567779313271
"elk-287","truncated_normal",TRUE,"H2",87,1,0.998248253863094
"elk-287","truncated_normal",TRUE,"H2",88,2,0.99974030176393
"elk-287","truncated_normal",TRUE,"H2",89,2,0.999999918855281
"elk-287","truncated_normal",TRUE,"H2",90,1,0.998369189973721
"elk-287","truncated_normal",TRUE,"H2",91,1,0.999713818314431
"elk-287","truncated_normal",TRUE,"H2",92,1,0.999723508999182
"elk-287","truncated_normal",TRUE,"H2",93,1,0.985739637592493
"elk-287","truncated_normal",TRUE,"H2",94,1,0.92844721128569
"elk-287","truncated_normal",TRUE,"H2",95,1,0.999663262837269
"elk-287","truncated_normal",TRUE,"H2",96,1,0.999755337831446
"elk-287","truncated_normal",TRUE,"H2",97,1,0.999575069007992
"elk-287","truncated_normal",TRUE,"H2",98,1,0.99889667324278
"elk-287","truncated_normal",TRUE,"H2",99,1,0.998124680017977
"elk-287","truncated_normal",TRUE,"H2",100,1,0.999492156069607
"elk-287","truncated_normal",TRUE,"H2",101,1,0.99979371890747
"elk-287","truncated_normal",TRUE,"H2",102,1,0.999715050891025
"elk-287","truncated_normal",TRUE,"H2",103,1,0.999431510918408
"elk-287","truncated_normal",TRUE,"H2",104,1,0.999929093386495
"elk-287","truncated_normal",TRUE,"H2",105,1,0.999856288884121
"elk-287","truncated_normal",TRUE,"H2",106,1,0.999722868039384
"elk-287","truncated_normal",TRUE,"H2",107,1,0.999765645173218
"elk-287","truncated_normal",TRUE,"H2",108,1,0.99634573170541
"elk-287","truncated_normal",TRUE,"H2",109,1,0.997306263683289
"elk-287","truncated_normal",TRUE,"H2",110,1,0.999762891404144
"elk-287","truncated_normal",TRUE,"H2",111,1,0.99975511417903
"elk-287","truncated_normal",TRUE,"H2",112,1,0.987136507486373
"elk-287","truncated_normal",TRUE,"H2",113,1,0.993046315063751
"elk-287","truncated_normal",TRUE,"H2",114,1,0.999299348389442
"elk-287","truncated_normal",TRUE,"H2",115,1,0.98967587757888
"elk-287","truncated_normal",TRUE,"H2",116,1,0.995777120355668
"elk-287","truncated_normal",TRUE,"H2",117,1,0.998034051008431
"elk-287","truncated_normal",TRUE,"H2",118,1,0.999588355736755
"elk-287","truncated_normal",TRUE,"H2",119,1,0.99978692083541
"elk-287","truncated_normal",TRUE,"H2",120,1,0.997120072959406
"elk-287","truncated_normal",TRUE,"H2",121,1,0.999612843683692
"elk-287","truncated_normal",TRUE,"H2",122,1,0.999533789514077
"elk-287","truncated_normal",TRUE,"H2",123,1,0.99800682189745
"elk-287","truncated_normal",TRUE,"H2",124,1,0.998995175614482
"elk-287","truncated_normal",TRUE,"H2",125,1,0.999797379401676
"elk-287","truncated_normal",TRUE,"H2",126,1,0.998925402607681
"elk-287","truncated_normal",TRUE,"H2",127,1,0.994850589067685
"elk-287","truncated_normal",TRUE,"H2",128,1,0.998133804267316
"elk-287","truncated_normal",TRUE,"H2",129,1,0.999720977997684
"elk-287","truncated_normal",TRUE,"H2",130,1,0.990164507191065
"elk-287","truncated_normal",TRUE,"H2",131,1,0.998090975575692
"elk-287","truncated_normal",TRUE,"H2",132,1,0.999907304022069
"elk-287","truncated_normal",TRUE,"H2",133,1,0.993242042318812
"elk-287","truncated_normal",TRUE,"H2",134,1,0.998847709921947
"elk-287","truncated_normal",TRUE,"H2",135,1,0.997768434409546
"elk-287","truncated_normal",TRUE,"H2",136,1,0.998659103149622
"elk-287","truncated_normal",TRUE,"H2",137,1,0.998568669659698
"elk-287","truncated_normal",TRUE,"H2",138,1,0.99962268807653
"elk-287","truncated_normal",TRUE,"H2",139,1,0.999241829271815
"elk-287","truncated_normal",TRUE,"H2",140,1,0.999090616280978
"elk-287","truncated_normal",TRUE,"H2",141,1,0.99962675492419
"elk-287","truncated_normal",TRUE,"H2",142,1,0.997660991608736
"elk-287","truncated_normal",TRUE,"H2",143,1,0.999460201042145
"elk-287","truncated_normal",TRUE,"H2",144,1,0.999798007510632
"elk-287","truncated_normal",TRUE,"H2",145,1,0.999589248299504
"elk-287","truncated_normal",TRUE,"H2",146,1,0.999686069369753
"elk-287","truncated_normal",TRUE,"H2",147,1,0.999209793101829
"elk-287","truncated_normal",TRUE,"H2",148,1,0.99882017771404
"elk-287","truncated_normal",TRUE,"H2",149,1,0.999266406835862
"elk-287","truncated_normal",TRUE,"H2",150,1,0.999667160209534
"elk-287","truncated_normal",TRUE,"H2",151,1,0.999159660305335
"elk-287","truncated_normal",TRUE,"H2",152,1,0.997640673922691
"elk-287","truncated_normal",TRUE,"H2",153,1,0.999899408496231
"elk-287","truncated_normal",TRUE,"H2",154,1,0.99821391360055
"elk-287","truncated_normal",TRUE,"H2",155,1,0.999911878044211
"elk-287","truncated_normal",TRUE,"H2",156,1,0.997442022054864
"elk-287","truncated_normal",TRUE,"H2",157,1,0.999889821795355
"elk-287","truncated_normal",TRUE,"H2",158,1,0.991076073799288
"elk-287","truncated_normal",TRUE,"H2",159,1,0.997591759889251
"elk-287","truncated_normal",TRUE,"H2",160,1,0.998886345764649
"elk-287","truncated_normal",TRUE,"H2",161,1,0.99885985129292
"elk-287","truncated_normal",TRUE,"H2",162,1,0.998634301108997
"elk-287","truncated_normal",TRUE,"H2",163,1,0.999771330847002
"elk-287","truncated_normal",TRUE,"H3",1,2,0.999967132666152
"elk-287","truncated_normal",TRUE,"H3",2,2,0.980951198509959
"elk-287","truncated_normal",TRUE,"H3",3,2,0.998402233845744
"elk-287","truncated_normal",TRUE,"H3",4,2,0.995645979646222
"elk-287","truncated_normal",TRUE,"H3",5,3,1
"elk-287","truncated_normal",TRUE,"H3",6,3,1
"elk-287","truncated_normal",TRUE,"H3",7,3,1
"elk-287","truncated_normal",TRUE,"H3",8,3,1
"elk-287","truncated_normal",TRUE,"H3",9,3,0.999999999999992
"elk-287","truncated_normal",TRUE,"H3",10,3,1
"elk-287","truncated_normal",TRUE,"H3",11,2,0.934408839287584
"elk-287","truncated_normal",TRUE,"H3",12,2,0.997032668243141
"elk-287","truncated_normal",TRUE,"H3",13,2,0.993801911149042
"elk-287","truncated_normal",TRUE,"H3",14,3,0.999999999999066
"elk-287","truncated_normal",TRUE,"H3",15,3,0.99999999987832
"elk-287","truncated_normal",TRUE,"H3",16,2,0.720804331667598
"elk-287","truncated_normal",TRUE,"H3",17,3,0.999985816616492
"elk-287","truncated_normal",TRUE,"H3",18,2,0.979408207646411
"elk-287","truncated_normal",TRUE,"H3",19,2,0.816124459104109
"elk-287","truncated_normal",TRUE,"H3",20,2,0.989036075060911
"elk-287","truncated_normal",TRUE,"H3",21,2,0.997409252026994
"elk-287","truncated_normal",TRUE,"H3",22,2,0.995664359959065
"elk-287","truncated_normal",TRUE,"H3",23,2,0.998673541754472
"elk-287","truncated_normal",TRUE,"H3",24,2,0.997567419006941
"elk-287","truncated_normal",TRUE,"H3",25,2,0.992922382058708
"elk-287","truncated_normal",TRUE,"H3",26,3,0.999999959284894
"elk-287","truncated_normal",TRUE,"H3",27,3,0.999999999999999
"elk-287","truncated_normal",TRUE,"H3",28,2,0.982590646958871
"elk-287","truncated_normal",TRUE,"H3",29,3,1
"elk-287","truncated_normal",TRUE,"H3",30,3,1
"elk-287","truncated_normal",TRUE,"H3",31,3,1
"elk-287","truncated_normal",TRUE,"H3",32,2,0.96110794721604
"elk-287","truncated_normal",TRUE,"H3",33,3,0.999953168757863
"elk-287","truncated_normal",TRUE,"H3",34,3,0.999999999999919
"elk-287","truncated_normal",TRUE,"H3",35,3,0.999999999598514
"elk-287","truncated_normal",TRUE,"H3",36,3,0.999999999999754
"elk-287","truncated_normal",TRUE,"H3",37,3,0.999999999994503
"elk-287","truncated_normal",TRUE,"H3",38,2,0.982914954317097
"elk-287","truncated_normal",TRUE,"H3",39,3,0.999999999917328
"elk-287","truncated_normal",TRUE,"H3",40,2,0.963128144843278
"elk-287","truncated_normal",TRUE,"H3",41,3,0.999999555488683
"elk-287","truncated_normal",TRUE,"H3",42,2,0.930811776038082
"elk-287","truncated_normal",TRUE,"H3",43,2,0.976331521382776
"elk-287","truncated_normal",TRUE,"H3",44,2,0.99868176271452
"elk-287","truncated_normal",TRUE,"H3",45,2,0.995223164393637
"elk-287","truncated_normal",TRUE,"H3",46,2,0.99823942907561
"elk-287","truncated_normal",TRUE,"H3",47,2,0.998729278819737
"elk-287","truncated_normal",TRUE,"H3",48,2,0.993670853960956
"elk-287","truncated_normal",TRUE,"H3",49,2,0.943812845551734
"elk-287","truncated_normal",TRUE,"H3",50,3,1
"elk-287","truncated_normal",TRUE,"H3",51,3,0.528720028835308
"elk-287","truncated_normal",TRUE,"H3",52,3,0.999999999999997
"elk-287","truncated_normal",TRUE,"H3",53,3,1
"elk-287","truncated_normal",TRUE,"H3",54,3,1
"elk-287","truncated_normal",TRUE,"H3",55,2,0.987208027957732
"elk-287","truncated_normal",TRUE,"H3",56,2,0.997274743687497
"elk-287","truncated_normal",TRUE,"H3",57,2,0.991316235674887
"elk-287","truncated_normal",TRUE,"H3",58,2,0.998968127121721
"elk-287","truncated_normal",TRUE,"H3",59,2,0.997808638489025
"elk-287","truncated_normal",TRUE,"H3",60,2,0.995284332320251
"elk-287","truncated_normal",TRUE,"H3",61,2,0.998908958928496
"elk-287","truncated_normal",TRUE,"H3",62,2,0.996277281065993
"elk-287","truncated_normal",TRUE,"H3",63,2,0.97300185866517
"elk-287","truncated_normal",TRUE,"H3",64,2,0.997863724498961
"elk-287","truncated_normal",TRUE,"H3",65,2,0.997006230628433
"elk-287","truncated_normal",TRUE,"H3",66,2,0.975129516458254
"elk-287","truncated_normal",TRUE,"H3",67,3,0.999999627040059
"elk-287","truncated_normal",TRUE,"H3",68,2,0.953905749325196
"elk-287","truncated_normal",TRUE,"H3",69,2,0.991267071027319
"elk-287","truncated_normal",TRUE,"H3",70,3,0.999998170326544
"elk-287","truncated_normal",TRUE,"H3",71,3,0.999999999999998
"elk-287","truncated_normal",TRUE,"H3",72,2,0.979966203933303
"elk-287","truncated_normal",TRUE,"H3",73,3,1
"elk-287","truncated_normal",TRUE,"H3",74,3,1
"elk-287","truncated_normal",TRUE,"H3",75,3,0.999999999999984
"elk-287","truncated_normal",TRUE,"H3",76,3,0.99183029584699
"elk-287","truncated_normal",TRUE,"H3",77,3,1
"elk-287","truncated_normal",TRUE,"H3",78,2,0.933202224423353
"elk-287","truncated_normal",TRUE,"H3",79,3,1
"elk-287","truncated_normal",TRUE,"H3",80,2,0.927978794011942
"elk-287","truncated_normal",TRUE,"H3",81,2,0.998649991674562
"elk-287","truncated_normal",TRUE,"H3",82,2,0.994183710058804
"elk-287","truncated_normal",TRUE,"H3",83,2,0.998919545769148
"elk-287","truncated_normal",TRUE,"H3",84,2,0.988700336708229
"elk-287","truncated_normal",TRUE,"H3",85,2,0.994502762948152
"elk-287","truncated_normal",TRUE,"H3",86,2,0.996484318463805
"elk-287","truncated_normal",TRUE,"H3",87,2,0.995196086453571
"elk-287","truncated_normal",TRUE,"H3",88,3,0.99999999999999
"elk-287","truncated_normal",TRUE,"H3",89,3,1
"elk-287","truncated_normal",TRUE,"H3",90,2,0.996003298504957
"elk-287","truncated_normal",TRUE,"H3",91,2,0.835790481171539
"elk-287","truncated_normal",TRUE,"H3",92,1,0.52543839088564
"elk-287","truncated_normal",TRUE,"H3",93,1,0.584960455532144
"elk-287","truncated_normal",TRUE,"H3",94,1,0.716010672218521
"elk-287","truncated_normal",TRUE,"H3",95,1,0.716026718360557
"elk-287","truncated_normal",TRUE,"H3",96,1,0.800263473535764
"elk-287","truncated_normal",TRUE,"H3",97,1,0.974783615102422
"elk-287","truncated_normal",TRUE,"H3",98,1,0.999943225469813
"elk-287","truncated_normal",TRUE,"H3",99,1,0.99994336063075
"elk-287","truncated_normal",TRUE,"H3",100,1,0.999942781832088
"elk-287","truncated_normal",TRUE,"H3",101,1,0.99994283848786
"elk-287","truncated_normal",TRUE,"H3",102,1,0.999941911982452
"elk-287","truncated_normal",TRUE,"H3",103,1,0.999943853573722
"elk-287","truncated_normal",TRUE,"H3",104,1,0.999955239816324
"elk-287","truncated_normal",TRUE,"H3",105,1,0.999971784967051
"elk-287","truncated_normal",TRUE,"H3",106,1,0.99998422109134
"elk-287","truncated_normal",TRUE,"H3",107,1,0.999992187879937
"elk-287","truncated_normal",TRUE,"H3",108,1,0.999999996215064
"elk-287","truncated_normal",TRUE,"H3",109,1,0.999999992976005
"elk-287","truncated_normal",TRUE,"H3",110,1,0.99999996760582
"elk-287","truncated_normal",TRUE,"H3",111,1,0.999999987680599
"elk-287","truncated_normal",TRUE,"H3",112,1,0.999999999114611
"elk-287","truncated_normal",TRUE,"H3",113,1,0.999999995896056
"elk-287","truncated_normal",TRUE,"H3",114,1,0.999999986490681
"elk-287","truncated_normal",TRUE,"H3",115,1,0.999999999575182
"elk-287","truncated_normal",TRUE,"H3",116,1,0.999999998025522
"elk-287","truncated_normal",TRUE,"H3",117,1,0.999999989425627
"elk-287","truncated_normal",TRUE,"H3",118,1,0.999999996096554
"elk-287","truncated_normal",TRUE,"H3",119,1,0.999999992641902
"elk-287","truncated_normal",TRUE,"H3",120,1,0.999999999380949
"elk-287","truncated_normal",TRUE,"H3",121,1,0.999999995744837
"elk-287","truncated_normal",TRUE,"H3",122,1,0.999999996383922
"elk-287","truncated_normal",TRUE,"H3",123,1,0.999999861731695
"elk-287","truncated_normal",TRUE,"H3",124,1,0.999999191356939
"elk-287","truncated_normal",TRUE,"H3",125,1,0.999999243921679
"elk-287","truncated_normal",TRUE,"H3",126,1,0.999999922918818
"elk-287","truncated_normal",TRUE,"H3",127,1,0.999999817262833
"elk-287","truncated_normal",TRUE,"H3",128,1,0.999999970085251
"elk-287","truncated_normal",TRUE,"H3",129,1,0.999999979599446
"elk-287","truncated_normal",TRUE,"H3",130,1,0.999999998975965
"elk-287","truncated_normal",TRUE,"H3",131,1,0.999999994157663
"elk-287","truncated_normal",TRUE,"H3",132,1,0.999999935867114
"elk-287","truncated_normal",TRUE,"H3",133,1,0.999999999990513
"elk-287","truncated_normal",TRUE,"H3",134,1,0.999999999991948
"elk-287","truncated_normal",TRUE,"H3",135,1,0.999999999873114
"elk-287","truncated_normal",TRUE,"H3",136,1,0.999999999769837
"elk-287","truncated_normal",TRUE,"H3",137,1,0.999999991999257
"elk-287","truncated_normal",TRUE,"H3",138,1,0.999999893527956
"elk-287","truncated_normal",TRUE,"H3",139,1,0.999999999579858
"elk-287","truncated_normal",TRUE,"H3",140,1,0.999999999973727
"elk-287","truncated_normal",TRUE,"H3",141,1,0.999999999512152
"elk-287","truncated_normal",TRUE,"H3",142,1,0.999999996917428
"elk-287","truncated_normal",TRUE,"H3",143,1,0.999999970811095
"elk-287","truncated_normal",TRUE,"H3",144,1,0.999999643386238
"elk-287","truncated_normal",TRUE,"H3",145,1,0.999999702283611
"elk-287","truncated_normal",TRUE,"H3",146,1,0.999999956473614
"elk-287","truncated_normal",TRUE,"H3",147,1,0.999999922881685
"elk-287","truncated_normal",TRUE,"H3",148,1,0.999999999278505
"elk-287","truncated_normal",TRUE,"H3",149,1,0.999999981330677
"elk-287","truncated_normal",TRUE,"H3",150,1,0.999999556326936
"elk-287","truncated_normal",TRUE,"H3",151,1,0.999999535401333
"elk-287","truncated_normal",TRUE,"H3",152,1,0.999999680202709
"elk-287","truncated_normal",TRUE,"H3",153,1,0.999999677778339
"elk-287","truncated_normal",TRUE,"H3",154,1,0.999999942948483
"elk-287","truncated_normal",TRUE,"H3",155,1,0.99999968098485
"elk-287","truncated_normal",TRUE,"H3",156,1,0.999999583890233
"elk-287","truncated_normal",TRUE,"H3",157,1,0.99999968742271
"elk-287","truncated_normal",TRUE,"H3",158,1,0.999999896653771
"elk-287","truncated_normal",TRUE,"H3",159,1,0.999999798065512
"elk-287","truncated_normal",TRUE,"H3",160,1,0.999999993262409
"elk-287","truncated_normal",TRUE,"H3",161,1,0.999999914576602
"elk-287","truncated_normal",TRUE,"H3",162,1,0.999999773980054
"elk-287","truncated_normal",TRUE,"H3",163,1,0.999996970920291
"elk-363","truncated_normal",TRUE,"M21",1,2,0.999999686278133
"elk-363","truncated_normal",TRUE,"M21",2,2,0.991608909928697
"elk-363","truncated_normal",TRUE,"M21",3,2,0.985965680449874
"elk-363","truncated_normal",TRUE,"M21",4,2,0.980947912531326
"elk-363","truncated_normal",TRUE,"M21",5,2,0.986299124023092
"elk-363","truncated_normal",TRUE,"M21",6,2,0.994282969839987
"elk-363","truncated_normal",TRUE,"M21",7,2,0.998197509980992
"elk-363","truncated_normal",TRUE,"M21",8,2,0.99756536957461
"elk-363","truncated_normal",TRUE,"M21",9,2,0.99808774732379
"elk-363","truncated_normal",TRUE,"M21",10,2,0.999289741028789
"elk-363","truncated_normal",TRUE,"M21",11,2,0.998223567996381
"elk-363","truncated_normal",TRUE,"M21",12,2,0.998229813600904
"elk-363","truncated_normal",TRUE,"M21",13,2,0.999624059788398
"elk-363","truncated_normal",TRUE,"M21",14,2,0.999223049109798
"elk-363","truncated_normal",TRUE,"M21",15,2,0.999066306158938
"elk-363","truncated_normal",TRUE,"M21",16,2,0.999319633507162
"elk-363","truncated_normal",TRUE,"M21",17,2,0.993649424691508
"elk-363","truncated_normal",TRUE,"M21",18,2,0.997022115325322
"elk-363","truncated_normal",TRUE,"M21",19,2,0.996763916528822
"elk-363","truncated_normal",TRUE,"M21",20,2,0.997393830712315
"elk-363","truncated_normal",TRUE,"M21",21,2,0.996553059950157
"elk-363","truncated_normal",TRUE,"M21",22,2,0.998445563297326
"elk-363","truncated_normal",TRUE,"M21",23,2,0.999653462279689
"elk-363","truncated_normal",TRUE,"M21",24,2,0.999649598567455
"elk-363","truncated_normal",TRUE,"M21",25,2,0.998990424134032
"elk-363","truncated_normal",TRUE,"M21",26,2,0.999222631585291
"elk-363","truncated_normal",TRUE,"M21",27,2,0.996771406516758
"elk-363","truncated_normal",TRUE,"M21",28,2,0.999744546966562
"elk-363","truncated_normal",TRUE,"M21",29,2,0.9993180793819
"elk-363","truncated_normal",TRUE,"M21",30,2,0.984926729964117
"elk-363","truncated_normal",TRUE,"M21",31,2,0.935275170072044
"elk-363","truncated_normal",TRUE,"M21",32,2,0.502710635610003
"elk-363","truncated_normal",TRUE,"M21",33,1,0.999997554197585
"elk-363","truncated_normal",TRUE,"M21",34,1,0.99939897560556
"elk-363","truncated_normal",TRUE,"M21",35,1,0.99999953689795
"elk-363","truncated_normal",TRUE,"M21",36,1,0.99357706565244
"elk-363","truncated_normal",TRUE,"M21",37,1,0.989622296001463
"elk-363","truncated_normal",TRUE,"M21",38,1,0.999033119895625
"elk-363","truncated_normal",TRUE,"M21",39,1,0.969138276014874
"elk-363","truncated_normal",TRUE,"M21",40,1,0.990228267660207
"elk-363","truncated_normal",TRUE,"M21",41,1,0.999446005845981
"elk-363","truncated_normal",TRUE,"M21",42,1,0.992428104554088
"elk-363","truncated_normal",TRUE,"M21",43,1,0.991836642839048
"elk-363","truncated_normal",TRUE,"M21",44,1,0.999706873177364
"elk-363","truncated_normal",TRUE,"M21",45,1,0.999299330333922
"elk-363","truncated_normal",TRUE,"M21",46,1,0.999427745142858
"elk-363","truncated_normal",TRUE,"M21",47,1,0.998867865683863
"elk-363","truncated_normal",TRUE,"M21",48,1,0.994855935586795
"elk-363","truncated_normal",TRUE,"M21",49,1,0.972865008870575
"elk-363","truncated_normal",TRUE,"M21",50,1,0.953896724931336
"elk-363","truncated_normal",TRUE,"M21",51,1,0.865599947534876
"elk-363","truncated_normal",TRUE,"M21",52,1,0.851006831613312
"elk-363","truncated_normal",TRUE,"M21",53,1,0.839278830897404
"elk-363","truncated_normal",TRUE,"M21",54,1,0.778673295008127
"elk-363","truncated_normal",TRUE,"M21",55,1,0.60252837020387
"elk-363","truncated_normal",TRUE,"M21",56,1,0.521164717055301
"elk-363","truncated_normal",TRUE,"M21",57,1,0.633591215528001
"elk-363","truncated_normal",TRUE,"M21",58,1,0.664675938594979
"elk-363","truncated_normal",TRUE,"M21",59,1,0.651574281594873
"elk-363","truncated_normal",TRUE,"M21",60,1,0.506319331886828
"elk-363","truncated_normal",TRUE,"M21",61,1,0.61920288457761
"elk-363","truncated_normal",TRUE,"M21",62,1,0.958040058121363
"elk-363","truncated_normal",TRUE,"M21",63,1,0.95897614957696
"elk-363","truncated_normal",TRUE,"M21",64,1,0.988592238570437
"elk-363","truncated_normal",TRUE,"M21",65,1,0.999979065981965
"elk-363","truncated_normal",TRUE,"M21",66,1,0.999998379532532
"elk-363","truncated_normal",TRUE,"M21",67,1,0.999999992046204
"elk-363","truncated_normal",TRUE,"M21",68,1,0.999999599710409
"elk-363","truncated_normal",TRUE,"M21",69,1,0.988711497484111
"elk-363","truncated_normal",TRUE,"M21",70,1,0.960782697908777
"elk-363","truncated_normal",TRUE,"M21",71,1,0.928534431105641
"elk-363","truncated_normal",TRUE,"M21",72,1,0.843074687542378
"elk-363","truncated_normal",TRUE,"M21",73,1,0.690135789915933
"elk-363","truncated_normal",TRUE,"M21",74,1,0.638936647687665
"elk-363","truncated_normal",TRUE,"M21",75,1,0.561432095667969
"elk-363","truncated_normal",TRUE,"M21",76,1,0.606528233536097
"elk-363","truncated_normal",TRUE,"M21",77,2,0.832297195391551
"elk-363","truncated_normal",TRUE,"M21",78,2,0.859911781335136
"elk-363","truncated_normal",TRUE,"M21",79,2,0.888618027829359
"elk-363","truncated_normal",TRUE,"M21",80,2,0.936262160438836
"elk-363","truncated_normal",TRUE,"M21",81,2,0.983154438471174
"elk-363","truncated_normal",TRUE,"M21",82,2,0.989581979384776
"elk-363","truncated_normal",TRUE,"M21",83,2,0.993891517089308
"elk-363","truncated_normal",TRUE,"M21",84,2,0.99663437764423
"elk-363","truncated_normal",TRUE,"M21",85,2,0.994626248737747
"elk-363","truncated_normal",TRUE,"M21",86,2,0.996833862580328
"elk-363","truncated_normal",TRUE,"M21",87,2,0.999247792369511
"elk-363","truncated_normal",TRUE,"M21",88,2,0.99636137633134
"elk-363","truncated_normal",TRUE,"M21",89,2,0.951451318648928
"elk-363","truncated_normal",TRUE,"M21",90,2,0.949661021069901
"elk-363","truncated_normal",TRUE,"M21",91,2,0.933477750711613
"elk-363","truncated_normal",TRUE,"M21",92,2,0.928071490583958
"elk-363","truncated_normal",TRUE,"M21",93,2,0.916444566312545
"elk-363","truncated_normal",TRUE,"M21",94,2,0.938763626162455
"elk-363","truncated_normal",TRUE,"M21",95,2,0.928671928350027
"elk-363","truncated_normal",TRUE,"M21",96,1,0.573513267638511
"elk-363","truncated_normal",TRUE,"M21",97,1,0.544585445244778
"elk-363","truncated_normal",TRUE,"M21",98,1,0.766076056397942
"elk-363","truncated_normal",TRUE,"M21",99,1,0.868318357456364
"elk-363","truncated_normal",TRUE,"M21",100,1,0.907596380576078
"elk-363","truncated_normal",TRUE,"M21",101,1,0.902874395693612
"elk-363","truncated_normal",TRUE,"M21",102,1,0.88999699293933
"elk-363","truncated_normal",TRUE,"M21",103,1,0.902821751841392
"elk-363","truncated_normal",TRUE,"M21",104,1,0.95128679945593
"elk-363","truncated_normal",TRUE,"M21",105,1,0.961816608693891
"elk-363","truncated_normal",TRUE,"M21",106,1,0.972624215088192
"elk-363","truncated_normal",TRUE,"M21",107,1,0.993955585596372
"elk-363","truncated_normal",TRUE,"M21",108,1,0.998691744231799
"elk-363","truncated_normal",TRUE,"M21",109,1,0.991311395185977
"elk-363","truncated_normal",TRUE,"M21",110,1,0.987220299623304
"elk-363","truncated_normal",TRUE,"M21",111,1,0.998857643063736
"elk-363","truncated_normal",TRUE,"M21",112,1,0.992741318329377
"elk-363","truncated_normal",TRUE,"M21",113,1,0.984716485462605
"elk-363","truncated_normal",TRUE,"M21",114,1,0.976705470671846
"elk-363","truncated_normal",TRUE,"M21",115,1,0.974691058168511
"elk-363","truncated_normal",TRUE,"M21",116,1,0.974688147402452
"elk-363","truncated_normal",TRUE,"M21",117,1,0.967123318842073
"elk-363","truncated_normal",TRUE,"M21",118,1,0.999999999997446
"elk-363","truncated_normal",TRUE,"M21",119,1,0.999999830741982
"elk-363","truncated_normal",TRUE,"M21",120,1,0.999565128677506
"elk-363","truncated_normal",TRUE,"M21",121,1,0.999999983932212
"elk-363","truncated_normal",TRUE,"M21",122,1,0.999999972349608
"elk-363","truncated_normal",TRUE,"M21",123,2,0.700916967270478
"elk-363","truncated_normal",TRUE,"M21",124,2,0.960167438909617
"elk-363","truncated_normal",TRUE,"M21",125,2,0.992952828870812
"elk-363","truncated_normal",TRUE,"M21",126,2,0.993774355604122
"elk-363","truncated_normal",TRUE,"M21",127,2,0.989287960702676
"elk-363","truncated_normal",TRUE,"M21",128,2,0.99497132490731
"elk-363","truncated_normal",TRUE,"M21",129,2,0.993978844029113
"elk-363","truncated_normal",TRUE,"M21",130,2,0.995945525493534
"elk-363","truncated_normal",TRUE,"M21",131,2,0.996314456676429
"elk-363","truncated_normal",TRUE,"M21",132,2,0.999180835604476
"elk-363","truncated_normal",TRUE,"M21",133,2,0.996317753259249
"elk-363","truncated_normal",TRUE,"M21",134,2,0.985422592147879
"elk-363","truncated_normal",TRUE,"M21",135,2,0.960159820174878
"elk-363","truncated_normal",TRUE,"M21",136,1,0.662043901186653
"elk-363","truncated_normal",TRUE,"M21",137,1,0.56636850902916
"elk-363","truncated_normal",TRUE,"M21",138,1,0.605146480497153
"elk-363","truncated_normal",TRUE,"M21",139,1,0.739566518447119
"elk-363","truncated_normal",TRUE,"M21",140,1,0.800114959840457
"elk-363","truncated_normal",TRUE,"M21",141,1,0.830642532400617
"elk-363","truncated_normal",TRUE,"M21",142,1,0.970455113724434
"elk-363","truncated_normal",TRUE,"M21",143,1,0.991292321491137
"elk-363","truncated_normal",TRUE,"M21",144,1,0.999973796059017
"elk-363","truncated_normal",TRUE,"M21",145,1,0.929316104503031
"elk-363","truncated_normal",TRUE,"M21",146,1,0.593720216539944
"elk-363","truncated_normal",TRUE,"M21",147,1,0.57508846750261
"elk-363","truncated_normal",TRUE,"M21",148,1,0.669861029367686
"elk-363","truncated_normal",TRUE,"M21",149,1,0.714772338219846
"elk-363","truncated_normal",TRUE,"M21",150,1,0.860762210199798
"elk-363","truncated_normal",TRUE,"M21",151,1,0.923476696744607
"elk-363","truncated_normal",TRUE,"M21",152,1,0.999642421437389
"elk-363","truncated_normal",TRUE,"M21",153,1,0.981741168077126
"elk-363","truncated_normal",TRUE,"M21",154,1,0.99997348687178
"elk-363","truncated_normal",TRUE,"M21",155,1,0.999543419294314
"elk-363","truncated_normal",TRUE,"M21",156,1,0.999002413106194
"elk-363","truncated_normal",TRUE,"M21",157,1,0.998250452460672
"elk-363","truncated_normal",TRUE,"M21",158,1,0.998302768325168
"elk-363","truncated_normal",TRUE,"M21",159,1,0.997425311465832
"elk-363","truncated_normal",TRUE,"M21",160,1,0.997960980607176
"elk-363","truncated_normal",TRUE,"M21",161,1,0.997563211327582
"elk-363","truncated_normal",TRUE,"M21",162,1,0.99550302901258
"elk-363","truncated_normal",TRUE,"M21",163,1,0.997107271720366
"elk-363","truncated_normal",TRUE,"M21",164,1,0.997995847323197
"elk-363","truncated_normal",TRUE,"M21",165,1,0.998229104145269
"elk-363","truncated_normal",TRUE,"M21",166,1,0.99911879856617
"elk-363","truncated_normal",TRUE,"M21",167,1,0.997582701120603
"elk-363","truncated_normal",TRUE,"M21",168,1,0.996347999157904
"elk-363","truncated_normal",TRUE,"M21",169,1,0.998383825052481
"elk-363","truncated_normal",TRUE,"M21",170,1,0.999999994025127
"elk-363","truncated_normal",TRUE,"M21",171,1,0.999999999999503
"elk-363","truncated_normal",TRUE,"M21",172,1,0.999691393194015
"elk-363","truncated_normal",TRUE,"M21",173,1,0.999277209412613
"elk-363","truncated_normal",TRUE,"M21",174,1,0.998574908779378
"elk-363","truncated_normal",TRUE,"M21",175,1,0.998726966712589
"elk-363","truncated_normal",TRUE,"M21",176,1,0.999999915234285
"elk-363","truncated_normal",TRUE,"M21",177,1,0.999292326732184
"elk-363","truncated_normal",TRUE,"M21",178,1,0.998210424783204
"elk-363","truncated_normal",TRUE,"M21",179,1,0.999138060081704
"elk-363","truncated_normal",TRUE,"M21",180,1,0.998600949806996
"elk-363","truncated_normal",TRUE,"M21",181,1,0.997270961918988
"elk-363","truncated_normal",TRUE,"M21",182,1,0.99818894487504
"elk-363","truncated_normal",TRUE,"M21",183,1,0.999797528899188
"elk-363","truncated_normal",TRUE,"M21",184,1,0.99213834331478
"elk-363","truncated_normal",TRUE,"M21",185,1,0.990509944653975
"elk-363","truncated_normal",TRUE,"M21",186,1,0.981103016726686
"elk-363","truncated_normal",TRUE,"M21",187,1,0.995412129331033
"elk-363","truncated_normal",TRUE,"M21",188,1,0.993925810770111
"elk-363","truncated_normal",TRUE,"M21",189,1,0.980587604098518
"elk-363","truncated_normal",TRUE,"M21",190,1,0.964248699822112
"elk-363","truncated_normal",TRUE,"M21",191,1,0.991986075217196
"elk-363","truncated_normal",TRUE,"M21",192,1,0.999522421641857
"elk-363","truncated_normal",TRUE,"M21",193,1,0.997558281168456
"elk-363","truncated_normal",TRUE,"M21",194,1,0.99572325634996
"elk-363","truncated_normal",TRUE,"M21",195,1,0.99513206715477
"elk-363","truncated_normal",TRUE,"M21",196,1,0.99584970687677
"elk-363","truncated_normal",TRUE,"M21",197,1,0.998729803313751
"elk-363","truncated_normal",TRUE,"M21",198,1,0.998232430289118
"elk-363","truncated_normal",TRUE,"M21",199,1,0.998056685120484
"elk-363","truncated_normal",TRUE,"M21",200,1,0.993020434177348
"elk-363","truncated_normal",TRUE,"M21",201,1,0.991491570153713
"elk-363","truncated_normal",TRUE,"M21",202,1,0.994070920015123
"elk-363","truncated_normal",TRUE,"M21",203,1,0.998376267074514
"elk-363","truncated_normal",TRUE,"M21",204,1,0.996041949697082
"elk-363","truncated_normal",TRUE,"M21",205,1,0.994134048893194
"elk-363","truncated_normal",TRUE,"M21",206,1,0.997132226681928
"elk-363","truncated_normal",TRUE,"M21",207,1,0.999430971505526
"elk-363","truncated_normal",TRUE,"M21",208,1,0.998952963014404
"elk-363","truncated_normal",TRUE,"M21",209,1,0.999035351092621
"elk-363","truncated_normal",TRUE,"M21",210,1,0.999598279860268
"elk-363","truncated_normal",TRUE,"M21",211,1,0.998976786193254
"elk-363","truncated_normal",TRUE,"M21",212,1,0.999664489333139
"elk-363","truncated_normal",TRUE,"M21",213,1,0.999522545050643
"elk-363","truncated_normal",TRUE,"M21",214,1,0.999475826355982
"elk-363","truncated_normal",TRUE,"M21",215,1,0.999496716258005
"elk-363","truncated_normal",TRUE,"M21",216,1,0.999416272424426
"elk-363","truncated_normal",TRUE,"M21",217,1,0.996859997370411
"elk-363","truncated_normal",TRUE,"H2",1,1,0.99999995358739
"elk-363","truncated_normal",TRUE,"H2",2,1,0.999978188587552
"elk-363","truncated_normal",TRUE,"H2",3,1,0.999957594476552
"elk-363","truncated_normal",TRUE,"H2",4,1,0.793059751215837
"elk-363","truncated_normal",TRUE,"H2",5,1,0.999919407975709
"elk-363","truncated_normal",TRUE,"H2",6,1,0.95612030895251
"elk-363","truncated_normal",TRUE,"H2",7,1,0.999804014082197
"elk-363","truncated_normal",TRUE,"H2",8,1,0.99994402676013
"elk-363","truncated_normal",TRUE,"H2",9,1,0.999977581238372
"elk-363","truncated_normal",TRUE,"H2",10,1,0.99928583409195
"elk-363","truncated_normal",TRUE,"H2",11,1,0.999820331155643
"elk-363","truncated_normal",TRUE,"H2",12,1,0.953760531494944
"elk-363","truncated_normal",TRUE,"H2",13,1,0.999494123088178
"elk-363","truncated_normal",TRUE,"H2",14,1,0.992324846593947
"elk-363","truncated_normal",TRUE,"H2",15,1,0.997665233751842
"elk-363","truncated_normal",TRUE,"H2",16,1,0.999455322626688
"elk-363","truncated_normal",TRUE,"H2",17,1,0.999984977581082
"elk-363","truncated_normal",TRUE,"H2",18,1,0.987671455656889
"elk-363","truncated_normal",TRUE,"H2",19,1,0.999744179742768
"elk-363","truncated_normal",TRUE,"H2",20,1,0.967301533447927
"elk-363","truncated_normal",TRUE,"H2",21,1,0.99878075717614
"elk-363","truncated_normal",TRUE,"H2",22,1,0.998208514289744
"elk-363","truncated_normal",TRUE,"H2",23,1,0.999726080983092
"elk-363","truncated_normal",TRUE,"H2",24,1,0.99971053014248
"elk-363","truncated_normal",TRUE,"H2",25,1,0.99988955214139
"elk-363","truncated_normal",TRUE,"H2",26,1,0.999826887897484
"elk-363","truncated_normal",TRUE,"H2",27,1,0.999942306989963
"elk-363","truncated_normal",TRUE,"H2",28,1,0.998371867069368
"elk-363","truncated_normal",TRUE,"H2",29,1,0.99838913677974
"elk-363","truncated_normal",TRUE,"H2",30,1,0.999316355073781
"elk-363","truncated_normal",TRUE,"H2",31,1,0.999815525063669
"elk-363","truncated_normal",TRUE,"H2",32,1,0.999917920157365
"elk-363","truncated_normal",TRUE,"H2",33,2,0.984375727532618
"elk-363","truncated_normal",TRUE,"H2",34,1,0.989148896877456
"elk-363","truncated_normal",TRUE,"H2",35,2,0.741677159458146
"elk-363","truncated_normal",TRUE,"H2",36,1,0.999914822275626
"elk-363","truncated_normal",TRUE,"H2",37,1,0.963327937972166
"elk-363","truncated_normal",TRUE,"H2",38,2,0.86360758927287
"elk-363","truncated_normal",TRUE,"H2",39,1,0.985229052263449
"elk-363","truncated_normal",TRUE,"H2",40,1,0.999987128183969
"elk-363","truncated_normal",TRUE,"H2",41,1,0.69915776072993
"elk-363","truncated_normal",TRUE,"H2",42,1,0.988037322933643
"elk-363","truncated_normal",TRUE,"H2",43,1,0.742586316983621
"elk-363","truncated_normal",TRUE,"H2",44,2,0.808000392933912
"elk-363","truncated_normal",TRUE,"H2",45,1,0.999862608729584
"elk-363","truncated_normal",TRUE,"H2",46,1,0.999990111386912
"elk-363","truncated_normal",TRUE,"H2",47,1,0.999925585961939
"elk-363","truncated_normal",TRUE,"H2",48,1,0.999968656474947
"elk-363","truncated_normal",TRUE,"H2",49,1,0.999962073524877
"elk-363","truncated_normal",TRUE,"H2",50,1,0.99996833247647
"elk-363","truncated_normal",TRUE,"H2",51,1,0.999244745053888
"elk-363","truncated_normal",TRUE,"H2",52,1,0.999721727309873
"elk-363","truncated_normal",TRUE,"H2",53,1,0.99994982915293
"elk-363","truncated_normal",TRUE,"H2",54,1,0.999960716259107
"elk-363","truncated_normal",TRUE,"H2",55,1,0.999987822954193
"elk-363","truncated_normal",TRUE,"H2",56,1,0.999988386011384
"elk-363","truncated_normal",TRUE,"H2",57,1,0.999770500204049
"elk-363","truncated_normal",TRUE,"H2",58,1,0.999458644085765
"elk-363","truncated_normal",TRUE,"H2",59,1,0.997582969044439
"elk-363","truncated_normal",TRUE,"H2",60,1,0.999993092739047
"elk-363","truncated_normal",TRUE,"H2",61,1,0.98429655586243
"elk-363","truncated_normal",TRUE,"H2",62,2,0.651641328442274
"elk-363","truncated_normal",TRUE,"H2",63,1,0.985354504559621
"elk-363","truncated_normal",TRUE,"H2",64,1,0.999909061363382
"elk-363","truncated_normal",TRUE,"H2",65,2,0.976958807532888
"elk-363","truncated_normal",TRUE,"H2",66,2,0.998803567637516
"elk-363","truncated_normal",TRUE,"H2",67,2,0.999590814455522
"elk-363","truncated_normal",TRUE,"H2",68,2,0.990626481907744
"elk-363","truncated_normal",TRUE,"H2",69,1,0.997977553136856
"elk-363","truncated_normal",TRUE,"H2",70,1,0.999993231274544
"elk-363","truncated_normal",TRUE,"H2",71,1,0.999995631866306
"elk-363","truncated_normal",TRUE,"H2",72,1,0.999878721604872
"elk-363","truncated_normal",TRUE,"H2",73,1,0.997869995923963
"elk-363","truncated_normal",TRUE,"H2",74,1,0.999995480057667
"elk-363","truncated_normal",TRUE,"H2",75,1,0.999721640013167
"elk-363","truncated_normal",TRUE,"H2",76,1,0.999994327246345
"elk-363","truncated_normal",TRUE,"H2",77,1,0.999611219250112
"elk-363","truncated_normal",TRUE,"H2",78,1,0.999985831446032
"elk-363","truncated_normal",TRUE,"H2",79,1,0.999770202836717
"elk-363","truncated_normal",TRUE,"H2",80,1,0.999831963483627
"elk-363","truncated_normal",TRUE,"H2",81,1,0.99989206322735
"elk-363","truncated_normal",TRUE,"H2",82,1,0.999978683782242
"elk-363","truncated_normal",TRUE,"H2",83,1,0.999977522575178
"elk-363","truncated_normal",TRUE,"H2",84,1,0.999595991810993
"elk-363","truncated_normal",TRUE,"H2",85,1,0.999664718795229
"elk-363","truncated_normal",TRUE,"H2",86,1,0.999980615057323
"elk-363","truncated_normal",TRUE,"H2",87,1,0.999513288253599
"elk-363","truncated_normal",TRUE,"H2",88,1,0.999541262972134
"elk-363","truncated_normal",TRUE,"H2",89,1,0.999985256894864
"elk-363","truncated_normal",TRUE,"H2",90,1,0.999782703736025
"elk-363","truncated_normal",TRUE,"H2",91,1,0.999992737308942
"elk-363","truncated_normal",TRUE,"H2",92,1,0.99909391878483
"elk-363","truncated_normal",TRUE,"H2",93,1,0.999788788381515
"elk-363","truncated_normal",TRUE,"H2",94,1,0.991754660956062
"elk-363","truncated_normal",TRUE,"H2",95,1,0.996057833796382
"elk-363","truncated_normal",TRUE,"H2",96,1,0.9998695452639
"elk-363","truncated_normal",TRUE,"H2",97,1,0.999976708642857
"elk-363","truncated_normal",TRUE,"H2",98,1,0.999989846265424
"elk-363","truncated_normal",TRUE,"H2",99,1,0.999932783285372
"elk-363","truncated_normal",TRUE,"H2",100,1,0.999996990161952
"elk-363","truncated_normal",TRUE,"H2",101,1,0.999993393562034
"elk-363","truncated_normal",TRUE,"H2",102,1,0.999973840512624
"elk-363","truncated_normal",TRUE,"H2",103,1,0.999380390851914
"elk-363","truncated_normal",TRUE,"H2",104,1,0.88184864489438
"elk-363","truncated_normal",TRUE,"H2",105,1,0.99920390535604
"elk-363","truncated_normal",TRUE,"H2",106,1,0.999980734425888
"elk-363","truncated_normal",TRUE,"H2",107,1,0.999892567738648
"elk-363","truncated_normal",TRUE,"H2",108,2,0.699890864127887
"elk-363","truncated_normal",TRUE,"H2",109,1,0.99236388581191
"elk-363","truncated_normal",TRUE,"H2",110,1,0.999601484711625
"elk-363","truncated_normal",TRUE,"H2",111,2,0.768717408201112
"elk-363","truncated_normal",TRUE,"H2",112,1,0.999518565209946
"elk-363","truncated_normal",TRUE,"H2",113,1,0.9999950601749
"elk-363","truncated_normal",TRUE,"H2",114,1,0.999597314854225
"elk-363","truncated_normal",TRUE,"H2",115,1,0.999987886393112
"elk-363","truncated_normal",TRUE,"H2",116,1,0.999805066321126
"elk-363","truncated_normal",TRUE,"H2",117,1,0.954749465010368
"elk-363","truncated_normal",TRUE,"H2",118,2,0.99878307267478
"elk-363","truncated_normal",TRUE,"H2",119,2,0.999327044152694
"elk-363","truncated_normal",TRUE,"H2",120,2,0.949261157929682
"elk-363","truncated_normal",TRUE,"H2",121,2,0.999497778282966
"elk-363","truncated_normal",TRUE,"H2",122,2,0.996252272542352
"elk-363","truncated_normal",TRUE,"H2",123,1,0.997005290167057
"elk-363","truncated_normal",TRUE,"H2",124,1,0.999780504136035
"elk-363","truncated_normal",TRUE,"H2",125,1,0.991684527245881
"elk-363","truncated_normal",TRUE,"H2",126,1,0.999928932856632
"elk-363","truncated_normal",TRUE,"H2",127,1,0.999798481750047
"elk-363","truncated_normal",TRUE,"H2",128,1,0.990916721650746
"elk-363","truncated_normal",TRUE,"H2",129,1,0.999991025917785
"elk-363","truncated_normal",TRUE,"H2",130,1,0.999961147284973
"elk-363","truncated_normal",TRUE,"H2",131,1,0.951010948728095
"elk-363","truncated_normal",TRUE,"H2",132,1,0.998927560065719
"elk-363","truncated_normal",TRUE,"H2",133,1,0.990378271267637
"elk-363","truncated_normal",TRUE,"H2",134,1,0.974689590361558
"elk-363","truncated_normal",TRUE,"H2",135,1,0.98865923797172
"elk-363","truncated_normal",TRUE,"H2",136,1,0.999993816940533
"elk-363","truncated_normal",TRUE,"H2",137,1,0.999987318837733
"elk-363","truncated_normal",TRUE,"H2",138,1,0.999921839954341
"elk-363","truncated_normal",TRUE,"H2",139,1,0.999997376787145
"elk-363","truncated_normal",TRUE,"H2",140,1,0.999867045118379
"elk-363","truncated_normal",TRUE,"H2",141,1,0.999144006625159
"elk-363","truncated_normal",TRUE,"H2",142,1,0.999935817857455
"elk-363","truncated_normal",TRUE,"H2",143,1,0.999987195954575
"elk-363","truncated_normal",TRUE,"H2",144,2,0.654824186641631
"elk-363","truncated_normal",TRUE,"H2",145,1,0.999715544342224
"elk-363","truncated_normal",TRUE,"H2",146,1,0.999099534136092
"elk-363","truncated_normal",TRUE,"H2",147,1,0.999808093621332
"elk-363","truncated_normal",TRUE,"H2",148,1,0.999996272583176
"elk-363","truncated_normal",TRUE,"H2",149,1,0.999965003031604
"elk-363","truncated_normal",TRUE,"H2",150,1,0.99999774513806
"elk-363","truncated_normal",TRUE,"H2",151,1,0.989566314953761
"elk-363","truncated_normal",TRUE,"H2",152,2,0.76580150743142
"elk-363","truncated_normal",TRUE,"H2",153,1,0.700427504575801
"elk-363","truncated_normal",TRUE,"H2",154,2,0.744425089580762
"elk-363","truncated_normal",TRUE,"H2",155,1,0.999875823645217
"elk-363","truncated_normal",TRUE,"H2",156,1,0.999975655668696
"elk-363","truncated_normal",TRUE,"H2",157,1,0.99999099719098
"elk-363","truncated_normal",TRUE,"H2",158,1,0.999997346714592
"elk-363","truncated_normal",TRUE,"H2",159,1,0.999950907425121
"elk-363","truncated_normal",TRUE,"H2",160,1,0.999995344450326
"elk-363","truncated_normal",TRUE,"H2",161,1,0.9999816090247
"elk-363","truncated_normal",TRUE,"H2",162,1,0.949702961597206
"elk-363","truncated_normal",TRUE,"H2",163,1,0.999831797829976
"elk-363","truncated_normal",TRUE,"H2",164,1,0.999971355280873
"elk-363","truncated_normal",TRUE,"H2",165,1,0.999990844186027
"elk-363","truncated_normal",TRUE,"H2",166,1,0.999978457375575
"elk-363","truncated_normal",TRUE,"H2",167,1,0.999996425047084
"elk-363","truncated_normal",TRUE,"H2",168,1,0.999836459245481
"elk-363","truncated_normal",TRUE,"H2",169,1,0.997760372083447
"elk-363","truncated_normal",TRUE,"H2",170,2,0.997148805815464
"elk-363","truncated_normal",TRUE,"H2",171,2,0.999172942704015
"elk-363","truncated_normal",TRUE,"H2",172,1,0.999518454220165
"elk-363","truncated_normal",TRUE,"H2",173,1,0.999888342039969
"elk-363","truncated_normal",TRUE,"H2",174,1,0.999996531336013
"elk-363","truncated_normal",TRUE,"H2",175,1,0.999983607771029
"elk-363","truncated_normal",TRUE,"H2",176,2,0.82348321243765
"elk-363","truncated_normal",TRUE,"H2",177,1,0.999816930830437
"elk-363","truncated_normal",TRUE,"H2",178,1,0.999995956449282
"elk-363","truncated_normal",TRUE,"H2",179,1,0.999986664183701
"elk-363","truncated_normal",TRUE,"H2",180,1,0.999982284267755
"elk-363","truncated_normal",TRUE,"H2",181,1,0.999995188157591
"elk-363","truncated_normal",TRUE,"H2",182,1,0.999978320041658
"elk-363","truncated_normal",TRUE,"H2",183,1,0.536079165911623
"elk-363","truncated_normal",TRUE,"H2",184,1,0.999846076078769
"elk-363","truncated_normal",TRUE,"H2",185,1,0.900520686177789
"elk-363","truncated_normal",TRUE,"H2",186,1,0.969757968741732
"elk-363","truncated_normal",TRUE,"H2",187,1,0.999990550045329
"elk-363","truncated_normal",TRUE,"H2",188,1,0.999989740332745
"elk-363","truncated_normal",TRUE,"H2",189,1,0.999961007494277
"elk-363","truncated_normal",TRUE,"H2",190,1,0.993143142500524
"elk-363","truncated_normal",TRUE,"H2",191,1,0.999519939349006
"elk-363","truncated_normal",TRUE,"H2",192,2,0.738863726704555
"elk-363","truncated_normal",TRUE,"H2",193,1,0.999969071502897
"elk-363","truncated_normal",TRUE,"H2",194,1,0.999995629809693
"elk-363","truncated_normal",TRUE,"H2",195,1,0.999993403411939
"elk-363","truncated_normal",TRUE,"H2",196,1,0.999994636614555
"elk-363","truncated_normal",TRUE,"H2",197,1,0.99993076781831
"elk-363","truncated_normal",TRUE,"H2",198,1,0.999996516663714
"elk-363","truncated_normal",TRUE,"H2",199,1,0.999927131521122
"elk-363","truncated_normal",TRUE,"H2",200,1,0.999986988687768
"elk-363","truncated_normal",TRUE,"H2",201,1,0.999981785158656
"elk-363","truncated_normal",TRUE,"H2",202,1,0.999994907669779
"elk-363","truncated_normal",TRUE,"H2",203,1,0.99999280446284
"elk-363","truncated_normal",TRUE,"H2",204,1,0.999861890871029
"elk-363","truncated_normal",TRUE,"H2",205,1,0.999972524233915
"elk-363","truncated_normal",TRUE,"H2",206,1,0.99994257379678
"elk-363","truncated_normal",TRUE,"H2",207,1,0.999995699483039
"elk-363","truncated_normal",TRUE,"H2",208,1,0.999998386690161
"elk-363","truncated_normal",TRUE,"H2",209,1,0.999996089255517
"elk-363","truncated_normal",TRUE,"H2",210,1,0.999997022060529
"elk-363","truncated_normal",TRUE,"H2",211,1,0.999997640599372
"elk-363","truncated_normal",TRUE,"H2",212,1,0.999981695732745
"elk-363","truncated_normal",TRUE,"H2",213,1,0.999991085068482
"elk-363","truncated_normal",TRUE,"H2",214,1,0.99999033913979
"elk-363","truncated_normal",TRUE,"H2",215,1,0.999998326198033
"elk-363","truncated_normal",TRUE,"H2",216,1,0.999988351190014
"elk-363","truncated_normal",TRUE,"H2",217,1,0.999991743703598
"elk-363","truncated_normal",TRUE,"H3",1,3,0.999999659815198
"elk-363","truncated_normal",TRUE,"H3",2,3,0.999331280264568
"elk-363","truncated_normal",TRUE,"H3",3,3,0.99722599237191
"elk-363","truncated_normal",TRUE,"H3",4,3,0.900058749315723
"elk-363","truncated_normal",TRUE,"H3",5,3,0.955969515613391
"elk-363","truncated_normal",TRUE,"H3",6,3,0.955727011655129
"elk-363","truncated_normal",TRUE,"H3",7,3,0.996993216427575
"elk-363","truncated_normal",TRUE,"H3",8,3,0.998725743684036
"elk-363","truncated_normal",TRUE,"H3",9,3,0.999529125717653
"elk-363","truncated_normal",TRUE,"H3",10,3,0.998725251393523
"elk-363","truncated_normal",TRUE,"H3",11,3,0.996842566562155
"elk-363","truncated_normal",TRUE,"H3",12,3,0.980234117563841
"elk-363","truncated_normal",TRUE,"H3",13,3,0.996932267691261
"elk-363","truncated_normal",TRUE,"H3",14,3,0.987207293971449
"elk-363","truncated_normal",TRUE,"H3",15,3,0.990653081121159
"elk-363","truncated_normal",TRUE,"H3",16,3,0.99762803377134
"elk-363","truncated_normal",TRUE,"H3",17,3,0.996814257867655
"elk-363","truncated_normal",TRUE,"H3",18,3,0.983595044868996
"elk-363","truncated_normal",TRUE,"H3",19,3,0.987808487453837
"elk-363","truncated_normal",TRUE,"H3",20,3,0.966699298712237
"elk-363","truncated_normal",TRUE,"H3",21,3,0.979119570444139
"elk-363","truncated_normal",TRUE,"H3",22,3,0.989708218954816
"elk-363","truncated_normal",TRUE,"H3",23,3,0.999208944964333
"elk-363","truncated_normal",TRUE,"H3",24,3,0.999531180488458
"elk-363","truncated_normal",TRUE,"H3",25,3,0.99954507564674
"elk-363","truncated_normal",TRUE,"H3",26,3,0.999565929083262
"elk-363","truncated_normal",TRUE,"H3",27,3,0.999161631625444
"elk-363","truncated_normal",TRUE,"H3",28,3,0.998990086408287
"elk-363","truncated_normal",TRUE,"H3",29,3,0.998741858688446
"elk-363","truncated_normal",TRUE,"H3",30,3,0.996143094046276
"elk-363","truncated_normal",TRUE,"H3",31,3,0.992070159210481
"elk-363","truncated_normal",TRUE,"H3",32,3,0.970547051874032
"elk-363","truncated_normal",TRUE,"H3",33,1,0.999993363412117
"elk-363","truncated_normal",TRUE,"H3",34,2,0.527961340435235
"elk-363","truncated_normal",TRUE,"H3",35,1,0.999988877740017
"elk-363","truncated_normal",TRUE,"H3",36,2,0.785860135962693
"elk-363","truncated_normal",TRUE,"H3",37,1,0.921878821179287
"elk-363","truncated_normal",TRUE,"H3",38,1,0.997811270239661
"elk-363","truncated_normal",TRUE,"H3",39,1,0.905295621578613
"elk-363","truncated_normal",TRUE,"H3",40,2,0.841862732812397
"elk-363","truncated_normal",TRUE,"H3",41,1,0.99651401349228
"elk-363","truncated_normal",TRUE,"H3",42,1,0.89719810872422
"elk-363","truncated_normal",TRUE,"H3",43,1,0.986556379111846
"elk-363","truncated_normal",TRUE,"H3",44,1,0.999984133026626
"elk-363","truncated_normal",TRUE,"H3",45,2,0.981466452063915
"elk-363","truncated_normal",TRUE,"H3",46,2,0.996557507227481
"elk-363","truncated_normal",TRUE,"H3",47,2,0.980613080062412
"elk-363","truncated_normal",TRUE,"H3",48,2,0.971669674530276
"elk-363","truncated_normal",TRUE,"H3",49,2,0.876615043088179
"elk-363","truncated_normal",TRUE,"H3",50,2,0.808982749625956
"elk-363","truncated_normal",TRUE,"H3",51,3,0.463610648092863
"elk-363","truncated_normal",TRUE,"H3",52,3,0.502879235138211
"elk-363","truncated_normal",TRUE,"H3",53,3,0.527616936196986
"elk-363","truncated_normal",TRUE,"H3",54,3,0.584961015500167
"elk-363","truncated_normal",TRUE,"H3",55,3,0.746292698285645
"elk-363","truncated_normal",TRUE,"H3",56,3,0.866941082373875
"elk-363","truncated_normal",TRUE,"H3",57,3,0.986402457431679
"elk-363","truncated_normal",TRUE,"H3",58,3,0.990141788652281
"elk-363","truncated_normal",TRUE,"H3",59,3,0.96487437934345
"elk-363","truncated_normal",TRUE,"H3",60,3,0.961689101053511
"elk-363","truncated_normal",TRUE,"H3",61,3,0.62237845485878
"elk-363","truncated_normal",TRUE,"H3",62,1,0.972096656253997
"elk-363","truncated_normal",TRUE,"H3",63,1,0.911402329106721
"elk-363","truncated_normal",TRUE,"H3",64,2,0.874069432034984
"elk-363","truncated_normal",TRUE,"H3",65,1,0.999924190934451
"elk-363","truncated_normal",TRUE,"H3",66,1,0.999994949225588
"elk-363","truncated_normal",TRUE,"H3",67,1,0.999999951341654
"elk-363","truncated_normal",TRUE,"H3",68,1,0.999997781120924
"elk-363","truncated_normal",TRUE,"H3",69,2,0.794467128062526
"elk-363","truncated_normal",TRUE,"H3",70,2,0.861999586589932
"elk-363","truncated_normal",TRUE,"H3",71,2,0.790223061388069
"elk-363","truncated_normal",TRUE,"H3",72,2,0.542245695699377
"elk-363","truncated_normal",TRUE,"H3",73,3,0.696311473837588
"elk-363","truncated_normal",TRUE,"H3",74,3,0.778694191158177
"elk-363","truncated_normal",TRUE,"H3",75,3,0.812719305982224
"elk-363","truncated_normal",TRUE,"H3",76,3,0.890146187365372
"elk-363","truncated_normal",TRUE,"H3",77,3,0.991286313387125
"elk-363","truncated_normal",TRUE,"H3",78,3,0.995671587993041
"elk-363","truncated_normal",TRUE,"H3",79,3,0.994564195930404
"elk-363","truncated_normal",TRUE,"H3",80,3,0.996186844093341
"elk-363","truncated_normal",TRUE,"H3",81,3,0.99947088324992
"elk-363","truncated_normal",TRUE,"H3",82,3,0.999585373917481
"elk-363","truncated_normal",TRUE,"H3",83,3,0.99966620729391
"elk-363","truncated_normal",TRUE,"H3",84,3,0.998668207237045
"elk-363","truncated_normal",TRUE,"H3",85,3,0.99614868676877
"elk-363","truncated_normal",TRUE,"H3",86,3,0.999247903649199
"elk-363","truncated_normal",TRUE,"H3",87,3,0.999451022157891
"elk-363","truncated_normal",TRUE,"H3",88,3,0.998826859292202
"elk-363","truncated_normal",TRUE,"H3",89,3,0.997386372563034
"elk-363","truncated_normal",TRUE,"H3",90,3,0.996520024819695
"elk-363","truncated_normal",TRUE,"H3",91,3,0.996373337646612
"elk-363","truncated_normal",TRUE,"H3",92,3,0.963399049747346
"elk-363","truncated_normal",TRUE,"H3",93,3,0.928527404256695
"elk-363","truncated_normal",TRUE,"H3",94,3,0.853695407397219
"elk-363","truncated_normal",TRUE,"H3",95,3,0.769075005321066
"elk-363","truncated_normal",TRUE,"H3",96,3,0.71025836474201
"elk-363","truncated_normal",TRUE,"H3",97,3,0.706206223753451
"elk-363","truncated_normal",TRUE,"H3",98,3,0.703398982019191
"elk-363","truncated_normal",TRUE,"H3",99,3,0.699212510701957
"elk-363","truncated_normal",TRUE,"H3",100,3,0.709105048849791
"elk-363","truncated_normal",TRUE,"H3",101,3,0.7504612795261
"elk-363","truncated_normal",TRUE,"H3",102,3,0.818293216596626
"elk-363","truncated_normal",TRUE,"H3",103,3,0.771848625322255
"elk-363","truncated_normal",TRUE,"H3",104,1,0.837616963316188
"elk-363","truncated_normal",TRUE,"H3",105,2,0.56875983438723
"elk-363","truncated_normal",TRUE,"H3",106,2,0.819945827925961
"elk-363","truncated_normal",TRUE,"H3",107,2,0.818685976752322
"elk-363","truncated_normal",TRUE,"H3",108,1,0.965509021171935
"elk-363","truncated_normal",TRUE,"H3",109,1,0.548026949079955
"elk-363","truncated_normal",TRUE,"H3",110,1,0.427135234984015
"elk-363","truncated_normal",TRUE,"H3",111,1,0.985976015524788
"elk-363","truncated_normal",TRUE,"H3",112,2,0.856260549814576
"elk-363","truncated_normal",TRUE,"H3",113,2,0.89628130700133
"elk-363","truncated_normal",TRUE,"H3",114,2,0.786088368088392
"elk-363","truncated_normal",TRUE,"H3",115,2,0.847766936804099
"elk-363","truncated_normal",TRUE,"H3",116,2,0.746654738093866
"elk-363","truncated_normal",TRUE,"H3",117,1,0.872339434486364
"elk-363","truncated_normal",TRUE,"H3",118,1,0.999999999974918
"elk-363","truncated_normal",TRUE,"H3",119,1,0.999999388684714
"elk-363","truncated_normal",TRUE,"H3",120,1,0.999264883640284
"elk-363","truncated_normal",TRUE,"H3",121,1,0.999999919762296
"elk-363","truncated_normal",TRUE,"H3",122,1,0.999999928084893
"elk-363","truncated_normal",TRUE,"H3",123,3,0.893175371432138
"elk-363","truncated_normal",TRUE,"H3",124,3,0.993686581665075
"elk-363","truncated_normal",TRUE,"H3",125,3,0.993815506832618
"elk-363","truncated_normal",TRUE,"H3",126,3,0.998479996099588
"elk-363","truncated_normal",TRUE,"H3",127,3,0.993783691037838
"elk-363","truncated_normal",TRUE,"H3",128,3,0.986319590786636
"elk-363","truncated_normal",TRUE,"H3",129,3,0.995049157048447
"elk-363","truncated_normal",TRUE,"H3",130,3,0.99705613564693
"elk-363","truncated_normal",TRUE,"H3",131,3,0.972162078260231
"elk-363","truncated_normal",TRUE,"H3",132,3,0.9872535975951
"elk-363","truncated_normal",TRUE,"H3",133,3,0.938329861616308
"elk-363","truncated_normal",TRUE,"H3",134,3,0.888777311498972
"elk-363","truncated_normal",TRUE,"H3",135,3,0.877161375786931
"elk-363","truncated_normal",TRUE,"H3",136,3,0.886696085878087
"elk-363","truncated_normal",TRUE,"H3",137,3,0.889778116911854
"elk-363","truncated_normal",TRUE,"H3",138,3,0.910597413676844
"elk-363","truncated_normal",TRUE,"H3",139,3,0.911379298406087
"elk-363","truncated_normal",TRUE,"H3",140,3,0.88076913082341
"elk-363","truncated_normal",TRUE,"H3",141,3,0.704157583924645
"elk-363","truncated_normal",TRUE,"H3",142,3,0.615084648197411
"elk-363","truncated_normal",TRUE,"H3",143,3,0.608473040429053
"elk-363","truncated_normal",TRUE,"H3",144,1,0.997946555647771
"elk-363","truncated_normal",TRUE,"H3",145,2,0.540949217593402
"elk-363","truncated_normal",TRUE,"H3",146,3,0.933225227871843
"elk-363","truncated_normal",TRUE,"H3",147,3,0.978376802843598
"elk-363","truncated_normal",TRUE,"H3",148,3,0.979308393535681
"elk-363","truncated_normal",TRUE,"H3",149,3,0.976448914955065
"elk-363","truncated_normal",TRUE,"H3",150,3,0.969338660638389
"elk-363","truncated_normal",TRUE,"H3",151,3,0.626875996438691
"elk-363","truncated_normal",TRUE,"H3",152,1,0.999154255556849
"elk-363","truncated_normal",TRUE,"H3",153,1,0.977857140717986
"elk-363","truncated_normal",TRUE,"H3",154,1,0.999999264658363
"elk-363","truncated_normal",TRUE,"H3",155,2,0.978444865248736
"elk-363","truncated_normal",TRUE,"H3",156,2,0.995966924998392
"elk-363","truncated_normal",TRUE,"H3",157,2,0.997796197749963
"elk-363","truncated_normal",TRUE,"H3",158,2,0.998219220914869
"elk-363","truncated_normal",TRUE,"H3",159,2,0.985253059644877
"elk-363","truncated_normal",TRUE,"H3",160,2,0.99595232912446
"elk-363","truncated_normal",TRUE,"H3",161,2,0.979619098835471
"elk-363","truncated_normal",TRUE,"H3",162,1,0.998932350206826
"elk-363","truncated_normal",TRUE,"H3",163,2,0.90752818925041
"elk-363","truncated_normal",TRUE,"H3",164,2,0.993237442742718
"elk-363","truncated_normal",TRUE,"H3",165,2,0.997148738656914
"elk-363","truncated_normal",TRUE,"H3",166,2,0.993222285644042
"elk-363","truncated_normal",TRUE,"H3",167,2,0.990146206014322
"elk-363","truncated_normal",TRUE,"H3",168,2,0.925706733760255
"elk-363","truncated_normal",TRUE,"H3",169,2,0.835461357130254
"elk-363","truncated_normal",TRUE,"H3",170,1,0.99999993943714
"elk-363","truncated_normal",TRUE,"H3",171,1,0.999999999999104
"elk-363","truncated_normal",TRUE,"H3",172,2,0.912494328732258
"elk-363","truncated_normal",TRUE,"H3",173,2,0.978908332496546
"elk-363","truncated_normal",TRUE,"H3",174,2,0.992505242072642
"elk-363","truncated_normal",TRUE,"H3",175,2,0.974014004652266
"elk-363","truncated_normal",TRUE,"H3",176,1,0.999999966616411
"elk-363","truncated_normal",TRUE,"H3",177,2,0.975537079000818
"elk-363","truncated_normal",TRUE,"H3",178,2,0.997570279264512
"elk-363","truncated_normal",TRUE,"H3",179,2,0.996848525538961
"elk-363","truncated_normal",TRUE,"H3",180,2,0.995060522711196
"elk-363","truncated_normal",TRUE,"H3",181,2,0.988546301646704
"elk-363","truncated_normal",TRUE,"H3",182,2,0.962367915051298
"elk-363","truncated_normal",TRUE,"H3",183,1,0.998054301057272
"elk-363","truncated_normal",TRUE,"H3",184,2,0.741098753288292
"elk-363","truncated_normal",TRUE,"H3",185,1,0.981979184510978
"elk-363","truncated_normal",TRUE,"H3",186,1,0.987518353422841
"elk-363","truncated_normal",TRUE,"H3",187,2,0.967437496435824
"elk-363","truncated_normal",TRUE,"H3",188,2,0.974279705254323
"elk-363","truncated_normal",TRUE,"H3",189,2,0.89321679011224
"elk-363","truncated_normal",TRUE,"H3",190,1,0.920563856297812
"elk-363","truncated_normal",TRUE,"H3",191,2,0.666153561075578
"elk-363","truncated_normal",TRUE,"H3",192,1,0.999973425788579
"elk-363","truncated_normal",TRUE,"H3",193,2,0.990129860783185
"elk-363","truncated_normal",TRUE,"H3",194,2,0.997731376802816
"elk-363","truncated_normal",TRUE,"H3",195,2,0.997556082592093
"elk-363","truncated_normal",TRUE,"H3",196,2,0.997225198092312
"elk-363","truncated_normal",TRUE,"H3",197,2,0.986485947352956
"elk-363","truncated_normal",TRUE,"H3",198,2,0.998291373767361
"elk-363","truncated_normal",TRUE,"H3",199,2,0.988070882984542
"elk-363","truncated_normal",TRUE,"H3",200,2,0.995753985140686
"elk-363","truncated_normal",TRUE,"H3",201,2,0.994412623924372
"elk-363","truncated_normal",TRUE,"H3",202,2,0.997292437928342
"elk-363","truncated_normal",TRUE,"H3",203,2,0.996455792413431
"elk-363","truncated_normal",TRUE,"H3",204,2,0.973227621346408
"elk-363","truncated_normal",TRUE,"H3",205,2,0.989807978286408
"elk-363","truncated_normal",TRUE,"H3",206,2,0.990627570795753
"elk-363","truncated_normal",TRUE,"H3",207,2,0.99801048955911
"elk-363","truncated_normal",TRUE,"H3",208,2,0.99842739111281
"elk-363","truncated_normal",TRUE,"H3",209,2,0.996168922867438
"elk-363","truncated_normal",TRUE,"H3",210,2,0.998673607975497
"elk-363","truncated_normal",TRUE,"H3",211,2,0.997674552716008
"elk-363","truncated_normal",TRUE,"H3",212,2,0.993332618105915
"elk-363","truncated_normal",TRUE,"H3",213,2,0.99587838153006
"elk-363","truncated_normal",TRUE,"H3",214,2,0.995952951041708
"elk-363","truncated_normal",TRUE,"H3",215,2,0.998624566253012
"elk-363","truncated_normal",TRUE,"H3",216,2,0.995065579682848
"elk-363","truncated_normal",TRUE,"H3",217,2,0.990105395377774
