lag,acf
1,-0.0032173558195552035
2,0.04218562670990756
3,-0.016933015182614607
4,0.004812853524573887
5,0.01593340180052409
6,-0.0012748722308473363
7,-0.011603877020490747
8,-0.041332352022013706
9,-0.012872185769045755
10,0.009558776837344055
11,0.041854647739278696
12,0.016592001153255296
13,0.012976714826465124
14,0.06547019760938838
15,0.0026953755981796407
16,-0.0031394609438298183
17,-0.012280727590012282
18,-0.00928924920680648
19,-0.03073994762171624
20,-0.020284019457814752
