lag,acf
1,-0.006213970889450611
2,0.042425947742743025
3,-0.01563848163947972
4,0.006709748851437942
5,0.01401207589217776
6,-0.0018368833978430585
7,-0.010826415136319304
8,-0.043884324289835734
9,-0.013837583445896364
10,0.006905150284138412
11,0.03942712608779625
12,0.015609493099507862
13,0.012708470949151118
14,0.06696872642751366
15,0.0065201662161084376
16,0.00042345598076856206
17,-0.008080856692679071
18,-0.0081628215123774
19,-0.03420549199343932
20,-0.021807831276296374
