"T","rep","seed","logLik_gauss_K2","logLik_gauss_K3","logLik_mix_K2_M2","BIC_gauss_K2","BIC_gauss_K3","BIC_mix_K2_M2","delta_BIC_gauss_K3_minus_K2","delta_BIC_mix_K2_minus_gauss_K3","gaussian_BIC_favours_K3","enriched_BIC_favours_K2_mix","mix_state1_mean","mix_state2_mean","mix_state1_occ","mix_state2_occ"
500,1,26260611,-773.369988167178,-702.87867411524,-697.65800865648,1590.24223302331,1492.76186160839,1476.10592259245,-97.48037141492,-16.655939015943,TRUE,TRUE,-0.592304724459651,3.82376400046279,0.551425364509727,0.448574635490273
500,2,26260612,-719.622509984198,-668.311475297552,-667.563676708906,1482.74727665735,1423.62746397302,1415.9172586973,-59.1198126843369,-7.71020527571477,TRUE,TRUE,-0.430954982423898,3.75727161071494,0.452006101817197,0.547993898182803
500,3,26260613,-619.765076495276,-593.653065311172,-589.99066613909,1283.03240967951,1274.31064400025,1260.77123755767,-8.72176567925317,-13.5394064425841,TRUE,TRUE,-0.506157839142421,3.87406050433509,0.249997460454405,0.750002539545595
500,4,26260614,-713.948581124502,-667.471644948683,-669.596230719757,1471.39941893796,1421.94780327528,1419.982366719,-49.4516156626826,-1.96543655627534,TRUE,TRUE,-0.541242907885696,3.71963799114206,0.398924969199837,0.601075030800164
500,5,26260615,-779.103739568732,-710.957601485072,-711.19157314036,1601.70973582642,1508.91971634805,1503.17305156021,-92.7900194783649,-5.74666478784525,TRUE,TRUE,-0.488226976251043,3.79931208881123,0.523952240758046,0.476047759241954
500,6,26260616,-740.457502596248,-694.474756846398,-694.910807053985,1524.41726188145,1475.95402707071,1470.61151938746,-48.4632348107446,-5.34250768324932,TRUE,TRUE,-0.566161694877577,3.81592850048304,0.419842160373116,0.580157839626885
500,7,26260617,-690.523941428419,-646.103851822976,-644.679151710964,1424.55013954579,1379.21221702386,1370.14820870142,-45.3379225219301,-9.06400832244708,TRUE,TRUE,-0.581330142746151,3.78464686046733,0.364185722827778,0.635814277172222
500,8,26260618,-695.880198067749,-653.264808842404,-651.425721330055,1435.26265282445,1393.53413106272,1383.6413479396,-41.7285217617348,-9.89278312311899,TRUE,TRUE,-0.419059067607855,3.85383071881046,0.342071293814561,0.657928706185439
500,9,26260619,-707.027027749908,-670.184015762555,-670.350990946518,1457.55631218877,1427.37254490302,1421.49188717252,-30.1837672857516,-5.88065773049516,TRUE,TRUE,-0.523805584657913,3.77917594221627,0.390072314947209,0.609927685052791
500,10,26260620,-741.831228705477,-690.587320453964,-690.911006168527,1527.16471409991,1468.17915428584,1462.61191761654,-58.9855598140709,-5.56723666929679,TRUE,TRUE,-0.540230735617494,3.83048128906507,0.475979969237945,0.524020030762055
500,11,26260621,-733.265026150962,-666.587419533041,-664.896796871452,1510.03230899088,1420.17935244399,1410.58349902239,-89.8529565468862,-9.59585342160017,TRUE,TRUE,-0.508159354638645,3.82870046230923,0.479858715708565,0.520141284291435
500,12,26260622,-693.187533247112,-645.80260273027,-646.675107681991,1429.87732318318,1378.60971883845,1374.14012064347,-51.2676043447291,-4.46959819497897,TRUE,TRUE,-0.531145806490913,3.76129090005353,0.392932445291511,0.60706755470849
500,13,26260623,-718.369099492105,-672.246233802918,-667.239980581378,1480.24045567316,1431.49698098375,1415.26986644224,-48.7434746894191,-16.2271145415014,TRUE,TRUE,-0.457526822975228,3.74343651278196,0.38294602225428,0.617053977745719
500,14,26260624,-738.607903171349,-685.821567979334,-687.670677234932,1520.71806303165,1458.64764933658,1456.13125974935,-62.0704136950744,-2.51638958722583,TRUE,TRUE,-0.482152120008035,3.8472320580826,0.418927622537673,0.581072377462326
500,15,26260625,-676.701156364342,-631.29442202108,-631.50359744751,1396.90456941764,1349.59335742007,1343.79710017451,-47.3112119975679,-5.79625724556308,TRUE,TRUE,-0.476163055401765,3.76978718416684,0.373939973697962,0.626060026302038
500,16,26260626,-760.027563951193,-699.802174788374,-700.067680793157,1563.55738459134,1486.60886295466,1480.9252668658,-76.948521636682,-5.68359608885567,TRUE,TRUE,-0.645210291829853,3.79498423396602,0.377525976443033,0.622474023556967
500,17,26260627,-775.8399782965,-709.403477663408,-709.312386340088,1595.18221328195,1505.81146870473,1499.41467795967,-89.3707445772286,-6.3967907450608,TRUE,TRUE,-0.500144136955854,3.79145342422541,0.516702698669396,0.483297301330605
500,18,26260628,-700.429199061337,-651.435440217215,-652.249659384124,1444.36065481163,1389.87539381234,1385.28922404774,-54.4852609992874,-4.58616976460371,TRUE,TRUE,-0.501464512200119,3.77323671904391,0.387449291997527,0.612550708002472
500,19,26260629,-721.82034252969,-666.633048920443,-669.010230011248,1487.14294174834,1420.2706112188,1418.81036530198,-66.8723305295384,-1.46024591681203,TRUE,TRUE,-0.590876140623675,3.8234935709944,0.434090764129469,0.565909235870531
500,20,26260630,-679.258209262428,-621.853944492393,-623.316077922224,1402.01867521381,1330.7124023627,1327.42206112394,-71.3062728511156,-3.29034123875863,TRUE,TRUE,-0.63047357640694,3.81989704657367,0.415982299879376,0.584017700120624
500,21,26260631,-770.636695406343,-700.167896665084,-699.017697417436,1584.77564750164,1487.34030670808,1478.82530011436,-97.4353407935635,-8.515006593718,TRUE,TRUE,-0.502559408225209,3.75260567917597,0.531599860750958,0.468400139249042
500,22,26260632,-704.981958829264,-649.639091853674,-648.701418036992,1453.46617434748,1386.28269708526,1378.19274135347,-67.183477262224,-8.08995573178618,TRUE,TRUE,-0.59756564091162,3.83068993820476,0.356031500716919,0.64396849928308
500,23,26260633,-695.609430539159,-640.792163719022,-639.369249343248,1434.72111776727,1368.58884081595,1359.52840396598,-66.1322769513199,-9.06043684996985,TRUE,TRUE,-0.529950778047764,3.85418535883454,0.389942441191355,0.610057558808644
500,24,26260634,-665.579321395384,-612.88471780907,-616.078361580245,1374.66089947972,1312.77394899605,1312.94662843998,-61.8869504836739,0.172679443928473,TRUE,FALSE,-0.667151051676178,3.769320865256,0.297992883825998,0.702007116174002
500,25,26260635,-730.774250703513,-668.263637410852,-669.033529824494,1505.05075809598,1423.53178819961,1418.85696492848,-81.5189698963673,-4.67482327113703,TRUE,TRUE,-0.544020927667548,3.76051582462137,0.416739762491255,0.583260237508745
500,26,26260636,-708.132484947519,-650.970600962208,-647.425120822499,1459.76722658399,1388.94571530233,1375.64014692449,-70.8215112816677,-13.3055683778405,TRUE,TRUE,-0.515591559389733,3.78449305161824,0.363589217389373,0.636410782610628
500,27,26260637,-697.020578174818,-657.667373314585,-654.563256433375,1437.54341303859,1402.33926000708,1389.91641814624,-35.20415303151,-12.4228418608423,TRUE,TRUE,-0.523729204823186,3.73810559023896,0.35002885453907,0.64997114546093
500,28,26260638,-753.707256522458,-696.983820109405,-697.005575460151,1550.91676973387,1480.97215359672,1474.80105619979,-69.9446161371518,-6.1710973969291,TRUE,TRUE,-0.545141674806894,3.78804939897909,0.4976833267483,0.5023166732517
500,29,26260639,-697.585797603185,-636.799487556477,-637.149131923468,1438.67385189532,1360.60348849087,1355.08816912642,-78.0703634044596,-5.51531936444167,TRUE,TRUE,-0.50428043730891,3.79309190092641,0.498063606853285,0.501936393146715
500,30,26260640,-734.956788218028,-689.730536602563,-688.53364416062,1513.41583312501,1466.46558658304,1457.85719360073,-46.9502465419748,-8.60839298230803,TRUE,TRUE,-0.364852807153042,3.81522443265892,0.421332109089387,0.578667890910613
500,31,26260641,-723.842832496692,-670.143474912444,-673.118813570483,1491.18792168234,1427.2914632028,1427.02753242046,-63.8964584795419,-0.263930782342641,TRUE,TRUE,-0.43252114812902,3.83237715617647,0.395533761454272,0.604466238545728
500,32,26260642,-750.530518290643,-692.494762266321,-693.528568638422,1544.56329327024,1471.99403791055,1467.84704255633,-72.5692553596905,-4.14699535421983,TRUE,TRUE,-0.491635960710145,3.83651525081394,0.498081366991703,0.501918633008297
500,33,26260643,-758.375626695309,-698.834470592013,-698.373055902546,1560.25351007957,1484.67345456194,1477.53601708458,-75.5800555176365,-7.13743747735521,TRUE,TRUE,-0.514658511010476,3.73964095109428,0.461747238437135,0.538252761562865
500,34,26260644,-689.711905362415,-640.305865445737,-641.114833599977,1422.92606741379,1367.61624426938,1363.01957247944,-55.3098231444026,-4.59667178994073,TRUE,TRUE,-0.499454412047694,3.81778665708641,0.256774616112382,0.743225383887617
500,35,26260645,-685.62708999007,-661.04024644041,-663.291498668412,1414.7564366691,1409.08500625873,1407.37290261631,-5.67143041036434,-1.71210364241847,TRUE,TRUE,-0.601875035221642,3.75776020077738,0.247675628432077,0.752324371567923
500,36,26260646,-743.56051233703,-676.445256907095,-677.041228891385,1530.62328136302,1439.8950271921,1434.87236306226,-90.7282541709164,-5.02266412984022,TRUE,TRUE,-0.396434230984563,3.80189444879356,0.470053325520413,0.529946674479588
500,37,26260647,-735.313806164336,-695.499828401109,-698.563970335235,1514.12986901763,1478.00417018013,1477.91784594996,-36.1256988374998,-0.0863242301704759,TRUE,TRUE,-0.69611263849705,3.74049643473989,0.390051126032221,0.609948873967779
500,38,26260648,-656.472104494109,-632.098792842652,-630.53020515294,1356.44646567717,1351.20209906321,1341.85031558537,-5.24436661395907,-9.3517834778454,TRUE,TRUE,-0.251953506354772,3.77953318690251,0.217328355028368,0.782671644971633
500,39,26260649,-696.645422482926,-624.197801654924,-624.151834637134,1436.79310165481,1335.40011668776,1329.09357455376,-101.392984967049,-6.30654213400271,TRUE,TRUE,-0.606836208839698,3.80664741146122,0.39187089960208,0.60812910039792
500,40,26260650,-725.141113150438,-689.274785494291,-687.623710921744,1493.78448298983,1465.55408436649,1456.03732712298,-28.2303986233396,-9.51675724351594,TRUE,TRUE,-0.428156537347135,3.82928972719008,0.334266478636684,0.665733521363317
500,41,26260651,-621.265479791812,-589.518670068003,-587.38812144701,1286.03321627258,1266.04185351392,1255.56614817351,-19.9913627586643,-10.4757053404085,TRUE,TRUE,-0.477502325712853,3.80507351343616,0.227721250170553,0.772278749829447
500,42,26260652,-751.884393751535,-701.300260954054,-700.444084478764,1547.27104419203,1489.60503528602,1481.67807423702,-57.6660089060063,-7.92696104900165,TRUE,TRUE,-0.458403616371943,3.82117130551164,0.449644137368165,0.550355862631835
500,43,26260653,-678.372901381838,-629.725244723486,-627.482334824191,1400.24805945263,1346.45500282488,1335.75457492787,-53.793056627748,-10.7004278970137,TRUE,TRUE,-0.573463302452021,3.73293800523606,0.409978413692125,0.590021586307875
500,44,26260654,-765.534406655885,-699.661737825939,-699.773994614246,1574.57107000073,1486.32798902979,1480.33789450798,-88.243080970936,-5.9900945218078,TRUE,TRUE,-0.521682566128193,3.80043262866563,0.469855251513791,0.530144748486209
500,45,26260655,-756.881670176589,-693.210187716959,-696.137722896057,1557.26559704213,1473.42488881183,1473.0653510716,-83.8407082303058,-0.359537740224823,TRUE,TRUE,-0.502046314544026,3.78478823336925,0.518009856692648,0.481990143307352
500,46,26260656,-705.689587696214,-665.357502882808,-666.324372415727,1454.88143208138,1417.71951914353,1413.43865011094,-37.1619129378569,-4.28086903258441,TRUE,TRUE,-0.536330287673831,3.78482844528164,0.375521737646172,0.624478262353827
500,47,26260657,-715.356180135576,-658.26190781282,-658.823430022429,1474.21461696011,1403.52832900355,1398.43676532435,-70.6862879565588,-5.09156367920241,TRUE,TRUE,-0.587090755015217,3.79236981129375,0.411156329306748,0.588843670693252
500,48,26260658,-735.677496917053,-663.401087681145,-663.183033182857,1514.85725052306,1413.8066887402,1407.1559716452,-101.050561782861,-6.6507170949983,TRUE,TRUE,-0.460551851227124,3.84438573042766,0.50177528052711,0.49822471947289
500,49,26260659,-718.033884593056,-647.424157481257,-650.235613265986,1479.57002587507,1381.85282834042,1381.26113181146,-97.7171975346437,-0.591696528962984,TRUE,TRUE,-0.530360157186454,3.84956885077965,0.450429640804332,0.549570359195668
500,50,26260660,-781.041466154318,-698.697371838358,-699.958759383822,1605.58518899759,1484.39925705463,1480.70742404713,-121.185931942965,-3.69183300749501,TRUE,TRUE,-0.41136021334337,3.73309671967402,0.581871341090889,0.418128658909111
500,51,26260661,-707.655215524995,-659.006287352051,-659.027026211306,1458.81268773894,1405.01708808201,1398.8439577021,-53.7955996569315,-6.17313037991221,TRUE,TRUE,-0.55414498415802,3.8405904880545,0.391830417644189,0.608169582355811
500,52,26260662,-708.100706086256,-669.080075101723,-668.843959864301,1459.70366886147,1425.16466358136,1418.47782500809,-34.539005280112,-6.68683857326528,TRUE,TRUE,-0.545836485486346,3.80358167793194,0.357270583534725,0.642729416465275
500,53,26260663,-738.703114059976,-670.14270616855,-670.376530462381,1520.90848480891,1427.28992571501,1421.54296620425,-93.6185590938981,-5.74695951076023,TRUE,TRUE,-0.678574135399899,3.81108897551344,0.480928050436052,0.519071949563948
500,54,26260664,-698.996849803554,-645.559607499845,-648.069208448499,1441.49595629606,1378.1237283776,1376.92832217649,-63.3722279184615,-1.19540620111457,TRUE,TRUE,-0.591669447111594,3.84659097393782,0.370004844548471,0.629995155451529
500,55,26260665,-705.568029315745,-668.32886463535,-665.951976457165,1454.63831532045,1423.66224264861,1412.69385819382,-30.9760726718353,-10.9683844547917,TRUE,TRUE,-0.401660861180703,3.78115666427831,0.36263736171414,0.63736263828586
500,56,26260666,-787.289691369788,-715.34914845544,-715.792260976476,1618.08163942853,1517.70281028879,1512.37442723244,-100.378829139741,-5.32838305635119,TRUE,TRUE,-0.542907774794701,3.79867729147812,0.613916375050878,0.386083624949122
500,57,26260667,-625.909171321405,-605.172066896869,-602.447189551195,1295.32059933177,1297.34864717165,1285.68428438188,2.02804783988267,-11.6643627897699,FALSE,TRUE,-0.684855641043397,3.7875642926615,0.259903223871896,0.740096776128105
500,58,26260668,-716.437313092616,-654.891286811799,-652.822974379077,1476.37688287419,1396.78708700151,1386.43585403764,-79.5897958726789,-10.3512329638666,TRUE,TRUE,-0.45852788119684,3.78299616944478,0.411361484374671,0.588638515625329
500,59,26260669,-703.812915856599,-639.487342266513,-638.903069199333,1451.12808840215,1365.97919791094,1358.59604367815,-85.1488904912171,-7.38315423278186,TRUE,TRUE,-0.511501610522535,3.80581388392049,0.433956176036766,0.566043823963233
500,60,26260670,-792.550502670863,-728.209418254744,-726.992120267911,1628.60326203068,1543.4233498874,1534.77414581531,-85.1799121432828,-8.64920407208865,TRUE,TRUE,-0.606420588003868,3.76074681779792,0.55589126774791,0.44410873225209
500,61,26260671,-690.073958688075,-641.849037693627,-641.005202496432,1423.65017406511,1370.70258876516,1362.80031027235,-52.947585299941,-7.902278492812,TRUE,TRUE,-0.541775466312541,3.80204022012441,0.34595744704805,0.65404255295195
500,62,26260672,-789.735299136779,-712.984358389995,-711.613491074736,1622.97285496251,1512.9732301579,1504.01688742896,-109.999624804612,-8.95634272894017,TRUE,TRUE,-0.579869990378719,3.87877367776295,0.531258523796353,0.468741476203647
500,63,26260673,-690.318813936333,-628.920490164432,-630.7323240359,1424.13988456162,1344.84549370677,1342.25455335129,-79.2943908548475,-2.59094035548515,TRUE,TRUE,-0.666099005820886,3.82634239351391,0.486013246822208,0.513986753177792
500,64,26260674,-727.022332168902,-673.822110151795,-673.596685448552,1497.54692102676,1434.6487336815,1427.98327617659,-62.8981873452606,-6.66545750490764,TRUE,TRUE,-0.470241142330752,3.80955138785901,0.43265945923785,0.56734054076215
500,65,26260675,-801.616052080636,-714.351248203274,-715.296348316573,1646.73436085023,1515.70700978446,1511.38260191263,-131.027351065768,-4.32440787182509,TRUE,TRUE,-0.527022394252312,3.77274402977366,0.571039006022699,0.428960993977302
500,66,26260676,-735.294785860337,-687.813761821984,-687.979892614305,1514.09182840963,1462.63203702188,1456.7496905081,-51.4597913877517,-5.88234651377957,TRUE,TRUE,-0.525600523026904,3.80246135630265,0.378845773452663,0.621154226547337
500,67,26260677,-737.511773296302,-695.953128922538,-695.962935592631,1518.52580328156,1478.91077122299,1472.71577646475,-39.6150320585734,-6.19499475823591,TRUE,TRUE,-0.548329159896968,3.76353958653539,0.458299471340101,0.541700528659898
500,68,26260678,-702.698557608429,-657.227251814837,-660.655337144362,1448.89937190581,1401.45901700758,1402.10057956821,-47.4403548982286,0.641562560628472,TRUE,FALSE,-0.506689239121755,3.80047989703155,0.347962090653903,0.652037909346096
500,69,26260679,-737.960486306276,-688.701838229953,-689.550797350091,1519.42322930151,1464.40818983782,1459.89149997967,-55.0150394636894,-4.51668985814626,TRUE,TRUE,-0.526859038584815,3.83566055069708,0.47711555937694,0.52288444062306
500,70,26260680,-744.033084801815,-688.10337853033,-688.43541106724,1531.56842629259,1463.21127043857,1457.66072741397,-68.3571558540152,-5.5505430246028,TRUE,TRUE,-0.605204027596367,3.76185059819897,0.463141757460981,0.536858242539019
500,71,26260681,-747.166168559823,-673.858410947608,-670.702861309924,1537.8345938086,1434.72133527313,1422.19562789934,-103.113258535475,-12.5257073737907,TRUE,TRUE,-0.510905722028008,3.77233516799067,0.52812209799764,0.471877902002359
500,72,26260682,-758.569035532275,-699.159619302236,-697.743754885162,1560.6403277535,1485.32375198238,1476.27741504981,-75.3165757711226,-9.04633693256892,TRUE,TRUE,-0.49128822983212,3.76782415523394,0.469880637146183,0.530119362853817
500,73,26260683,-750.328123983029,-706.23623031782,-706.576533463941,1544.15850465501,1499.47697401355,1493.94297220737,-44.6815306414646,-5.53400180617973,TRUE,TRUE,-0.656140317233357,3.72706998067393,0.416606138358858,0.583393861641142
500,74,26260684,-738.257893271174,-693.184437681084,-694.309766821946,1520.0180432313,1473.37338874008,1469.40943892338,-46.6446544912251,-3.96394981669778,TRUE,TRUE,-0.505359295770144,3.78942762707398,0.356193034334386,0.643806965665614
500,75,26260685,-740.319344030462,-679.286052947106,-680.265089523593,1524.14094474988,1445.57661927212,1441.32008432667,-78.5643254777578,-4.25653494544804,TRUE,TRUE,-0.567050459318525,3.83630330697154,0.39765403535923,0.60234596464077
500,76,26260686,-686.036307630756,-649.349490462123,-649.785629701956,1415.57487195047,1385.70349430216,1380.3611646834,-29.8713776483119,-5.34232961875591,TRUE,TRUE,-0.464908044824992,3.82707887524711,0.334499498589631,0.665500501410368
500,77,26260687,-665.140536658331,-632.043087988158,-631.030297014459,1373.78333000562,1351.09068935423,1342.85049930841,-22.692640651391,-8.24019004581942,TRUE,TRUE,-0.517632204642122,3.80115015121125,0.309468060550363,0.690531939449637
500,78,26260688,-753.390590525819,-694.724225049593,-695.854321116991,1550.28343774059,1476.4529634771,1472.49854751347,-73.8304742634962,-3.95441596362502,TRUE,TRUE,-0.591327931297122,3.8556032575551,0.477961968522334,0.522038031477666
500,79,26260689,-662.133884928749,-622.712774700898,-623.112278723949,1367.77002654645,1332.43006277971,1327.01446272739,-35.3399637667471,-5.4156000523185,TRUE,TRUE,-0.516368321187745,3.75269444153461,0.286721884144589,0.713278115855412
500,80,26260690,-632.723142660397,-582.749338640045,-587.806696878179,1308.94854200975,1252.503190658,1256.40329903585,-56.4453513517471,3.90010837784439,TRUE,FALSE,-0.577782488844397,3.80562442892123,0.285962338242925,0.714037661757075
500,81,26260691,-735.429423635645,-683.861767150791,-681.630915371065,1514.36110396024,1454.72804767949,1444.05173602162,-59.633056280752,-10.6763116578747,TRUE,TRUE,-0.487933485703059,3.86332545894184,0.388020321463857,0.611979678536143
500,82,26260692,-703.461512317381,-649.522224011193,-648.060673017004,1450.42528132372,1386.0489614003,1376.9112513135,-64.3763199234211,-9.13771008679942,TRUE,TRUE,-0.460203950559462,3.75806203951389,0.372286512000814,0.627713487999187
500,83,26260693,-750.236192858938,-698.8776561839,-699.7616383657,1543.97464240683,1484.75982574571,1480.31318201089,-59.214816661121,-4.44664373482306,TRUE,TRUE,-0.516407531074003,3.78345195069143,0.436541823882081,0.563458176117918
500,84,26260694,-773.248548367452,-690.597499606131,-688.391137738189,1589.99935342386,1468.19951259017,1457.57218075587,-121.799840833687,-10.6273318343074,TRUE,TRUE,-0.524792150377699,3.85425793909787,0.607700253386309,0.392299746613691
500,85,26260695,-711.997086673595,-680.158437981129,-680.093004540986,1467.49643003615,1447.32138934017,1440.97591436146,-20.1750406959773,-6.34547497870653,TRUE,TRUE,-0.466830339345964,3.80478623598772,0.440896865300659,0.559103134699341
500,86,26260696,-770.543739370198,-693.851539440207,-692.46280886017,1584.58973542935,1474.70759225832,1465.71552299983,-109.882143171026,-8.9920692584958,TRUE,TRUE,-0.532653253007482,3.81686416809736,0.529843199475209,0.470156800524791
500,87,26260697,-684.809798414853,-631.710157032465,-630.427367777437,1413.12185351866,1350.42482744284,1341.64464083436,-62.697026075821,-8.78018660847624,TRUE,TRUE,-0.536675064592411,3.78444686332246,0.421944292933687,0.578055707066313
500,88,26260698,-720.129204162511,-663.399858087182,-660.86608351017,1483.76066501398,1413.80422955227,1402.52207229983,-69.9564354617023,-11.2821572524454,TRUE,TRUE,-0.4854259437856,3.77241340383589,0.40343186087124,0.59656813912876
500,89,26260699,-730.315499063723,-678.098100762941,-678.147790173389,1504.1332548164,1443.20071490379,1437.08548562627,-60.9325399126092,-6.11522927752617,TRUE,TRUE,-0.501032722856951,3.82128930259389,0.404274763897415,0.595725236102584
500,90,26260700,-739.351440274772,-693.027047907833,-692.969937107994,1522.2051372385,1473.05860919358,1466.72977949548,-49.1465280449236,-6.32882969810021,TRUE,TRUE,-0.58226207592879,3.74164689856773,0.434054813234139,0.565945186765861
500,91,26260701,-716.661133242958,-661.583686368665,-661.408097566818,1476.82452317487,1410.17188611524,1403.60610041312,-66.6526370596312,-6.56578570211741,TRUE,TRUE,-0.607678622180735,3.77269814114324,0.37334127221788,0.626658727782119
500,92,26260702,-783.827357122259,-707.079425864056,-706.307216626036,1611.15697093347,1501.16336510602,1493.40433853156,-109.993605827451,-7.75902657446318,TRUE,TRUE,-0.487862153054392,3.79781972712216,0.515001453580828,0.484998546419172
500,93,26260703,-681.458707893167,-632.119643151213,-629.207120755591,1406.41967247529,1351.24379968034,1339.20414679067,-55.1758727949525,-12.0396528896656,TRUE,TRUE,-0.387880341446356,3.81175499551362,0.300263721335766,0.699736278664234
500,94,26260704,-762.456231437708,-684.233209008138,-686.234114409309,1568.41471956437,1455.47093139419,1453.25813409811,-112.943788170183,-2.21279729608113,TRUE,TRUE,-0.512897039455361,3.75843741415827,0.559934745087372,0.440065254912628
500,95,26260705,-681.846965749145,-640.649045787228,-638.867824292147,1407.19618818725,1368.30260495237,1358.52555386378,-38.8935832348789,-9.77705108858436,TRUE,TRUE,-0.509689589371109,3.84437868004298,0.356035976295619,0.643964023704382
500,96,26260706,-721.867363726971,-680.436844094363,-679.528890243435,1487.2369841429,1447.87820156664,1439.84768576636,-39.3587825762618,-8.03051580027773,TRUE,TRUE,-0.540929914732518,3.75667717972208,0.374018802092683,0.625981197907318
500,97,26260707,-773.590851206274,-709.784539419256,-709.669472072656,1590.6839591015,1506.57359221642,1500.1288494248,-84.1103668850806,-6.4447427916225,TRUE,TRUE,-0.531466802099455,3.84534261652943,0.548646905701876,0.451353094298124
500,98,26260708,-741.698068828588,-673.686837424358,-672.023476743488,1526.89839434613,1434.37818822663,1424.83685876646,-92.5202061195048,-9.54132946016193,TRUE,TRUE,-0.586110492717832,3.84475677964211,0.540235582060077,0.459764417939923
500,99,26260709,-734.05962431668,-677.387142069596,-677.145775775531,1511.62150532231,1441.7787975171,1435.08145683055,-69.8427078052123,-6.69734068655112,TRUE,TRUE,-0.566488183017309,3.80403995884715,0.429504706366555,0.570495293633445
500,100,26260710,-739.940651780169,-677.252218672483,-676.188178401977,1523.38356024929,1441.50895072288,1433.16626208344,-81.8746095264173,-8.34268863943316,TRUE,TRUE,-0.516753702223873,3.80009973534252,0.46365777261989,0.53634222738011
500,101,26260711,-748.76798601498,-685.600519159433,-686.12958486587,1541.03822871892,1458.20555169678,1453.04907501123,-82.8326770221388,-5.15647668554766,TRUE,TRUE,-0.525102903642675,3.83481250440345,0.579269079665749,0.420730920334252
500,102,26260712,-766.791162973431,-701.483983817801,-699.799752477237,1577.08458263582,1489.97248101351,1480.38941023396,-87.1121016223055,-9.58307077954964,TRUE,TRUE,-0.579458192276226,3.75598522310383,0.512293923937638,0.487706076062362
500,103,26260713,-705.245316367719,-646.406011243828,-643.436666838143,1453.99288942439,1379.81653586557,1367.66323895577,-74.176353558827,-12.1532969097927,TRUE,TRUE,-0.49342746006718,3.7098591837047,0.411939841526215,0.588060158473785
500,104,26260714,-731.703015228161,-689.508761546023,-689.159447773123,1506.90828714528,1466.02203646996,1459.10880082573,-40.8862506753203,-6.91323564422169,TRUE,TRUE,-0.614416663912952,3.78606175852089,0.464678438600571,0.535321561399429
500,105,26260715,-724.30184718394,-671.148842534762,-669.226478144678,1492.10595105684,1429.30219844743,1419.24286156884,-62.8037526094013,-10.0593368785908,TRUE,TRUE,-0.515345685380403,3.83828085250692,0.449953419513705,0.550046580486295
500,106,26260716,-680.823430037627,-645.297323144406,-645.113717693143,1405.14911676421,1377.59915966672,1371.01734066577,-27.5499570974864,-6.58181900094769,TRUE,TRUE,-0.551116469892845,3.75292675807819,0.298086498410799,0.701913501589201
500,107,26260717,-773.058818569933,-707.634465608514,-706.88159968768,1589.61989382882,1502.27344459494,1494.55310465485,-87.346449233883,-7.72033994009007,TRUE,TRUE,-0.415724116670472,3.80734566567541,0.609928304896525,0.390071695103475
500,108,26260718,-749.64910642302,-690.018634018136,-692.395754842623,1542.800469535,1467.04178141418,1465.58141496474,-75.7586881208128,-1.46036644944752,TRUE,TRUE,-0.524503437766931,3.87411310917355,0.434509313119984,0.565490686880016
500,109,26260719,-649.745279980669,-613.930189605356,-614.942921842656,1342.99281665029,1314.86489258862,1310.6757489648,-28.1279240616711,-4.18914362382225,TRUE,TRUE,-0.49775166882413,3.84911253360932,0.289967529416927,0.710032470583073
500,110,26260720,-751.015842567379,-702.84194242983,-701.004246912804,1545.53394182371,1492.68839823757,1482.7983991051,-52.8455435861415,-9.88999913247585,TRUE,TRUE,-0.57646991337391,3.81636556497268,0.508075091905718,0.491924908094282
500,111,26260721,-667.390859100154,-635.636296872958,-637.987601230018,1378.28397488926,1358.27710712383,1356.76510773952,-20.0068677654372,-1.51199938430227,TRUE,TRUE,-0.71645397207254,3.76295090004855,0.31352435972405,0.68647564027595
500,112,26260722,-683.847508957523,-643.505089163324,-642.13305580917,1411.197274604,1374.01469170456,1365.05601689783,-37.1825828994427,-8.9586748067286,TRUE,TRUE,-0.505440910799155,3.80359206785951,0.325938181461167,0.674061818538833
500,113,26260723,-709.093712712825,-667.864701530869,-666.098383235382,1461.68968211461,1422.73391643965,1412.98667175025,-38.9557656749566,-9.74724468939621,TRUE,TRUE,-0.547381596716608,3.86625042363086,0.388499683129006,0.611500316870994
500,114,26260724,-724.179031291287,-674.714317318674,-675.565994640838,1491.86031927153,1436.43314801526,1431.92189456116,-55.4271712562695,-4.51125345409582,TRUE,TRUE,-0.527863527666051,3.71166547666739,0.420693304603813,0.579306695396187
500,115,26260725,-716.483698138281,-674.785386753149,-674.536233521936,1476.46965296552,1436.57528688421,1429.86237232336,-39.8943660813093,-6.71291456084828,TRUE,TRUE,-0.518816539061264,3.7768930808112,0.407826782907882,0.592173217092118
500,116,26260726,-748.206390441369,-671.682689689572,-671.337625275888,1539.91503757169,1430.36989275705,1423.46515583126,-109.545144814639,-6.90473692579008,TRUE,TRUE,-0.564418595622291,3.85413669526517,0.595988348971971,0.404011651028029
500,117,26260727,-783.614965899859,-694.410244205333,-695.15727398877,1610.73218848867,1475.82500178858,1471.10445325703,-134.907186700096,-4.72054853154827,TRUE,TRUE,-0.5132771795107,3.79850739786801,0.54036417616565,0.45963582383435
500,118,26260728,-747.105868670023,-660.132597169258,-659.396697218033,1537.713994029,1407.26970771643,1399.58329971555,-130.444286312574,-7.68640800087178,TRUE,TRUE,-0.322225168807394,3.76456626350916,0.523936302222937,0.476063697777063
500,119,26260729,-694.684845564688,-654.440396817444,-653.292521595962,1432.87194781833,1395.8853070128,1387.37494847141,-36.986640805532,-8.51035854138627,TRUE,TRUE,-0.438222750116547,3.80817278974305,0.307699470223652,0.692300529776348
500,120,26260730,-670.369603611967,-624.939986445957,-624.549487676748,1384.24146391289,1336.88448626982,1329.88888063298,-47.3569776430645,-6.99560563683963,TRUE,TRUE,-0.50599998580686,3.85877619465502,0.331718281374114,0.668281718625886
500,121,26260731,-748.898752439809,-689.284428617501,-689.275375188685,1541.29976156857,1465.57337061291,1459.34065565686,-75.7263909556609,-6.232714956054,TRUE,TRUE,-0.519352680435756,3.69853117439684,0.491587498162057,0.508412501837943
500,122,26260732,-750.747697267114,-684.378141172882,-685.981815594126,1544.99765122318,1455.76079572368,1452.75353646774,-89.2368554995078,-3.00725925593497,TRUE,TRUE,-0.304600123796734,3.79893901067473,0.471664879729948,0.528335120270052
500,123,26260733,-716.111493905826,-672.167733157509,-671.649086450109,1475.72524450061,1431.33997969293,1424.08807817971,-44.3852648076777,-7.2519015132234,TRUE,TRUE,-0.517696230045778,3.74555677960208,0.403794194294024,0.596205805705977
500,124,26260734,-753.952849589167,-693.633458575301,-694.472711054667,1551.40795586729,1474.27143052851,1469.73532738882,-77.1365253387767,-4.53610313969102,TRUE,TRUE,-0.534753919433969,3.80319284066244,0.560437893996374,0.439562106003626
500,125,26260735,-766.331598069319,-706.240820473025,-706.701372411483,1576.16545282759,1499.48615432396,1494.19265010245,-76.6792985036325,-5.29350422150651,TRUE,TRUE,-0.431003621668342,3.87740260717512,0.504332491308004,0.495667508691996
500,126,26260736,-720.820826326792,-668.548096298035,-670.284862752341,1485.14390934254,1424.10070597398,1421.35963078417,-61.043203368557,-2.741075189811,TRUE,TRUE,-0.554437871739366,3.74803000290429,0.479484320231662,0.520515679768338
500,127,26260737,-730.809366054766,-695.78628763863,-693.082405564099,1505.12098879849,1478.57708865517,1466.95471640769,-26.5439001433165,-11.6223722474845,TRUE,TRUE,-0.230676212280489,3.85373032033367,0.340126782836853,0.659873217163147
500,128,26260738,-711.952885799658,-659.143148946082,-660.00863772693,1467.40802828827,1405.29081127007,1400.80718073335,-62.1172170181978,-4.4836305367271,TRUE,TRUE,-0.443320307598074,3.78767149850824,0.41963903717065,0.58036096282935
500,129,26260739,-760.226679142496,-710.056118917669,-711.432418905844,1563.95561497395,1507.11675121325,1503.65474309118,-56.8388637606988,-3.46200812207076,TRUE,TRUE,-0.368261163998844,3.69186929709571,0.477319565457591,0.522680434542409
500,130,26260740,-743.95012965609,-693.637183663236,-693.952532608678,1531.40251600113,1474.27888070438,1468.69497049684,-57.1236352967524,-5.58391020753766,TRUE,TRUE,-0.506861111230328,3.7851107477039,0.434504945758897,0.565495054241102
500,131,26260741,-718.257517235178,-652.513325138821,-656.54765614629,1480.01729115931,1392.03116365555,1393.88521757207,-87.9861275037572,1.85405391651398,TRUE,FALSE,-0.514436702300498,3.80684841756129,0.41328064819922,0.58671935180078
500,132,26260742,-728.62642619301,-663.835837663563,-664.565818261146,1500.75510907498,1414.67618870504,1409.92154180178,-86.0789203699392,-4.75464690325521,TRUE,TRUE,-0.600802123304124,3.83021843065607,0.445968207708733,0.554031792291267
500,133,26260743,-785.98831208212,-717.116069615172,-718.439108382568,1615.4788808532,1521.23665260825,1517.66812204463,-94.2422282449413,-3.56853056362843,TRUE,TRUE,-0.515058086827304,3.76296931023134,0.553987756937358,0.446012243062642
500,134,26260744,-707.547699979374,-646.587003200279,-646.257139584247,1458.5976566477,1380.17851977847,1373.30418444798,-78.4191368692343,-6.87433533048556,TRUE,TRUE,-0.45452830702323,3.80491440938531,0.402189334440889,0.59781066555911
500,135,26260745,-702.856715055881,-651.855035238033,-649.808673749995,1449.21568680072,1390.71458385398,1380.40725277948,-58.5011029467407,-10.3073310744967,TRUE,TRUE,-0.540433096204785,3.71439643447021,0.391924812703202,0.608075187296798
500,136,26260746,-728.926883411109,-670.806199482664,-674.890332721017,1501.35602351117,1428.61691234324,1430.57057072152,-72.7391111679353,1.95365837828376,TRUE,FALSE,-0.47058991058834,3.8004337575739,0.449704489742349,0.550295510257651
500,137,26260747,-705.815541070554,-676.059162402547,-677.726613917112,1455.13333883006,1439.122838183,1436.24313311371,-16.0105006470574,-2.87970506929219,TRUE,TRUE,-0.487979864706995,3.82432273343837,0.303880015096953,0.696119984903046
500,138,26260748,-709.344882858413,-663.887896579639,-660.661627626116,1462.19202240578,1414.78030653719,1402.11316053172,-47.4117158685935,-12.6671460054686,TRUE,TRUE,-0.467591067800868,3.78024581500642,0.321993643478752,0.678006356521249
500,139,26260749,-742.469361538646,-695.759069396932,-696.063802223623,1528.44097976625,1478.52265217178,1472.91750972673,-49.9183275944727,-5.60514244504088,TRUE,TRUE,-0.493073143143716,3.85022728942982,0.451850261098999,0.548149738901002
500,140,26260750,-752.115860127422,-692.442747947847,-692.883887199075,1547.7339769438,1471.8900092736,1466.55767967764,-75.8439676701962,-5.33232959596512,TRUE,TRUE,-0.42516317802049,3.78984769380638,0.459818126522925,0.540181873477075
500,141,26260751,-700.617563128166,-650.127031268209,-647.282840786322,1444.73738294529,1387.25857591433,1375.35558685213,-57.4788070309589,-11.902989062196,TRUE,TRUE,-0.486040281703578,3.82026967528605,0.388016274228687,0.611983725771313
500,142,26260752,-736.475672793688,-700.432410207546,-703.068886797707,1516.45360227633,1487.869333793,1486.9276788749,-28.584268483329,-0.941654918100312,TRUE,TRUE,-0.409065829886119,3.79027878078465,0.408045847975852,0.591954152024149
500,143,26260753,-758.548302615998,-715.654107133534,-716.701610927931,1560.59886192095,1518.31272764498,1514.19312713535,-42.2861342759732,-4.11960050962807,TRUE,TRUE,-0.439964583046517,3.7726753834272,0.49019615497038,0.50980384502962
500,144,26260754,-698.753768491485,-648.483424788757,-653.752905880065,1441.00979367192,1383.97136295542,1388.29571703962,-57.0384307165002,4.32435408419383,TRUE,FALSE,-0.441556895615417,3.72414402710653,0.315631260543685,0.684368739456314
500,145,26260755,-746.706036706912,-683.450269080605,-685.503366671039,1536.91433010278,1453.90505153912,1451.79663862157,-83.0092785636589,-2.10841291755401,TRUE,TRUE,-0.497689994838923,3.82832038713498,0.463915523254351,0.536084476745649
500,146,26260756,-738.116429637662,-694.160753693314,-690.272465319933,1519.73511596428,1475.32602076454,1461.33483591935,-44.4090951997416,-13.9911848451848,TRUE,TRUE,-0.501679279153851,3.83121154723771,0.396380163117264,0.603619836882736
500,147,26260757,-775.134564861536,-677.526149173894,-674.09110652379,1593.77138641203,1442.0568117257,1428.97211832707,-151.714574686327,-13.0846933986309,TRUE,TRUE,-0.529831635898804,3.71747504029755,0.555343157801947,0.444656842198053
500,148,26260758,-802.70068034442,-732.691832364788,-732.859434909812,1648.9036173778,1552.38817810749,1546.50877509911,-96.5154392703105,-5.87940300837249,TRUE,TRUE,-0.574309533982449,3.85751956950536,0.550119251002377,0.449880748997623
500,149,26260759,-710.101029761574,-637.861898053751,-637.007607433579,1463.7043162121,1362.72830948541,1354.80512014665,-100.976006726691,-7.92318933876595,TRUE,TRUE,-0.473156416806937,3.80313785014704,0.396206854643707,0.603793145356293
500,150,26260760,-759.455821722932,-685.209692422771,-685.526617009971,1562.41390013482,1457.42389822345,1451.84313929943,-104.990001911368,-5.58075892402258,TRUE,TRUE,-0.497745841085406,3.80401504898895,0.543886900835037,0.456113099164963
500,151,26260761,-737.333036413393,-677.228307802431,-676.788051164794,1518.16832951574,1441.46112898277,1434.36600760908,-76.7072005329678,-7.09512137369643,TRUE,TRUE,-0.5838397697488,3.84982844913286,0.462020854254263,0.537979145745737
500,152,26260762,-707.827851025193,-672.732658104355,-672.132533246285,1459.15795873934,1432.46982958662,1425.05497177206,-26.6881291527209,-7.41485781456208,TRUE,TRUE,-0.460387346486289,3.82424737206324,0.306090335710655,0.693909664289344
500,153,26260763,-688.603788033684,-636.328123402675,-635.923236482332,1420.70983275632,1359.66076018326,1352.63637824415,-61.0490725730626,-7.02438193910757,TRUE,TRUE,-0.538113307736647,3.75836571816436,0.34994086910845,0.650059130891549
500,154,26260764,-760.099491603944,-699.407937448219,-700.484427002934,1563.70123989684,1485.82038827435,1481.75875928536,-77.8808516224947,-4.06162898899106,TRUE,TRUE,-0.60317389257037,3.80698244080445,0.468321825515188,0.531678174484812
500,155,26260765,-662.087345934883,-625.388306021045,-624.56961021874,1367.67694855872,1337.78112542,1329.92912571697,-29.895823138721,-7.85199970303279,TRUE,TRUE,-0.389745647980021,3.84349674140867,0.264249804552321,0.735750195447679
500,156,26260766,-656.072225822895,-625.238646911145,-626.06063492049,1355.64670833475,1337.4818072002,1332.91117512047,-18.1649011345446,-4.57063207973192,TRUE,TRUE,-0.392529959606233,3.80871134566973,0.265965139303146,0.734034860696853
500,157,26260767,-749.682489931507,-679.740465714078,-679.60491037975,1542.86723655197,1446.48544480607,1439.99972603899,-96.3817917459025,-6.48571876707933,TRUE,TRUE,-0.630822652182541,3.83124326387087,0.458165793891173,0.541834206108827
500,158,26260768,-714.877369303741,-665.28465414281,-665.425214999966,1473.25699529644,1417.57382166353,1411.64033527942,-55.6831736329063,-5.93348638411044,TRUE,TRUE,-0.45895904250988,3.80798268462472,0.368168772013335,0.631831227986665
500,159,26260769,-717.798834913161,-689.263840927439,-686.802874518975,1479.09992651528,1465.53219523279,1454.39565431744,-13.5677312824885,-11.13654091535,TRUE,TRUE,-0.269625607657747,3.84429012372066,0.313628361166775,0.686371638833225
500,160,26260770,-651.608102682686,-614.612534775547,-613.791775371426,1346.71846205433,1316.22958292901,1308.37345602234,-30.4888791253215,-7.85612690666517,TRUE,TRUE,-0.66403186092844,3.78587861796067,0.250023591268527,0.749976408731472
500,161,26260771,-735.956495494435,-677.908193796107,-682.982634841162,1515.41524767783,1442.82090097012,1446.75517496181,-72.594346707702,3.93427399168968,TRUE,FALSE,-0.468902041872432,3.8495427577208,0.443899810257744,0.556100189742256
500,162,26260772,-715.753362840662,-666.879905007701,-665.06401770897,1475.00898237028,1420.76432339331,1410.91794069743,-54.2446589769665,-9.84638269588504,TRUE,TRUE,-0.586049930603878,3.82953204310295,0.381883323506316,0.618116676493684
500,163,26260773,-761.310294210805,-705.819104192523,-704.041230987482,1566.12284511057,1498.64272176296,1488.87236725445,-67.4801233476085,-9.77035450850553,TRUE,TRUE,-0.532662055577665,3.86011127773557,0.464819861326985,0.535180138673015
500,164,26260774,-721.6931838455,-666.652092078773,-667.729120585772,1486.88862437995,1420.30869753546,1416.24814645103,-66.5799268444975,-4.06055108442365,TRUE,TRUE,-0.548637073029731,3.80551431668088,0.496435956613775,0.503564043386225
500,165,26260775,-714.403715807842,-666.812515990585,-668.678425656714,1472.30968830464,1420.62954535908,1418.14675659292,-51.6801429455591,-2.48278876616291,TRUE,TRUE,-0.47860244703345,3.79011532044031,0.395777129548816,0.604222870451185
500,166,26260776,-735.082686164025,-665.330109352461,-662.956049186284,1513.66762901701,1417.66473208283,1406.70200365206,-96.0028969341727,-10.9627284307767,TRUE,TRUE,-0.612739001112923,3.77538542293095,0.528140279680589,0.471859720319412
500,167,26260777,-794.831214180207,-722.017740786659,-719.338754748646,1633.16468504937,1531.03999495123,1519.46741477678,-102.124690098142,-11.5725801744475,TRUE,TRUE,-0.464613414538938,3.82217178586709,0.621426205441068,0.378573794558932
500,168,26260778,-691.439343899233,-637.055276693942,-637.885088169448,1426.38094448742,1361.11506676579,1356.56008161839,-65.2658777216277,-4.5549851474093,TRUE,TRUE,-0.396395936361137,3.80473154554232,0.325946526794099,0.674053473205901
500,169,26260779,-783.156105142418,-723.004366652477,-721.699472631087,1609.81446697379,1533.01324668286,1524.18885054166,-76.8012202909274,-8.8243961412029,TRUE,TRUE,-0.60574855260736,3.80453162622157,0.535635991517602,0.464364008482397
500,170,26260780,-764.651449434734,-692.142378710582,-690.197540019788,1572.80515555842,1471.28927079907,1461.18498531907,-101.515884759348,-10.1042854800096,TRUE,TRUE,-0.605485557800597,3.79151922407152,0.539581301698738,0.460418698301262
500,171,26260781,-699.935689101483,-648.503071006482,-648.082253133426,1443.37363489192,1384.01065539087,1376.95441154634,-59.3629795010474,-7.05624384453404,TRUE,TRUE,-0.490854766582193,3.7827132223913,0.411233462140131,0.588766537859869
500,172,26260782,-724.027888768318,-679.411282790798,-679.372671405193,1491.55803422559,1445.82707895951,1439.53524808987,-45.7309552660845,-6.29183086963235,TRUE,TRUE,-0.342748680705816,3.86206063142771,0.391753458056165,0.608246541943835
500,173,26260783,-638.373242568762,-606.279145000034,-607.140030268137,1320.24874182648,1299.56280337798,1295.06996581576,-20.6859384485001,-4.49283756221598,TRUE,TRUE,-0.435461128317116,3.79120695986667,0.223709818134721,0.77629018186528
500,174,26260784,-758.448681083285,-699.31440657626,-696.298457102939,1560.39961885553,1485.63332653043,1473.38681948537,-74.7662923250939,-12.2465070450639,TRUE,TRUE,-0.461810881269125,3.78440734013045,0.513458748767581,0.486541251232419
500,175,26260785,-758.800668518106,-680.503989158994,-682.345965417854,1561.10359372517,1448.0124916959,1445.4818361152,-113.091102029269,-2.53065558070148,TRUE,TRUE,-0.540554607423659,3.82768041574266,0.539979201143593,0.460020798856407
500,176,26260786,-684.562827224471,-635.977052516162,-635.490066537932,1412.6279111379,1358.95861841023,1351.77003835535,-53.6692927276629,-7.18858005488278,TRUE,TRUE,-0.47619193728615,3.818099476113,0.314034456457552,0.685965543542449
500,177,26260787,-727.076189628649,-684.228143772632,-687.957009655303,1497.65463594625,1455.46080092318,1456.7039245901,-42.1938350230778,1.24312366692016,TRUE,FALSE,-0.552151162162866,3.80731224127744,0.389864519851938,0.610135480148062
500,178,26260788,-721.06488030886,-668.202842260459,-668.017279272107,1485.63201730668,1423.41019789883,1416.8244638237,-62.2218194078464,-6.58573407512654,TRUE,TRUE,-0.500624052423664,3.80637333467248,0.416008126036193,0.583991873963806
500,179,26260789,-747.026260179649,-688.925010741823,-691.692771390964,1537.55477704825,1464.85453486156,1464.17544806142,-72.7002421866971,-0.679086800140112,TRUE,TRUE,-0.547835655535958,3.85404139203254,0.453149783564287,0.546850216435713
500,180,26260790,-791.67832574171,-736.354034435531,-735.279963624691,1626.85890817237,1559.71258224897,1551.34983252887,-67.1463259234024,-8.36274972010165,TRUE,TRUE,-0.459899242460774,3.81186013162228,0.548360537858722,0.451639462141278
500,181,26260791,-749.746483768326,-680.203120591487,-677.612413032525,1542.99522422561,1447.41075456089,1436.01473134454,-95.5844696647223,-11.3960232163458,TRUE,TRUE,-0.414732563313988,3.7748286489755,0.573985515931267,0.426014484068733
500,182,26260792,-740.575681976437,-672.189747922067,-670.786787399758,1524.65362064183,1431.38400922205,1422.363480079,-93.2696114197847,-9.02052914304068,TRUE,TRUE,-0.44472233372784,3.78023395802434,0.558039688965902,0.441960311034097
500,183,26260793,-726.833694655129,-694.503621991769,-692.957273406302,1497.16964599921,1476.01175736145,1466.70445209209,-21.1578886377654,-9.30730526935486,TRUE,TRUE,-0.366725625355883,3.8333011475161,0.298046626222725,0.701953373777276
500,184,26260794,-640.288188318054,-599.502831031353,-600.529643801958,1324.07863332506,1286.01017544062,1281.8491928834,-38.0684578844457,-4.16098255721272,TRUE,TRUE,-0.740444247173902,3.82922271716823,0.26923407079517,0.73076592920483
500,185,26260795,-751.215853553262,-687.777465446782,-688.935992539893,1545.93396379548,1462.55944427147,1458.66189035928,-83.3745195240058,-3.8975539121991,TRUE,TRUE,-0.479464747506286,3.83125425571868,0.486890765079333,0.513109234920666
500,186,26260796,-733.442749774491,-686.919467369443,-684.756324228829,1510.38775623794,1460.8434481168,1450.30255373715,-49.5443081211406,-10.5408943796499,TRUE,TRUE,-0.614715927654806,3.7935392764109,0.388319564535464,0.611680435464536
500,187,26260797,-744.337977712393,-693.37965525377,-694.093973227066,1532.17821211374,1473.76382388545,1468.97785173362,-58.4143882282924,-4.78597215182845,TRUE,TRUE,-0.421404560073403,3.85895029507336,0.448404542462336,0.551595457537664
500,188,26260798,-730.493243375555,-672.040604659718,-672.129505186247,1504.48874344007,1431.08572269735,1425.04891565198,-73.4030207427177,-6.0368070453651,TRUE,TRUE,-0.631562083066588,3.78567717965218,0.42013948234787,0.57986051765213
500,189,26260799,-727.759810930932,-678.356119084029,-676.775138476325,1499.02187855082,1443.71675154597,1434.34018223214,-55.3051270048506,-9.37656931382935,TRUE,TRUE,-0.575056898354914,3.8258787503116,0.346086808898873,0.653913191101127
500,190,26260800,-721.950650369518,-657.966038664366,-658.299749010128,1487.40355742799,1402.93659070664,1397.38940329974,-84.4669667213498,-5.54718740689827,TRUE,TRUE,-0.491479652608175,3.80695405160945,0.459990775636218,0.540009224363782
500,191,26260801,-731.780317516433,-683.838627259959,-683.97886751068,1507.06289172182,1454.68176789783,1448.74764030085,-52.3811238239925,-5.93412759697981,TRUE,TRUE,-0.449918575497412,3.85273045897453,0.438002817275315,0.561997182724685
500,192,26260802,-703.829150968088,-653.918195126007,-654.315495462239,1451.16055862513,1394.84090362992,1389.42089620397,-56.319654995207,-5.42000742595815,TRUE,TRUE,-0.545923409813989,3.77489290693334,0.363071513217739,0.636928486782261
500,193,26260803,-724.684841022079,-677.899401728962,-678.815655387962,1492.87193873311,1442.80331683584,1438.42121605541,-50.0686218972783,-4.38210078042334,TRUE,TRUE,-0.583316798997534,3.79225260913437,0.442729316906272,0.557270683093728
500,194,26260804,-715.785761617772,-675.85828931183,-675.811603463855,1475.0737799245,1438.72109200157,1432.4131122072,-36.3526879229289,-6.3079797943717,TRUE,TRUE,-0.550913436158027,3.7478688143718,0.414296962294277,0.585703037705723
500,195,26260805,-723.925294245797,-678.601846213403,-678.388018231179,1491.35284518055,1444.20820580472,1437.56594174185,-47.1446393758324,-6.64226406287162,TRUE,TRUE,-0.503238010027524,3.7062046584411,0.360341852656651,0.639658147343348
500,196,26260806,-778.60293666447,-732.126641143217,-730.887635891112,1600.7081300179,1551.25779566434,1542.56517706171,-49.4503343535505,-8.692618602631,TRUE,TRUE,-0.332546615458087,3.79541929481953,0.421834733588303,0.578165266411696
500,197,26260807,-735.694273040358,-683.154232431351,-681.062437714474,1514.89080276967,1453.31297824061,1442.91478070844,-61.5778245290578,-10.398197532176,TRUE,TRUE,-0.48613704057984,3.87027926159178,0.43081852004674,0.56918147995326
500,198,26260808,-773.542863138961,-711.377850282174,-708.611671966529,1590.58798296688,1509.76021394226,1498.01324921255,-80.8277690246177,-11.7469647297123,TRUE,TRUE,-0.470312927585246,3.79399771709984,0.484219416800957,0.515780583199043
500,199,26260809,-675.858137799573,-625.650742733393,-626.152510146412,1395.2185322881,1338.3059988447,1333.09492557231,-56.9125334434061,-5.21107327238292,TRUE,TRUE,-0.525329141617666,3.85299868266638,0.387606839278196,0.612393160721804
500,200,26260810,-702.432660467897,-653.7747028755,-652.685243309572,1448.36757762475,1394.55391912891,1386.16039189863,-53.813658495839,-8.39352723027787,TRUE,TRUE,-0.508881358945083,3.78070734054013,0.441945574068278,0.558054425931723
1500,1,36260611,-2176.25911592314,-2032.7357342973,-2033.32187628178,4403.7107745559,4167.85655401386,4161.71561759574,-235.85422054205,-6.1409364181136,TRUE,TRUE,-0.530199253602109,3.8411066617147,0.38223504949073,0.61776495050927
1500,2,36260612,-2247.45493703697,-2090.73837484988,-2090.29397061718,4546.10241678356,4283.86183511902,4275.65980626653,-262.240581664546,-8.20202885249182,TRUE,TRUE,-0.583274315747145,3.77254638926432,0.445324330862766,0.554675669137234
1500,3,36260613,-2251.71673858431,-2080.95574877849,-2083.18129083909,4554.62601987825,4264.29658297624,4261.43444671035,-290.329436902012,-2.86213626589142,TRUE,TRUE,-0.516570176125869,3.79088957391885,0.496508228811238,0.503491771188762
1500,4,36260614,-2225.27455987417,-2067.45471993992,-2070.91700231363,4501.74166245798,4237.2945252991,4236.90586965944,-264.447137158874,-0.388655639660101,TRUE,TRUE,-0.520935457787258,3.79599205333233,0.437042263305966,0.562957736694034
1500,5,36260615,-2049.34974756608,-1957.7105532017,-1958.96602582385,4149.89203784179,4017.80619182266,4013.00391667987,-132.085846019138,-4.80227514278658,TRUE,TRUE,-0.533368658120496,3.76266303864803,0.350180401880138,0.649819598119861
1500,6,36260616,-2189.63717587096,-2048.16477486971,-2050.41912325219,4430.46689445154,4198.71463515868,4195.91011153656,-231.752259292861,-2.80452362211872,TRUE,TRUE,-0.515590376936464,3.78503664511672,0.467115281347034,0.532884718652967
1500,7,36260617,-2072.00331798927,-1965.3033500967,-1963.15093945276,4195.19917868817,4032.99178561267,4021.3737439377,-162.207393075493,-11.6180416749694,TRUE,TRUE,-0.497950104107523,3.82831038783229,0.326968818909921,0.673031181090078
1500,8,36260618,-2129.86656484984,-1998.41153346406,-1999.55949551817,4310.92567240932,4099.20815234738,4094.19085606852,-211.717520061939,-5.01729627886107,TRUE,TRUE,-0.396273236164909,3.81779639639411,0.385285159489462,0.614714840510538
1500,9,36260619,-2029.00188653188,-1898.72165896919,-1897.82652735326,4109.1963157734,3899.82840335765,3890.7249197387,-209.367912415744,-9.10348361895785,TRUE,TRUE,-0.609535332516408,3.79003806996401,0.34178961895663,0.658210381043371
1500,10,36260620,-2229.51159703288,-2073.0507718233,-2075.43463348263,4510.21573677539,4248.48662906586,4245.94113199744,-261.72910770953,-2.54549706842408,TRUE,TRUE,-0.536609604195207,3.75472351271816,0.451393869389884,0.548606130610117
1500,11,36260621,-2261.09834897923,-2062.78598687441,-2061.3036048277,4573.3892406681,4227.95705916809,4217.67907468757,-345.432181500009,-10.2779844805127,TRUE,TRUE,-0.526340076067346,3.82795178476059,0.449773053637293,0.550226946362707
1500,12,36260622,-2230.79975478883,-2050.93753465051,-2051.53163365022,4512.79205228729,4204.26015472028,4198.13513233262,-308.531897567012,-6.12502238765683,TRUE,TRUE,-0.493385718443345,3.8042597330091,0.4558009437935,0.5441990562065
1500,13,36260623,-2221.19415444189,-2043.42394206143,-2043.89337157167,4493.58085159341,4189.23296954213,4182.85860817551,-304.347882051284,-6.37436136661472,TRUE,TRUE,-0.489503961187648,3.78698387525326,0.471621457237438,0.528378542762562
1500,14,36260624,-2207.15190729351,-2064.07636744554,-2063.69266904,4465.49635729665,4230.53782031034,4222.45720311217,-234.958536986305,-8.08061719817033,TRUE,TRUE,-0.419449603724395,3.80153316129121,0.402624611280215,0.597375388719785
1500,15,36260625,-2155.93338824922,-2006.9741041742,-2006.61232636846,4363.05931920806,4116.33329376767,4108.29651776909,-246.726025440396,-8.03677599857656,TRUE,TRUE,-0.517377945516263,3.78728722805348,0.440186542730794,0.559813457269206
1500,16,36260626,-2116.90646984283,-1990.39821718591,-1992.27248273743,4285.0054823953,4083.18151979108,4079.61683050704,-201.823962604216,-3.56468928404001,TRUE,TRUE,-0.499743725025056,3.78705111567242,0.359662293505647,0.640337706494353
1500,17,36260627,-2144.60986286756,-1992.55337521148,-1992.86911463603,4340.41226844475,4087.49183584222,4080.81009430424,-252.920432602533,-6.68174153797281,TRUE,TRUE,-0.562351380568427,3.79125313804672,0.370499713766515,0.629500286233485
1500,18,36260628,-2184.45861850266,-2050.01456738831,-2047.9476707986,4420.10977971495,4202.41422019587,4190.96720662937,-217.695559519077,-11.4470135665015,TRUE,TRUE,-0.500726342190493,3.80419387633074,0.407956972029145,0.592043027970855
1500,19,36260629,-2104.80022836236,-1975.51730512552,-1976.02077319293,4260.79299943436,4053.4196956703,4047.11341141803,-207.373303764064,-6.30628425226996,TRUE,TRUE,-0.533787887745657,3.83092862769875,0.430110385054778,0.569889614945223
1500,20,36260630,-2244.90158508691,-2065.0508027341,-2062.56361321291,4540.99571288346,4232.48669088747,4220.19909145799,-308.509021995985,-12.2875994294855,TRUE,TRUE,-0.487993091875574,3.78434397182481,0.475348091559239,0.524651908440761
1500,21,36260631,-2186.35114124545,-2021.99198357204,-2023.09519933197,4423.89482520053,4146.36905256335,4141.26226369612,-277.52577263718,-5.10678886722872,TRUE,TRUE,-0.575291558122281,3.8122337984205,0.456587152569818,0.543412847430182
1500,22,36260632,-2171.9159636471,-2025.98553339894,-2025.25520465373,4395.02447000382,4154.35615221714,4145.58227433963,-240.668317786683,-8.77387787751286,TRUE,TRUE,-0.472619858943983,3.79977474610444,0.409704058693053,0.590295941306947
1500,23,36260633,-2095.76899095416,-1949.36970383211,-1946.86066670043,4242.73052461795,4001.12449308348,3988.79319843304,-241.606031534469,-12.3312946504398,TRUE,TRUE,-0.504284599011646,3.7761552116908,0.36069656097476,0.639303439025239
1500,24,36260634,-2137.10062904748,-1998.40612180088,-1998.33841664008,4325.3938008046,4099.19732902103,4091.74869831234,-226.196471783564,-7.44863070869405,TRUE,TRUE,-0.533943431763088,3.80474956453501,0.387584820060926,0.612415179939074
1500,25,36260635,-2258.88712691154,-2086.6155424267,-2083.83431237599,4568.96679653272,4275.61617027266,4262.74048978416,-293.350626260053,-12.8756804885033,TRUE,TRUE,-0.404010296208379,3.82775838080821,0.462337453748953,0.537662546251047
1500,26,36260636,-2213.8427550633,-2036.00301428368,-2034.93807316318,4478.87805283624,4174.39111398663,4164.94801135853,-304.486938849609,-9.44310262810268,TRUE,TRUE,-0.573275099272956,3.78337675909567,0.406816892736543,0.593183107263456
1500,27,36260637,-2026.67213443396,-1915.71520647705,-1917.44727177795,4104.53681157755,3933.81549837336,3929.96640858808,-170.721313204197,-3.84908978527938,TRUE,TRUE,-0.526881135327831,3.7553052789759,0.334556316614216,0.665443683385784
1500,28,36260638,-2151.71904638777,-1993.8213157488,-1992.93899236968,4354.63063548517,4090.02771691687,4080.94984977153,-264.602918568303,-9.07786714534041,TRUE,TRUE,-0.484111492334865,3.78674028951114,0.396072161947919,0.603927838052082
1500,29,36260639,-2225.5738441495,-2059.55762814194,-2061.18149470023,4502.34023100864,4221.50034170315,4217.43485443263,-280.839889305492,-4.06548727051268,TRUE,TRUE,-0.531913692697485,3.79672361570817,0.460663190240983,0.539336809759017
1500,30,36260640,-2330.40925597725,-2119.65724282786,-2117.18545238747,4712.01105466412,4341.69957107499,4329.44276980711,-370.311483589136,-12.2568012678785,TRUE,TRUE,-0.544315278797942,3.84035600954239,0.538222952351467,0.461777047648533
1500,31,36260641,-2082.72360971488,-1930.41445583173,-1930.25481040193,4216.6397621394,3963.21399708273,3955.58148583603,-253.42576505667,-7.63251124670569,TRUE,TRUE,-0.497188279048412,3.83288544145321,0.375190612574079,0.624809387425922
1500,32,36260642,-2140.21163899067,-1979.12064398965,-1981.23241829467,4331.61582069098,4060.62637339856,4057.53670162152,-270.989447292417,-3.08967177704562,TRUE,TRUE,-0.519031007791944,3.860049850173,0.407235008075721,0.592764991924279
1500,33,36260643,-2188.45578407218,-2060.87263763691,-2061.38778144176,4428.10411085399,4224.13036069309,4217.84742791569,-203.9737501609,-6.28293277740158,TRUE,TRUE,-0.410897466300845,3.8221299025542,0.375939290869169,0.624060709130831
1500,34,36260644,-2037.53470398105,-1926.40583909667,-1926.57319392744,4126.26195067174,3955.19676361261,3948.21825288705,-171.065187059126,-6.97851072556477,TRUE,TRUE,-0.567909126488834,3.81796400291527,0.331958486514808,0.668041513485192
1500,35,36260645,-2193.66918925396,-2043.72771413446,-2043.19096175492,4438.53092121754,4189.84051368819,4181.45378854201,-248.69040752935,-8.38672514618702,TRUE,TRUE,-0.550949553950742,3.7962837373528,0.440189271562737,0.559810728437264
1500,36,36260646,-2187.11171909193,-2033.93468091355,-2034.10372021178,4425.4159808935,4170.25444724636,4163.27930545574,-255.161533647138,-6.97514179062637,TRUE,TRUE,-0.454127816881229,3.80941475689657,0.414587708321343,0.585412291678657
1500,37,36260647,-2188.50939105707,-2051.10827263057,-2051.42210144334,4428.21132482378,4204.60163068041,4197.91606791885,-223.609694143363,-6.68556276156414,TRUE,TRUE,-0.494752187758965,3.78588363813796,0.422037210947375,0.577962789052626
1500,38,36260648,-2220.82634193476,-2042.56619778073,-2044.40031319891,4492.84522657915,4187.51748098073,4183.87249143,-305.327745598419,-3.64498955073304,TRUE,TRUE,-0.498326170543201,3.7918149376815,0.438558406651359,0.561441593348642
1500,39,36260649,-2308.72996445256,-2107.97489643073,-2103.2202470144,4668.65247161475,4318.33487828073,4301.51235906098,-350.317593334023,-16.8225192197469,TRUE,TRUE,-0.48323663348934,3.82889850363457,0.494461026292122,0.505538973707878
1500,40,36260650,-2098.35964001394,-1960.5382047881,-1961.55585619332,4247.9118227375,4023.46149499547,4018.18357741882,-224.450327742033,-5.27791757665136,TRUE,TRUE,-0.519604396109839,3.7964276107439,0.403420559700026,0.596579440299975
1500,41,36260651,-2312.60589962838,-2167.23877970399,-2170.01238554409,4676.40434196639,4436.86264482724,4435.09663612035,-239.541697139147,-1.76600870688617,TRUE,TRUE,-0.480247153598874,3.76463684199246,0.479884532842987,0.520115467157014
1500,42,36260652,-2221.08243430773,-2094.8520553617,-2088.96638307267,4493.35741132508,4292.08919614266,4273.00463117752,-201.268215182423,-19.0845649651374,TRUE,TRUE,-0.502222328309927,3.78258111638897,0.418997523413064,0.581002476586935
1500,43,36260653,-2242.14341215122,-2070.10920757505,-2070.90802706122,4535.47936701207,4242.60350056937,4236.88791915461,-292.8758664427,-5.71558141475543,TRUE,TRUE,-0.514004881491298,3.78892333207977,0.462349205000205,0.537650794999794
1500,44,36260654,-2203.17096999197,-2049.41052786891,-2052.07245836458,4457.53448269358,4201.20614115708,4199.21678176133,-256.328341536503,-1.98935939575131,TRUE,TRUE,-0.488294431570946,3.77838391532487,0.445687204808183,0.554312795191816
1500,45,36260655,-2116.77373189933,-1977.65737661735,-1976.60699115632,4284.74000650829,4057.69983865397,4048.28584734481,-227.040167854324,-9.41399130915579,TRUE,TRUE,-0.49530577366844,3.84285459774498,0.400800678927026,0.599199321072974
1500,46,36260656,-2093.80225635593,-1969.11697203458,-1969.31773168015,4238.79705542149,4040.61902948843,4033.70732839248,-198.17802593306,-6.91170109594987,TRUE,TRUE,-0.547215255608691,3.79732154932006,0.361371556061621,0.638628443938379
1500,47,36260657,-2210.84415814565,-2052.91605880482,-2049.40630081843,4472.88085900094,4208.21720302891,4193.88446666904,-264.663655972033,-14.332736359871,TRUE,TRUE,-0.50237249218459,3.77434132920755,0.413170423468492,0.586829576531507
1500,48,36260658,-2250.96224200412,-2053.2004624309,-2050.95807019578,4553.11702671787,4208.78601028106,4196.98800542374,-344.331016436809,-11.7980048573199,TRUE,TRUE,-0.492377532335125,3.8259229847202,0.489897094209698,0.510102905790302
1500,49,36260659,-2161.35483855094,-2031.45772646308,-2032.37617954915,4373.90221981152,4165.30053834543,4159.82422413047,-208.601681466095,-5.47631421495953,TRUE,TRUE,-0.508931570665158,3.77730048026547,0.354886653247193,0.645113346752807
1500,50,36260660,-2103.46751469766,-1918.78509019608,-1918.432164418,4258.12757210496,3939.95526581142,3931.93619386817,-318.172306293538,-8.01907194324804,TRUE,TRUE,-0.493518229187399,3.82348779956897,0.434464292020874,0.565535707979125
1500,51,36260661,-2151.7620850913,-1992.31003919504,-1986.50698040856,4354.71671289223,4087.00516380935,4068.0858258493,-267.71154908288,-18.9193379600524,TRUE,TRUE,-0.579458055906965,3.83051657290337,0.463306264186984,0.536693735813017
1500,52,36260662,-2131.76793385572,-1979.66325279083,-1976.20585152957,4314.72841042108,4061.71159100093,4047.48356809132,-253.016819420144,-14.2280229096154,TRUE,TRUE,-0.442064503538784,3.83382433252304,0.397192158432721,0.602807841567279
1500,53,36260663,-2247.92630456237,-2081.87046967177,-2083.48410299792,4547.04515183437,4266.1260247628,4262.04007102801,-280.919127071566,-4.08595373478965,TRUE,TRUE,-0.512676685099819,3.7873888312306,0.48594810662346,0.51405189337654
1500,54,36260664,-2125.72399688227,-1999.11635146346,-1999.02637409177,4302.64053647417,4100.61778834619,4093.1246132157,-202.022748127981,-7.49317513048072,TRUE,TRUE,-0.618133204408643,3.81805525483423,0.369131474444529,0.630868525555472
1500,55,36260665,-2188.02578995931,-2044.32968355481,-2044.23020299023,4427.24412262825,4191.04445252889,4183.53227101263,-236.199670099356,-7.51218151626199,TRUE,TRUE,-0.538042713178466,3.78904690803306,0.452006526306585,0.547993473693415
1500,56,36260666,-2068.01949587036,-1957.10336331646,-1957.08851828962,4187.23153445035,4016.59181205218,4009.24890161142,-170.639722398171,-7.34291044076326,TRUE,TRUE,-0.564877480317071,3.78146078251466,0.330040532006455,0.669959467993546
1500,57,36260667,-2069.66834604025,-1937.25775783233,-1937.85041376185,4190.52923479013,3976.90060108392,3970.77269255587,-213.628633706211,-6.1279085280521,TRUE,TRUE,-0.567425814078498,3.83742709952296,0.36061391116336,0.63938608883664
1500,58,36260668,-2213.07163754951,-2028.32865462703,-2028.90221149753,4477.33581780864,4159.04239467333,4152.87628802724,-318.293423135318,-6.16610664608379,TRUE,TRUE,-0.525219078859082,3.81396739053819,0.422332179898614,0.577667820101386
1500,59,36260669,-2221.81576314971,-2067.14892952066,-2063.23980819826,4494.82406900906,4236.68294446057,4221.5514814287,-258.141124548481,-15.1314630318757,TRUE,TRUE,-0.498446211981064,3.81172929150081,0.414387716147918,0.585612283852081
1500,60,36260670,-2204.22124456503,-2060.34562838451,-2061.01081387965,4459.63503183968,4223.07634218828,4217.09349279148,-236.5586896514,-5.9828493968007,TRUE,TRUE,-0.437724114630623,3.81295978451523,0.403733977684021,0.596266022315979
1500,61,36260671,-2059.2184795843,-1954.02450748749,-1955.73777809223,4169.62950187823,4010.43410039424,4006.54742121663,-159.195401483986,-3.88667917761359,TRUE,TRUE,-0.504784860309955,3.79222057351249,0.303214023676398,0.696785976323602
1500,62,36260672,-2197.79756045706,-2047.20804588145,-2050.79392178592,4446.78766362376,4196.80117718217,4196.65970860401,-249.986486441589,-0.141468578156491,TRUE,TRUE,-0.595883258275753,3.7965904337907,0.439006534967703,0.560993465032296
1500,63,36260673,-2303.80573374987,-2106.75554141803,-2104.13954357433,4658.80401020938,4315.89616825532,4303.35095218083,-342.907841954058,-12.5452160744871,TRUE,TRUE,-0.477861442036227,3.81173210608608,0.518544778925742,0.481455221074258
1500,64,36260674,-2158.47142896309,-2014.85567634493,-2014.51987567951,4368.13540063581,4132.09643810913,4124.1116163912,-236.03896252668,-7.98482171792966,TRUE,TRUE,-0.538560766285306,3.82074319001324,0.395035082404134,0.604964917595866
1500,65,36260675,-2290.14280415817,-2086.6391128632,-2086.87202844302,4631.47815102597,4275.66331114565,4268.8159219182,-355.814839880311,-6.84738922745055,TRUE,TRUE,-0.533311230915248,3.81908592486183,0.498243307569981,0.501756692430019
1500,66,36260676,-2152.71908917023,-1994.86755505095,-1993.85476921988,4356.6307210501,4092.12019552116,4082.78140347193,-264.510525528935,-9.3387920492346,TRUE,TRUE,-0.598235953687256,3.80231570359245,0.425157304872416,0.574842695127583
1500,67,36260677,-2188.10714450368,-2053.96444810258,-2053.28201284136,4427.40683171699,4210.31398162442,4201.6358907149,-217.092850092567,-8.67809090951869,TRUE,TRUE,-0.468772098588769,3.83285487085547,0.408849014350875,0.591150985649125
1500,68,36260678,-2230.89063635876,-2089.42891248696,-2089.12160596621,4512.97381542715,4281.24291039319,4273.3150769646,-231.730905033959,-7.92783342859002,TRUE,TRUE,-0.503580827016676,3.79915718261643,0.480830628032232,0.519169371967768
1500,69,36260679,-2150.46492878118,-2025.77358925466,-2027.07164606018,4352.122400272,4153.93226392859,4149.21515715253,-198.190136343408,-4.71710677606188,TRUE,TRUE,-0.400358311308292,3.78181261098456,0.385430176604092,0.614569823395908
1500,70,36260680,-2184.01871694795,-2020.04117122357,-2016.82418163795,4419.22997660553,4142.4674278664,4128.72022830808,-276.762548739126,-13.7471995583201,TRUE,TRUE,-0.450976808304728,3.80382029327233,0.414259674091394,0.585740325908605
1500,71,36260681,-2191.17991896364,-2039.86044145119,-2036.82779305198,4433.55238063692,4182.10596832165,4168.72745113612,-251.446412315268,-13.3785171855297,TRUE,TRUE,-0.468701374410579,3.81735576748398,0.486560792042305,0.513439207957695
1500,72,36260682,-2097.42341547144,-1937.45952000485,-1936.68497229932,4246.03937365251,3977.30412542897,3968.44180963082,-268.735248223535,-8.8623157981574,TRUE,TRUE,-0.616160328741134,3.83773766191862,0.394865708775402,0.605134291224598
1500,73,36260683,-2152.74509214885,-2035.35354056478,-2036.59680757789,4356.68272700733,4173.09216654882,4168.26548018795,-183.590560458507,-4.82668636086419,TRUE,TRUE,-0.591194297297578,3.78674731896604,0.368521331487958,0.631478668512042
1500,74,36260684,-2094.80168054613,-1948.86599661699,-1950.68057751817,4240.79590380188,4000.11707865325,3996.43302006851,-240.678825148631,-3.68405858473852,TRUE,TRUE,-0.462153081144844,3.80118795930432,0.416181782102352,0.583818217897648
1500,75,36260685,-2150.71652756034,-1979.59040678862,-1977.33554969319,4352.62559783031,4061.56589899651,4049.74296441855,-291.059698833795,-11.8229345779614,TRUE,TRUE,-0.596713250140317,3.81203299096073,0.423708049743491,0.57629195025651
1500,76,36260686,-2140.51127346102,-1996.03707583847,-1991.58528853824,4332.21508963166,4094.45923709621,4078.24244210864,-237.755852535449,-16.2167949875693,TRUE,TRUE,-0.514766424896303,3.79609920346875,0.382489475596365,0.617510524403635
1500,77,36260687,-2245.82792271986,-2061.29433073128,-2063.02399300507,4542.84838814935,4224.97374688183,4221.11985104232,-317.874641267517,-3.8538958395111,TRUE,TRUE,-0.495341034358109,3.78671000267529,0.497657599900716,0.502342400099284
1500,78,36260688,-2190.64771695005,-2008.91866680149,-2007.68592819819,4432.48797660973,4120.22241902224,4110.44372142855,-312.265557587491,-9.77869759368787,TRUE,TRUE,-0.523529659366261,3.78765004234799,0.436222442467352,0.563777557532648
1500,79,36260689,-2204.33483109593,-2043.88422797116,-2044.3909034171,4459.8622049015,4190.15354136159,4183.85367186638,-269.708663539908,-6.2998694952139,TRUE,TRUE,-0.432088088084362,3.76697174390956,0.431028411231006,0.568971588768993
1500,80,36260690,-2197.89384727831,-2057.08130063886,-2057.74776163523,4446.98023726626,4216.54768669699,4210.56738830263,-230.43255056927,-5.98029839436458,TRUE,TRUE,-0.473035211126025,3.77031191644512,0.427309415092714,0.572690584907286
1500,81,36260691,-2187.58973403049,-2045.0574358501,-2044.56102350284,4426.37201077061,4192.49995711947,4184.19391203785,-233.872053651144,-8.30604508162287,TRUE,TRUE,-0.466686657543821,3.77625298210154,0.422918607513031,0.577081392486968
1500,82,36260692,-2133.9861318799,-1992.34033167568,-1992.6278662649,4319.16480646944,4087.06574877062,4080.32759756197,-232.099057698818,-6.73815120865129,TRUE,TRUE,-0.483260509926411,3.79547230116192,0.390396269340538,0.609603730659462
1500,83,36260693,-2160.97727975909,-2013.83189474035,-2013.11060064685,4373.14710222782,4130.04887489996,4121.29306632588,-243.098227327863,-8.75580857407931,TRUE,TRUE,-0.548695772685007,3.78032467468583,0.397939159980492,0.602060840019508
1500,84,36260694,-2131.17232951147,-1996.88134598435,-1995.74165041313,4313.53720173257,4096.14777738797,4086.55516585844,-217.3894243446,-9.59261152952558,TRUE,TRUE,-0.498578178474873,3.87260197335846,0.393623443777542,0.606376556222458
1500,85,36260695,-2179.10906986989,-2034.74327924912,-2032.33514007387,4409.41068244941,4171.87164391751,4159.74214517991,-237.539038531895,-12.1294987375986,TRUE,TRUE,-0.506237398445934,3.79144904846179,0.407606616669133,0.592393383330867
1500,86,36260696,-2097.37356327435,-1975.06350197613,-1975.17406262359,4245.93966925834,4052.51208937152,4045.41999027936,-193.427579886812,-7.09209909216725,TRUE,TRUE,-0.473495360337866,3.79758021711167,0.344580577208812,0.655419422791188
1500,87,36260697,-2163.9896629746,-2009.07832544864,-2009.99363490659,4379.17186865884,4120.54173631654,4115.05913484535,-258.630132342294,-5.48260147119345,TRUE,TRUE,-0.496749768969406,3.81737596300944,0.418360337831747,0.581639662168253
1500,88,36260698,-2107.37538114667,-1967.19669843898,-1963.36029856766,4265.94330500297,4036.77848229722,4021.7924621675,-229.164822705744,-14.9860201297261,TRUE,TRUE,-0.521192978287919,3.81053761156063,0.394549112785742,0.605450887214257
1500,89,36260699,-2237.32127741173,-2067.35215962093,-2068.9760883404,4525.83509753308,4237.08940466112,4233.02404171298,-288.745692871964,-4.06536294814123,TRUE,TRUE,-0.480123074772456,3.76731317905822,0.458983637586877,0.541016362413124
1500,90,36260700,-2234.62180518385,-2078.53696863723,-2078.30248828641,4520.43615307733,4259.45902269372,4251.676841605,-260.977130383607,-7.78218108871988,TRUE,TRUE,-0.440561167584327,3.81986543513199,0.443589921574051,0.556410078425949
1500,91,36260701,-2226.37268185836,-2081.69588708735,-2083.9444105108,4503.93790642635,4265.77685959397,4262.96068605377,-238.16104683238,-2.81617354020182,TRUE,TRUE,-0.572271360913726,3.79357630772878,0.469611325602608,0.530388674397392
1500,92,36260702,-2218.94450405953,-2072.2728569443,-2072.99196590034,4489.0815508287,4246.93079930786,4241.05579683285,-242.15075152084,-5.87500247501339,TRUE,TRUE,-0.449812114635048,3.84737779513488,0.444421391055392,0.555578608944608
1500,93,36260703,-2198.33481102814,-2025.86612956411,-2024.86514610727,4447.86216476592,4154.11734454748,4144.80215724672,-293.744820218432,-9.31518730076823,TRUE,TRUE,-0.475817766262968,3.78965015970399,0.448070442744348,0.551929557255652
1500,94,36260704,-2270.04185163955,-2074.37086596794,-2075.12605720589,4591.27624598874,4251.12681735514,4245.32397944396,-340.149428633596,-5.80283791117745,TRUE,TRUE,-0.521640076763625,3.77535111122821,0.525101609900595,0.474898390099405
1500,95,36260705,-2121.93017364622,-1963.55856439278,-1964.06969496208,4295.05289000207,4029.50221420483,4023.21125495634,-265.550675797248,-6.29095924848662,TRUE,TRUE,-0.50773256611669,3.83799979336813,0.432852753554788,0.567147246445211
1500,96,36260706,-2210.69707530706,-2083.98937294155,-2082.14047417663,4472.58669332374,4270.36383130236,4259.35281338544,-202.22286202138,-11.011017916926,TRUE,TRUE,-0.424504183111315,3.79542552337363,0.403374664246691,0.596625335753309
1500,97,36260707,-2181.13247523455,-2044.5385279148,-2046.96149880641,4413.45749317873,4191.46214124887,4188.99486264499,-221.995351929867,-2.46727860387091,TRUE,TRUE,-0.533289261235453,3.79721047049728,0.390850609506001,0.609149390494
1500,98,36260708,-2210.55205281069,-2045.10722088454,-2046.49139217769,4472.29664833101,4192.59952718833,4188.05464938755,-279.697121142673,-4.54487780078034,TRUE,TRUE,-0.452897137964967,3.80760571950432,0.45747778822424,0.54252221177576
1500,99,36260709,-2224.68692299639,-2053.02131337901,-2051.27813473398,4500.56638870242,4208.42771217729,4197.62813450013,-292.138676525125,-10.799577677165,TRUE,TRUE,-0.493571390130823,3.78293444609627,0.46481105712396,0.535188942876039
1500,100,36260710,-2177.50864334321,-2038.72807300441,-2041.20164897096,4406.20982939605,4179.84123142809,4177.47516297409,-226.36859796796,-2.36606845400092,TRUE,TRUE,-0.539531902066918,3.8252726148673,0.421542890556308,0.578457109443692
1500,101,36260711,-2215.33365391591,-2066.23971978986,-2066.69138550651,4481.85985054145,4234.86452499899,4228.45463604519,-246.995325542461,-6.40988895379633,TRUE,TRUE,-0.49779073763756,3.77528359984762,0.404479385676446,0.595520614323554
1500,102,36260712,-2127.0622085097,-1984.38783409021,-1988.13232816449,4305.31695972902,4071.16075359968,4071.33652136115,-234.156206129344,0.175767761467341,TRUE,FALSE,-0.505163963256043,3.79652798539162,0.410534514844669,0.589465485155331
1500,103,36260713,-2198.20443507738,-2052.99873881815,-2051.54905373973,4447.60141286439,4208.38256305556,4198.16997251163,-239.218849808834,-10.2125905439279,TRUE,TRUE,-0.492855374490884,3.87299646017785,0.420711117195053,0.579288882804947
1500,104,36260714,-2206.63925349563,-2044.30796915898,-2044.73341831227,4464.47104970088,4191.00102373722,4184.53870165671,-273.470025963663,-6.46232208051515,TRUE,TRUE,-0.509997355318564,3.78572074000743,0.446729570124098,0.553270429875902
1500,105,36260715,-2193.44426439462,-2039.85835672975,-2036.98753662702,4438.08107149887,4182.10179887877,4169.04693828622,-255.979272620105,-13.0548605925442,TRUE,TRUE,-0.429732153294716,3.82204392048901,0.42494718598238,0.575052814017621
1500,106,36260716,-2211.86645641997,-2049.50157968852,-2049.4752926001,4474.92545554958,4201.38824479631,4194.02245023238,-273.537210753271,-7.36579456393247,TRUE,TRUE,-0.575034895751379,3.80898889246911,0.444088411225603,0.555911588774398
1500,107,36260717,-2126.5210394652,-2013.14407032226,-2013.52394536374,4304.23462164004,4128.67322606378,4122.11975575965,-175.561395576252,-6.55347030413304,TRUE,TRUE,-0.516322975359358,3.76245033202281,0.387589058084494,0.612410941915505
1500,108,36260718,-2095.03782402902,-1948.76298101631,-1948.39585173038,4241.26819076768,3999.91104745188,3991.86356849294,-241.357143315804,-8.04747895893297,TRUE,TRUE,-0.619896955411929,3.81367256342159,0.384209877869944,0.615790122130057
1500,109,36260719,-2227.98730742074,-2056.27561575831,-2053.64722286893,4507.16715755111,4214.93631693589,4202.36631077004,-292.230840615225,-12.5700061658463,TRUE,TRUE,-0.578434607345511,3.77150243250398,0.532237707484343,0.467762292515658
1500,110,36260720,-2236.80987482944,-2063.98224413464,-2063.47961469734,4524.81229236851,4230.34957368854,4222.03109442685,-294.462718679967,-8.31847926169485,TRUE,TRUE,-0.497420575770365,3.79458455890859,0.449708897305353,0.550291102694647
1500,111,36260721,-2164.52381159777,-1984.17826849763,-1985.36804444645,4380.24016590518,4070.74162241452,4065.80795392508,-309.498543490663,-4.9336684894356,TRUE,TRUE,-0.452133808935394,3.8292177793529,0.425871958844769,0.574128041155232
1500,112,36260722,-2222.79231395627,-2075.12681021755,-2073.74700531172,4496.77717062217,4252.63870585437,4242.56587565562,-244.138464767796,-10.072830198751,TRUE,TRUE,-0.52987061550773,3.78200303474003,0.440353109306819,0.559646890693181
1500,113,36260723,-2247.96983261693,-2098.35844200456,-2098.09942033293,4547.13220794349,4299.10196942838,4291.27070569804,-248.030238515112,-7.83126373033701,TRUE,TRUE,-0.519692199298037,3.76649080155046,0.507919426180228,0.492080573819772
1500,114,36260724,-2159.40250359986,-2019.67003248606,-2020.9383709123,4369.99754990935,4141.72515039138,4136.94860685677,-228.272399517966,-4.77654353460821,TRUE,TRUE,-0.55573900093663,3.79339647224014,0.399355766217278,0.600644233782722
1500,115,36260725,-2075.08206458614,-1945.80923617183,-1944.04051049574,4201.35667188191,3994.00355776293,3983.15288602365,-207.353114118986,-10.8506717392779,TRUE,TRUE,-0.44766319280734,3.80620455383117,0.399566362988393,0.600433637011607
1500,116,36260726,-2237.0268593685,-2113.34282053684,-2112.26381814527,4525.24626144662,4329.07072649294,4319.59950132271,-196.175534953685,-9.47122517023035,TRUE,TRUE,-0.507635083334016,3.82391712476814,0.397708976637867,0.602291023362133
1500,117,36260727,-2124.85370214042,-2001.82654060165,-1998.13991338273,4300.89994699047,4106.03816662256,4091.35169179764,-194.861780367909,-14.6864748249186,TRUE,TRUE,-0.531977420611308,3.81849088625987,0.368867805873356,0.631132194126644
1500,118,36260728,-2138.16946645017,-1986.03564176818,-1986.26370896836,4327.53147560997,4074.45636895562,4067.5992829689,-253.075106654343,-6.85708598672227,TRUE,TRUE,-0.560035750725611,3.81303747864069,0.437317529386617,0.562682470613383
1500,119,36260729,-2156.76734402957,-2007.54723430108,-2003.38053399994,4364.72723076877,4117.47955402142,4101.83293303205,-247.247676747349,-15.6466209893688,TRUE,TRUE,-0.628031831177168,3.75542947052793,0.391429043772687,0.608570956227313
1500,120,36260730,-2173.28270798764,-2013.94554084757,-2013.69401672788,4397.75795868491,4130.2761671144,4122.45989848794,-267.481791570514,-7.81626862646135,TRUE,TRUE,-0.499216335904663,3.77243201290502,0.450736342767021,0.549263657232979
1500,121,36260731,-2190.29863802487,-2028.41872616963,-2028.9893108516,4431.78981875937,4159.22253775853,4153.05048673538,-272.567281000836,-6.17205102314983,TRUE,TRUE,-0.487970645404313,3.81169928956037,0.455665403237368,0.544334596762632
1500,122,36260732,-2178.93539078887,-2053.60653860353,-2055.3612261047,4409.06332428737,4209.59816262631,4205.79431724157,-199.465161661056,-3.80384538474846,TRUE,TRUE,-0.381052560942651,3.78766384376232,0.373170874547627,0.626829125452374
1500,123,36260733,-2186.54940373429,-2036.92345229438,-2037.05290198379,4424.29135017822,4176.23199000802,4169.17766899976,-248.059360170203,-7.05432100826147,TRUE,TRUE,-0.483636335020113,3.82566976178379,0.40186151176815,0.59813848823185
1500,124,36260734,-2117.03169715164,-2003.50118562162,-2003.11613982873,4285.2559370129,4109.3874566625,4101.30414468963,-175.868480350404,-8.08331197287043,TRUE,TRUE,-0.592632126984287,3.80711977328589,0.34136108389327,0.658638916106731
1500,125,36260735,-2210.85556302046,-2048.12832329322,-2049.90111475002,4472.90366875056,4198.64173200571,4194.87409453221,-274.261936744846,-3.76763747350196,TRUE,TRUE,-0.555609164182706,3.80361939980662,0.44659042937578,0.55340957062422
1500,126,36260736,-2095.81184085651,-1933.12463002124,-1933.58577547304,4242.81622442265,3968.63434546174,3962.24341597825,-274.181878960912,-6.39092948348161,TRUE,TRUE,-0.469240714722365,3.81912200119863,0.376184424703817,0.623815575296184
1500,127,36260737,-2135.75155615101,-1964.04068478052,-1966.33805895073,4322.69565501166,4030.46645498031,4027.74798293363,-292.22920003135,-2.71847204667665,TRUE,TRUE,-0.455295605087675,3.84214892643208,0.38879145100296,0.61120854899704
1500,128,36260738,-2167.8023468615,-1995.97488090251,-1996.79528566623,4386.79723643264,4094.33484722429,4088.66243636463,-292.462389208346,-5.6724108596618,TRUE,TRUE,-0.515958763225767,3.81467718830866,0.452849269296506,0.547150730703494
1500,129,36260739,-2193.68443905332,-1998.78305293549,-2001.48183719708,4438.56142081627,4099.95119129024,4098.03553942633,-338.610229526025,-1.91565186391381,TRUE,TRUE,-0.483540734915241,3.81815594400772,0.420599471772475,0.579400528227526
1500,130,36260740,-2210.01094535506,-2083.62247410179,-2082.67160459465,4471.21443341976,4269.63003362284,4260.41507422147,-201.584399796924,-9.21495940136447,TRUE,TRUE,-0.389097460675758,3.77427383559425,0.405258451642806,0.594741548357194
1500,131,36260741,-2199.55139264026,-2047.73404285411,-2047.74529837104,4450.29532799016,4197.85317112749,4190.56246177426,-252.442156862665,-7.29070935323307,TRUE,TRUE,-0.53352195762475,3.80943111124864,0.438248891766619,0.561751108233381
1500,132,36260742,-2185.21927919854,-2048.10793880072,-2046.97501226646,4421.63110110671,4198.6009630207,4189.02188956509,-223.030138086008,-9.57907345561398,TRUE,TRUE,-0.525405219275465,3.80182488767741,0.418399247033804,0.581600752966196
1500,133,36260743,-2075.19726768509,-1972.25969659242,-1973.72099046017,4201.58707807982,4046.9044786041,4042.51384595252,-154.682599475717,-4.39063265158347,TRUE,TRUE,-0.391035555885035,3.79961150786456,0.304720120755937,0.695279879244064
1500,134,36260744,-2170.11565272442,-2013.85973518169,-2014.47539074622,4391.42384815846,4130.10455578264,4124.02264652461,-261.319292375823,-6.08190925803137,TRUE,TRUE,-0.553236191666314,3.75403330072403,0.414077530277313,0.585922469722687
1500,135,36260745,-2198.48557000827,-2037.12527957093,-2038.55590065243,4448.16368272618,4176.63564456112,4172.18366633704,-271.52803816506,-4.45197822408227,TRUE,TRUE,-0.585502524525522,3.80301316962611,0.426856619792713,0.573143380207287
1500,136,36260746,-2234.95357917737,-2084.24341222239,-2084.40916439259,4521.09970106437,4270.87190986404,4263.89019381736,-250.227791200329,-6.98171604667732,TRUE,TRUE,-0.420119862406758,3.78991037023304,0.435773625216622,0.564226374783378
1500,137,36260747,-2153.53285430893,-2019.72471466149,-2018.37294157344,4358.2582513275,4141.83451474224,4131.81774817905,-216.423736585258,-10.0167665631825,TRUE,TRUE,-0.557056725303918,3.82348477046759,0.410524206969223,0.589475793030777
1500,138,36260748,-2165.09921744219,-2042.1153011522,-2041.77584872537,4381.39097759402,4186.61568772366,4178.62356248292,-194.775289870359,-7.99212524073664,TRUE,TRUE,-0.521010329149404,3.80529231881985,0.368431962741102,0.631568037258898
1500,139,36260749,-2238.03528155183,-2018.95184616817,-2016.87333349689,4527.26310581328,4140.2887777556,4128.81853202596,-386.974328057682,-11.4702457296453,TRUE,TRUE,-0.407547470296362,3.81124442211805,0.503855087012836,0.496144912987164
1500,140,36260750,-2140.21772519661,-2026.37789648748,-2027.00384576011,4331.62799310286,4155.14087839422,4149.07955655239,-176.487114708633,-6.06132184183389,TRUE,TRUE,-0.470768013755893,3.80117016232924,0.319683722469626,0.680316277530374
1500,141,36260751,-2158.08547597721,-2026.32392098077,-2024.08248104745,4367.36349466404,4155.0329273808,4143.23682712708,-212.330567283243,-11.7961002537168,TRUE,TRUE,-0.479503408220412,3.77887122766997,0.413859817197745,0.586140182802256
1500,142,36260752,-2093.70634785653,-1968.27288188827,-1968.53622253845,4238.6052384227,4038.9308491958,4032.14431010908,-199.674389226899,-6.78653908672186,TRUE,TRUE,-0.473080244262349,3.804444017441,0.323986538320367,0.676013461679633
1500,143,36260753,-2148.6445176468,-2022.09134470274,-2020.26336786682,4348.48157800323,4146.56777482475,4135.59860076581,-201.913803178481,-10.9691740589342,TRUE,TRUE,-0.553173780355428,3.7663405289216,0.422215712973136,0.577784287026864
1500,144,36260754,-2186.69371605261,-2027.62377557455,-2027.67008254355,4424.57997481486,4157.63263656837,4150.41203011928,-266.947338246488,-7.2206064490847,TRUE,TRUE,-0.530607422134473,3.77654723805537,0.449932785609531,0.550067214390469
1500,145,36260755,-2224.0181271271,-2045.05317495672,-2043.68522331282,4499.22879696382,4192.4914353327,4182.44231165782,-306.737361631122,-10.049123674883,TRUE,TRUE,-0.530147332546284,3.83414444725844,0.48120405912142,0.51879594087858
1500,146,36260756,-2134.9970393317,-1985.53840032555,-1989.22926108527,4321.18662137302,4073.46188607036,4073.53038720271,-247.724735302661,0.0685011323475919,TRUE,FALSE,-0.528702218041732,3.78630719199653,0.437396580588266,0.562603419411734
1500,147,36260757,-2163.34911883684,-2034.4278065171,-2030.82858815952,4377.89078038332,4171.24069845346,4156.72904135122,-206.650081929854,-14.5116571022409,TRUE,TRUE,-0.594657324063334,3.7614758468279,0.36855186843675,0.63144813156325
1500,148,36260758,-2160.73309605308,-2008.55333961126,-2008.82122344384,4372.6587348158,4119.49176464178,4112.71431191985,-253.166970174022,-6.77745272192715,TRUE,TRUE,-0.601508936520681,3.79960147163444,0.421646138179642,0.578353861820358
1500,149,36260759,-2156.99992505457,-2029.00478885076,-2028.48898798266,4365.19239281877,4160.39466312078,4152.04984099749,-204.797729697986,-8.34482212329021,TRUE,TRUE,-0.46995827051758,3.78283554217796,0.391211449812431,0.608788550187569
1500,150,36260760,-2203.99009054281,-2051.72900489113,-2052.89409397987,4459.17272379525,4205.84309520153,4200.86005299192,-253.329628593725,-4.98304220960927,TRUE,TRUE,-0.454247439947999,3.80302552970893,0.44754947892534,0.55245052107466
1500,151,36260761,-2267.11497309126,-2091.28905499301,-2091.09787193657,4585.42248889216,4284.96319540529,4277.26760890532,-300.459293486872,-7.69558649996816,TRUE,TRUE,-0.431910359400596,3.80473035963756,0.441329728755455,0.558670271244545
1500,152,36260762,-2185.090422934,-2038.63682528338,-2040.40389997053,4421.37338857763,4179.65873598603,4175.87966497322,-241.714652591593,-3.77907101280744,TRUE,TRUE,-0.482710125207629,3.81399282338218,0.424363294085631,0.575636705914369
1500,153,36260763,-2224.69486670672,-2046.50503423593,-2044.45189075653,4500.58227612308,4195.39515389112,4183.97564654524,-305.187122231955,-11.4195073458832,TRUE,TRUE,-0.440578267742975,3.80799984436232,0.505983842133771,0.494016157866229
1500,154,36260764,-2254.75105270205,-2077.0969250245,-2078.47404586361,4560.69464811373,4256.57893546826,4252.0199567594,-304.115712645478,-4.55897870885383,TRUE,TRUE,-0.497050111942882,3.74021927630289,0.48890714645366,0.511092853546341
1500,155,36260765,-2227.4130242628,-2030.65471276219,-2031.05018632633,4506.01859123523,4163.69451094365,4157.17223768484,-342.324080291587,-6.52227325880267,TRUE,TRUE,-0.574492878555976,3.80163750649383,0.45017245631727,0.54982754368273
1500,156,36260766,-2286.86840777403,-2091.60654130349,-2093.92819461587,4624.92935825768,4285.59816802624,4282.92825426391,-339.331190231447,-2.66991376233182,TRUE,TRUE,-0.494898663103926,3.8371996028992,0.468710252230693,0.531289747769307
1500,157,36260767,-2237.68520184374,-2080.19314521323,-2078.37644285324,4526.5629463971,4262.77137584573,4251.82475073866,-263.791570551377,-10.9466251070698,TRUE,TRUE,-0.482333344333578,3.8054533439605,0.471886398627617,0.528113601372383
1500,158,36260768,-2199.15615570735,-2021.02652917474,-2021.9242083533,4449.50485412433,4144.43814376875,4138.92028173876,-305.066710355582,-5.51786202998483,TRUE,TRUE,-0.581526672580033,3.80705012934487,0.431687636365492,0.568312363634507
1500,159,36260769,-2212.83712909184,-2039.76168449386,-2041.80978434034,4476.8668008933,4181.90845440698,4178.69143371286,-294.958346486327,-3.21702069411549,TRUE,TRUE,-0.485617147076024,3.81865368913328,0.413284969915752,0.586715030084248
1500,160,36260770,-2186.66535563273,-2030.63719656768,-2029.43643640831,4424.5232539751,4163.65947855462,4153.94473784879,-260.863775420476,-9.71474070583008,TRUE,TRUE,-0.501079751221757,3.7820117161574,0.463127930261168,0.536872069738832
1500,161,36260771,-2268.50637662213,-2118.7785913108,-2118.53434376639,4588.20529595389,4339.94226804087,4332.14055256495,-248.26302791302,-7.80171547592363,TRUE,TRUE,-0.465595604388024,3.79028944153136,0.432586788060012,0.567413211939988
1500,162,36260772,-2168.14714145712,-2010.14583193207,-2010.81548581083,4387.48682562387,4122.6767492834,4116.70283665384,-264.810076340465,-5.97391262955898,TRUE,TRUE,-0.517795317862879,3.80467214097261,0.460115758105272,0.539884241894728
1500,163,36260773,-2090.49006464999,-1961.42751809895,-1961.3369906193,4232.17267200962,4025.24012161716,4017.74584627076,-206.932550392459,-7.4942753463979,TRUE,TRUE,-0.493360430044944,3.80923785845552,0.358178527211202,0.641821472788799
1500,164,36260774,-2194.84108689848,-2042.8703190672,-2041.70302812073,4440.8747165066,4188.12572355366,4178.47792127363,-252.748992952943,-9.64780228002655,TRUE,TRUE,-0.427862096276616,3.78346935705156,0.418004749330895,0.581995250669105
1500,165,36260775,-2276.7870302155,-2115.5961957886,-2114.9280550198,4604.76660314062,4333.57747699645,4324.92797507177,-271.189126144169,-8.64950192468132,TRUE,TRUE,-0.562630900874464,3.78294798201443,0.502116864817106,0.497883135182893
1500,166,36260776,-2202.47345496207,-2036.29521616264,-2037.33528359857,4456.13945263377,4174.97551774455,4169.7424322293,-281.163934889217,-5.23308551524406,TRUE,TRUE,-0.578105010252629,3.78695835544625,0.441569286654783,0.558430713345217
1500,167,36260777,-2137.40353029879,-1983.19160402976,-1983.51141426966,4325.9996033072,4068.76829347879,4062.09469357149,-257.231309828409,-6.6735999073021,TRUE,TRUE,-0.508464775561476,3.78433377207245,0.398725422204726,0.601274577795276
1500,168,36260778,-2190.39312790655,-2021.0368101543,-2019.7222210167,4431.97879852273,4144.45870572786,4134.51630706558,-287.520092794878,-9.94239866228054,TRUE,TRUE,-0.529622496954042,3.78225103417954,0.440690767538325,0.559309232461675
1500,169,36260779,-2271.50024524284,-2102.55883911016,-2102.18036732218,4594.19303319532,4307.50276363958,4299.43259967653,-286.690269555739,-8.07016396305062,TRUE,TRUE,-0.494150016434924,3.81808824544757,0.444401650691125,0.555598349308874
1500,170,36260780,-2274.72521304227,-2111.05876010052,-2113.02968970996,4600.64296879418,4324.5026056203,4321.1312444521,-276.140363173886,-3.3713611681942,TRUE,TRUE,-0.464242468152699,3.77297155997025,0.476500240362164,0.523499759637835
1500,171,36260781,-2182.10117311195,-2044.34675308821,-2042.82715829202,4415.39488893353,4191.07859159569,4180.72618161621,-224.316297337838,-10.3524099794795,TRUE,TRUE,-0.521925211185555,3.8218998554699,0.432006047835837,0.567993952164162
1500,172,36260782,-2295.33411881885,-2141.12142899711,-2142.87387449602,4641.86078034733,4384.62794341347,4380.81961402422,-257.232836933852,-3.80832938925414,TRUE,TRUE,-0.469197659346919,3.81596435071456,0.484668677352613,0.515331322647387
1500,173,36260783,-2199.10211849186,-2065.00835813239,-2068.10943663428,4449.39677969336,4232.40180168405,4231.29073830073,-216.994978009306,-1.11106338332138,TRUE,TRUE,-0.562807023483441,3.79134420157532,0.409628625215698,0.590371374784302
1500,174,36260784,-2268.05148262424,-2119.29994485919,-2116.92801021423,4587.29550795812,4340.98497513765,4328.92788546064,-246.31053282047,-12.0570896770105,TRUE,TRUE,-0.483109728987906,3.74586683439557,0.423035533613065,0.576964466386935
1500,175,36260785,-2201.88104939421,-2046.38654577503,-2045.4174500463,4454.95464149806,4195.15817696932,4185.90676512478,-259.796464528735,-9.25141184454424,TRUE,TRUE,-0.478136319235414,3.79500755107027,0.405812503489303,0.594187496510697
1500,176,36260786,-2219.67397640346,-2081.81872380035,-2080.68451722058,4490.54049551656,4266.02253301996,4256.44089947333,-224.5179624966,-9.58163354663066,TRUE,TRUE,-0.545631758286357,3.83332094742273,0.41300486796464,0.58699513203536
1500,177,36260787,-2174.13482143014,-2023.35628156815,-2023.84868209633,4399.46218556992,4149.09764855556,4142.76922922483,-250.364537014356,-6.3284193307336,TRUE,TRUE,-0.508475788377413,3.77006253896334,0.41162136866778,0.58837863133222
1500,178,36260788,-2034.2454032801,-1923.73430912238,-1922.35354850665,4119.68334926984,3949.85370366403,3939.77896204547,-169.829645605811,-10.07474161856,TRUE,TRUE,-0.567649008755533,3.82225673647225,0.297829741198247,0.702170258801752
1500,179,36260789,-2155.71359044941,-1998.37682595268,-1998.71136297711,4362.61972360846,4099.13873732463,4092.4945909864,-263.480986283827,-6.64414633823117,TRUE,TRUE,-0.521609867573862,3.80996933773877,0.406754633821948,0.593245366178052
1500,180,36260790,-2102.83457570097,-1964.96326750754,-1961.62436101344,4256.86169411157,4032.31162043434,4018.32058705906,-224.550073677227,-13.9910333752782,TRUE,TRUE,-0.53626233540596,3.78039827046531,0.396812861995619,0.603187138004381
1500,181,36260791,-2176.02931551603,-2039.3225532429,-2041.47387398842,4403.25117374169,4181.03019190507,4178.01961300901,-222.220981836615,-3.01057889606091,TRUE,TRUE,-0.516684533112613,3.77770744700816,0.407348780354909,0.592651219645091
1500,182,36260792,-2158.62716090672,-2042.24262976044,-2040.74289326257,4368.44686452308,4186.87034494014,4176.55765155732,-181.576519582938,-10.3126933828244,TRUE,TRUE,-0.532465331942416,3.77661148438299,0.377611664388449,0.622388335611551
1500,183,36260793,-2214.71372822328,-2050.49727981169,-2048.81864006962,4480.6199991562,4203.37964504263,4192.70914517142,-277.240354113566,-10.6704998712175,TRUE,TRUE,-0.58625791473982,3.79526177349978,0.43417904737087,0.56582095262913
1500,184,36260794,-2137.09612137923,-1957.04394599665,-1954.881151167,4325.3847854681,4016.47297741257,4004.83416736616,-308.911808055526,-11.638810046406,TRUE,TRUE,-0.513241797067135,3.81944993392763,0.395263584668992,0.604736415331009
1500,185,36260795,-2297.9225564974,-2122.85816549176,-2120.29696108802,4647.03765570444,4348.10141640278,4335.66578720822,-298.936239301652,-12.4356291945614,TRUE,TRUE,-0.526539590986891,3.79956010038789,0.45845323496783,0.54154676503217
1500,186,36260796,-2292.60705568295,-2102.92522799273,-2103.70605710118,4636.40665407552,4308.23554140472,4302.48397923453,-328.171112670808,-5.75156217018593,TRUE,TRUE,-0.494403091076721,3.79854644807984,0.466935282752913,0.533064717247087
1500,187,36260797,-2188.00140784415,-2061.42646997898,-2060.85242686477,4427.19535839793,4225.23802537722,4216.77671876172,-201.957333020703,-8.46130661550524,TRUE,TRUE,-0.447135997716787,3.78347097247416,0.405214116967112,0.594785883032889
1500,188,36260798,-2237.4898757465,-2044.70998916168,-2044.88855676459,4526.17229420262,4191.80506374262,4184.84897856136,-334.367230460005,-6.95608518126119,TRUE,TRUE,-0.484069602437391,3.78725547436437,0.477703435090145,0.522296564909854
1500,189,36260799,-2194.70350497109,-2061.54432101447,-2062.3273557001,4440.59955265181,4225.47372744821,4219.72657643238,-215.125825203597,-5.74715101583024,TRUE,TRUE,-0.427974201658626,3.77403684162035,0.390862114670586,0.609137885329413
1500,190,36260800,-2157.37355352575,-2026.20154044551,-2026.26295439518,4365.93964976113,4154.78816631029,4147.59777382254,-211.151483450845,-7.1903924877488,TRUE,TRUE,-0.481650841203829,3.78863690188101,0.361670130012977,0.638329869987022
1500,191,36260801,-2199.85179399239,-2045.57969040378,-2043.4748840941,4450.89613069442,4193.54446622683,4182.02163322038,-257.351664467588,-11.5228330064529,TRUE,TRUE,-0.534763228515173,3.79557899698503,0.46715954394746,0.53284045605254
1500,192,36260802,-2061.3136559194,-1957.58709913623,-1955.98521863853,4173.81985454843,4017.55928369173,4007.04230230923,-156.260570856703,-10.5169813824996,TRUE,TRUE,-0.555990420118471,3.79707028158382,0.320725824398917,0.679274175601083
1500,193,36260803,-2170.94708353896,-2004.82546147426,-2004.72146609686,4393.08670978754,4112.03600836779,4104.51479722589,-281.050701419756,-7.52121114189777,TRUE,TRUE,-0.486951645489491,3.80538210034305,0.41420811677935,0.58579188322065
1500,194,36260804,-2102.84096665031,-1972.67751429756,-1971.89368008866,4256.87447601025,4047.74011401439,4038.8592252095,-209.13436199586,-8.88088880489704,TRUE,TRUE,-0.595878435635901,3.83087126754393,0.407308011805692,0.592691988194307
1500,195,36260805,-2151.85985568014,-2011.80133143161,-2011.14789297866,4354.91225406991,4125.98774828248,4117.36765098949,-228.924505787427,-8.62009729299007,TRUE,TRUE,-0.498132922867768,3.8370640837754,0.364130508500736,0.635869491499264
1500,196,36260806,-2195.07109656923,-2038.26349773949,-2033.14759795403,4441.33473584809,4178.91208089825,4161.36706094023,-262.422654949841,-17.5450199580173,TRUE,TRUE,-0.494998661172437,3.80529556278756,0.408317092592397,0.591682907407602
1500,197,36260807,-2148.29133924373,-1995.35026076527,-1996.67058560232,4347.77522119709,4093.0856069498,4088.4130362368,-254.689614247291,-4.67257071299491,TRUE,TRUE,-0.489820494242576,3.84561810157213,0.398706975457188,0.601293024542812
1500,198,36260808,-2199.49763127413,-2047.56307451656,-2047.62334201679,4450.1878052579,4197.51123445239,4190.31854906575,-252.676570805504,-7.19268538664528,TRUE,TRUE,-0.592264174897922,3.81923251867831,0.42123423223684,0.57876576776316
1500,199,36260809,-2145.7087231892,-1993.56699862444,-1993.72510200093,4342.60998908804,4089.51908266813,4082.52206903403,-253.090906419903,-6.99701363410213,TRUE,TRUE,-0.533759511576652,3.80129932943877,0.388703262670289,0.611296737329711
1500,200,36260810,-2229.83696133736,-2087.16986399111,-2088.8647036966,4510.86646538435,4276.72481340149,4272.80127242537,-234.141651982861,-3.92354097611042,TRUE,TRUE,-0.489164360777662,3.80948842297953,0.47202120910343,0.52797879089657
5000,1,71260611,-7375.2277645629,-6856.47863602827,-6856.37439749499,14810.0758814657,13832.1979767364,13823.4723064784,-977.877904729357,-8.72567025795979,TRUE,TRUE,-0.518336249330068,3.79394161742564,0.436734689031568,0.56326531096843
5000,2,71260612,-7223.56956303661,-6741.20230658673,-6741.48126275939,14506.7594784131,13601.6453178533,13593.6860370072,-905.114160559851,-7.95928084608386,TRUE,TRUE,-0.521895525479865,3.79995653762558,0.394410141417401,0.6055898585826
5000,3,71260613,-7293.01827584434,-6809.58094730068,-6809.08967082787,14645.6569040286,13738.4025992812,13728.9028531442,-907.254304747399,-9.49974613704217,TRUE,TRUE,-0.558028401658562,3.80604431429876,0.417568951757913,0.582431048242089
5000,4,71260614,-7263.37314347341,-6747.65919011044,-6747.79543438636,14586.3666392867,13614.5590849007,13606.3143802611,-971.807554386025,-8.24470463958642,TRUE,TRUE,-0.526524461488537,3.80420181536476,0.404348197195854,0.595651802804148
5000,5,71260615,-7235.57724877723,-6752.67838374053,-6752.35555461842,14530.7748498944,13624.5974721609,13615.4346207253,-906.177377733489,-9.16285143562527,TRUE,TRUE,-0.468848142828771,3.81696666931415,0.402502873438797,0.597497126561205
5000,6,71260616,-7361.55454490248,-6865.7961290458,-6866.21521164995,14782.7294421449,13850.8329627714,13843.1539347883,-931.896479373441,-7.6790279831057,TRUE,TRUE,-0.491011467689405,3.78851536091485,0.402600383969789,0.597399616030212
5000,7,71260617,-7257.15443169498,-6769.78555219648,-6769.99380680368,14573.9292157299,13658.8118090728,13650.7111250958,-915.117406657084,-8.1006839770107,TRUE,TRUE,-0.488420599501911,3.79515672980284,0.404620880976611,0.595379119023388
5000,8,71260618,-7387.87634915934,-6844.90502265911,-6846.15325508639,14835.3730506586,13809.050749998,13803.0300216612,-1026.32230066055,-6.02072833684724,TRUE,TRUE,-0.491357204092679,3.77869435316199,0.46559363637547,0.53440636362453
5000,9,71260619,-7454.16314871164,-6868.6484840247,-6872.90516084594,14967.9466497632,13856.5376727292,13856.5338331803,-1111.40897703396,-0.00383954895005445,TRUE,TRUE,-0.561198495225209,3.78359526312007,0.486468528675814,0.513531471324186
5000,10,71260620,-7351.69060169961,-6830.70907773723,-6830.10685218638,14763.0015557391,13780.6588601543,13770.9372158612,-982.34269558485,-9.72164429309669,TRUE,TRUE,-0.496896802076925,3.80795940317042,0.408688441597313,0.591311558402688
5000,11,71260621,-7089.85831361934,-6678.27691534271,-6670.38549333635,14239.3369795786,13475.7945353652,13451.4944981611,-763.542444213352,-24.3000372041333,TRUE,TRUE,-0.483677907323731,3.79535204115354,0.376416259373251,0.623583740626749
5000,12,71260622,-7070.01715531777,-6600.62320298533,-6600.96157916685,14199.6546629754,13320.4871106505,13312.6466698221,-879.167552324956,-7.84044082838045,TRUE,TRUE,-0.527162365833834,3.79407356493779,0.385366256716318,0.614633743283682
5000,13,71260623,-7252.30646020077,-6739.95054025565,-6738.58713749401,14564.2332727415,13599.1417851911,13587.8977864764,-965.091487550346,-11.24399871469,TRUE,TRUE,-0.516059422333503,3.82069980448935,0.415279142397595,0.584720857602405
5000,14,71260624,-7443.67044604718,-6943.646593574,-6943.07189282481,14946.9612444343,14006.5338918278,13996.867297138,-940.427352606443,-9.66659468979014,TRUE,TRUE,-0.525893697645176,3.80901879693937,0.436986748940568,0.563013251059432
5000,15,71260625,-7302.60541389385,-6844.29114883201,-6844.48751820519,14664.8311801276,13807.8230023439,13799.6985478988,-857.00817778376,-8.12445444505647,TRUE,TRUE,-0.509561835690706,3.77237461319036,0.399017586429803,0.600982413570196
5000,16,71260626,-7269.50767130934,-6705.3341139211,-6705.42926691855,14598.6356949586,13529.908932522,13521.5820453255,-1068.72676243655,-8.32688719652651,TRUE,TRUE,-0.462428783136053,3.79731794942183,0.430688701262126,0.569311298737874
5000,17,71260627,-7432.46255362061,-6916.53125896374,-6914.52893326816,14924.5454595811,13952.3032226073,13939.7813780247,-972.242236973832,-12.5218445825758,TRUE,TRUE,-0.517214192416846,3.77706901882844,0.45119277931359,0.54880722068641
5000,18,71260628,-7124.70302267989,-6661.60433091832,-6667.66776894822,14309.0263976997,13442.4493665165,13446.0590493849,-866.577031183222,3.60968286838215,TRUE,FALSE,-0.526818894689271,3.80263614736162,0.392478117218767,0.607521882781232
5000,19,71260629,-7228.10786578621,-6769.03680179369,-6770.07172098933,14515.8360839123,13657.3143082672,13650.8669534671,-858.521775645126,-6.44735480013514,TRUE,TRUE,-0.462843090996466,3.78897336828276,0.405807840669796,0.594192159330206
5000,20,71260630,-7340.14981082093,-6827.71287271596,-6829.55547862372,14739.9199739818,13774.6664501117,13769.8344687359,-965.253523870026,-4.83198137589716,TRUE,TRUE,-0.489276808996419,3.79452336368407,0.418756311036816,0.581243688963183
5000,21,71260631,-7362.32071029935,-6792.46819860356,-6793.54643171647,14784.2617729386,13704.177101887,13697.8163749213,-1080.08467105166,-6.36072696560768,TRUE,TRUE,-0.549886553521283,3.82774796706002,0.46360293538571,0.53639706461429
5000,22,71260632,-7083.10346935657,-6646.85136717034,-6646.29906012359,14225.827291053,13412.9434390205,13403.3216317356,-812.88385203255,-9.62180728490239,TRUE,TRUE,-0.503891810436358,3.82497198681335,0.371421453618211,0.62857854638179
5000,23,71260633,-7299.2608367615,-6789.20937835774,-6789.44247742545,14658.1420258629,13697.6594613953,13689.6084663393,-960.482564467622,-8.05099505599719,TRUE,TRUE,-0.509673933893493,3.79191934679492,0.434263798864121,0.56573620113588
5000,24,71260634,-7248.15261428529,-6803.05559965183,-6801.65210982975,14555.9255809105,13725.3519039835,13714.0277311479,-830.573676927004,-11.3241728355624,TRUE,TRUE,-0.502012000153605,3.79266987278951,0.408925109615165,0.591074890384835
5000,25,71260635,-7234.92803717473,-6685.15473332524,-6684.21488876034,14529.4764266894,13489.5501713303,13479.1532890091,-1039.92625535907,-10.3968823212217,TRUE,TRUE,-0.484163200047509,3.80209625122251,0.42643280051722,0.573567199482779
5000,26,71260636,-7205.72854497422,-6736.23424978529,-6736.70859335853,14471.0774422884,13591.7092042504,13584.1406982055,-879.368238037947,-7.56850604492683,TRUE,TRUE,-0.485411069970186,3.79295086715227,0.407541787808,0.592458212192001
5000,27,71260637,-7155.92887358379,-6673.02061678405,-6674.35822230691,14371.4780995075,13465.2819382479,13459.4399561022,-906.196161259582,-5.84198214568096,TRUE,TRUE,-0.515062312988468,3.78569404881945,0.405107345569477,0.594892654430523
5000,28,71260638,-7327.52243284367,-6844.93972648558,-6847.50568791453,14714.6652180273,13809.120157651,13805.7348873175,-905.545060376266,-3.38527033351056,TRUE,TRUE,-0.466145043922927,3.79897174356076,0.406739009690611,0.593260990309389
5000,29,71260639,-7233.23103533837,-6718.27033533791,-6716.52083580089,14526.0824230167,13555.7813753557,13543.7651830902,-970.301047660996,-12.0161922654661,TRUE,TRUE,-0.483640426400287,3.79212428593346,0.440151411849505,0.559848588150496
5000,30,71260640,-7325.36825278883,-6819.155468597,-6816.65832530276,14710.3568579176,13757.5516418738,13744.0401620939,-952.805216043764,-13.5114797798924,TRUE,TRUE,-0.539344444220452,3.81422240141047,0.424460894903367,0.575539105096633
5000,31,71260641,-7494.86727302024,-6926.12060448053,-6926.75563896705,15049.3548983804,13971.4819136409,13964.2347894225,-1077.87298473949,-7.24712421838558,TRUE,TRUE,-0.535343497651549,3.80272960784616,0.473088423541309,0.526911576458691
5000,32,71260642,-7201.78239521801,-6684.09751806607,-6685.22466485665,14463.1851427759,13487.435740812,13481.1728412017,-975.749401963973,-6.26289961024668,TRUE,TRUE,-0.507854446812848,3.78337624783295,0.399762639957842,0.600237360042157
5000,33,71260643,-7144.66566633388,-6649.61160445861,-6649.09405608311,14348.9516850077,13418.463913597,13408.9116236546,-930.487771410631,-9.5522899424177,TRUE,TRUE,-0.513836944314404,3.79711051671109,0.413445118716031,0.586554881283969
5000,34,71260644,-7097.09554181307,-6707.2998555856,-6705.99618205613,14253.8114359661,13533.840415851,13522.7158756007,-719.971020115025,-11.1245402503573,TRUE,TRUE,-0.497265937642789,3.77899839036819,0.358662027954663,0.641337972045338
5000,35,71260645,-7231.40232419369,-6808.98331381541,-6809.24336266048,14522.4250007273,13737.2073323106,13729.2102368094,-785.21766841665,-7.99709550127591,TRUE,TRUE,-0.46566691327754,3.81199927693966,0.376902360964855,0.623097639035147
5000,36,71260646,-7401.97413404766,-6869.76630969724,-6872.11684829883,14863.5686204352,13858.7733240743,13854.9572080861,-1004.79529636093,-3.81611598824384,TRUE,TRUE,-0.462376784171279,3.80728106799852,0.452084183926971,0.54791581607303
5000,37,71260647,-7258.20426180804,-6818.12551157344,-6816.64501623299,14576.028875956,13755.4917278267,13744.0135439544,-820.537148129282,-11.4781838723266,TRUE,TRUE,-0.505776609689502,3.80406030825024,0.407887566103549,0.592112433896451
5000,38,71260648,-7318.09347232395,-6851.17198227056,-6854.71171956664,14695.8072969878,13821.584669221,13820.1469506217,-874.222627766863,-1.4377185992671,TRUE,TRUE,-0.515429677762541,3.81142039296919,0.424176705272274,0.575823294727728
5000,39,71260649,-7290.38212150391,-6763.15434575283,-6761.616276971,14640.3845953477,13645.5493961855,13633.9560654304,-994.835199162235,-11.593330755084,TRUE,TRUE,-0.527589167991715,3.78387234280691,0.421762395900222,0.578237604099779
5000,40,71260650,-7341.53983390084,-6873.25600301629,-6872.73321437202,14742.7000201416,13865.7527107124,13856.1899402324,-876.947309429175,-9.56277047996446,TRUE,TRUE,-0.507150821089888,3.79256533900713,0.449517453233886,0.550482546766113
5000,41,71260651,-7337.94950594487,-6810.13834355671,-6808.32258240421,14735.5193642297,13739.5173917933,13727.3686762968,-996.001972436405,-12.1487154964198,TRUE,TRUE,-0.502400466895253,3.79842225045482,0.442333722443435,0.557666277556565
5000,42,71260652,-7109.54647753891,-6653.50074296682,-6655.05011312773,14278.7133074177,13426.2421906135,13420.8237377439,-852.471116804263,-5.41845286960597,TRUE,TRUE,-0.534628777769481,3.80972075886226,0.388001698211789,0.61199830178821
5000,43,71260653,-7330.10901660408,-6769.39256038945,-6767.77035621426,14719.8383855481,13658.0258254587,13646.2642239169,-1061.81256008934,-11.7616015418007,TRUE,TRUE,-0.520636262292411,3.80879368655598,0.44881516235651,0.551184837643492
5000,44,71260654,-7184.59233385234,-6702.30198078483,-6702.53149793433,14428.8050200446,13523.8446662495,13515.7865073571,-904.960353795106,-8.05815889242876,TRUE,TRUE,-0.53026369789678,3.79367916210681,0.398289282589789,0.601710717410212
5000,45,71260655,-7126.87207525485,-6716.1993461076,-6715.93164394032,14313.3645028496,13551.639396895,13542.586799369,-761.725105954585,-9.05259752598795,TRUE,TRUE,-0.533839790945086,3.81447551421646,0.37831041390126,0.621689586098741
5000,46,71260656,-7244.20068468328,-6721.64218066027,-6720.92926976013,14548.0217217065,13562.5250660004,13552.5820510087,-985.496655706107,-9.94301499169705,TRUE,TRUE,-0.539250308275758,3.79817343052518,0.431267383349753,0.568732616650248
5000,47,71260657,-7250.10617234699,-6718.37199466258,-6716.07468638688,14559.8326970339,13555.984694005,13542.8728842622,-1003.84800302892,-13.1118097428043,TRUE,TRUE,-0.474499010549606,3.80033872578359,0.415971963740068,0.584028036259932
5000,48,71260658,-7588.55571422178,-6973.7125299563,-6971.30572002004,15236.7317807835,14066.6657645924,14053.3349515285,-1170.06601619105,-13.3308130639416,TRUE,TRUE,-0.52293183086889,3.78473913001228,0.492031027906137,0.507968972093862
5000,49,71260659,-7208.28434452201,-6712.00812504439,-6713.19395184812,14476.1890413839,13543.2569547686,13537.1114151846,-932.93208661533,-6.14553958396573,TRUE,TRUE,-0.509022423004143,3.79785160492296,0.400391622758492,0.599608377241508
5000,50,71260660,-7326.74403277905,-6869.63352468978,-6870.92412944939,14713.108417898,13858.5077540594,13852.5717703872,-854.600663838622,-5.93598367220147,TRUE,TRUE,-0.516410019435728,3.80058432698912,0.410637295479375,0.589362704520627
5000,51,71260661,-7279.23889487971,-6786.46662377413,-6787.12455780799,14618.0981420993,13692.1739522281,13684.9726271044,-925.924189871244,-7.20132512370583,TRUE,TRUE,-0.478179256777748,3.806475718413,0.428239750081017,0.571760249918981
5000,52,71260662,-7304.9791234558,-6728.89349077653,-6727.76314281154,14669.5785992515,13577.0276862329,13566.2497971115,-1092.55091301863,-10.7778891213911,TRUE,TRUE,-0.52658041094898,3.80728320459501,0.433320883621919,0.56667911637808
5000,53,71260663,-7356.77776508535,-6839.91507869066,-6840.3650620684,14773.1758825106,13799.0708620611,13791.4536356252,-974.105020449471,-7.61722643593203,TRUE,TRUE,-0.487561550795369,3.81053859922681,0.435888012615394,0.564111987384607
5000,54,71260664,-7275.4858879505,-6774.85728085027,-6775.39333980982,14610.5921282409,13668.9552663804,13661.5101911081,-941.636861860539,-7.44507527231872,TRUE,TRUE,-0.507899163611285,3.79761504654212,0.437704098008468,0.562295901991533
5000,55,71260665,-7389.23745383531,-6909.26327205478,-6908.60200482779,14838.0952600105,13937.7672487894,13927.927521144,-900.328011221156,-9.83972764538703,TRUE,TRUE,-0.500504292471073,3.77198099004593,0.429702758263639,0.570297241736361
5000,56,71260666,-7404.03499258213,-6953.91873288394,-6952.8111868614,14867.6903375042,14027.0781704477,14016.3458852112,-840.612167056481,-10.7322852365014,TRUE,TRUE,-0.473746109503336,3.81156987698793,0.406577221965036,0.593422778034963
5000,57,71260667,-7026.50882766583,-6560.89628988927,-6561.12390678333,14112.6380076716,13241.0332844584,13232.9713250551,-871.60472321321,-8.06195940329235,TRUE,TRUE,-0.517982504782604,3.79124572045269,0.375406658737507,0.624593341262493
5000,58,71260668,-7165.24186427453,-6740.27470299168,-6742.18932182216,14390.104080889,13599.7901106632,13595.1021551327,-790.313970225794,-4.68795553044765,TRUE,TRUE,-0.437804181785754,3.78109686370532,0.370477333927896,0.629522666072104
5000,59,71260669,-7194.06652614705,-6670.42264068852,-6669.91307232596,14447.753404634,13460.0859860569,13450.5496561403,-987.667418577159,-9.53632991653285,TRUE,TRUE,-0.521775268798245,3.79628935519128,0.400811656120165,0.599188343879835
5000,60,71260670,-7368.74291471929,-6847.97849562365,-6850.06978159903,14797.1061817785,13815.1976959271,13810.8630746865,-981.908485851371,-4.33462124065045,TRUE,TRUE,-0.443107145361057,3.78759208682697,0.434329869608623,0.565670130391378
5000,61,71260671,-7325.97319718389,-6828.12909820942,-6827.05398138852,14711.5667467077,13775.4989010987,13764.8314742654,-936.067845609021,-10.6674268332208,TRUE,TRUE,-0.46669896902577,3.82643363550947,0.441737846043466,0.558262153956535
5000,62,71260672,-7073.91564123906,-6611.5999627575,-6611.37050510162,14207.451634818,13342.4406301948,13333.4645216917,-865.011004623209,-8.97610850317324,TRUE,TRUE,-0.468969527647291,3.80650034506397,0.37027619342714,0.62972380657286
5000,63,71260673,-7431.68024099827,-6926.50930446184,-6928.92084577775,14922.9808343365,13972.2593136035,13968.5652030439,-950.721520732961,-3.69411055958153,TRUE,TRUE,-0.483505154877072,3.81700931406944,0.447667619880668,0.552332380119332
5000,64,71260674,-7281.69253123783,-6816.59510226666,-6813.57763344068,14623.0054148156,13752.4309092131,13737.8787783698,-870.574505602417,-14.5521308433854,TRUE,TRUE,-0.546134872412145,3.77850513407952,0.431782706827203,0.568217293172797
5000,65,71260675,-7364.97155768092,-6848.67799653893,-6850.46293567086,14789.5634677018,13816.5966977577,13811.6493828301,-972.966769944069,-4.94731492756546,TRUE,TRUE,-0.504675423582586,3.81148527270587,0.456485362925525,0.543514637074475
5000,66,71260676,-7193.14161073375,-6711.48082586739,-6710.15887135127,14445.9035738074,13542.2023564146,13531.041254191,-903.701217392803,-11.1611022236484,TRUE,TRUE,-0.516423769955118,3.78835749201999,0.401076027157335,0.598923972842666
5000,67,71260677,-7301.52830087676,-6799.38760529839,-6796.42539137267,14662.6769540934,13718.0159152766,13703.5742942338,-944.66103881683,-14.4416210428535,TRUE,TRUE,-0.509463718327201,3.78392049078785,0.428799149242528,0.571200850757473
5000,68,71260678,-7361.75775721886,-6819.78584516942,-6820.06291667062,14783.1358667776,13758.8123950187,13750.8493448296,-1024.32347175898,-7.96305018901694,TRUE,TRUE,-0.505585743377354,3.79677919336391,0.445512714123499,0.554487285876502
5000,69,71260679,-7433.22058026036,-6845.02430513254,-6848.17190973699,14926.0615128606,13809.2893149449,13807.0673309624,-1116.77219791572,-2.22198398252294,TRUE,TRUE,-0.521596381885774,3.80102664628436,0.472966172149711,0.527033827850289
5000,70,71260680,-7236.84816199276,-6751.32550324872,-6753.46094570225,14533.3166763254,13621.8917111773,13617.6454028929,-911.424965148173,-4.24630828435511,TRUE,TRUE,-0.509223167820709,3.78573212299942,0.404809812807067,0.595190187192932
5000,71,71260681,-7361.39086716035,-6872.77661794818,-6875.45484832808,14782.4020866606,13864.7939405762,13861.6332081446,-917.608146084436,-3.16073243161736,TRUE,TRUE,-0.513183996567261,3.7794978287202,0.442024668178946,0.557975331821055
5000,72,71260682,-7511.87843960431,-6980.4123688421,-6978.69169091965,15083.3772315485,14080.065442364,14068.1068933277,-1003.31178918451,-11.9585490363024,TRUE,TRUE,-0.491439022198479,3.80209905205385,0.44301312687615,0.556986873123849
5000,73,71260683,-7190.76435584081,-6758.3722801395,-6755.00467888034,14441.1490640215,13635.9852649588,13620.7328692491,-805.163799062708,-15.2523957097346,TRUE,TRUE,-0.501099304807864,3.80503652949828,0.384907897128447,0.615092102871554
5000,74,71260684,-7370.60392915308,-6851.82497260965,-6853.22262209585,14800.8282106461,13822.8906498991,13817.1687556801,-977.937560746941,-5.7218942190193,TRUE,TRUE,-0.486639162948736,3.82094294893411,0.434315429597202,0.565684570402796
5000,75,71260685,-7342.63384914171,-6806.82383279096,-6808.55568594593,14744.8880506233,13732.8883702617,13727.8348833803,-1011.99968036159,-5.05348688147387,TRUE,TRUE,-0.508274029982901,3.80559578246557,0.448961093715156,0.551038906284844
5000,76,71260686,-7333.12559117927,-6831.88922345581,-6832.00946919264,14725.8715346984,13783.0191515914,13774.7424498737,-942.852383107003,-8.27670171774844,TRUE,TRUE,-0.509827174015894,3.82427700601939,0.427927739785796,0.572072260214205
5000,77,71260687,-7248.9123286272,-6733.31379767502,-6736.56074994999,14557.4450095943,13585.8683000299,13583.8450113884,-971.576709564437,-2.02328864148149,TRUE,TRUE,-0.477148605635303,3.79856528246043,0.415231574672835,0.584768425327166
5000,78,71260688,-7161.63208570464,-6682.81216369725,-6682.63903096652,14382.8845237492,13484.8650320743,13476.0015734215,-898.019491674853,-8.86345865288422,TRUE,TRUE,-0.44921778234242,3.80134590312997,0.405058185537399,0.594941814462604
5000,79,71260689,-7295.12485562778,-6833.10681552417,-6833.7957898393,14649.8700635955,13785.4543357282,13778.315091167,-864.415727867319,-7.13924456115456,TRUE,TRUE,-0.520219744180523,3.81056545558519,0.412370367383134,0.587629632616867
5000,80,71260690,-7216.00120621648,-6720.54721469536,-6720.4134399122,14491.6227647729,13560.3351340705,13551.5503913128,-931.287630702333,-8.78474275773442,TRUE,TRUE,-0.520065899944646,3.79836186161697,0.407053164363691,0.592946835636309
5000,81,71260691,-7322.75719618922,-6800.18664826722,-6804.22238891852,14705.1347447184,13719.6140012143,13719.1682893254,-985.520743504088,-0.44571188882037,TRUE,TRUE,-0.499834703117468,3.80217434762302,0.431456243335407,0.568543756664595
5000,82,71260692,-7370.86967357362,-6836.81430297532,-6836.40939005305,14801.3596994872,13792.8693106305,13783.5422915945,-1008.4903888567,-9.3270190359417,TRUE,TRUE,-0.490020012833876,3.80311727361974,0.450321072932242,0.549678927067757
5000,83,71260693,-7280.1422958777,-6779.2614847983,-6780.71227197848,14619.9049440953,13677.7636742764,13672.1480554454,-942.141269818894,-5.6156188310506,TRUE,TRUE,-0.530034502210252,3.816032760035,0.419759958377161,0.58024004162284
5000,84,71260694,-7090.04359545062,-6620.73152321877,-6622.16823776128,14239.7075432412,13360.7037511174,13355.059987011,-879.003792123784,-5.6437641064058,TRUE,TRUE,-0.501540454289849,3.80799859573566,0.373080826987042,0.62691917301296
5000,85,71260695,-7431.33398219168,-6902.22350474526,-6901.9588151111,14922.2883167233,13923.6877141703,13914.6411417106,-998.600602552924,-9.04657245972157,TRUE,TRUE,-0.537883606115101,3.78968871487653,0.449040087932088,0.550959912067914
5000,86,71260696,-7302.80760784739,-6848.44785020822,-6851.40277338026,14665.2355680347,13816.1364050963,13813.5290582489,-849.099162938437,-2.6073468473387,TRUE,TRUE,-0.544073822459083,3.81950545568488,0.412961913915387,0.587038086084615
5000,87,71260697,-7138.57640072256,-6647.79110831227,-6647.35621007492,14336.773153785,13414.8229213044,13405.4359316383,-921.950232480671,-9.38698966610536,TRUE,TRUE,-0.5222959585478,3.78242614766187,0.391716188576306,0.608283811423697
5000,88,71260698,-7098.18191925858,-6683.482357727,-6684.7174469993,14255.9841908571,13486.2054201338,13480.158405487,-769.778770723253,-6.04701464681602,TRUE,TRUE,-0.482766039479911,3.78896273375851,0.371247053997466,0.628752946002533
5000,89,71260699,-7120.56828198245,-6648.45545533789,-6649.32976812025,14300.7569163048,13416.1516153556,13409.3830477289,-884.605300949193,-6.76856762670286,TRUE,TRUE,-0.513752746033333,3.82767391784545,0.389107986751003,0.610892013248996
5000,90,71260700,-7286.96653059259,-6838.24917449687,-6838.82091955018,14633.5534135251,13795.7390536736,13788.3653505888,-837.814359851527,-7.3737030847933,TRUE,TRUE,-0.50421762773056,3.80203845979267,0.405544463006529,0.59445553699347
5000,91,71260701,-7144.80802043364,-6627.05566912908,-6629.03990315989,14349.2363932072,13373.352042938,13368.8033178082,-975.8843502692,-4.54872512980182,TRUE,TRUE,-0.510282695164314,3.78461266409012,0.411626385707112,0.58837361429289
5000,92,71260702,-7235.78481889156,-6684.90216226372,-6684.93499695094,14531.189990123,13489.0450292073,13480.5935053903,-1042.14496091577,-8.45152381697699,TRUE,TRUE,-0.480704554801123,3.8152325503851,0.409749216536071,0.59025078346393
5000,93,71260703,-7436.50201458085,-6908.00189117754,-6908.55038192362,14932.6243815016,13935.2444870349,13927.8242753356,-997.379894466707,-7.42021169925829,TRUE,TRUE,-0.515417122326874,3.79135209984598,0.467969895927115,0.532030104072885
5000,94,71260704,-7120.50085120358,-6655.24010842047,-6655.1170489637,14300.6220547471,13429.7209215208,13420.9576094158,-870.901133226309,-8.76331210495118,TRUE,TRUE,-0.537068765466592,3.80584730159842,0.385899911108895,0.614100088891105
5000,95,71260705,-7037.69060385762,-6610.68467421624,-6609.66626775965,14135.0015600552,13340.6100531123,13330.0560470077,-794.391506942853,-10.554006104594,TRUE,TRUE,-0.500418465274565,3.80165785405123,0.347814205867813,0.652185794132186
5000,96,71260706,-7102.93665788403,-6607.25143329611,-6610.47059820956,14265.493668108,13333.7435712721,13331.6647079075,-931.750096835911,-2.07886336452975,TRUE,TRUE,-0.537562383897937,3.79902611819138,0.405339228376145,0.594660771623855
5000,97,71260707,-7256.59603948827,-6740.06807275347,-6740.82017300001,14572.8124313165,13599.3768501868,13592.3638574884,-973.435581129686,-7.01299269834453,TRUE,TRUE,-0.49981571660401,3.79078100551787,0.418755931655188,0.581244068344812
5000,98,71260708,-7392.24295275471,-6868.82057767317,-6868.58144778218,14844.1062578493,13856.8818600262,13847.8864070528,-987.224397823171,-8.99545297339137,TRUE,TRUE,-0.501403601662371,3.80020646008393,0.476148694759936,0.523851305240064
5000,99,71260709,-7362.30920732521,-6878.40468385622,-6876.14575161085,14784.2387669903,13876.0500723923,13863.0150147101,-908.188694598059,-13.0350576821529,TRUE,TRUE,-0.500459255393584,3.80388817158405,0.431732735217424,0.568267264782575
5000,100,71260710,-7340.93614221477,-6801.32181723211,-6801.86026842202,14741.4926367694,13721.8843391441,13714.4440483325,-1019.60829762539,-7.44029081160261,TRUE,TRUE,-0.499957418763337,3.8000121371238,0.436439928754952,0.563560071245047
5000,101,71260711,-7165.09718048556,-6753.36668726238,-6751.46335062706,14389.814713311,13625.9740792046,13613.6502127425,-763.840634106451,-12.3238664620549,TRUE,TRUE,-0.463097775056368,3.81067931542313,0.373450309284286,0.626549690715714
5000,102,71260712,-7349.23767133587,-6805.59588417214,-6803.87183005944,14758.0956950116,13730.4324730241,13718.4671716073,-1027.66322198754,-11.9653014168052,TRUE,TRUE,-0.51268803676905,3.79224598984702,0.458562646309988,0.541437353690013
5000,103,71260713,-7369.42973989145,-6812.82007286662,-6813.90838741314,14798.4798321228,13744.8808504131,13738.5402863147,-1053.59898170975,-6.3405640983674,TRUE,TRUE,-0.513437722600598,3.80125081161181,0.453699925882223,0.546300074117777
5000,104,71260714,-7034.68117080134,-6582.52221075723,-6583.38760510632,14128.9826939426,13284.2851261943,13277.4987217011,-844.697567748308,-6.78640449323393,TRUE,TRUE,-0.483001977035709,3.79402410039811,0.374341593330344,0.625658406669658
5000,105,71260715,-7294.66682053945,-6749.98767436955,-6749.4906920417,14648.9539934188,13619.2160534189,13609.7048955718,-1029.73793999989,-9.51115784712965,TRUE,TRUE,-0.528491972396839,3.77489237895693,0.418048264891809,0.581951735108191
5000,106,71260716,-7357.98998822102,-6817.77666506307,-6811.59486386057,14775.600328782,13754.794034806,13733.9132392096,-1020.80629397598,-20.8807955964185,TRUE,TRUE,-0.522509839849248,3.8042782789053,0.44472620945656,0.55527379054344
5000,107,71260717,-7396.76586688181,-6876.77931032939,-6879.17530343482,14853.1520861035,13872.7993253386,13869.074118358,-980.352760764934,-3.72520698056178,TRUE,TRUE,-0.477872069990259,3.78910794001173,0.442289395894608,0.557710604105391
5000,108,71260718,-7294.00394818532,-6808.32995272472,-6809.04072845658,14647.6282487106,13735.9006101293,13728.8049684016,-911.727638581293,-7.09564172769569,TRUE,TRUE,-0.426789729493951,3.7974156959321,0.400169284634155,0.599830715365846
5000,109,71260719,-7108.35224374055,-6636.68599648198,-6635.95277165815,14276.324839821,13392.6126976438,13382.6290548047,-883.712142177221,-9.98364283908631,TRUE,TRUE,-0.543499289211797,3.7929599276078,0.387465515038768,0.612534484961233
5000,110,71260720,-7344.94220094593,-6810.94822388598,-6812.60410621738,14749.5047542318,13741.1371524518,13735.9317239232,-1008.36760177998,-5.2054285286049,TRUE,TRUE,-0.516279262189275,3.80294072597708,0.459639558939267,0.540360441060732
5000,111,71260721,-7066.38691213552,-6621.99258162737,-6621.79187367065,14192.394176611,13363.2258679346,13354.3072588297,-829.168308676386,-8.91860910485593,TRUE,TRUE,-0.526452558388753,3.79083161256669,0.383555441618171,0.616444558381829
5000,112,71260722,-7206.2529108523,-6759.45692226259,-6760.24905481035,14472.1261740445,13638.154549205,13631.2216211091,-833.971624839522,-6.93292809589366,TRUE,TRUE,-0.550914103229093,3.80956153907525,0.386038908043969,0.61396109195603
5000,113,71260723,-7120.76155796006,-6640.41813229568,-6642.87698857513,14301.14346826,13400.0769692712,13396.4774886387,-901.06649898885,-3.5994806325125,TRUE,TRUE,-0.523125402374698,3.80805920771372,0.425835173391469,0.57416482660853
5000,114,71260724,-7147.14073517708,-6693.83997924471,-6693.72693463295,14353.9018226941,13506.9206631692,13498.1773807543,-846.981159524819,-8.74328241493095,TRUE,TRUE,-0.560418985118523,3.80150117143514,0.388768924544728,0.611231075455273
5000,115,71260725,-7154.90221314205,-6731.49085557025,-6729.52702478505,14369.424778624,13582.2224158203,13569.7775610585,-787.202362803675,-12.4448547618249,TRUE,TRUE,-0.494688248123548,3.81623051858853,0.35508345320571,0.644916546794289
5000,116,71260726,-7395.33769979879,-6838.09151808579,-6838.24966064293,14850.2957519375,13795.4237408514,13787.2228327743,-1054.87201108608,-8.20090807713677,TRUE,TRUE,-0.498769786156825,3.78257468286272,0.453717256520968,0.546282743479031
5000,117,71260727,-7207.06047614014,-6780.1466108495,-6780.0718764381,14473.7413046202,13679.5339263788,13670.8672643646,-794.207378241375,-8.66666201421867,TRUE,TRUE,-0.509297391915092,3.80302174048489,0.393492329293556,0.606507670706441
5000,118,71260728,-7315.27180087682,-6820.75345762948,-6820.8850250211,14690.1639540936,13760.7476199388,13752.4935615306,-929.416334154774,-8.25405840817439,TRUE,TRUE,-0.526700692005922,3.79179381619507,0.410369994884925,0.589630005115075
5000,119,71260729,-7384.9957529249,-6818.21762993691,-6818.97021406458,14829.6118581897,13755.6759645536,13748.6639396176,-1073.93589363608,-7.01202493607343,TRUE,TRUE,-0.4656678512668,3.7953919780525,0.474575809701407,0.525424190298592
5000,120,71260730,-7301.20267139501,-6780.0605715013,-6778.32746989281,14662.0256951299,13679.3618476824,13667.378451274,-982.663847447509,-11.9833964083937,TRUE,TRUE,-0.520332042319655,3.79631806077003,0.430366459443036,0.569633540556964
5000,121,71260731,-7352.42831383755,-6838.42562878061,-6834.33592801851,14764.476980015,13796.091962241,13779.3953675254,-968.385017773977,-16.6965947156168,TRUE,TRUE,-0.522907018130356,3.80389726062687,0.443450940913535,0.556549059086463
5000,122,71260732,-7279.50728137835,-6720.32114598707,-6722.58606593582,14618.6349150966,13559.882996654,13555.8956433601,-1058.75191844263,-3.98735329392366,TRUE,TRUE,-0.52901181731562,3.79941110914245,0.442721274156879,0.557278725843121
5000,123,71260733,-7155.91357499262,-6734.8238069462,-6734.39164914284,14371.4475023252,13588.8883185722,13579.5068097741,-782.559183752917,-9.38150879813475,TRUE,TRUE,-0.544038634940521,3.80053192438989,0.393615127653581,0.60638487234642
5000,124,71260734,-7242.15339984354,-6765.10087544017,-6765.58005673752,14543.927152027,13649.4424555602,13641.8836249634,-894.484696466843,-7.55883059671578,TRUE,TRUE,-0.520815117546131,3.79505480346761,0.421866293259721,0.578133706740281
5000,125,71260735,-7150.36183177061,-6626.47783546433,-6627.44697054018,14360.3440158811,13372.1963756085,13365.6174525688,-988.147640272631,-6.57892303972949,TRUE,TRUE,-0.523701248824152,3.78836273702623,0.397507611002431,0.60249238899757
5000,126,71260736,-7094.79080709618,-6618.89346417057,-6619.58980701998,14249.2019665323,13357.027633021,13349.9031255284,-892.174333511311,-7.1245074925846,TRUE,TRUE,-0.531863539391629,3.81122565062739,0.401006519091288,0.598993480908712
5000,127,71260737,-7301.016226583,-6782.75671101458,-6785.71602628993,14661.6528055059,13684.754126709,13682.1555640683,-976.898678796946,-2.59856264070368,TRUE,TRUE,-0.496030691996545,3.80756929193509,0.439918753499484,0.560081246500515
5000,128,71260738,-7150.3825154968,-6679.81763346101,-6677.44363884449,14360.3853833335,13478.8759716018,13465.6107891774,-881.509411731673,-13.2651824244404,TRUE,TRUE,-0.525101823614996,3.80189824104032,0.395550738501274,0.604449261498725
5000,129,71260739,-7317.85879595574,-6778.34898623164,-6776.86792914642,14695.3379442514,13675.9386771431,13664.4593697813,-1019.39926710827,-11.4793073618639,TRUE,TRUE,-0.494177510883081,3.80651767514096,0.437570533146624,0.562429466853375
5000,130,71260740,-7141.45906351292,-6737.37564026043,-6738.19450939548,14342.5384793658,13593.9919852007,13587.1125302794,-748.546494165068,-6.87945492131985,TRUE,TRUE,-0.480115484597808,3.79784475050556,0.352090753745598,0.647909246254404
5000,131,71260741,-7318.95931428352,-6795.29484971746,-6792.37957615237,14697.538980907,13709.8304041147,13695.4826637931,-987.708576792213,-14.3477403215984,TRUE,TRUE,-0.510423048940213,3.81696498766206,0.422943346664243,0.577056653335758
5000,132,71260742,-7074.0886253219,-6647.33576379012,-6651.04294210745,14207.7976029837,13413.9122322601,13412.8093957033,-793.885370723638,-1.10283655676358,TRUE,TRUE,-0.500899753595555,3.77258057107171,0.352080239976019,0.647919760023984
5000,133,71260743,-7310.73641107915,-6802.26912804061,-6799.83780318248,14681.0931744982,13723.778960761,13710.3991178534,-957.314213737163,-13.3798429076724,TRUE,TRUE,-0.499672845005539,3.79366651402745,0.415540605737708,0.58445939426229
5000,134,71260744,-7330.76211579709,-6839.84381922664,-6840.52324414414,14721.1445839341,13798.9283431331,13791.7699997767,-922.216240800994,-7.15834335642103,TRUE,TRUE,-0.521408361953874,3.78470591685831,0.443014839440089,0.55698516055991
5000,135,71260745,-7266.58603086129,-6762.44090821464,-6764.09433851388,14592.7924140625,13644.1225211091,13638.9121885162,-948.66989295338,-5.21033259292744,TRUE,TRUE,-0.520073177876866,3.78319385079166,0.423973050012612,0.576026949987389
5000,136,71260746,-7236.43978282102,-6742.68475926141,-6741.36404652076,14532.4999179819,13604.6102232026,13593.4516045299,-927.889694779306,-11.1586186727163,TRUE,TRUE,-0.50033939523871,3.77877906854685,0.427016686735784,0.572983313264215
5000,137,71260747,-7229.93556860817,-6730.36782580593,-6731.0283940677,14519.4914895562,13579.9763562917,13572.7802996238,-939.515133264551,-7.19605666788266,TRUE,TRUE,-0.503784940519411,3.78605523533099,0.416777075091161,0.583222924908841
5000,138,71260748,-7185.41475240162,-6711.17412219015,-6711.83648037595,14430.4498571432,13541.5889490601,13534.3964722403,-888.860908083027,-7.19247681981142,TRUE,TRUE,-0.518919118006958,3.80492036759931,0.408510802270572,0.591489197729429
5000,139,71260749,-7346.13253047222,-6793.45422518223,-6793.5317843831,14751.8854132843,13706.1491550443,13697.7870802546,-1045.73625824006,-8.36207478966935,TRUE,TRUE,-0.509499879705942,3.78931209427966,0.453362387076197,0.546637612923803
5000,140,71260750,-7246.84133360231,-6749.85015983933,-6750.0592112666,14553.3030195445,13618.9410243585,13610.8419340216,-934.361995186051,-8.09909033687836,TRUE,TRUE,-0.529082773603795,3.79408116503434,0.417880134730502,0.582119865269498
5000,141,71260751,-7365.07599138065,-6827.59809070288,-6828.12033260224,14789.7723351012,13774.4368860856,13766.9641766929,-1015.33544901562,-7.47270939269583,TRUE,TRUE,-0.4723931344508,3.81391784061077,0.425629932003424,0.574370067996575
5000,142,71260752,-7172.0632960773,-6679.73858559522,-6678.86400691372,14403.7469444945,13478.7178758703,13468.4515253159,-925.029068624259,-10.2663505544024,TRUE,TRUE,-0.513678016126877,3.80584584759862,0.414268108869982,0.585731891130018
5000,143,71260753,-7281.45008511436,-6757.99145761946,-6759.56972417328,14622.5205225686,13635.2236199188,13629.862959835,-987.29690264987,-5.36066008378475,TRUE,TRUE,-0.508904238133618,3.79719099433302,0.435357288677951,0.56464271132205
5000,144,71260754,-7362.0051277472,-6820.64139151122,-6821.73482631198,14783.6306078343,13760.5234877023,13754.1931641124,-1023.10712013205,-6.33032358988385,TRUE,TRUE,-0.48319227153217,3.81457201848937,0.413841576651876,0.586158423348126
5000,145,71260755,-7256.2158625852,-6800.85505789626,-6800.44274098432,14572.0520775103,13720.9508204723,13711.608993457,-851.101257037961,-9.34182701530335,TRUE,TRUE,-0.476911935419815,3.80959894061457,0.419955922595334,0.580044077404666
5000,146,71260756,-6994.50691335708,-6544.97883192135,-6546.19404001265,14048.6341790541,13209.1983685225,13203.1115915137,-839.435810531548,-6.08677700880799,TRUE,TRUE,-0.527926599804958,3.78585974313688,0.360454967718778,0.639545032281224
5000,147,71260757,-7392.2009591092,-6889.03101718348,-6891.10406251557,14844.0222705583,13897.3027390468,13892.9316365195,-946.719531511519,-4.37110252724779,TRUE,TRUE,-0.521983871209018,3.79311468541557,0.435800270702267,0.564199729297732
5000,148,71260758,-7251.43631024112,-6830.94454612568,-6831.1364534255,14562.4929728221,13781.1297969312,13772.9964183394,-781.36317589095,-8.13337859177591,TRUE,TRUE,-0.533291074044895,3.79583369539275,0.41016620829385,0.58983379170615
5000,149,71260759,-7379.57850621077,-6870.4892732586,-6872.39543344715,14818.7773647615,13860.219251197,13855.5143783827,-958.558113564422,-4.70487281432906,TRUE,TRUE,-0.446657955061594,3.80216100978356,0.435466316042159,0.564533683957841
5000,150,71260760,-7306.93193815708,-6807.80908866653,-6807.55580162232,14673.4842286541,13734.8588820129,13725.8351147331,-938.6253466412,-9.02376727982482,TRUE,TRUE,-0.518360344208617,3.7880159294006,0.411520904318664,0.588479095681336
5000,151,71260761,-7189.32963956523,-6716.51730349632,-6716.27364029657,14438.2796314704,13552.2753116725,13543.2707920815,-886.004319797914,-9.00451959091697,TRUE,TRUE,-0.527109025092126,3.80443625500204,0.418669117863376,0.581330882136626
5000,152,71260762,-7102.76759257711,-6639.4854898279,-6640.31515018543,14265.1555374941,13398.2116843356,13391.3538118593,-866.943853158504,-6.8578724763538,TRUE,TRUE,-0.505275549960675,3.7828978079399,0.388601386246758,0.611398613753242
5000,153,71260763,-7123.84604577645,-6688.76833793915,-6688.57383969375,14307.3124438928,13496.7773805581,13487.8711908759,-810.535063334673,-8.90618968221861,TRUE,TRUE,-0.503653420195364,3.80952944068423,0.376612086171874,0.623387913828125
5000,154,71260764,-7145.58507779791,-6688.45669664679,-6688.11672152009,14350.7905079357,13496.1540979734,13486.9569545286,-854.636409962319,-9.19714344481508,TRUE,TRUE,-0.49244353138925,3.78881726857546,0.397083964573402,0.6029160354266
5000,155,71260765,-7356.84986411643,-6847.00895132575,-6847.77805277242,14773.3200805728,13813.2586073313,13806.2796170333,-960.061473241441,-6.97899029806831,TRUE,TRUE,-0.544966682997858,3.78815181207238,0.428144886525641,0.571855113474362
5000,156,71260766,-7299.80867303902,-6803.56018487044,-6802.68918974727,14659.237698418,13726.3610744207,13716.101890983,-932.876623997248,-10.2591834377617,TRUE,TRUE,-0.483029605375372,3.8046422743951,0.412163284052524,0.587836715947477
5000,157,71260767,-7282.09332906787,-6773.25353003002,-6771.91107902987,14623.8070104757,13665.7477647399,13654.5456695481,-958.059245735793,-11.2020951917275,TRUE,TRUE,-0.524879425980302,3.81531175792584,0.422520283869595,0.577479716130405
5000,158,71260768,-7248.98340556209,-6743.51385530544,-6743.4225296146,14557.5871634641,13606.2684152907,13597.5685707176,-951.318748173386,-8.69984457308055,TRUE,TRUE,-0.504982645620674,3.79572835414359,0.424668910594327,0.575331089405674
5000,159,71260769,-7273.22795371962,-6734.69974186406,-6734.81727959786,14606.0762597792,13588.6401884079,13580.3580706841,-1017.43607137121,-8.28211772381292,TRUE,TRUE,-0.534413176383845,3.78673915153113,0.443105581993614,0.556894418006386
5000,160,71260770,-7283.66012988436,-6815.33506280063,-6814.40390112684,14626.9406121086,13749.9108302811,13739.5313137421,-877.029781827549,-10.3795165389947,TRUE,TRUE,-0.538472814207988,3.80030044833839,0.421380902458736,0.578619097541264
5000,161,71260771,-7230.68482886533,-6824.23506839625,-6821.04650771012,14520.9900100706,13767.7108414723,13752.8165269086,-753.279168598252,-14.8943145636786,TRUE,TRUE,-0.487426989440868,3.76975591543268,0.389928387150753,0.610071612849248
5000,162,71260772,-7453.01527306385,-6845.74704628298,-6844.49290353685,14965.6508984676,13810.7347972458,13799.7093185621,-1154.91610122184,-11.025478683674,TRUE,TRUE,-0.513991683420936,3.79928906704109,0.454165248262179,0.545834751737822
5000,163,71260773,-7277.7204207586,-6728.22034916013,-6728.19005147744,14615.0611938571,13575.6814030001,13567.1036144433,-1039.37979085702,-8.5777885567968,TRUE,TRUE,-0.525967990900457,3.79628057469761,0.420895034389313,0.579104965610687
5000,164,71260774,-7288.46263737259,-6732.11022717678,-6732.86405559892,14636.5456270851,13583.4611590334,13576.4516226862,-1053.08446805171,-7.00953634714824,TRUE,TRUE,-0.528817739855797,3.82252158075562,0.44709200502692,0.55290799497308
5000,165,71260775,-7402.20485628425,-6879.26862166338,-6874.48453177181,14864.0300649084,13877.7779480066,13859.692575032,-986.252116901826,-18.0853729745413,TRUE,TRUE,-0.538956138464578,3.79635221770833,0.451171940056379,0.548828059943621
5000,166,71260776,-7513.66475689136,-6924.42069015227,-6922.75089210664,15086.9498661226,13968.0820849844,13956.2252957017,-1118.86778113827,-11.8567892826668,TRUE,TRUE,-0.51313267940682,3.78761464388685,0.444865934117122,0.555134065882878
5000,167,71260777,-7071.53111328972,-6593.26109438282,-6592.91753429882,14202.6825789194,13305.7628934455,13296.5585800861,-896.919685473891,-9.20431335941976,TRUE,TRUE,-0.494373967437178,3.79927619254095,0.405433824251894,0.594566175748105
5000,168,71260778,-7215.31970892881,-6748.02780130242,-6745.55099643119,14490.2597701975,13615.2963072847,13601.8255043508,-874.963462912856,-13.4708029338817,TRUE,TRUE,-0.514454366948118,3.79229863256401,0.407532292272551,0.592467707727448
5000,169,71260779,-7204.63403765636,-6644.35766297336,-6643.3509176478,14468.8884276526,13407.9560306265,13397.425346784,-1060.93239702609,-10.5306838425277,TRUE,TRUE,-0.491798587447737,3.78970265246396,0.437473800155468,0.562526199844533
5000,170,71260780,-7206.243910833,-6704.56645911062,-6702.36511637097,14472.1081740059,13528.3736229011,13515.4537442304,-943.734551104852,-12.9198786707184,TRUE,TRUE,-0.505059365165513,3.7920463438863,0.4098994253869,0.590100574613101
5000,171,71260781,-7193.52721844226,-6647.87254214714,-6648.26857245717,14446.6747892244,13414.9857889741,13407.2606564027,-1031.68900025033,-7.72513257136598,TRUE,TRUE,-0.496507937014812,3.78911148855725,0.425668666165582,0.574331333834418
5000,172,71260782,-7335.88160125028,-6879.82776812375,-6880.12364520641,14731.3835548405,13878.8962409273,13870.9708019012,-852.487313913141,-7.92543902609032,TRUE,TRUE,-0.493376759090329,3.81851116744407,0.409754511000392,0.590245488999607
5000,173,71260783,-7327.2998025332,-6852.11816727783,-6851.09986992147,14714.2199574063,13823.4770392355,13812.9232513314,-890.742918170814,-10.5537879041312,TRUE,TRUE,-0.505839663469678,3.78200142102278,0.412402654648741,0.58759734535126
5000,174,71260784,-7170.56588539517,-6651.78177732771,-6651.47522274304,14400.7521231303,13422.8042593352,13413.6739569745,-977.947863795018,-9.13030236075974,TRUE,TRUE,-0.560850498398139,3.81254953076264,0.408479950066755,0.591520049933245
5000,175,71260785,-7447.84137307362,-6934.97362727946,-6935.58571045319,14955.3030984872,13989.1879592387,13981.8949323948,-966.115139248423,-7.29302684393951,TRUE,TRUE,-0.5018406726366,3.77540574707684,0.432194394141188,0.567805605858811
5000,176,71260786,-7348.30936986487,-6802.05388040485,-6798.49205396587,14756.2390920697,13723.3484654895,13707.7076194201,-1032.89062658013,-15.6408460693765,TRUE,TRUE,-0.555912406812056,3.81798018709963,0.451772376221655,0.548227623778346
5000,177,71260787,-7355.84615105271,-6852.10841720932,-6851.71965812194,14771.3126544453,13823.4575390985,13814.1628277323,-947.855115346862,-9.29471136618668,TRUE,TRUE,-0.49883875377934,3.80753553313822,0.417685921809953,0.582314078190047
5000,178,71260788,-7248.8430940295,-6750.63469899324,-6748.09195469507,14557.3065403989,13620.5101026663,13606.9074208785,-936.796437732606,-13.6026817877646,TRUE,TRUE,-0.528419782837112,3.79888863145316,0.417387078814044,0.582612921185957
5000,179,71260789,-7286.2748584076,-6829.5772832731,-6829.4950935926,14632.1700691551,13778.395271226,13769.7136986736,-853.774797929078,-8.68157255242477,TRUE,TRUE,-0.462503514113045,3.81219429783398,0.401165141057315,0.598834858942684
5000,180,71260790,-7389.00572465972,-6886.6419165787,-6887.73925138419,14837.6318016593,13892.5245378372,13886.2020142568,-945.107263822127,-6.32252358044025,TRUE,TRUE,-0.49596607726272,3.78941218617715,0.44199750341792,0.558002496582081
5000,181,71260791,-7067.58598710367,-6656.21835304768,-6654.7862048082,14194.7923265473,13431.6774107752,13420.2959211048,-763.114915772065,-11.3814896703698,TRUE,TRUE,-0.517439696593887,3.79841962439002,0.385869006961065,0.614130993038936
5000,182,71260792,-7455.47326341361,-6878.61549657474,-6879.34070735473,14970.5668791671,13876.4716978293,13869.4049261979,-1094.09518133782,-7.06677163144013,TRUE,TRUE,-0.469247572531329,3.79277270157764,0.483117256621036,0.516882743378964
5000,183,71260793,-7367.28633507147,-6869.3826295864,-6869.87712584924,14794.1930224829,13858.0059638526,13850.4777631869,-936.187058630227,-7.52820066575441,TRUE,TRUE,-0.513985844991999,3.79166232323477,0.448474242944186,0.551525757055815
5000,184,71260794,-7178.30502188168,-6758.3160407531,-6759.31108330404,14416.2303961033,13635.872786186,13629.3456780965,-780.35760991725,-6.52710808953088,TRUE,TRUE,-0.474297946765116,3.80955012572706,0.401211970037196,0.598788029962803
5000,185,71260795,-7470.13888577442,-6932.23852272089,-6931.89005196471,14999.8981238888,13983.7177501216,13974.5036154178,-1016.18037376715,-9.21413470376319,TRUE,TRUE,-0.499265898550708,3.81061274970836,0.453447355881552,0.546552644118448
5000,186,71260796,-7273.70650563678,-6821.81500636778,-6820.01176312361,14607.0333636135,13762.8707174154,13750.7470377356,-844.162646198074,-12.1236796797566,TRUE,TRUE,-0.501013643730392,3.7836722374584,0.412249069627546,0.587750930372455
5000,187,71260797,-7374.00230204184,-6881.72534022907,-6881.67024870196,14807.6249564236,13882.691385138,13874.0640088923,-924.933571285626,-8.62737624564033,TRUE,TRUE,-0.440083273924492,3.81615318258735,0.436304789886825,0.563695210113177
5000,188,71260798,-7226.61389237333,-6708.06836918586,-6707.31120250058,14512.8481370866,13535.3774430515,13525.3459164896,-977.470694035039,-10.0315265619683,TRUE,TRUE,-0.526648095622035,3.79922631344873,0.411026766125172,0.588973233874829
5000,189,71260799,-7201.00041445322,-6768.98936715877,-6763.86397596851,14461.6211812464,13657.2194389974,13638.4514634254,-804.401742248985,-18.7679755719328,TRUE,TRUE,-0.491180242983398,3.79886630856482,0.379728428550883,0.620271571449119
5000,190,71260800,-7282.14262575128,-6748.54229622922,-6750.37839964717,14623.9056038425,13616.3252971383,13611.4803107828,-1007.5803067042,-4.84498635551063,TRUE,TRUE,-0.516078465043976,3.76909623630502,0.422191495981135,0.577808504018865
5000,191,71260801,-7317.37865141692,-6797.82795169976,-6797.05925467859,14694.3776551737,13714.8966080793,13704.8420208456,-979.481047094401,-10.0545872337516,TRUE,TRUE,-0.53479043199743,3.81221835554909,0.413711154954419,0.58628884504558
5000,192,71260802,-7089.20488464339,-6622.5097050729,-6624.15102908938,14238.0301216267,13364.2601148256,13359.0255696672,-873.770006801069,-5.23454515845151,TRUE,TRUE,-0.433826043862701,3.80773628338555,0.358252163566828,0.641747836433172
5000,193,71260803,-7251.36154907093,-6794.01821963836,-6794.99419745575,14562.3434504818,13707.2771439565,13700.7119063999,-855.066306525228,-6.56523755662602,TRUE,TRUE,-0.530015248268355,3.77600151189665,0.398105355378382,0.601894644621619
5000,194,71260804,-7336.31439835612,-6850.65548244378,-6853.83432304645,14732.2491490521,13820.5516695674,13818.3921575813,-911.697479484754,-2.15951198608855,TRUE,TRUE,-0.495484557272194,3.77858330622072,0.413611258276511,0.586388741723488
5000,195,71260805,-7203.6153867161,-6743.74820416994,-6737.20537227727,14466.8511257721,13606.7371130197,13585.134256043,-860.114012752414,-21.6028569767495,TRUE,TRUE,-0.52005674662101,3.78801646243783,0.399754222771275,0.600245777228724
5000,196,71260806,-7321.78822029346,-6804.24676640114,-6803.40958224571,14703.1967929268,13727.7342374821,13717.5426759798,-975.462555444736,-10.1915615022681,TRUE,TRUE,-0.475231132061847,3.7775686259393,0.418651379290683,0.581348620709315
5000,197,71260807,-7329.71118842378,-6807.1035361336,-6806.68486417436,14719.0427291875,13733.447776947,13724.0932398371,-985.594952240452,-9.35453710990078,TRUE,TRUE,-0.518475696540912,3.79747601311675,0.419767810148811,0.58023218985119
5000,198,71260808,-7277.70284367556,-6810.12512247506,-6810.06538431906,14615.026039691,13739.49094963,13730.8542801265,-875.535090061077,-8.63666950342849,TRUE,TRUE,-0.492814397339792,3.78931239276577,0.402029033593249,0.597970966406753
5000,199,71260809,-7256.90222397472,-6777.65227436315,-6777.22064402785,14573.4248002894,13674.5452534061,13665.1647995441,-898.879546883238,-9.38045386201884,TRUE,TRUE,-0.482882259830613,3.79764639355032,0.416776778788111,0.583223221211889
5000,200,71260810,-7134.29768987811,-6671.20245397904,-6670.73554894399,14328.2157320961,13461.6456126379,13452.1946093764,-866.570119458222,-9.45100326152351,TRUE,TRUE,-0.493266437781702,3.78794308433219,0.389989103908732,0.610010896091271
