K,state,mean,sd,posterior_occupation,logLik,BIC,ICL
2,1,-0.5093342819497803,1.1781996240238752,0.46414100441696926,-2223.663046868637,4498.518636446906,4510.652617424712
2,2,3.7962034782132728,0.6509653979715387,0.5358589955830307,-2223.663046868637,4498.518636446906,4510.652617424712
3,1,-1.2002010252797284,0.5184768813630747,0.3276777951398243,-2014.9128472300508,4132.210779879366,4160.99191700914
3,2,1.1432151947894467,0.40701783581992135,0.13591191464616145,-2014.9128472300508,4132.210779879366,4160.99191700914
3,3,3.795172520514989,0.6516247032334505,0.5364102902140142,-2014.9128472300508,4132.210779879366,4160.99191700914
