K,M,state,component,component_weight,mean,sd,state_occupation,logLik,BIC
2,2,1,1,0.7072143569387621,-1.2000105461304518,0.5187044882815983,0.46342391266323935,-2012.319949727988,4119.71176448815
2,2,1,2,0.29278564306123783,1.142581380268351,0.40595337320803004,0.46342391266323935,-2012.319949727988,4119.71176448815
2,2,2,1,0.19838032039595438,3.732058279359013,0.3357539993320515,0.5365760873367608,-2012.319949727988,4119.71176448815
2,2,2,2,0.8016196796040456,3.8100830513225885,0.7083612425364215,0.5365760873367608,-2012.319949727988,4119.71176448815
