T,n_replications,mean_delta_BIC_gauss_K3_minus_K2,prop_gaussian_BIC_favours_K3,mean_delta_BIC_mix_K2_minus_gauss_K3,prop_enriched_BIC_favours_K2_mix
500,200,-52.38259359785083,0.87,-14.639457172995458,0.945
1500,200,-220.86395659981966,0.905,-30.569225141662102,0.96
5000,200,-903.460476294717,0.97,-36.328372674246914,0.985
