"T","rep","seed","logLik_gauss_K2","logLik_gauss_K3","logLik_mix_K2_M2","BIC_gauss_K2","BIC_gauss_K3","BIC_mix_K2_M2","delta_BIC_gauss_K3_minus_K2","delta_BIC_mix_K2_minus_gauss_K3","gaussian_BIC_favours_K3","enriched_BIC_favours_K2_mix","mix_state1_mean","mix_state2_mean","mix_state1_occ","mix_state2_occ"
500,1,26260611,-773.369988167178,-702.878702102074,-697.658008666815,1590.24223302331,1492.76191758206,1476.10592261312,-97.4803154412527,-16.6559949689395,TRUE,TRUE,-0.592305314878445,3.82376357151682,0.551425343575217,0.448574656424784
500,2,26260612,-719.622509984198,-668.311556027316,-668.408466010862,1482.74727665735,1423.62762543254,1417.60683730121,-59.1196512248105,-6.02078813132994,TRUE,TRUE,-0.430894130329458,3.75732191911337,0.452019269089554,0.547980730910447
500,3,26260613,-619.765076495276,-611.051782654875,-590.920441100312,1283.03240967951,1309.10807868766,1262.63078748011,26.0756690081537,-46.477291207548,FALSE,TRUE,-0.50614783779949,3.87406464588099,0.249998755931778,0.750001244068223
500,4,26260614,-713.948581124502,-667.471738363878,-669.605392630231,1471.39941893796,1421.94799010567,1420.00069053995,-49.4514288322923,-1.94729956571655,TRUE,TRUE,-0.54131362888551,3.71958898117819,0.398914117268263,0.601085882731737
500,5,26260615,-779.103739568732,-710.957602561934,-711.202427025333,1601.70973582642,1508.91971850178,1503.19475933015,-92.7900173246403,-5.7249591716245,TRUE,TRUE,-0.488079843310523,3.79947413990793,0.523984775476242,0.476015224523758
500,6,26260616,-740.457502596248,-694.474994993748,-695.132424637607,1524.41726188145,1475.95450336541,1471.0547545547,-48.4627585160449,-4.8997488107052,TRUE,TRUE,-0.566071082150623,3.81597699082909,0.419857353895935,0.580142646104065
500,7,26260617,-690.523941428418,-682.62960668038,-644.680086141271,1424.55013954579,1452.26372673867,1370.15007756203,27.7135871928795,-82.1136491766404,FALSE,TRUE,-0.581328394332755,3.7846477321917,0.364185946932024,0.635814053067976
500,8,26260618,-695.880198067748,-653.264855779859,-651.437187849323,1435.26265282445,1393.53422493763,1383.66428097814,-41.7284278868231,-9.86994395949409,TRUE,TRUE,-0.419084887119867,3.85381996101278,0.342067578878758,0.657932421121243
500,9,26260619,-707.027027749908,-670.18434826842,-670.526057958959,1457.55631218877,1427.37320991475,1421.84202119741,-30.1831022740212,-5.53118871734318,TRUE,TRUE,-0.524888595586627,3.77848757704082,0.38987463673317,0.61012536326683
500,10,26260620,-741.831228705477,-690.587534401444,-691.241127353658,1527.16471409991,1468.1795821808,1463.27215998681,-58.9851319191118,-4.90742219399249,TRUE,TRUE,-0.54029700938786,3.83041924302107,0.475965883874823,0.524034116125177
500,11,26260621,-733.265026152901,-666.587419788127,-664.900023710915,1510.03230899476,1420.17935295416,1410.58995270132,-89.8529560405927,-9.58940025284642,TRUE,TRUE,-0.508134621590628,3.82873188509649,0.479864765013608,0.520135234986392
500,12,26260622,-693.187533247133,-645.802641301445,-646.675312997075,1429.87732318322,1378.6097959808,1374.14053127364,-51.2675272024217,-4.46926470716107,TRUE,TRUE,-0.531186921811187,3.76122182659627,0.39292317665459,0.60707682334541
500,13,26260623,-718.369099492105,-672.246236320157,-667.239993282557,1480.24045567316,1431.49698601823,1415.2698918446,-48.7434696549396,-16.2270941736222,TRUE,TRUE,-0.45752497139573,3.74343781256914,0.382946227278506,0.617053772721494
500,14,26260624,-738.607903184681,-685.82167954283,-687.823903473021,1520.71806305832,1458.64787246357,1456.43771222553,-62.0701905947471,-2.21016023803963,TRUE,TRUE,-0.482567095845513,3.84702070612479,0.418859425676768,0.581140574323232
500,15,26260625,-676.701156364581,-631.294450421266,-632.451457732087,1396.90456941812,1349.59341422044,1345.69282074366,-47.3111551976738,-3.90059347678175,TRUE,TRUE,-0.476171060609226,3.76979281213181,0.373940158119447,0.626059841880552
500,16,26260626,-760.027563951507,-756.459758220665,-701.217749190696,1563.55738459197,1599.92402981924,1483.22540366088,36.3666452272712,-116.69862615836,FALSE,TRUE,-0.645488395367111,3.79475335632252,0.377470595678114,0.622529404321886
500,17,26260627,-775.83997945301,-709.403593075792,-709.362467308489,1595.18221559498,1505.81169952949,1499.51483989647,-89.3705160654822,-6.29685963302813,TRUE,TRUE,-0.500086280726625,3.79177300035205,0.516744946980722,0.483255053019278
500,18,26260628,-700.429199061507,-651.435578146348,-652.268327658901,1444.36065481197,1389.87566967061,1385.32656059729,-54.4849851413644,-4.54910907331555,TRUE,TRUE,-0.501258981745462,3.77336165355786,0.387484556625841,0.612515443374159
500,19,26260629,-721.82034252969,-666.633105906802,-669.090658426724,1487.14294174834,1420.27072519151,1418.97122213294,-66.8722165568208,-1.29950305857915,TRUE,TRUE,-0.591050873694574,3.82340902860577,0.43406294176061,0.56593705823939
500,20,26260630,-679.258209262428,-621.853950102658,-623.320012496484,1402.01867521381,1330.71241358323,1327.42993027246,-71.306261630584,-3.28248331077134,TRUE,TRUE,-0.630474652873043,3.81989643649538,0.415982129498194,0.584017870501806
500,21,26260631,-770.636695408674,-700.167902675624,-699.023358756975,1584.7756475063,1487.34031872916,1478.83662279344,-97.435328777146,-8.50369593572032,TRUE,TRUE,-0.502596334229235,3.75256232071239,0.531590904003642,0.468409095996358
500,22,26260632,-704.981958832035,-649.639218292969,-650.790787734433,1453.46617435302,1386.28294996385,1382.37148074835,-67.1832243891761,-3.91146921549375,TRUE,TRUE,-0.59719063304571,3.8309263572426,0.356098595025512,0.643901404974488
500,23,26260633,-695.609430539159,-640.792174334764,-641.886959991357,1434.72111776727,1368.58886204744,1364.5638252622,-66.132255719835,-4.02503678523681,TRUE,TRUE,-0.529935942941782,3.85419317117899,0.38994478962191,0.610055210378089
500,24,26260634,-665.579321395878,-614.135462182488,-616.134600035958,1374.66089948071,1315.27543774289,1313.05910535141,-59.3854617378238,-2.21633239148127,TRUE,TRUE,-0.667125844544423,3.76933009018174,0.29799607143371,0.702003928566291
500,25,26260635,-730.774250703513,-668.263644314706,-669.200206779501,1505.05075809598,1423.53180200732,1419.19031883849,-81.5189560886588,-4.34148316883147,TRUE,TRUE,-0.544051448175022,3.76049805157846,0.416734722398766,0.583265277601233
500,26,26260636,-708.132484948073,-650.970600979524,-651.466141661208,1459.7672265851,1388.94571533696,1383.7221886019,-70.8215112481437,-5.22352673505361,TRUE,TRUE,-0.516198383918736,3.78421566255553,0.363496305842403,0.636503694157597
500,27,26260637,-697.020578174817,-657.667566628212,-655.957999417759,1437.54341303859,1402.33964663434,1392.70590411501,-35.2037664042548,-9.63374251932828,TRUE,TRUE,-0.524213150758509,3.7378332123537,0.349947734967743,0.650052265032257
500,28,26260638,-753.707256522458,-696.98389951795,-697.064346220701,1550.91676973387,1480.97231241381,1474.91859772089,-69.9444573200603,-6.05371469291981,TRUE,TRUE,-0.544906975631041,3.78821685559576,0.497730500895114,0.502269499104885
500,29,26260639,-697.585797603185,-636.799581399372,-637.221548443548,1438.67385189533,1360.60367617665,1355.23300216658,-78.0701757186703,-5.37067401007016,TRUE,TRUE,-0.504251123678087,3.79310941750501,0.498069038395935,0.501930961604065
500,30,26260640,-734.956788218028,-689.730592144626,-688.535534679462,1513.41583312501,1466.46569766716,1457.86097463841,-46.950135457849,-8.60472302875019,TRUE,TRUE,-0.364829921299454,3.81523709262903,0.421336248626297,0.578663751373703
500,31,26260641,-723.842832502449,-670.143503554112,-673.174899161573,1491.18792169385,1427.29152048613,1427.13970360263,-63.8964012077199,-0.151816883499123,TRUE,TRUE,-0.432775284031947,3.83224429604096,0.395492034309362,0.604507965690638
500,32,26260642,-750.530518290644,-692.494837060994,-693.539700276706,1544.56329327024,1471.9941874999,1467.8693058329,-72.569105770345,-4.12488166699791,TRUE,TRUE,-0.491779532872381,3.83637218854088,0.498049287501831,0.50195071249817
500,33,26260643,-758.375626695658,-698.83454193553,-698.389818119084,1560.25351008027,1484.67359724897,1477.56954151766,-75.5799128313013,-7.10405573131402,TRUE,TRUE,-0.514128981584665,3.74020174031257,0.461876201845924,0.538123798154076
500,34,26260644,-689.711905362431,-686.699030921937,-641.448794788302,1422.92606741382,1460.40257522178,1363.68749485609,37.4765078079661,-96.7150803656912,FALSE,TRUE,-0.496530391295802,3.82209315995697,0.257636298092718,0.742363701907282
500,35,26260645,-685.62708999007,-661.248904029957,-663.293674103771,1414.7564366691,1409.50232143783,1407.37725348703,-5.25411523127059,-2.12506795079366,TRUE,TRUE,-0.601983676942248,3.7577302640512,0.247665384224096,0.752334615775903
500,36,26260646,-743.560512339229,-676.445275767972,-677.042368087702,1530.62328136741,1439.89506491386,1434.87464145489,-90.7282164535584,-5.02042345896257,TRUE,TRUE,-0.396433758684491,3.80189489640347,0.470053408116603,0.529946591883397
500,37,26260647,-735.313806164471,-695.500254390296,-698.606278560901,1514.1298690179,1478.0050221585,1478.00246240129,-36.1248468593942,-0.00255975721142931,TRUE,TRUE,-0.696749557211464,3.73981564527666,0.389895860273401,0.610104139726599
500,38,26260648,-656.472104520932,-632.099128749511,-630.546640275351,1356.44646573082,1351.20277087693,1341.88318583019,-5.24369485388524,-9.31958504674253,TRUE,TRUE,-0.251153530197737,3.77980780760547,0.217422849673228,0.782577150326773
500,39,26260649,-696.645422482926,-624.197801655266,-624.227481638473,1436.79310165481,1335.40011668844,1329.24486855643,-101.392984966364,-6.15524813200955,TRUE,TRUE,-0.606811011339546,3.80665931588346,0.391874869966663,0.608125130033338
500,40,26260650,-725.141113150438,-689.274839807579,-687.74031445598,1493.78448298983,1465.55419299307,1456.27053419145,-28.2302899967638,-9.28365880162028,TRUE,TRUE,-0.428730147267433,3.82907445554469,0.334188548160098,0.665811451839903
500,41,26260651,-621.265479791847,-589.518707722627,-590.073412007337,1286.03321627265,1266.04192882316,1260.93672929416,-19.9912874494864,-5.10519952900063,TRUE,TRUE,-0.466958550168743,3.80971617212194,0.229120858200745,0.770879141799254
500,42,26260652,-751.8843937548,-701.300328499743,-700.447462553187,1547.27104419855,1489.6051703774,1481.68483038586,-57.6658738211572,-7.92033999153546,TRUE,TRUE,-0.458315539958115,3.82124993145555,0.449661395690343,0.550338604309657
500,43,26260653,-678.372901381838,-629.725261387898,-627.543013550547,1400.24805945263,1346.45503615371,1335.87593238058,-53.7930232989263,-10.5791037731242,TRUE,TRUE,-0.573389453162282,3.73298259370591,0.40999152654939,0.59000847345061
500,44,26260654,-765.534406656223,-699.661743810244,-700.079999462446,1574.5710700014,1486.3280009984,1480.94990420438,-88.2430690030014,-5.37809679401789,TRUE,TRUE,-0.520296516172266,3.80130276174315,0.470108790393504,0.529891209606496
500,45,26260655,-756.881670176589,-693.210204440544,-696.140208902219,1557.26559704213,1473.424922259,1473.07032308393,-83.8406747831359,-0.354599175071826,TRUE,TRUE,-0.502058586935005,3.78477726883926,0.518007373873554,0.481992626126446
500,46,26260656,-705.689587696215,-700.768345513629,-666.32797086206,1454.88143208138,1488.54120440517,1413.44584700361,33.6597723237846,-75.0953574015618,FALSE,TRUE,-0.536314514102157,3.78482461085071,0.375514995889575,0.624485004110424
500,47,26260657,-715.356180135576,-658.262066061832,-659.204762543688,1474.21461696011,1403.52864550158,1399.19943036686,-70.6859714585328,-4.32921513471092,TRUE,TRUE,-0.587963519777558,3.79173261913516,0.410987869985243,0.589012130014757
500,48,26260658,-735.677496917053,-663.401093401023,-663.18671696395,1514.85725052306,1413.80670017996,1407.16333920739,-101.050550343105,-6.64336097256751,TRUE,TRUE,-0.460616474852532,3.84433839743593,0.501763146592951,0.498236853407049
500,49,26260659,-718.033884593174,-647.426091780385,-651.029658854593,1479.5700258753,1381.85669693868,1382.84922298867,-97.7133289366238,0.992526049993785,TRUE,FALSE,-0.529626577075818,3.84993830037108,0.450547038141228,0.549452961858773
500,50,26260660,-781.041466154318,-698.697399439884,-700.02126058866,1605.58518899759,1484.39931225768,1480.83242645681,-121.185876739913,-3.56688580087007,TRUE,TRUE,-0.411452578198709,3.73298916726057,0.581847732942828,0.418152267057172
500,51,26260661,-707.655215524995,-659.006293603004,-659.053203026951,1458.81268773894,1405.01710058392,1398.89631133339,-53.7955871550255,-6.12078925052901,TRUE,TRUE,-0.553994554613863,3.84065945034888,0.391854002758141,0.608145997241858
500,52,26260662,-708.100706086256,-669.08013444354,-668.873262976213,1459.70366886147,1425.16478226499,1418.53643123191,-34.5388865964771,-6.62835103307702,TRUE,TRUE,-0.545901145120073,3.80354967490669,0.357262443894614,0.642737556105387
500,53,26260663,-738.703114059976,-670.142757223806,-671.940213720451,1520.90848480891,1427.29002782552,1424.67033272039,-93.6184569833856,-2.61969510513268,TRUE,TRUE,-0.681025113750744,3.80959789598626,0.48049065915069,0.51950934084931
500,54,26260664,-698.996849804464,-645.55969350088,-648.070822482405,1441.49595629788,1378.12390037967,1376.9315502443,-63.3720559182138,-1.19235013537241,TRUE,TRUE,-0.591670462723598,3.84659045483146,0.370004736015253,0.629995263984747
500,55,26260665,-705.568029315745,-668.328895823803,-667.348052475314,1454.63831532045,1423.66230502552,1415.48601023012,-30.9760102949288,-8.17629479540051,TRUE,TRUE,-0.401070834733056,3.78149536982388,0.362738032852956,0.637261967147044
500,56,26260666,-787.289691369788,-715.34917010262,-715.830783811252,1618.08163942853,1517.70285358315,1512.45147290199,-100.378785845381,-5.25138068115916,TRUE,TRUE,-0.542901802834275,3.79869100203875,0.613918671564282,0.386081328435718
500,57,26260667,-625.909171321405,-621.58789023635,-604.976151035991,1295.32059933177,1330.18029385061,1290.74220735147,34.8596945188451,-39.4380864991401,FALSE,TRUE,-0.682645710549014,3.78773838968309,0.260060413533968,0.739939586466032
500,58,26260668,-716.437313092616,-654.891286888597,-655.246782159135,1476.37688287419,1396.7870871551,1391.28346959776,-79.589795719083,-5.50361755734639,TRUE,TRUE,-0.458942970489185,3.78271267905592,0.411280222665339,0.588719777334661
500,59,26260669,-703.812915905682,-639.487344179074,-640.063987968329,1451.12808850032,1365.97920173606,1360.91788121615,-85.1488867642606,-5.06132051991176,TRUE,TRUE,-0.511245738173346,3.80605336491583,0.434013165588896,0.565986834411104
500,60,26260670,-792.550502670863,-728.20942972795,-726.995168036531,1628.60326203068,1543.42337283381,1534.78024135255,-85.1798891968715,-8.64313148125916,TRUE,TRUE,-0.606405825708002,3.76076026166588,0.555894264777519,0.444105735222481
500,61,26260671,-690.073958688075,-685.886201337221,-641.052333471065,1423.65017406511,1458.77691605235,1362.89457222162,35.1267419872477,-95.8823438307356,FALSE,TRUE,-0.541714081711293,3.80208264903679,0.345968658620804,0.654031341379196
500,62,26260672,-789.735299144424,-712.984567502646,-711.615134194985,1622.9728549778,1512.9736483832,1504.02017366946,-109.9992065946,-8.95347471374453,TRUE,TRUE,-0.579901716558058,3.87874668502489,0.531252713799915,0.468747286200085
500,63,26260673,-690.318813936333,-628.920580633142,-632.393079648257,1424.13988456162,1344.8456746442,1345.576064576,-79.2942099174263,0.730389931807622,TRUE,FALSE,-0.666077882846454,3.8263510399774,0.48601652684308,0.51398347315692
500,64,26260674,-727.022332168902,-673.822152826948,-673.603628028879,1497.54692102676,1434.64881903181,1427.99716133725,-62.8981019949535,-6.65165769456053,TRUE,TRUE,-0.47023547680304,3.80955513345535,0.432661059145554,0.567338940854446
500,65,26260675,-801.616052080686,-714.351267884247,-715.302253442273,1646.73436085033,1515.70704914641,1511.39441216403,-131.027311703923,-4.31263698237103,TRUE,TRUE,-0.527263746364442,3.77233354800368,0.570967656598255,0.429032343401744
500,66,26260676,-735.294785860444,-687.813819156344,-687.981983899292,1514.09182840984,1462.6321516906,1456.75387307807,-51.4596767192459,-5.87827861252572,TRUE,TRUE,-0.525624194692292,3.80245156657611,0.378839708357877,0.621160291642123
500,67,26260677,-737.511773296302,-695.953144297835,-696.025625834345,1518.52580328156,1478.91080197358,1472.84115694818,-39.6150013079798,-6.06964502540063,TRUE,TRUE,-0.548280028132179,3.76356362666662,0.458307672912308,0.541692327087691
500,68,26260678,-702.698557608429,-657.227260179301,-661.341344264337,1448.89937190581,1401.45903373651,1403.47259380816,-47.4403381693019,2.01356007165077,TRUE,FALSE,-0.506647738661782,3.80050533105608,0.347969282508019,0.652030717491981
500,69,26260679,-737.960486306276,-688.701897705506,-690.365816631142,1519.42322930151,1464.40830878892,1461.52153854177,-55.0149205125847,-2.88677024714912,TRUE,TRUE,-0.524855802867223,3.83759113364489,0.477564591837652,0.522435408162348
500,70,26260680,-744.033084801895,-688.103474674583,-688.5133010318,1531.56842629275,1463.21146272708,1457.81650734309,-68.3569635656688,-5.3949553839891,TRUE,TRUE,-0.605096304581843,3.76206980919177,0.46318051854127,0.53681948145873
500,71,26260681,-747.166168559823,-673.858411194163,-670.702974096017,1537.8345938086,1434.72133576624,1422.19585347152,-103.113258042365,-12.5254822947131,TRUE,TRUE,-0.510906117978835,3.77233476568254,0.52812204415897,0.47187795584103
500,72,26260682,-758.569035532275,-699.159627052534,-697.769176231769,1560.6403277535,1485.32376748298,1476.32825774303,-75.3165602705269,-8.99550973995088,TRUE,TRUE,-0.491246113395867,3.76785807177686,0.469889778197276,0.530110221802724
500,73,26260683,-750.32812398303,-706.23629227767,-706.871004266367,1544.15850465501,1499.47709793325,1494.53191381222,-44.6814067217631,-4.94518412102866,TRUE,TRUE,-0.656568846250523,3.72681197847665,0.416530812184949,0.583469187815052
500,74,26260684,-738.257894864436,-693.184466775626,-694.735712596164,1520.01804641783,1473.37344692916,1470.26133047182,-46.6445994886653,-3.11211645734693,TRUE,TRUE,-0.507062980511276,3.78778332257185,0.355798475861108,0.644201524138892
500,75,26260685,-740.319344030462,-679.286054611109,-680.2684558472,1524.14094474988,1445.57662260013,1441.32681697389,-78.5643221497512,-4.24980562623932,TRUE,TRUE,-0.566975045074889,3.83634744278001,0.397664867747087,0.602335132252913
500,76,26260686,-686.036307636532,-649.34949606148,-650.080029902498,1415.57487196202,1385.70350550087,1380.94996508448,-29.8713664611487,-4.7535404163857,TRUE,TRUE,-0.464335364994477,3.82730766074031,0.334578202729089,0.665421797270911
500,77,26260687,-665.140536658331,-632.043305901858,-633.824528991669,1373.78333000562,1351.09112518163,1348.43896326283,-22.6922048239915,-2.65216191879995,TRUE,TRUE,-0.517441509379425,3.80120683913102,0.309489908689859,0.69051009131014
500,78,26260688,-753.390590525819,-694.724225901935,-695.856006290824,1550.28343774059,1476.45296518178,1472.50191786114,-73.8304725588114,-3.95104732064488,TRUE,TRUE,-0.59132475844436,3.8556065809551,0.47796289500152,0.52203710499848
500,79,26260689,-662.133884928749,-656.272521989997,-623.113606032677,1367.77002654645,1399.5495573579,1327.01711734484,31.7795308114505,-72.5324400130621,FALSE,TRUE,-0.516296739160426,3.75272237326347,0.286730478917317,0.713269521082683
500,80,26260690,-632.723142660397,-582.749350988458,-587.817887910216,1308.94854200975,1252.50321535483,1256.42568109992,-56.4453266549224,3.92246574509363,TRUE,FALSE,-0.577798076484214,3.80561897123824,0.2859604755568,0.7140395244432
500,81,26260691,-735.429423635645,-683.861846642134,-681.632276492288,1514.36110396024,1454.72820666218,1444.05445826407,-59.6328972980662,-10.673748398113,TRUE,TRUE,-0.487934593036337,3.86332497686228,0.38802021802245,0.611979781977549
500,82,26260692,-703.461512317381,-693.674071083273,-648.063271405865,1450.42528132372,1474.35265554446,1376.91644809122,23.9273742207392,-97.4362074532387,FALSE,TRUE,-0.460121309293029,3.75808775271465,0.372294045431338,0.627705954568662
500,83,26260693,-750.236192858938,-698.877706810478,-699.778835291556,1543.97464240683,1484.75992699887,1480.3475758626,-59.2147154079648,-4.41235113626612,TRUE,TRUE,-0.516257431712961,3.78355467601985,0.436569309637875,0.563430690362125
500,84,26260694,-773.248548367452,-690.597581878702,-691.04698713284,1589.99935342386,1468.19967713532,1462.88387954517,-121.799676288545,-5.3157975901463,TRUE,TRUE,-0.524911887263986,3.8540837385363,0.607668093495316,0.392331906504684
500,85,26260695,-711.997086673841,-680.160247857041,-680.370683585214,1467.49643003664,1447.32500909199,1441.53127244992,-20.1714209446445,-5.79373664207606,TRUE,TRUE,-0.4667397432681,3.80483368890332,0.440912965541894,0.559087034458106
500,86,26260696,-770.543739370198,-693.851545562087,-692.4642699169,1584.58973542935,1474.70760450208,1465.71844511329,-109.882130927266,-8.98915938879622,TRUE,TRUE,-0.532666826954479,3.81684997067734,0.529840509230471,0.470159490769529
500,87,26260697,-684.809798414853,-631.710164620116,-632.969638257245,1413.12185351866,1350.42484261814,1346.72918179398,-62.6970109005176,-3.69566082416509,TRUE,TRUE,-0.536468351842137,3.78458728260407,0.42198319902722,0.578016800972779
500,88,26260698,-720.129204163137,-663.399871868501,-663.3328496615,1483.76066501523,1413.80425711491,1407.45560460249,-69.9564079003169,-6.34865251242513,TRUE,TRUE,-0.484111419637763,3.77331465891471,0.403679555991735,0.596320444008265
500,89,26260699,-730.315499063723,-726.603945172466,-678.148678338089,1504.1332548164,1540.21240372284,1437.08726195567,36.07914890644,-103.125141767176,FALSE,TRUE,-0.500963883234543,3.82131922633469,0.404282682361489,0.595717317638511
500,90,26260700,-739.351440274772,-693.027291733347,-692.974297747605,1522.2051372385,1473.0590968446,1466.7385007747,-49.1460403938961,-6.32059606990492,TRUE,TRUE,-0.582273713613176,3.7416395622712,0.434052807986539,0.565947192013461
500,91,26260701,-716.661133242958,-661.583794049577,-661.42092649719,1476.82452317487,1410.17210147706,1403.63175827387,-66.652421697808,-6.54034320319579,TRUE,TRUE,-0.607542490421793,3.77270847412431,0.373349985436986,0.626650014563014
500,92,26260702,-783.827357122795,-707.079474252416,-706.869155846396,1611.15697093454,1501.16346188274,1494.52821697228,-109.993509051802,-6.63524491046178,TRUE,TRUE,-0.486572254504144,3.79843598944103,0.515224701909044,0.484775298090956
500,93,26260703,-681.458707893167,-674.771389248603,-629.249989978694,1406.41967247529,1436.54729187512,1339.28988523688,30.1276193998278,-97.2574066382394,FALSE,TRUE,-0.388171282210404,3.81166396735837,0.300228030417737,0.699771969582263
500,94,26260704,-762.456231437708,-684.233210374249,-686.240623596483,1568.41471956437,1455.47093412641,1453.27115247246,-112.943785437963,-2.19978165395332,TRUE,TRUE,-0.512865985905946,3.75847321151793,0.559942178844349,0.440057821155651
500,95,26260705,-681.846965749145,-640.649053421297,-638.874707156152,1407.19618818725,1368.3026202205,1358.53931959179,-38.8935679667411,-9.7633006287117,TRUE,TRUE,-0.509705039371011,3.8443705475234,0.356033612906991,0.64396638709301
500,96,26260706,-721.867363726971,-680.436987982064,-679.538228292933,1487.2369841429,1447.87848934204,1439.86636186535,-39.3584948008606,-8.01212747668274,TRUE,TRUE,-0.540942608769003,3.75666737891272,0.374016220485882,0.625983779514119
500,97,26260707,-773.590851206274,-709.78468655265,-709.68793156871,1590.6839591015,1506.57388648321,1500.16576841691,-84.1100726182917,-6.40811806630222,TRUE,TRUE,-0.531512999221011,3.84531087005293,0.548638653508181,0.45136134649182
500,98,26260708,-741.698068828588,-673.686856400654,-673.215038457291,1526.89839434613,1434.37822617922,1427.21998219407,-92.5201681669121,-7.15824398514815,TRUE,TRUE,-0.584494533634267,3.84656694664213,0.540619227200193,0.459380772799806
500,99,26260709,-734.05962431668,-677.387170937887,-677.30510370209,1511.62150532231,1441.77885525369,1435.40011268367,-69.8426500686292,-6.37874257001772,TRUE,TRUE,-0.566173162601653,3.80431129359748,0.4295672558233,0.5704327441767
500,100,26260710,-739.940651780169,-677.252328069171,-677.898405848292,1523.38356024929,1441.50916951625,1436.58671697607,-81.8743907330406,-4.92245254018053,TRUE,TRUE,-0.516416724000033,3.80031375506477,0.463719949189211,0.536280050810789
500,101,26260711,-748.767986015118,-685.600902619705,-686.573433540516,1541.03822871919,1458.20631861732,1453.93677236052,-82.8319101018706,-4.269546256799,TRUE,TRUE,-0.521454750633859,3.84305417020147,0.580542389914117,0.419457610085882
500,102,26260712,-766.791162973431,-701.483990372868,-699.802884105984,1577.08458263582,1489.97249412365,1480.39567349146,-87.1120885121722,-9.57682063218954,TRUE,TRUE,-0.579520300673864,3.75592956856507,0.512280834509837,0.487719165490163
500,103,26260713,-705.245316367719,-699.464119345535,-646.166534905883,1453.99288942439,1485.93275206898,1373.12297509125,31.9398626445873,-112.809776977727,FALSE,TRUE,-0.493503327015672,3.7097961561989,0.411923406310952,0.588076593689048
500,104,26260714,-731.703015228161,-689.50893557187,-689.167448691263,1506.90828714528,1466.02238452165,1459.12480266201,-40.8859026236253,-6.89758185963797,TRUE,TRUE,-0.6145684513188,3.78597217276338,0.464652842976237,0.535347157023763
500,105,26260715,-724.30184718394,-671.148844984028,-670.27818677379,1492.10595105684,1429.30220334597,1421.34627882707,-62.8037477108687,-7.95592451889956,TRUE,TRUE,-0.515212408349859,3.83838368757065,0.449980290251496,0.550019709748504
500,106,26260716,-680.823430037627,-645.297343454623,-645.348896283153,1405.14911676421,1377.59920028716,1371.48769784579,-27.5499164770513,-6.1115024413632,TRUE,TRUE,-0.55166406155031,3.75272681480324,0.298016215045065,0.701983784954935
500,107,26260717,-773.058818569933,-707.634542550255,-708.20288931326,1589.61989382882,1502.27359847842,1497.19568390601,-87.3462953504009,-5.07791457241251,TRUE,TRUE,-0.415712280249579,3.8073633858783,0.609931821936085,0.390068178063915
500,108,26260718,-749.64910642302,-690.018638088487,-692.558606318478,1542.800469535,1467.04178955488,1465.90711791645,-75.7586799801109,-1.13467163843939,TRUE,TRUE,-0.522719987257305,3.87508399592009,0.434812453233471,0.565187546766529
500,109,26260719,-649.745279980669,-613.930212666501,-615.437073303318,1342.99281665029,1314.86493871091,1311.66405188612,-28.1278779393815,-3.20088682478786,TRUE,TRUE,-0.498240826324593,3.84891707222273,0.28990304243367,0.71009695756633
500,110,26260720,-751.015842567379,-702.842584583447,-703.793519970538,1545.53394182371,1492.6896825448,1488.37694522056,-52.8442592789092,-4.31273732424074,TRUE,TRUE,-0.576813299347875,3.81602593470585,0.507996963505984,0.492003036494016
500,111,26260721,-667.390859100154,-635.636297194448,-638.955532834319,1378.28397488926,1358.27710776681,1358.70097094813,-20.0068671224581,0.423863181321394,TRUE,FALSE,-0.715688617474258,3.76322814437344,0.313621140674242,0.686378859325757
500,112,26260722,-683.847508958385,-643.505099449793,-643.758612316679,1411.19727460573,1374.0147122775,1368.30712991285,-37.1825623282291,-5.70758236465122,TRUE,TRUE,-0.501174635240036,3.8060215444227,0.326640549642565,0.673359450357434
500,113,26260723,-709.093712712825,-667.864812902596,-667.832230756076,1461.6896821146,1422.7341391831,1416.45436679164,-38.9555429315026,-6.27977239146185,TRUE,TRUE,-0.547416045598389,3.86623667502791,0.388493551181991,0.611506448818009
500,114,26260724,-724.179031291287,-674.714350278668,-675.566928392656,1491.86031927153,1436.43321393525,1431.9237620648,-55.4271053362829,-4.50945187044522,TRUE,TRUE,-0.527896951353491,3.71164500207148,0.420687822768307,0.579312177231693
500,115,26260725,-716.483698138282,-674.785532991613,-674.570081933287,1476.46965296552,1436.57557936114,1429.93006914606,-39.894073604381,-6.64551021507555,TRUE,TRUE,-0.518945097867495,3.77681409906043,0.407803892154468,0.592196107845532
500,116,26260726,-748.206391193133,-671.682710850375,-674.829825850758,1539.91503907522,1430.36993507866,1430.449556981,-109.545103996562,0.0796219023441154,TRUE,FALSE,-0.564418631367791,3.8541372307604,0.595988370522731,0.404011629477269
500,117,26260727,-783.61496590751,-694.410460076493,-696.153052555779,1610.73218850398,1475.8254335309,1473.09601039105,-134.906754973079,-2.72942313985072,TRUE,TRUE,-0.510301835754357,3.80618111273623,0.541549881856866,0.458450118143134
500,118,26260728,-747.105868670023,-660.132597205608,-659.398434806142,1537.713994029,1407.26970778913,1399.58677489177,-130.444286239875,-7.68293289735379,TRUE,TRUE,-0.322220973373714,3.76457266240307,0.523937479392888,0.476062520607112
500,119,26260729,-694.684845564688,-690.511458646354,-655.133480881826,1432.87194781833,1468.02743067062,1391.05686704314,35.1554828522876,-76.9705636274789,FALSE,TRUE,-0.438543891494332,3.80799461608026,0.307646382260791,0.69235361773921
500,120,26260730,-670.369603611967,-624.940011154875,-624.735455986439,1384.24146391289,1336.88453568766,1330.26081725237,-47.3569282252286,-6.62371843529422,TRUE,TRUE,-0.505859202961669,3.85881892105577,0.331735171201294,0.668264828798706
500,121,26260731,-748.898752439809,-689.284458855776,-691.856419508346,1541.29976156857,1465.57343108946,1464.50274429618,-75.726330479112,-1.0706867932804,TRUE,TRUE,-0.518814248727582,3.69890537378104,0.491694303469353,0.508305696530647
500,122,26260732,-750.747697363396,-684.378186024345,-687.116298313566,1544.99765141575,1455.7608854266,1455.02250190662,-89.2367659891463,-0.738383519980061,TRUE,TRUE,-0.304037326427106,3.7997563291451,0.471836241747203,0.528163758252798
500,123,26260733,-716.111493906956,-672.167981194724,-671.652923477234,1475.72524450287,1431.34047576736,1424.09575223396,-44.3847687355089,-7.24472353340252,TRUE,TRUE,-0.517718900173204,3.74554212351331,0.403794635185832,0.596205364814168
500,124,26260734,-753.9528495893,-693.633518526789,-696.428375470272,1551.40795586756,1474.27155043149,1473.64665622003,-77.1364054360677,-0.624894211456876,TRUE,TRUE,-0.532832619002651,3.80597742163981,0.560966622942935,0.439033377057065
500,125,26260735,-766.331598069319,-706.241003359125,-706.714258290188,1576.16545282759,1499.48652009616,1494.21842185986,-76.6789327314325,-5.26809823629605,TRUE,TRUE,-0.43101416884665,3.87739750390527,0.504330743634116,0.495669256365884
500,126,26260736,-720.820826326791,-668.548127292376,-672.226093216502,1485.14390934254,1424.10076796266,1425.24209171249,-61.043141379876,1.14132374982955,TRUE,FALSE,-0.554480548181735,3.74799103252181,0.479474131829455,0.520525868170545
500,127,26260737,-730.809366054766,-695.786487048231,-693.082582755331,1505.12098879849,1478.57748747437,1466.95507079015,-26.5435013241151,-11.6224166842214,TRUE,TRUE,-0.230671148091121,3.85373243525376,0.340127278788522,0.659872721211478
500,128,26260738,-711.952885799658,-659.143173079468,-660.030725640661,1467.40802828827,1405.29085953685,1400.85135656081,-62.1171687514254,-4.43950297603624,TRUE,TRUE,-0.443438493756786,3.78758950199675,0.419617179731689,0.580382820268311
500,129,26260739,-760.226679142892,-710.056269876553,-711.436719207639,1563.95561497474,1507.11705313102,1503.66334369477,-56.838561843723,-3.45370943624857,TRUE,TRUE,-0.367854870040843,3.6922702357222,0.477411955123369,0.522588044876631
500,130,26260740,-743.95012965609,-693.637232736553,-693.957107062219,1531.40251600113,1474.27897885102,1468.70411940393,-57.1235371501189,-5.57485944708833,TRUE,TRUE,-0.506901773614268,3.78509099691038,0.43449785571468,0.56550214428532
500,131,26260741,-718.257517235178,-652.513325488771,-656.550536147384,1480.01729115931,1392.03116435545,1393.89097757426,-87.986126803858,1.85981321880445,TRUE,FALSE,-0.514351604032249,3.80689178092249,0.41329312476981,0.586706875230189
500,132,26260742,-728.62642619301,-663.83584659581,-664.569406364085,1500.75510907498,1414.67620656953,1409.92871800766,-86.0789025054444,-4.74748856187171,TRUE,TRUE,-0.600806180935697,3.830216195604,0.445967553196596,0.554032446803404
500,133,26260743,-785.988312082268,-717.116250049366,-718.999155421314,1615.47888085349,1521.23701347664,1518.78821612212,-94.2418673768484,-2.4487973545265,TRUE,TRUE,-0.515210317474162,3.76275116384054,0.553946254132293,0.446053745867707
500,134,26260744,-707.547699996163,-646.587061702576,-646.263134764988,1458.59765668128,1380.17863678306,1373.31617480946,-78.419019898218,-6.86246197359901,TRUE,TRUE,-0.454598930514756,3.80487008561914,0.402171112165358,0.597828887834643
500,135,26260745,-702.856715055881,-651.855040656355,-649.889094116357,1449.21568680072,1390.71459469062,1380.5680935122,-58.5010921100968,-10.1465011784185,TRUE,TRUE,-0.54055258352136,3.71433849182784,0.391905836244613,0.608094163755387
500,136,26260746,-728.926883411109,-670.806204036634,-674.893786867281,1501.35602351117,1428.61692145118,1430.57747901405,-72.7391020599948,1.96055756287137,TRUE,FALSE,-0.470565896158527,3.80044818670556,0.449708517655809,0.550291482344191
500,137,26260747,-705.815541070553,-701.234932912788,-677.736773577695,1455.13333883006,1489.47437920349,1436.26345243488,34.341040373424,-53.2109267686078,FALSE,TRUE,-0.488038163338457,3.82429927644753,0.303872298983442,0.696127701016557
500,138,26260748,-709.344882858413,-697.18672257184,-663.825533429279,1462.19202240578,1481.37795852159,1408.44097213805,19.1859361158085,-72.9369863835434,FALSE,TRUE,-0.467589444897174,3.78025721021565,0.321995946576336,0.678004053423664
500,139,26260749,-742.469361538646,-696.239167523723,-696.525392404221,1528.44097976625,1479.48284842536,1473.84069008793,-48.9581313408903,-5.64215833742742,TRUE,TRUE,-0.492950743753228,3.85033611372559,0.45187665263411,0.548123347365891
500,140,26260750,-752.115860127422,-692.442758693887,-692.899234329536,1547.7339769438,1471.89003076568,1466.58837393856,-75.8439461781161,-5.30165682712345,TRUE,TRUE,-0.425115713983447,3.78988728001609,0.459828149626514,0.540171850373486
500,141,26260751,-700.617563128166,-650.127044140831,-647.285778038315,1444.73738294529,1387.25860165957,1375.36146135612,-57.4787812857151,-11.8971403034527,TRUE,TRUE,-0.486036230998809,3.82027224797827,0.38801695233428,0.61198304766572
500,142,26260752,-736.475672793688,-700.432475490848,-703.922561794481,1516.45360227633,1487.86946435961,1488.63502886845,-28.5841379167239,0.765564508843454,TRUE,FALSE,-0.409060743522653,3.79023487993429,0.408039686941352,0.591960313058648
500,143,26260753,-758.548302615998,-715.65445164656,-717.574929840339,1560.59886192095,1518.31341667103,1515.93976496017,-42.2854452499207,-2.37365171086367,TRUE,TRUE,-0.439361236468792,3.77312659843662,0.490320480962632,0.509679519037368
500,144,26260754,-698.753768491485,-692.411174815375,-653.877886088347,1441.00979367192,1471.82686300866,1388.54567745618,30.817069336737,-83.281185552479,FALSE,TRUE,-0.441273933179925,3.72425756365098,0.315671241320593,0.684328758679407
500,145,26260755,-746.706036707333,-683.450276538731,-685.507724218023,1536.91433010362,1453.90506645537,1451.80535371554,-83.0092636482486,-2.09971273983683,TRUE,TRUE,-0.497621584966113,3.82840693164178,0.463933745908264,0.536066254091736
500,146,26260756,-738.116429637663,-694.161602365599,-690.277222172881,1519.73511596428,1475.32771810911,1461.34434962525,-44.4073978551723,-13.9833684838584,TRUE,TRUE,-0.501723023645498,3.83118120694164,0.396372381951307,0.603627618048693
500,147,26260757,-775.134564861536,-677.526168004421,-675.587001849504,1593.77138641203,1442.05684938675,1431.9639089785,-151.714537025274,-10.0929404082572,TRUE,TRUE,-0.52971464551078,3.71756267306727,0.555367344677646,0.444632655322354
500,148,26260758,-802.70068034442,-732.691836865456,-732.862595516847,1648.9036173778,1552.38818710882,1546.51509631318,-96.515430268973,-5.87309079563965,TRUE,TRUE,-0.574308224616266,3.85751949356037,0.550119546610155,0.449880453389845
500,149,26260759,-710.101029761678,-637.86190579039,-638.073828016265,1463.70431621231,1362.72832495869,1356.93756131202,-100.97599125362,-5.79076364667344,TRUE,TRUE,-0.473223870566782,3.80310677115939,0.39619628782025,0.60380371217975
500,150,26260760,-759.455821722933,-685.209703772635,-685.549046688972,1562.41390013482,1457.42392092318,1451.88799865743,-104.989979211641,-5.53592226574801,TRUE,TRUE,-0.497789124851,3.80397520524195,0.543877478013846,0.456122521986154
500,151,26260761,-737.333036413393,-677.228314753149,-676.799072216542,1518.16832951574,1441.46114288421,1434.38804971257,-76.7071866315325,-7.07309317163617,TRUE,TRUE,-0.583881511303247,3.8497983446517,0.462013051797317,0.537986948202683
500,152,26260762,-707.827851025194,-672.732686853161,-672.32793529089,1459.15795873934,1432.46988708423,1425.44577586127,-26.68807165511,-7.02411122296485,TRUE,TRUE,-0.460277359016109,3.82428982623464,0.306105287596917,0.693894712403083
500,153,26260763,-688.603788033684,-636.328148417402,-636.127094393487,1420.70983275632,1359.66081021271,1353.04409406646,-61.0490225436092,-6.61671614625061,TRUE,TRUE,-0.538412492999255,3.75822565509954,0.349895662269499,0.650104337730502
500,154,26260764,-760.099491607709,-699.40796372509,-700.521228026814,1563.70123990437,1485.82044082809,1481.83236133312,-77.8807990762816,-3.98807949497609,TRUE,TRUE,-0.603046640842194,3.80705202547315,0.468342254419034,0.531657745580966
500,155,26260765,-662.087345934883,-625.388786435259,-625.250574459068,1367.67694855872,1337.78208624843,1331.29105419762,-29.8948623102942,-6.49103205080291,TRUE,TRUE,-0.390402175714256,3.84321070600736,0.264159490857476,0.735840509142524
500,156,26260766,-656.072225822895,-625.239648536593,-626.230347294561,1355.64670833475,1337.4838104511,1333.25059986861,-18.1628978836484,-4.23321058248757,TRUE,TRUE,-0.393051124266025,3.80841717209468,0.265880716624359,0.734119283375641
500,157,26260767,-749.682489932202,-679.74046572744,-679.605780933933,1542.86723655336,1446.48544483279,1440.00146714735,-96.3817917205697,-6.483977685436,TRUE,TRUE,-0.63081649542348,3.83124726918067,0.45816672715661,0.54183327284339
500,158,26260768,-714.877369303773,-665.28469508223,-665.683209822617,1473.2569952965,1417.57390354237,1412.15632492472,-55.6830917541301,-5.4175786176479,TRUE,TRUE,-0.459281417679167,3.80780955974822,0.368115448928005,0.631884551071995
500,159,26260769,-717.798834928649,-712.137879831849,-686.806116734959,1479.09992654625,1511.28027304161,1454.40213874941,32.1803464953548,-56.878134292202,FALSE,TRUE,-0.269335032916172,3.84441476606679,0.313666458076146,0.686333541923854
500,160,26260770,-651.608102682686,-614.61256991517,-614.304009672776,1346.71846205433,1316.22965320825,1309.39792462504,-30.4888088460759,-6.83172858321109,TRUE,TRUE,-0.664001694992384,3.785887716223,0.250026810678621,0.749973189321379
500,161,26260771,-735.956495494435,-677.908238443284,-683.770187109501,1515.41524767783,1442.82099026448,1448.33027949849,-72.594257413348,5.5092892340133,TRUE,FALSE,-0.46890890402506,3.84946034385386,0.443888688407698,0.556111311592302
500,162,26260772,-715.753362840662,-712.298912475606,-665.066715200228,1475.00898237028,1511.60233832912,1410.92333567994,36.5933559588432,-100.679002649178,FALSE,TRUE,-0.58600383944303,3.82956575852928,0.38189192612779,0.618108073872211
500,163,26260773,-761.310294210805,-705.819130323408,-706.459623794294,1566.12284511057,1498.64277402473,1493.70915286808,-67.4800710858394,-4.93362115664968,TRUE,TRUE,-0.532460632818503,3.86021756409074,0.464854985237322,0.535145014762678
500,164,26260774,-721.693183845499,-666.652126234675,-667.737310154957,1486.88862437995,1420.30876584726,1416.2645255894,-66.5798585326934,-4.0442402578592,TRUE,TRUE,-0.548659418565712,3.80549004581657,0.496431292097914,0.503568707902086
500,165,26260775,-714.403715807842,-666.812574550927,-668.708649904774,1472.30968830464,1420.62966247976,1418.20720508904,-51.680025824875,-2.422457390727,TRUE,TRUE,-0.478520023675437,3.79016070521721,0.395791063837659,0.604208936162341
500,166,26260776,-735.082686180207,-665.330145090062,-664.226256369124,1513.66762904937,1417.66480355804,1409.24241801774,-96.0028254913334,-8.42238554029859,TRUE,TRUE,-0.612177731232349,3.77598699952284,0.52827210069404,0.47172789930596
500,167,26260777,-794.831214180274,-722.017936296665,-719.342379442584,1633.1646850495,1531.04038597124,1519.47466416466,-102.124299078263,-11.565721806583,TRUE,TRUE,-0.464683490377182,3.82207045084206,0.62140836245014,0.37859163754986
500,168,26260778,-691.439343899233,-637.055286421103,-637.885365148773,1426.38094448742,1361.11508622012,1356.56063557704,-65.265858267305,-4.55445064308196,TRUE,TRUE,-0.396389700874932,3.8047331221143,0.325947067218167,0.674052932781834
500,169,26260779,-783.156105142418,-723.004403020182,-721.700042159908,1609.81446697379,1533.01331941828,1524.18998959931,-76.8011475555172,-8.8233298189698,TRUE,TRUE,-0.605715136960023,3.8045638730159,0.53564239161869,0.46435760838131
500,170,26260780,-764.651449434734,-692.142382420768,-690.204788868471,1572.80515555842,1471.28927821945,1461.19948301643,-101.515877338976,-10.0897952030173,TRUE,TRUE,-0.605520072273807,3.79148499633767,0.539573875909202,0.460426124090798
500,171,26260781,-699.935689101483,-648.503178095408,-648.399694809819,1443.37363489192,1384.01086956873,1377.58929489913,-59.3627653231965,-6.42157466959839,TRUE,TRUE,-0.491175386829401,3.78260135396306,0.411186842285039,0.588813157714961
500,172,26260782,-724.027888768318,-679.411441110257,-679.966850826319,1491.55803422559,1445.82739559842,1440.72360693213,-45.7306386271673,-5.10378866629821,TRUE,TRUE,-0.343486814855953,3.86165805996193,0.391625657183173,0.608374342816827
500,173,26260783,-638.373242569656,-606.279147320235,-607.147281746509,1320.24874182827,1299.56280801838,1295.08446877251,-20.685933809888,-4.47833924587326,TRUE,TRUE,-0.435439419186337,3.79121647299502,0.223713609969397,0.776286390030604
500,174,26260784,-758.448681083285,-699.314493121383,-696.763861975701,1560.39961885553,1485.63349962068,1474.31762923089,-74.7661192348482,-11.3158703897861,TRUE,TRUE,-0.459988414652315,3.78599737957448,0.513860962242902,0.486139037757098
500,175,26260785,-758.800668518106,-680.504063403787,-682.364536504816,1561.10359372517,1448.01264018548,1445.51897828912,-113.090953539684,-2.49366189636362,TRUE,TRUE,-0.540570290891155,3.82765961679269,0.539975037507163,0.460024962492837
500,176,26260786,-684.562827224471,-680.939617213171,-635.564360629161,1412.6279111379,1448.88374780425,1351.91862653781,36.2558366663548,-96.9651212664419,FALSE,TRUE,-0.476164673847065,3.81811139947052,0.314038421967643,0.685961578032357
500,177,26260787,-727.076189628648,-684.228344282699,-687.958875012914,1497.65463594625,1455.46120194331,1456.70765530532,-42.1934340029438,1.24645336200888,TRUE,FALSE,-0.552320537163483,3.80721694852772,0.389839087504693,0.610160912495307
500,178,26260788,-721.064880309361,-668.203001078887,-668.069287114907,1485.63201730768,1423.41051553568,1416.9284795093,-62.221501771993,-6.48203602638205,TRUE,TRUE,-0.50090998942229,3.80610688982502,0.415945098214323,0.584054901785677
500,179,26260789,-747.026260182337,-688.925045120877,-691.700295033138,1537.55477705363,1464.85460361967,1464.19049534576,-72.7001734339647,-0.66410827390132,TRUE,TRUE,-0.548012879370886,3.85387970904171,0.453111740705868,0.546888259294132
500,180,26260790,-791.67832574171,-736.354272955218,-735.281229141202,1626.85890817237,1559.71305928835,1551.35236356189,-67.1458488840292,-8.36069572645238,TRUE,TRUE,-0.459893970285038,3.81186358159118,0.548361112413731,0.451638887586269
500,181,26260791,-749.746483768326,-680.203120603429,-677.612835029142,1542.99522422561,1447.41075458477,1436.01557533777,-95.5844696408385,-11.395179246997,TRUE,TRUE,-0.414737400061518,3.7748223904352,0.573984390204363,0.426015609795637
500,182,26260792,-740.575681976495,-672.189838165491,-670.78794209878,1524.65362064195,1431.38418970889,1422.36578947705,-93.2694309330534,-9.01840023184536,TRUE,TRUE,-0.444723069339846,3.78023337661793,0.558039552035811,0.441960447964189
500,183,26260793,-726.833694659369,-722.604581902095,-692.958270444748,1497.16964600769,1532.2136771821,1466.70644616898,35.0440311744055,-65.5072310131159,FALSE,TRUE,-0.366729857786319,3.83329959574472,0.298046156115862,0.701953843884138
500,184,26260794,-640.288188318296,-599.502831134321,-600.581623552077,1324.07863332555,1286.01017564655,1281.95315238364,-38.0684576789945,-4.05702326291043,TRUE,TRUE,-0.73930727058178,3.8294607069786,0.269336200866267,0.730663799133733
500,185,26260795,-751.215853553262,-687.777701525292,-689.561567647876,1545.93396379548,1462.5599164285,1459.91304057524,-83.3740473669843,-2.64687585325532,TRUE,TRUE,-0.47687286352675,3.83339698501708,0.487437924407365,0.512562075592635
500,186,26260796,-733.442749814553,-686.919467751871,-685.881158897179,1510.38775631806,1460.84344888165,1452.55222307385,-49.5443074364091,-8.29122580780586,TRUE,TRUE,-0.61067385969317,3.79759412136905,0.389233637737349,0.61076636226265
500,187,26260797,-744.337977712393,-693.379678688884,-694.100254857498,1532.17821211374,1473.76387075568,1468.99041499448,-58.4143413580628,-4.77345576119455,TRUE,TRUE,-0.421354255604086,3.85897892952179,0.448412503453777,0.551587496546223
500,188,26260798,-730.493243375555,-672.040636361642,-672.144244974516,1504.48874344007,1431.08578610119,1425.07839522852,-73.4029573388705,-6.0073908726738,TRUE,TRUE,-0.631548102507331,3.78568309293834,0.42014155160098,0.57985844839902
500,189,26260799,-727.759810930932,-721.836321211528,-676.806040704132,1499.02187855082,1530.67715580097,1434.40198668775,31.6552772501473,-96.2751691132137,FALSE,TRUE,-0.575167521203346,3.82582939028541,0.346071071217602,0.653928928782398
500,190,26260800,-721.950650369518,-657.966040629096,-658.399559954658,1487.40355742799,1402.9365946361,1397.58902518881,-84.4669627918902,-5.34756944729679,TRUE,TRUE,-0.491498960085904,3.8069366360662,0.459986543155422,0.540013456844578
500,191,26260801,-731.780317516433,-683.838693923883,-685.388283107797,1507.06289172182,1454.68190122568,1451.56647149508,-52.380990496144,-3.11542973059431,TRUE,TRUE,-0.449873132969203,3.85276591452388,0.438012180266915,0.561987819733086
500,192,26260802,-703.829150968088,-653.918195440123,-654.379099885558,1451.16055862513,1394.84090425816,1389.5481050506,-56.3196543669751,-5.29279920755152,TRUE,TRUE,-0.545779346154842,3.77495159089408,0.363092870360479,0.636907129639521
500,193,26260803,-724.684841026315,-677.899519414411,-678.817906493407,1492.87193874158,1442.80355220673,1438.4257182663,-50.0683865348512,-4.37783394043117,TRUE,TRUE,-0.583300683085647,3.79225694513464,0.442731280856478,0.557268719143522
500,194,26260804,-715.785761623703,-675.858418475811,-676.255032315197,1475.07377993636,1438.72135032953,1433.29996990988,-36.3524296068279,-5.42138041964972,TRUE,TRUE,-0.550514850122092,3.7480650705658,0.414360190452468,0.585639809547531
500,195,26260805,-723.925294245797,-678.60195928266,-678.392295291207,1491.35284518055,1444.20843194323,1437.5744958619,-47.1444132373188,-6.63393608132924,TRUE,TRUE,-0.503318020684635,3.70616634739499,0.360329874708179,0.63967012529182
500,196,26260806,-778.60293666447,-732.126840313369,-731.049564980794,1600.7081300179,1551.25819400465,1542.88903524108,-49.4499360132468,-8.3691587635717,TRUE,TRUE,-0.332547866735441,3.79535563220336,0.421825490757743,0.578174509242257
500,197,26260807,-735.694273040361,-683.154234598335,-683.751357380582,1514.89080276968,1453.31298257458,1448.29262004065,-61.577820195097,-5.02036253392862,TRUE,TRUE,-0.484232082473527,3.87131494725707,0.431143930175837,0.568856069824162
500,198,26260808,-773.542863138961,-711.377914433817,-708.615525506134,1590.58798296688,1509.76034224554,1498.02095629176,-80.8276407213325,-11.739385953789,TRUE,TRUE,-0.470290476500107,3.79401751443094,0.484224029772007,0.515775970227993
500,199,26260809,-675.858137800306,-625.65126112723,-627.136433163398,1395.21853228957,1338.30703563237,1335.06277160628,-56.9114966571972,-3.24426402608651,TRUE,TRUE,-0.523647383964594,3.85407089594907,0.387904676849213,0.612095323150787
500,200,26260810,-702.432660467897,-653.774856343137,-654.159403300554,1448.36757762475,1394.55422606418,1389.1087118806,-53.8133515605655,-5.44551418358719,TRUE,TRUE,-0.508826525861864,3.78074301618222,0.441955917529988,0.558044082470011
1500,1,36260611,-2176.25911592314,-2032.73617289654,-2033.34147932509,4403.71077455591,4167.85743121233,4161.75482368236,-235.853343343572,-6.10260752997146,TRUE,TRUE,-0.530029216951637,3.84119441156544,0.382258605130905,0.617741394869095
1500,2,36260612,-2247.45493703697,-2090.73849296172,-2090.77933226941,4546.10241678356,4283.8620713427,4276.630529571,-262.240345440861,-7.23154177169818,TRUE,TRUE,-0.583244052767384,3.77255218617117,0.44532770685233,0.55467229314767
1500,3,36260613,-2251.71673858431,-2080.95617268944,-2083.1974433759,4554.62601987825,4264.29743079814,4261.46675178397,-290.328589080116,-2.83067901416962,TRUE,TRUE,-0.516435390355386,3.79106274690921,0.496543102264806,0.503456897735194
1500,4,36260614,-2225.27455987417,-2067.45507041472,-2070.9217880191,4501.74166245798,4237.2952262487,4236.91544107038,-264.446436209274,-0.37978517832471,TRUE,TRUE,-0.520959911337731,3.79596822129997,0.437036276233968,0.562963723766032
1500,5,36260615,-2049.34974756608,-1957.71131957747,-1959.04541475672,4149.89203784179,4017.8077245742,4013.16269454561,-132.084313267597,-4.64503002858828,TRUE,TRUE,-0.533504397715749,3.76259590013778,0.350157797581364,0.649842202418636
1500,6,36260616,-2189.63717587096,-2048.16491487552,-2050.42409664551,4430.46689445154,4198.7149151703,4195.9200583232,-231.751979281238,-2.79485684710835,TRUE,TRUE,-0.515543095192663,3.78507035868853,0.46712402785342,0.532875972146581
1500,7,36260617,-2072.00331798927,-1965.30345606138,-1963.59293419166,4195.19917868817,4032.99199754203,4022.2577334155,-162.207181146135,-10.7342641265341,TRUE,TRUE,-0.497781765379018,3.82831748852881,0.326981386415078,0.673018613584922
1500,8,36260618,-2129.86656484984,-1998.41193800606,-1999.57071278302,4310.92567240932,4099.20896143139,4094.21329059821,-211.716710977929,-4.99567083318061,TRUE,TRUE,-0.396259771467691,3.81780280237337,0.385287104868595,0.614712895131406
1500,9,36260619,-2029.00188653188,-1898.72173684781,-1899.84234217611,4109.1963157734,3899.82855911488,3894.7565493844,-209.367756658519,-5.07200973047657,TRUE,TRUE,-0.609447141180528,3.79007530426844,0.341801435335246,0.658198564664754
1500,10,36260620,-2229.51159703288,-2073.0509434394,-2075.44052912408,4510.21573677539,4248.48697229806,4245.95292328033,-261.72876447733,-2.53404901773592,TRUE,TRUE,-0.536623165919207,3.75471636917766,0.451390677341745,0.548609322658255
1500,11,36260621,-2261.09834897923,-2062.7860039858,-2061.31151933166,4573.3892406681,4227.95709339087,4217.69490369549,-345.432147277231,-10.2621896953779,TRUE,TRUE,-0.526335825721009,3.8279550944119,0.449773496283914,0.550226503716086
1500,12,36260622,-2230.79975478883,-2050.93756353834,-2051.90635118605,4512.79205228729,4204.26021249595,4198.88456740428,-308.531839791344,-5.37564509166259,TRUE,TRUE,-0.493547299234549,3.80411183475608,0.45576510542487,0.54423489457513
1500,13,36260623,-2221.19415444213,-2043.42417484246,-2046.25252343639,4493.5808515939,4189.23343510418,4187.57691190496,-304.347416489718,-1.65652319922174,TRUE,TRUE,-0.485881026480622,3.79328237149978,0.472802363118161,0.527197636881839
1500,14,36260624,-2207.15190729379,-2064.07686217788,-2064.36231623861,4465.49635729721,4230.53880977501,4223.7964975094,-234.957547522199,-6.74231226561733,TRUE,TRUE,-0.419686771470561,3.80133196260333,0.402571519169316,0.597428480830683
1500,15,36260625,-2155.93338824922,-2006.97426355216,-2006.76058707429,4363.05931920806,4116.33361252359,4108.59303918076,-246.725706684479,-7.74057334282952,TRUE,TRUE,-0.517431717520582,3.78719449765548,0.440168618744565,0.559831381255435
1500,16,36260626,-2116.90646984319,-1990.39834202585,-1992.27945486957,4285.00548239602,4083.18176947096,4079.6307747713,-201.823712925062,-3.55099469965353,TRUE,TRUE,-0.499730626189412,3.78706424056876,0.359663265485688,0.640336734514314
1500,17,36260627,-2144.60986286756,-1992.55368052581,-1992.87566221314,4340.41226844475,4087.49244647089,4080.82318945845,-252.91982197386,-6.66925701243463,TRUE,TRUE,-0.562209551273233,3.79131099300541,0.370517411353273,0.629482588646728
1500,18,36260628,-2184.45861850266,-2050.01484610233,-2048.37317904936,4420.10977971495,4202.41477762392,4191.8182231309,-217.69500209103,-10.5965544930232,TRUE,TRUE,-0.5004173186827,3.80439329327813,0.408012828510042,0.591987171489956
1500,19,36260629,-2104.80022836236,-1975.51755470352,-1976.07457591064,4260.79299943436,4053.4201948263,4047.22101685345,-207.372804608054,-6.19917797285734,TRUE,TRUE,-0.533738197107473,3.83095687737069,0.430117936232004,0.569882063767995
1500,20,36260630,-2244.90158508691,-2065.05104055906,-2062.78506152041,4540.99571288346,4232.48716653738,4220.641988073,-308.508546346078,-11.8451784643821,TRUE,TRUE,-0.488509494694936,3.7839398738802,0.475242280982852,0.524757719017149
1500,21,36260631,-2186.35114124545,-2021.99217034026,-2023.6773289091,4423.89482520053,4146.36942609978,4142.42652285036,-277.525399100752,-3.94290324941176,TRUE,TRUE,-0.575087327538,3.81240490259425,0.456628064730109,0.543371935269891
1500,22,36260632,-2171.9159636471,-2025.98574845471,-2025.70694492192,4395.02447000382,4154.35658232869,4146.48575487602,-240.667887675136,-7.87082745267071,TRUE,TRUE,-0.473022158263559,3.79956486492704,0.409637174124151,0.590362825875849
1500,23,36260633,-2095.76899095416,-2091.48645635572,-1946.86275308746,4242.73052461795,4285.35799813071,3988.7973712071,42.6274735127572,-296.560626923609,FALSE,TRUE,-0.504235834105245,3.77617402821501,0.360702488083534,0.639297511916466
1500,24,36260634,-2137.10062904872,-1998.40636679071,-1998.47120434716,4325.39380080708,4099.19781900069,4092.0142737265,-226.195981806386,-7.18354527419069,TRUE,TRUE,-0.534463283139285,3.80446613912108,0.387499237156498,0.612500762843503
1500,25,36260635,-2258.88712691154,-2086.61560031522,-2087.16042729033,4568.96679653272,4275.61628604971,4269.39271961284,-293.350510483008,-6.22356643686908,TRUE,TRUE,-0.404087108526713,3.82771415521628,0.462322399622461,0.537677600377539
1500,26,36260636,-2213.84275506397,-2036.00312592838,-2037.3612553286,4478.87805283758,4174.39133727602,4169.79437568937,-304.486715561555,-4.59696158665247,TRUE,TRUE,-0.56799901380988,3.80598659357036,0.410371131329481,0.589628868670519
1500,27,36260637,-2026.67213443425,-1915.71566580134,-1917.61559103737,4104.53681157813,3933.81641702194,3930.30304710692,-170.720394556185,-3.51336991502649,TRUE,TRUE,-0.526793710430819,3.75534257183765,0.334565842186867,0.665434157813134
1500,28,36260638,-2151.71904638777,-1993.82141296153,-1993.91103174516,4354.63063548518,4090.02791134233,4082.8939285225,-264.602724142848,-7.13398281982882,TRUE,TRUE,-0.484639047814437,3.78636919832316,0.395970769302525,0.604029230697475
1500,29,36260639,-2225.57384415042,-2059.55769169816,-2061.22894744316,4502.34023101048,4221.50046881558,4217.52975991849,-280.839762194894,-3.97070889709266,TRUE,TRUE,-0.53161579761735,3.79690614519779,0.460715890464593,0.539284109535408
1500,30,36260640,-2330.40925597725,-2119.65737910426,-2119.95138803071,4712.01105466412,4341.69984362779,4334.9746410936,-370.311211036337,-6.72520253418497,TRUE,TRUE,-0.545124823762964,3.83961468287607,0.538045503981299,0.461954496018702
1500,31,36260641,-2082.72360971488,-1930.41448642087,-1930.25506514085,4216.6397621394,3963.214058261,3955.58199531387,-253.425703878401,-7.63206294712654,TRUE,TRUE,-0.497171483906278,3.83289190370616,0.375192151238537,0.624807848761464
1500,32,36260642,-2140.21163899067,-1979.12067052205,-1981.33721964388,4331.61582069098,4060.62642646335,4057.74630431994,-270.989394227624,-2.88012214341325,TRUE,TRUE,-0.519085372773427,3.8600199275356,0.407225300685717,0.592774699314283
1500,33,36260643,-2188.4557840726,-2060.87288117884,-2061.84898241988,4428.10411085483,4224.13084777695,4218.76982987193,-203.973263077884,-5.3610179050138,TRUE,TRUE,-0.409116620638001,3.82404579477317,0.376378441857873,0.623621558142126
1500,34,36260644,-2037.53470398105,-2030.55010693953,-1926.606580165,4126.26195067174,4163.48529929832,3948.28502536218,37.2233486265795,-215.200273936142,FALSE,TRUE,-0.567714949636107,3.81808174187166,0.331990295159563,0.668009704840437
1500,35,36260645,-2193.66918925396,-2043.72797135966,-2044.10167129691,4438.53092121754,4189.84102813859,4183.27520762599,-248.689893078948,-6.56582051260193,TRUE,TRUE,-0.546675713939571,3.80056063805126,0.441171622802019,0.558828377197981
1500,36,36260646,-2187.11171909193,-2033.93471634093,-2034.11856527714,4425.4159808935,4170.25451810113,4163.30899558644,-255.161462792365,-6.9455225146894,TRUE,TRUE,-0.454015970831015,3.8094873743513,0.414608250675184,0.585391749324816
1500,37,36260647,-2188.50939105707,-2051.10843161337,-2051.50416343987,4428.21132482378,4204.601948646,4198.08019191192,-223.609376177772,-6.52175673408692,TRUE,TRUE,-0.49460242464216,3.78601688018462,0.422068657195831,0.577931342804169
1500,38,36260648,-2220.82634193476,-2042.56628553244,-2045.1279301228,4492.84522657915,4187.51765648415,4185.32772527778,-305.327570095001,-2.18993120637424,TRUE,TRUE,-0.498346097440332,3.79180118365095,0.438554065995097,0.561445934004902
1500,39,36260649,-2308.72996445256,-2107.97498675369,-2107.42798246893,4668.65247161475,4318.33505892664,4309.92782997003,-350.317412688106,-8.40722895661384,TRUE,TRUE,-0.482747366638003,3.82940376655584,0.494577387312766,0.505422612687234
1500,40,36260650,-2098.35964001393,-1960.53836209166,-1961.62723132366,4247.9118227375,4023.46180960258,4018.32632767949,-224.450013134923,-5.13548192308599,TRUE,TRUE,-0.519424178651739,3.79654779493955,0.403455141302272,0.596544858697728
1500,41,36260651,-2312.60589963018,-2167.23928927546,-2170.04087678596,4676.40434196999,4436.86366397018,4435.1536186041,-239.540677999811,-1.71004536608416,TRUE,TRUE,-0.479960204287829,3.76505837312943,0.479966181369893,0.520033818630107
1500,42,36260652,-2221.08243430773,-2216.70679373895,-2095.17794077406,4493.35741132508,4535.79867289716,4285.42774658029,42.4412615720767,-250.370926316876,FALSE,TRUE,-0.502387638232546,3.78251949249215,0.418972033180758,0.581027966819242
1500,43,36260653,-2242.14341215122,-2070.10936046828,-2070.999270025,4535.47936701207,4242.60380635581,4237.07040508218,-292.875560656251,-5.53340127363663,TRUE,TRUE,-0.514097118335867,3.78884872638549,0.462329755637136,0.537670244362865
1500,44,36260654,-2203.17096999197,-2049.41059930568,-2052.45783249672,4457.53448269358,4201.20628403063,4199.98753002561,-256.328198662947,-1.21875400502176,TRUE,TRUE,-0.488436439169448,3.77828860671015,0.445659543031971,0.554340456968029
1500,45,36260655,-2116.77373189933,-1977.65769414055,-1977.24136393736,4284.74000650829,4057.70047370036,4049.55459290689,-227.039532807923,-8.14588079347959,TRUE,TRUE,-0.494978004708348,3.84308431897509,0.40086400244358,0.599135997556422
1500,46,36260656,-2093.80225635593,-1969.11713055041,-1969.97910349972,4238.79705542149,4040.61934652009,4035.03007203162,-198.177708901397,-5.58927448847317,TRUE,TRUE,-0.54721059690397,3.7976192558536,0.361414432961347,0.638585567038654
1500,47,36260657,-2210.84415814595,-2052.91627377931,-2053.09020431319,4472.88085900153,4208.21763297788,4201.25227365856,-264.663226023657,-6.96535931931521,TRUE,TRUE,-0.502204268722267,3.77442234545826,0.413194781533108,0.586805218466892
1500,48,36260658,-2250.96224200692,-2053.20053207994,-2052.08892315416,4553.11702672348,4208.78614957914,4199.24971134049,-344.330877144342,-9.53643823864513,TRUE,TRUE,-0.491732956751419,3.82647439328363,0.49003431536367,0.50996568463633
1500,49,36260659,-2161.35483855177,-2031.45792028518,-2032.76128176455,4373.90221981317,4165.30092598962,4160.59442856128,-208.601293823552,-4.70649742833302,TRUE,TRUE,-0.509545439980277,3.77700869848787,0.35479205933373,0.64520794066627
1500,50,36260660,-2103.46751469766,-1918.78513257453,-1920.62359424579,4258.12757210496,3939.95535056832,3936.31905352375,-318.172221536635,-3.63629704456844,TRUE,TRUE,-0.493393733411918,3.82360677964291,0.434490954907946,0.565509045092054
1500,51,36260661,-2151.7620850913,-1992.31015364268,-1990.04350575834,4354.71671289223,4087.00539270462,4075.15887654886,-267.711320187617,-11.846516155761,TRUE,TRUE,-0.578724231490472,3.83100020154706,0.463438728587038,0.536561271412962
1500,52,36260662,-2131.76793385572,-1979.66344947537,-1976.21700739019,4314.72841042108,4061.71198437,4047.50587981256,-253.016426051076,-14.2061045574424,TRUE,TRUE,-0.442071612940921,3.83382063532052,0.397191244186508,0.602808755813492
1500,53,36260663,-2247.92630456237,-2081.8704905979,-2083.48873382911,4547.04515183437,4266.12606661506,4262.0493326904,-280.919085219304,-4.07673392466131,TRUE,TRUE,-0.512630483037348,3.78742542684762,0.485957016642163,0.514042983357837
1500,54,36260664,-2125.72399688227,-1999.11728681492,-1999.02759242292,4302.64053647417,4100.6196590491,4093.12704987802,-202.020877425071,-7.49260917107813,TRUE,TRUE,-0.618109108102421,3.81806165124965,0.36913346610012,0.63086653389988
1500,55,36260665,-2188.0257899594,-2044.33003889171,-2044.34636609461,4427.24412262843,4191.04516320267,4183.76459722138,-236.198959425756,-7.28056598129024,TRUE,TRUE,-0.537427284745538,3.78984363568769,0.452170272993242,0.547829727006758
1500,56,36260666,-2068.01949587036,-1957.10355844749,-1957.43451068816,4187.23153445035,4016.59220231424,4009.9408864085,-170.639332136116,-6.65131590573992,TRUE,TRUE,-0.564313325727187,3.78168964348781,0.330116713236129,0.66988328676387
1500,57,36260667,-2069.66834604025,-1937.25780116535,-1937.86299071723,4190.52923479013,3976.90068774996,3970.79784646664,-213.628547040167,-6.10284128332933,TRUE,TRUE,-0.567297793227642,3.83751156402876,0.360637399935535,0.639362600064464
1500,58,36260668,-2213.07163754951,-2211.50304985157,-2029.56341967296,4477.33581780864,4525.39118512241,4154.1987043781,48.0553673137638,-371.192480744307,FALSE,TRUE,-0.525081822285899,3.81403682523171,0.422353912685767,0.577646087314233
1500,59,36260669,-2221.81576315169,-2067.14896083106,-2067.16256777679,4494.82406901301,4236.68300708138,4229.39700058576,-258.141061931632,-7.2860064956194,TRUE,TRUE,-0.498422149778834,3.81174175467765,0.414390655166827,0.585609344833173
1500,60,36260670,-2204.22124456503,-2060.34596234183,-2061.03297740256,4459.63503183968,4223.07701010293,4217.1378198373,-236.558021736753,-5.93919026563526,TRUE,TRUE,-0.437511364622534,3.81311923767682,0.403775753747507,0.596224246252494
1500,61,36260671,-2059.2184795843,-2056.9818750276,-1955.74966597423,4169.62950187823,4216.34883547447,4006.57119698063,46.7193335962402,-209.777638493841,FALSE,TRUE,-0.504882124960361,3.79218029449844,0.303200067038706,0.696799932961293
1500,62,36260672,-2197.7975604576,-2047.20814721894,-2050.88679045646,4446.78766362484,4196.80137985714,4196.84544594509,-249.986283767699,0.0440660879503412,TRUE,FALSE,-0.596331130708081,3.79628477465778,0.438922170816513,0.561077829183487
1500,63,36260673,-2303.80573374994,-2106.75567327858,-2104.70746876489,4658.80401020952,4315.89643197643,4304.48680256195,-342.907578233087,-11.4096294144874,TRUE,TRUE,-0.478572094007278,3.81108780064596,0.5183879886422,0.4816120113578
1500,64,36260674,-2158.47142896461,-2154.35914426252,-2014.54140236864,4368.13540063886,4411.10337394431,4124.15466976946,42.9679733054454,-286.94870417485,FALSE,TRUE,-0.53868278715027,3.82061281361416,0.395005851490883,0.604994148509118
1500,65,36260675,-2290.14280415817,-2086.63919536799,-2087.13996685713,4631.47815102597,4275.66347615524,4269.35179874644,-355.814674870727,-6.31167740880301,TRUE,TRUE,-0.533262016854852,3.81915491792264,0.498258203279375,0.501741796720625
1500,66,36260676,-2152.71908917023,-1994.86786564828,-1994.74318129432,4356.6307210501,4092.12081671581,4084.55822762081,-264.509904334281,-7.56258909500457,TRUE,TRUE,-0.598145072214312,3.80236542903078,0.42517188597588,0.57482811402412
1500,67,36260677,-2188.10714450368,-2182.82161255883,-2054.76580381431,4427.40683171699,4468.02831053691,4204.60347266079,40.6214788199268,-263.424837876121,FALSE,TRUE,-0.469244756383929,3.83255474286315,0.408761676648698,0.591238323351302
1500,68,36260678,-2230.89063637675,-2089.42905580341,-2089.14312757903,4512.97381546314,4281.24319702608,4273.35812019023,-231.730618437061,-7.88507683584794,TRUE,TRUE,-0.503995352775977,3.79879935646186,0.480743929845755,0.519256070154245
1500,69,36260679,-2150.46492878216,-2025.77370319052,-2027.08901073231,4352.12240027395,4153.9324918003,4149.24988649679,-198.189908473648,-4.68260530351199,TRUE,TRUE,-0.400425959140873,3.78177699120877,0.385417111837109,0.61458288816289
1500,70,36260680,-2184.01871694795,-2020.04120037089,-2019.30930657479,4419.22997660553,4142.46748616104,4133.69047818175,-276.762490444489,-8.77700797928446,TRUE,TRUE,-0.452473040875726,3.80246331144411,0.413932560561868,0.586067439438131
1500,71,36260681,-2191.17991896364,-2039.86070722396,-2037.24064536903,4433.55238063692,4182.10649986718,4169.55315577024,-251.445880769741,-12.5533440969384,TRUE,TRUE,-0.468537922985021,3.81747671161351,0.486593408545396,0.513406591454604
1500,72,36260682,-2097.42341547144,-1937.45952422626,-1936.72204599038,4246.03937365251,3977.30413387178,3968.51595701293,-268.735239780732,-8.78817685884724,TRUE,TRUE,-0.616207895721111,3.83771319315999,0.394857838486932,0.605142161513068
1500,73,36260683,-2152.74509214885,-2035.35366036812,-2036.62797622917,4356.68272700733,4173.0924061555,4168.32781749052,-183.590320851828,-4.7645886649816,TRUE,TRUE,-0.591199076260545,3.78674622283416,0.368521136463381,0.631478863536619
1500,74,36260684,-2094.80168054613,-1948.86618154035,-1950.77941025542,4240.79590380188,4000.11744849996,3996.63068554302,-240.678455301921,-3.48676295694213,TRUE,TRUE,-0.461574753838086,3.80168325248559,0.416307173830569,0.583692826169431
1500,75,36260685,-2150.71652756034,-1979.59051911527,-1977.38406431209,4352.62559783031,4061.5661236498,4049.83999365635,-291.059474180511,-11.726129993448,TRUE,TRUE,-0.596595773978627,3.8121252891843,0.423730969283843,0.576269030716157
1500,76,36260686,-2140.51127346102,-1996.03710092813,-1996.56994677076,4332.21508963166,4094.45928727553,4088.21175857369,-237.75580235613,-6.24752870184102,TRUE,TRUE,-0.515283800294641,3.79582928554775,0.382404457583916,0.617595542416084
1500,77,36260687,-2245.82792271986,-2061.29440978305,-2063.03267340841,4542.84838814935,4224.97390498535,4221.137211849,-317.874483163995,-3.83669313635528,TRUE,TRUE,-0.495367254949525,3.78668704141991,0.497650296095194,0.502349703904806
1500,78,36260688,-2190.64771695005,-2008.91889915046,-2007.97563575392,4432.48797660973,4120.22288372018,4111.02313654001,-312.265092889545,-9.19974718017693,TRUE,TRUE,-0.523633208719154,3.78759437145627,0.436204959709691,0.563795040290309
1500,79,36260689,-2204.33483109611,-2043.88425590356,-2045.19475924136,4459.86220490185,4190.15359722638,4185.46138351489,-269.708607675477,-4.69221371148615,TRUE,TRUE,-0.431697366154704,3.76725964157542,0.43110616732032,0.56889383267968
1500,80,36260690,-2197.89384727831,-2057.0813216026,-2058.95226677259,4446.98023726626,4216.54772862446,4212.97639857736,-230.4325086418,-3.57133004710249,TRUE,TRUE,-0.471034190774016,3.7713356349389,0.427648059636922,0.572351940363078
1500,81,36260691,-2187.58973403049,-2045.0575075776,-2046.53001736024,4426.37201077061,4192.50010057447,4188.13189975266,-233.871910196145,-4.36820082181293,TRUE,TRUE,-0.466461599052956,3.77642303813373,0.422963744905538,0.577036255094463
1500,82,36260692,-2133.9861318799,-2130.87327991589,-1993.86675101947,4319.16480646944,4364.13164525104,4082.80536707111,44.9668387815973,-281.326278179926,FALSE,TRUE,-0.480859930301623,3.79781545707873,0.39094767830914,0.609052321690861
1500,83,36260693,-2160.97727975909,-2013.83212594432,-2014.08025970755,4373.14710222782,4130.0493373079,4123.23238444727,-243.097764919917,-6.81695286062768,TRUE,TRUE,-0.54845927574699,3.7804713200223,0.397980904581286,0.602019095418714
1500,84,36260694,-2131.17232951147,-1996.88177710509,-1995.99934614539,4313.53720173257,4096.14863962945,4087.07055732295,-217.38856210312,-9.07808230649925,TRUE,TRUE,-0.498229715887443,3.87282903252263,0.393686920450395,0.606313079549605
1500,85,36260695,-2179.10906987097,-2034.74329760303,-2032.6898413718,4409.41068245157,4171.87168062533,4160.45154777577,-237.539001826231,-11.4201328495628,TRUE,TRUE,-0.506598640381599,3.79124604865148,0.407544934094899,0.592455065905101
1500,86,36260696,-2097.37356327435,-1975.06371285056,-1975.18103305082,4245.93966925834,4052.51251112038,4045.43393113381,-193.427158137959,-7.07857998656755,TRUE,TRUE,-0.473526384840224,3.79756703404823,0.344576040444687,0.655423959555314
1500,87,36260697,-2163.9896629746,-2009.07846599548,-2010.18581842611,4379.17186865884,4120.54201741023,4115.44350188439,-258.629851248611,-5.09851552583859,TRUE,TRUE,-0.496737157041914,3.81742687713241,0.418369646632118,0.581630353367882
1500,88,36260698,-2107.37538114667,-1967.19685471852,-1963.38418087207,4265.94330500297,4036.77879485631,4021.8402267763,-229.164510146658,-14.9385680800069,TRUE,TRUE,-0.520961430325153,3.81069721718442,0.394591243786768,0.605408756213232
1500,89,36260699,-2237.32127741295,-2067.35225410359,-2068.98657711445,4525.83509753553,4237.08959362644,4233.04501926107,-288.745503909087,-4.04457436537268,TRUE,TRUE,-0.480189896157352,3.7672751437061,0.458972834730698,0.541027165269302
1500,90,36260700,-2234.62180518385,-2078.53724217537,-2078.63787048711,4520.43615307733,4259.45956977001,4252.3476060064,-260.976583307316,-7.11196376361022,TRUE,TRUE,-0.440830955349481,3.81967993399614,0.443536415166371,0.556463584833628
1500,91,36260701,-2226.37268185845,-2081.69611102332,-2083.94622377459,4503.93790642653,4265.77730746591,4262.96431258135,-238.160598960621,-2.81299488456443,TRUE,TRUE,-0.572282404858758,3.79356228395084,0.469607412948053,0.530392587051947
1500,92,36260702,-2218.94450406062,-2072.27287537323,-2073.43310962456,4489.08155083087,4246.93083616572,4241.93808428129,-242.150714665153,-4.99275188442971,TRUE,TRUE,-0.449060966312801,3.84810355320335,0.444592844640663,0.555407155359337
1500,93,36260703,-2198.33481102814,-2025.86624130463,-2024.87914127673,4447.86216476592,4154.11756802852,4144.83014758563,-293.744596737395,-9.28742044289083,TRUE,TRUE,-0.475567149700972,3.79062145854749,0.448214367003909,0.551785632996091
1500,94,36260704,-2270.04185163955,-2074.3709179431,-2075.20904133416,4591.27624598874,4251.12692130547,4245.4899477005,-340.149324683265,-5.63697360496826,TRUE,TRUE,-0.521892172683853,3.77509547018755,0.525042351347334,0.474957648652665
1500,95,36260705,-2121.93017364628,-1963.55875791854,-1964.07998185418,4295.05289000219,4029.50260125635,4023.23182874053,-265.550288745839,-6.27077251582341,TRUE,TRUE,-0.507601508290277,3.83812244383618,0.432881447108717,0.567118552891283
1500,96,36260706,-2210.69707530706,-2083.99050406443,-2083.94202099362,4472.58669332374,4270.36609354813,4262.95590701941,-202.220599775616,-7.41018652871662,TRUE,TRUE,-0.422204346148528,3.79638959252052,0.403729102831563,0.596270897168437
1500,97,36260707,-2181.13247523455,-2044.53873893245,-2046.98079432685,4413.45749317873,4191.46256328416,4189.03345368587,-221.994929894574,-2.42910959828896,TRUE,TRUE,-0.533158925101305,3.79730623124929,0.390875241949544,0.609124758050457
1500,98,36260708,-2210.55205281069,-2045.10731601696,-2046.50712191713,4472.29664833101,4192.59971745318,4188.08610886644,-279.696930877825,-4.51360858674525,TRUE,TRUE,-0.45299527298709,3.807508703126,0.45745421160565,0.542545788394352
1500,99,36260709,-2224.68692299639,-2053.02132962328,-2052.99363500878,4500.56638870242,4208.42774466582,4201.05913504973,-292.138644036597,-7.36860961608909,TRUE,TRUE,-0.494756976568481,3.7817740221665,0.464536269082529,0.535463730917471
1500,100,36260710,-2177.50864334321,-2038.72819046364,-2041.20345547508,4406.20982939605,4179.84146634655,4177.47877598233,-226.3683630495,-2.36269036422254,TRUE,TRUE,-0.539515542341529,3.8252789455665,0.421544348000328,0.578455651999672
1500,101,36260711,-2215.33365391591,-2066.23980023679,-2066.69363403875,4481.85985054145,4234.86468589284,4228.45913310967,-246.995164648603,-6.40555278317152,TRUE,TRUE,-0.4978061959568,3.77526507551699,0.404473932680792,0.595526067319209
1500,102,36260712,-2127.0622085097,-1984.38795610568,-1988.13425325194,4305.31695972902,4071.16099763062,4071.34037153605,-234.155962098405,0.179373905435568,TRUE,FALSE,-0.505126163034479,3.79654533071001,0.410539154729993,0.589460845270007
1500,103,36260713,-2198.20443507738,-2052.99896474694,-2052.61757081835,4447.60141286439,4208.38301491314,4200.30700666888,-239.218397951246,-8.0760082442639,TRUE,TRUE,-0.492497644466486,3.87319246925889,0.420768797612666,0.579231202387334
1500,104,36260714,-2206.63925349563,-2044.30818366506,-2045.63949747806,4464.47104970088,4191.00145274939,4186.35085998829,-273.469596951491,-4.65059276110333,TRUE,TRUE,-0.508309701862688,3.78779302516166,0.447163814404392,0.552836185595608
1500,105,36260715,-2193.44426439462,-2039.85980598786,-2037.33398052493,4438.08107149887,4182.10469739498,4169.73982608203,-255.976374103892,-12.3648713129505,TRUE,TRUE,-0.42962709914777,3.8218597727861,0.424933488523437,0.575066511476563
1500,106,36260716,-2211.86645642191,-2049.501596814,-2049.48461078831,4474.92545555346,4201.38827904726,4194.0410866088,-273.537176506199,-7.34719243845666,TRUE,TRUE,-0.575061789663762,3.80897096939484,0.444082900365628,0.555917099634373
1500,107,36260717,-2126.5210394652,-2013.14519584405,-2013.52472691511,4304.23462164004,4128.67547710736,4122.12131886239,-175.559144532675,-6.55415824496777,TRUE,TRUE,-0.516301588523873,3.76245603570628,0.387591096254771,0.612408903745229
1500,108,36260718,-2095.03782402902,-2092.84982161542,-1948.89637157892,4241.26819076768,4288.08472865011,3992.86460819001,46.8165378824351,-295.220120460103,FALSE,TRUE,-0.618295491489065,3.81551183077564,0.384603402622511,0.61539659737749
1500,109,36260719,-2227.98730742074,-2056.27580555477,-2054.34153828535,4507.16715755111,4214.93669652881,4203.75494160288,-292.230461022305,-11.1817549259285,TRUE,TRUE,-0.578896305191967,3.77110593786079,0.532138972530415,0.467861027469585
1500,110,36260720,-2236.80987482944,-2063.98255666732,-2063.60722827119,4524.81229236851,4230.35019875391,4222.28632157456,-294.462093614601,-8.06387717934649,TRUE,TRUE,-0.497312500724717,3.79471236363163,0.449737257624757,0.550262742375243
1500,111,36260721,-2164.52381159777,-1984.17839755265,-1985.64690182996,4380.24016590518,4070.74188052456,4066.36566869209,-309.498285380616,-4.37621183247165,TRUE,TRUE,-0.452308646094184,3.82902667805775,0.425827337197616,0.574172662802383
1500,112,36260722,-2222.79231395627,-2075.12725515889,-2074.69073609846,4496.77717062217,4252.63959573705,4244.4533372291,-244.137574885119,-8.18625850795252,TRUE,TRUE,-0.529930219869738,3.78190738258307,0.440334967210836,0.559665032789164
1500,113,36260723,-2247.96983261693,-2098.35863597402,-2098.12598561618,4547.13220794349,4299.10235736731,4291.32383626454,-248.029850576175,-7.77852110277581,TRUE,TRUE,-0.519769592852986,3.76641872526579,0.507902581291888,0.492097418708112
1500,114,36260724,-2159.40250359986,-2019.67029055468,-2020.9471854181,4369.99754990935,4141.72566652862,4136.96623586837,-228.271883380728,-4.75943066025229,TRUE,TRUE,-0.555691573089439,3.79341809231297,0.399362147108358,0.600637852891641
1500,115,36260725,-2075.08206458614,-1945.80933252402,-1944.29470068248,4201.35667188191,3994.0037504673,3983.66126639712,-207.352921414614,-10.3424840701741,TRUE,TRUE,-0.447561398733809,3.80625541428883,0.399581024193397,0.600418975806602
1500,116,36260726,-2237.02685937241,-2113.34326110051,-2112.29500782247,4525.24626145445,4329.07160762028,4319.66188067711,-196.174653834169,-9.40972694317406,TRUE,TRUE,-0.507373234652944,3.82404126521886,0.39774794957617,0.60225205042383
1500,117,36260727,-2124.85370214042,-2001.82681601448,-1998.15740860561,4300.89994699047,4106.03871744822,4091.38668224338,-194.861229542244,-14.6520352048396,TRUE,TRUE,-0.532001707317305,3.81846004469623,0.368861197627986,0.631138802372015
1500,118,36260728,-2138.16946645017,-1986.03572579358,-1986.77766698919,4327.53147560997,4074.45653700642,4068.62719901056,-253.074938603541,-5.8293379958659,TRUE,TRUE,-0.560147623841655,3.81297180295636,0.437297613016564,0.562702386983436
1500,119,36260729,-2156.76734402962,-2007.54730463855,-2004.26302632202,4364.72723076887,4117.47969469637,4103.59791767621,-247.247536072496,-13.8817770201586,TRUE,TRUE,-0.627087549653957,3.75604441607617,0.39159987906987,0.608400120930131
1500,120,36260730,-2173.28270798764,-2013.94558904648,-2013.96460847292,4397.75795868491,4130.27626351222,4123.00108197802,-267.481695172696,-7.27518153419624,TRUE,TRUE,-0.499035162340443,3.7723472657499,0.450740320932352,0.549259679067648
1500,121,36260731,-2190.29863802487,-2028.41875940039,-2028.99671450516,4431.78981875937,4159.22260422004,4153.0652940425,-272.56721453933,-6.15731017753933,TRUE,TRUE,-0.487993911637242,3.8116790663192,0.455660082923794,0.544339917076206
1500,122,36260732,-2178.9353907889,-2053.60670154417,-2055.36791810384,4409.06332428744,4209.5984885076,4205.80770123985,-199.464835779839,-3.79078726774242,TRUE,TRUE,-0.38095410585197,3.78772413098596,0.373186772285343,0.626813227714657
1500,123,36260733,-2186.54940373429,-2036.92366262596,-2037.49945321499,4424.29135017822,4176.23241067119,4170.07077146215,-248.058939507027,-6.16163920903819,TRUE,TRUE,-0.4837335102565,3.82561719020337,0.401844938599995,0.598155061400005
1500,124,36260734,-2117.03169715164,-2003.50136871762,-2004.08635052211,4285.2559370129,4109.38782285451,4103.24456607639,-175.868114158392,-6.14325677812212,TRUE,TRUE,-0.593031951559205,3.80696931732562,0.341308169820698,0.658691830179302
1500,125,36260735,-2210.85556302046,-2048.12842621309,-2049.9019393034,4472.90366875056,4198.64193784544,4194.87574363898,-274.261730905119,-3.76619420645875,TRUE,TRUE,-0.555598101215746,3.8036265574143,0.446592094750723,0.553407905249277
1500,126,36260736,-2095.81184085651,-1933.12463565513,-1933.64771296749,4242.81622442265,3968.63435672952,3962.36729096715,-274.181867693133,-6.26706576236893,TRUE,TRUE,-0.469513504330599,3.81895805191114,0.376136582224857,0.623863417775143
1500,127,36260737,-2135.75155615101,-1964.04072517975,-1967.38963755177,4322.69565501166,4030.46653577877,4029.85114013572,-292.229119232892,-0.615395643050306,TRUE,TRUE,-0.454997044023338,3.8423363919134,0.388845365242856,0.611154634757144
1500,128,36260738,-2167.8023468615,-1995.97502857172,-1996.99246652865,4386.79723643264,4094.3351425627,4089.05679808948,-292.462093869944,-5.27834447321266,TRUE,TRUE,-0.515917849157525,3.81470996919928,0.452855137235545,0.547144862764454
1500,129,36260739,-2193.68443905393,-1998.78306505637,-2001.68288980981,4438.56142081749,4099.95121553201,4098.4376446518,-338.610205285477,-1.51357088020814,TRUE,TRUE,-0.483706764183753,3.81804391765165,0.420566975280272,0.579433024719729
1500,130,36260740,-2210.01094535729,-2083.62302712709,-2082.67212235265,4471.21443342421,4269.63113967345,4260.41610973748,-201.58329375076,-9.21502993597733,TRUE,TRUE,-0.38909643838923,3.77425238046662,0.405252859504082,0.594747140495918
1500,131,36260741,-2199.55139264026,-2047.7342473487,-2047.76741942249,4450.29532799016,4197.85358011666,4190.60670387716,-252.441747873495,-7.24687623950558,TRUE,TRUE,-0.533481414645544,3.80946268031025,0.438260202426229,0.561739797573771
1500,132,36260742,-2185.21927919855,-2048.10861191178,-2046.98729262018,4421.63110110672,4198.60230924282,4189.04645027254,-223.0287918639,-9.55585897028868,TRUE,TRUE,-0.525464382092881,3.80178107736957,0.418386903647162,0.581613096352837
1500,133,36260743,-2075.19726768548,-1972.26008968396,-1973.73520380849,4201.58707808059,4046.90526478718,4042.54227264915,-154.681813293411,-4.36299213803386,TRUE,TRUE,-0.391151544561243,3.79957173339358,0.304705878328155,0.695294121671845
1500,134,36260744,-2170.11565272442,-2013.85988096235,-2014.48194033991,4391.42384815846,4130.10484734397,4124.03574571199,-261.319000814492,-6.06910163198245,TRUE,TRUE,-0.553139254444688,3.75409488123908,0.414093424776177,0.585906575223823
1500,135,36260745,-2198.48557000867,-2037.12532502436,-2039.84596045049,4448.16368272697,4176.63573546799,4174.76378593316,-271.527947258987,-1.87194953482958,TRUE,TRUE,-0.58578961022173,3.80282324210994,0.426804578542179,0.573195421457821
1500,136,36260746,-2234.95357917754,-2084.24357396504,-2084.42079303326,4521.09970106471,4270.87223334935,4263.91345109869,-250.227467715361,-6.95878225066645,TRUE,TRUE,-0.420188691066719,3.78984728625762,0.435756690951153,0.564243309048847
1500,137,36260747,-2153.53285430893,-2019.72481476698,-2018.39299585091,4358.2582513275,4141.83471495323,4131.85785673399,-216.423536374265,-9.97685821924188,TRUE,TRUE,-0.557016600427442,3.82350677633232,0.410531325054809,0.589468674945191
1500,138,36260748,-2165.09921744219,-2042.11554419268,-2042.12786391842,4381.39097759402,4186.61617380462,4179.32759286901,-194.774803789398,-7.28858093560484,TRUE,TRUE,-0.519995605533976,3.80617842294575,0.368647039437413,0.631352960562586
1500,139,36260749,-2238.03528155188,-2018.95190565008,-2017.99515745378,4527.26310581339,4140.28889671942,4131.06217993973,-386.974209093962,-9.22671677969265,TRUE,TRUE,-0.408173375789227,3.81050558251947,0.503694466164837,0.496305533835163
1500,140,36260750,-2140.21772519773,-2026.37814400094,-2027.01275681695,4331.62799310509,4155.14137342115,4149.09737866607,-176.486619683941,-6.0439947550858,TRUE,TRUE,-0.470632192326965,3.80121196407965,0.319698423196958,0.680301576803042
1500,141,36260751,-2158.08547597721,-2026.32445052926,-2024.08296655512,4367.36349466404,4155.03398647779,4143.23779814242,-212.329508186252,-11.7961883353773,TRUE,TRUE,-0.479483906044848,3.7788790001344,0.413861884333251,0.58613811566675
1500,142,36260752,-2093.70634786401,-1968.27317721085,-1969.44093895285,4238.60523843765,4038.93143984096,4033.95374293788,-199.673798596685,-4.97769690308314,TRUE,TRUE,-0.470413024347366,3.80951223786993,0.324985861006953,0.675014138993047
1500,143,36260753,-2148.6445176468,-2022.09163408462,-2020.27786721925,4348.48157800323,4146.5683535885,4135.62759947067,-201.913224414725,-10.9407541178325,TRUE,TRUE,-0.552987103230437,3.76644588230741,0.422245913855807,0.577754086144193
1500,144,36260754,-2186.69371605261,-2027.62390917276,-2027.68005647929,4424.57997481486,4157.63290376478,4150.43197799075,-266.947071050079,-7.2009257740292,TRUE,TRUE,-0.530671671750308,3.77652571302132,0.449924203083312,0.550075796916688
1500,145,36260755,-2224.0181271271,-2045.05338531246,-2043.98693111394,4499.22879696382,4192.49185604419,4183.04572726006,-306.736940919634,-9.44612878412499,TRUE,TRUE,-0.529949412517605,3.83427277377073,0.481241051703732,0.518758948296268
1500,146,36260756,-2134.9970393317,-1985.5385115132,-1989.23886124801,4321.18662137302,4073.46210844566,4073.5495875282,-247.724512927362,0.0874790825414493,TRUE,FALSE,-0.528685000506676,3.78631944814786,0.437398776323215,0.562601223676785
1500,147,36260757,-2163.34911883684,-2034.42807404525,-2030.87677330062,4377.89078038332,4171.24123350975,4156.82541163342,-206.649546873564,-14.4158218763305,TRUE,TRUE,-0.59483254294294,3.7613708140871,0.3685223989531,0.631477601046901
1500,148,36260758,-2160.73309605308,-2008.55341452224,-2011.05785686158,4372.6587348158,4119.49191446374,4117.18757875534,-253.166820352063,-2.30433570839523,TRUE,TRUE,-0.601702560337404,3.79939101887951,0.421598396200048,0.578401603799953
1500,149,36260759,-2156.99992505634,-2029.00493271963,-2029.89524812699,4365.19239282232,4160.39495085853,4154.86236128616,-204.79744196379,-5.53258957237176,TRUE,TRUE,-0.469750546591143,3.78296096650318,0.391248510809801,0.6087514891902
1500,150,36260760,-2203.99009054316,-2051.72909121208,-2052.89936732368,4459.17272379594,4205.84326784343,4200.87059967953,-253.329455952513,-4.97266816390584,TRUE,TRUE,-0.454166302998562,3.80307168484536,0.447561732148928,0.552438267851072
1500,151,36260761,-2267.11497309126,-2091.28915538791,-2091.11541052065,4585.42248889216,4284.96339619508,4277.30268607348,-300.459092697076,-7.6607101216041,TRUE,TRUE,-0.432019881959916,3.80463624556434,0.441307078937621,0.558692921062379
1500,152,36260762,-2185.09042293591,-2038.63686774073,-2040.50747677226,4421.37338858145,4179.65882090073,4176.08681857669,-241.714567680718,-3.57200232403738,TRUE,TRUE,-0.483461160517603,3.81351147277382,0.424224748000648,0.575775251999353
1500,153,36260763,-2224.6948667069,-2046.50527209486,-2045.20995820268,4500.58227612344,4195.39562960898,4185.49178143754,-305.186646514459,-9.90384817144513,TRUE,TRUE,-0.440748984904176,3.80785487447384,0.505946919202794,0.494053080797207
1500,154,36260764,-2254.75105270267,-2077.09700743804,-2078.47440246285,4560.69464811498,4256.57910029535,4252.02066995787,-304.115547819634,-4.55843033747624,TRUE,TRUE,-0.497032420137876,3.7402282423724,0.488908960731867,0.511091039268133
1500,155,36260765,-2227.4130242628,-2030.65474599711,-2031.06621774343,4506.01859123523,4163.69457741349,4157.20430051904,-342.324013821745,-6.49027689444847,TRUE,TRUE,-0.57438000050625,3.80170603497247,0.450191089531273,0.549808910468726
1500,156,36260766,-2286.86840777446,-2091.60658770976,-2095.05103975898,4624.92935825855,4285.59826083877,4285.17394455014,-339.331097419777,-0.424316288636874,TRUE,TRUE,-0.495354053637918,3.836805790316,0.46861335712379,0.53138664287621
1500,157,36260767,-2237.68520184478,-2080.19387002105,-2078.85926650013,4526.56294639919,4262.77282546137,4252.79039803244,-263.790120937811,-9.98242742893763,TRUE,TRUE,-0.483089906937858,3.80444867265642,0.471678022675803,0.528321977324196
1500,158,36260768,-2199.15615570735,-2021.02670381503,-2021.93478833398,4449.50485412433,4144.43849304933,4138.94144170014,-305.066361075007,-5.49705134918258,TRUE,TRUE,-0.581478123114044,3.80708479208014,0.431696277423501,0.568303722576498
1500,159,36260769,-2212.83712909298,-2039.76174293402,-2041.81677966077,4476.8668008956,4181.90857128731,4178.70542435372,-294.958229608289,-3.20314693358705,TRUE,TRUE,-0.485732333942454,3.81856657777787,0.413262824466456,0.586737175533544
1500,160,36260770,-2186.66535563273,-2030.63759547107,-2030.53205637251,4424.5232539751,4163.6602763614,4156.13597777719,-260.862977613696,-7.52429858420692,TRUE,TRUE,-0.501937114925004,3.78144987396592,0.462965284617592,0.537034715382408
1500,161,36260771,-2268.50637662213,-2118.77905731627,-2119.29740144462,4588.20529595389,4339.94320005181,4333.66666792142,-248.262095902086,-6.27653213038593,TRUE,TRUE,-0.463271924679498,3.79738480084891,0.43376602520574,0.566233974794261
1500,162,36260772,-2168.14714145712,-2010.14629423325,-2012.32689086235,4387.48682562387,4122.67767388575,4119.72564675686,-264.809151738114,-2.95202712888931,TRUE,TRUE,-0.517899521300466,3.80460022989205,0.460095329415657,0.539904670584343
1500,163,36260773,-2090.49006464999,-1961.42759303718,-1961.35533722047,4232.17267200962,4025.24027149361,4017.78253947311,-206.932400516007,-7.45773202050623,TRUE,TRUE,-0.493367729750208,3.80923121680861,0.358176193854625,0.641823806145375
1500,164,36260774,-2194.84108689866,-2042.87047026025,-2043.03351224565,4440.87471650694,4188.12602593977,4181.13888952348,-252.748690567169,-6.98713641629638,TRUE,TRUE,-0.428019056716318,3.78339075102638,0.417976719761916,0.582023280238084
1500,165,36260775,-2276.7870302155,-2115.59650669081,-2116.00059708654,4604.76660314062,4333.57809880089,4327.07305920526,-271.188504339738,-6.50503959563048,TRUE,TRUE,-0.562707972545726,3.78289318599951,0.50210165547429,0.49789834452571
1500,166,36260776,-2202.47345496207,-2036.29524327811,-2037.85857987614,4456.13945263377,4174.97557197548,4170.78902478446,-281.163880658282,-4.18654719102778,TRUE,TRUE,-0.577596487300442,3.78726190699776,0.441659678191711,0.558340321808289
1500,167,36260777,-2137.40353029878,-2134.72726133578,-1983.51262029315,4325.9996033072,4371.83960809082,4062.09710561848,45.8400047836149,-309.742502472339,FALSE,TRUE,-0.508487065272345,3.78431832890207,0.398721173002307,0.601278826997693
1500,168,36260778,-2190.39312790655,-2021.03684814705,-2019.74002205222,4431.97879852273,4144.45878171336,4134.55190913662,-287.520016809377,-9.90687257673926,TRUE,TRUE,-0.529570373252614,3.7822458459353,0.440692113287586,0.559307886712415
1500,169,36260779,-2271.50024524284,-2102.5589202011,-2102.43622657376,4594.19303319532,4307.50292582146,4299.94431817969,-286.690107373858,-7.55860764176668,TRUE,TRUE,-0.493680949656317,3.81837250638322,0.444487268254311,0.555512731745688
1500,170,36260780,-2274.72521304227,-2111.05882108996,-2113.11918924991,4600.64296879418,4324.50272759918,4321.31024353199,-276.140241194998,-3.19248406719089,TRUE,TRUE,-0.464058052865163,3.77311375765893,0.476536926449799,0.523463073550201
1500,171,36260781,-2182.10117311195,-2044.3470740098,-2042.86623353083,4415.39488893353,4191.07923343887,4180.80433209383,-224.315655494657,-10.2749013450457,TRUE,TRUE,-0.521868935762618,3.8219474849036,0.432018904213551,0.567981095786449
1500,172,36260782,-2295.33411882072,-2141.1217062839,-2142.87423382846,4641.86078035106,4384.62849798706,4380.8203326891,-257.232282363998,-3.80816529796266,TRUE,TRUE,-0.46911593546057,3.81600512481407,0.484677653317447,0.515322346682554
1500,173,36260783,-2199.10211849186,-2065.00878196022,-2068.16780358834,4449.39677969336,4232.40264933971,4231.40747220885,-216.994130353649,-0.99517713086243,TRUE,TRUE,-0.562828117169683,3.79132841497047,0.409623940738259,0.590376059261741
1500,174,36260784,-2268.051482636,-2119.30034592912,-2117.00868652292,4587.29550798162,4340.9857772775,4329.08923807802,-246.309730704128,-11.8965391994734,TRUE,TRUE,-0.483453646503875,3.74564605462928,0.422979180770769,0.577020819229231
1500,175,36260785,-2201.88104939421,-2046.38660590896,-2046.26454357705,4454.95464149806,4195.15829723719,4187.60095218627,-259.796344260869,-7.5573450509155,TRUE,TRUE,-0.476624360946178,3.79612122153113,0.406112948975228,0.593887051024772
1500,176,36260786,-2219.67397640346,-2081.81887083225,-2082.36543472731,4490.54049551656,4266.02282708376,4259.8027344868,-224.517668432796,-6.22009259696006,TRUE,TRUE,-0.546181678880563,3.8330604149205,0.412918019874188,0.587081980125812
1500,177,36260787,-2174.13482143014,-2023.35638256362,-2024.09613064801,4399.46218556992,4149.09785054651,4143.26412632818,-250.364335023403,-5.83372421832701,TRUE,TRUE,-0.508954384920774,3.76978622096086,0.411537246422884,0.588462753577117
1500,178,36260788,-2034.2454032801,-1923.73458725877,-1922.95098508161,4119.68334926984,3949.8542599368,3940.9738351954,-169.829089333038,-8.88042474139729,TRUE,TRUE,-0.56623316570509,3.82282045586176,0.298016828169269,0.701983171830732
1500,179,36260789,-2155.71359044941,-1998.3771095892,-1999.02603051902,4362.61972360846,4099.13930459767,4093.12392607021,-263.480419010793,-6.01537852746151,TRUE,TRUE,-0.521238574384793,3.81021370775224,0.406823619440696,0.593176380559304
1500,180,36260790,-2102.83457571173,-1964.96348290686,-1962.94870256868,4256.8616941331,4032.31205123299,4020.96927016954,-224.549642900107,-11.3427810634535,TRUE,TRUE,-0.535852557346795,3.78112374793827,0.396949044356496,0.603050955643504
1500,181,36260791,-2176.02931551603,-2039.32282800761,-2041.58146951812,4403.25117374169,4181.03074143448,4178.2348040684,-222.220432307213,-2.79593736607239,TRUE,TRUE,-0.516928668790524,3.77754287615021,0.407302573907198,0.592697426092802
1500,182,36260792,-2158.62716090672,-2042.24341645033,-2040.74391062534,4368.44686452308,4186.87191831993,4176.55968628286,-181.574946203154,-10.312232037063,TRUE,TRUE,-0.532413246442846,3.7766196852524,0.37761549088453,0.62238450911547
1500,183,36260793,-2214.71372822328,-2050.49749358975,-2050.74150284785,4480.6199991562,4203.38007259877,4196.55487072788,-277.239926557435,-6.82520187088721,TRUE,TRUE,-0.585816096850841,3.79551689133755,0.434254337609451,0.56574566239055
1500,184,36260794,-2137.09612137923,-1957.04394776344,-1954.90701248107,4325.3847854681,4016.47298094615,4004.88588999432,-308.911804521942,-11.5870909518362,TRUE,TRUE,-0.513250666191488,3.81944388486964,0.395262115189979,0.604737884810022
1500,185,36260795,-2297.9225564974,-2122.85838084343,-2122.61776532502,4647.03765570443,4348.10184710613,4340.30739568221,-298.935808598309,-7.79445142391978,TRUE,TRUE,-0.526305149538305,3.79973206332368,0.458499239956666,0.541500760043335
1500,186,36260796,-2292.60705568326,-2102.92529871768,-2103.7072775521,4636.40665407616,4308.23568285463,4302.48642013638,-328.17097122153,-5.74926271825007,TRUE,TRUE,-0.494427206718441,3.79851813646032,0.466927745231704,0.533072254768296
1500,187,36260797,-2188.00140784525,-2061.4266626483,-2062.70785884235,4427.19535840012,4225.23841071586,4220.48758271687,-201.95694768426,-4.75082799899792,TRUE,TRUE,-0.447110426634034,3.78350884118875,0.405219516183567,0.594780483816433
1500,188,36260798,-2237.4898757465,-2044.7100707031,-2046.00657810005,4526.17229420262,4191.80522682547,4187.08502123227,-334.367067377154,-4.7202055932039,TRUE,TRUE,-0.484318865066486,3.78713337186968,0.477661112786446,0.522338887213555
1500,189,36260799,-2194.70350497109,-2061.54435009785,-2062.51100387327,4440.59955265181,4225.47378561497,4220.09387277871,-215.12576703684,-5.37991283625979,TRUE,TRUE,-0.427420389393296,3.77442908642969,0.390964419288483,0.609035580711517
1500,190,36260800,-2157.37355352575,-2026.20169403902,-2027.29225837976,4365.93964976113,4154.7884734973,4149.65638179169,-211.151176263831,-5.13209170560822,TRUE,TRUE,-0.481466523140732,3.7887525257743,0.361702645264902,0.638297354735098
1500,191,36260801,-2199.85179399278,-2045.57994484217,-2043.48025339374,4450.89613069518,4193.5449751036,4182.03237181965,-257.351155591582,-11.5126032839562,TRUE,TRUE,-0.534765550599667,3.79557458649665,0.467158042077855,0.532841957922146
1500,192,36260802,-2061.3136559194,-2057.69601000443,-1956.00442664768,4173.81985454843,4217.77710542812,4007.08071832753,43.9572508796855,-210.696387100584,FALSE,TRUE,-0.556009856033129,3.79705520027447,0.320721645166452,0.679278354833548
1500,193,36260803,-2170.94708353896,-2004.82550702213,-2005.11075246129,4393.08670978754,4112.03609946353,4105.29336995476,-281.050610324018,-6.74272950876639,TRUE,TRUE,-0.486167126035661,3.80595382032853,0.414360895656802,0.585639104343198
1500,194,36260804,-2102.84096665031,-1972.67762936907,-1972.38033782498,4256.87447601025,4047.7403441574,4039.83254068214,-209.134131852848,-7.90780347526561,TRUE,TRUE,-0.595967843101421,3.83080548622621,0.407291156767787,0.592708843232212
1500,195,36260805,-2151.85985568014,-2011.80158410044,-2011.91695663305,4354.91225406991,4125.98825362015,4118.90577829828,-228.924000449757,-7.08247532187124,TRUE,TRUE,-0.497530380126217,3.8374020892909,0.364229329915801,0.635770670084199
1500,196,36260806,-2195.07109656923,-2038.26356104185,-2038.42645851154,4441.33473584809,4178.91220750297,4171.92478205526,-262.422528345122,-6.98742544770448,TRUE,TRUE,-0.494971278817615,3.80532657471077,0.408323263427746,0.591676736572254
1500,197,36260807,-2148.29133924373,-1995.35058136192,-1996.71437368011,4347.77522119709,4093.08624814311,4088.5006123924,-254.688973053976,-4.58563575071594,TRUE,TRUE,-0.490216164675906,3.84527309361887,0.398624110178546,0.601375889821454
1500,198,36260808,-2199.49763127413,-2047.56323789121,-2047.63376218782,4450.1878052579,4197.51156120169,4190.33938940781,-252.676244056202,-7.17217179388808,TRUE,TRUE,-0.592339537764584,3.81918603762279,0.42122192404355,0.57877807595645
1500,199,36260809,-2145.7087231892,-1993.56720585997,-1993.7578218156,4342.60998908804,4089.5194971392,4082.58750866338,-253.090491948842,-6.93198847581971,TRUE,TRUE,-0.533544611061505,3.80143132642709,0.388739874809719,0.61126012519028
1500,200,36260810,-2229.83696133754,-2087.16986467102,-2089.05650946999,4510.86646538471,4276.72481476131,4273.18488397215,-234.141650623403,-3.53993078916301,TRUE,TRUE,-0.489567600567615,3.80907329780009,0.471924179595057,0.528075820404942
5000,1,71260611,-7375.2277645629,-6856.47909490944,-6856.44908636071,14810.0758814657,13832.1988944987,13823.6216842098,-977.876986967007,-8.57721028886954,TRUE,TRUE,-0.518087436585222,3.79413318997661,0.436784196804135,0.563215803195863
5000,2,71260612,-7223.56956303661,-6741.20300271787,-6741.6107950742,14506.7594784131,13601.6467101156,13593.9451016368,-905.112768297558,-7.70160847876286,TRUE,TRUE,-0.521917614552817,3.79994477721909,0.394406634559622,0.605593365440379
5000,3,71260613,-7293.01827584434,-6809.5816374684,-6811.68733631228,14645.6569040286,13738.4039796166,13734.098184113,-907.252924411969,-4.30579550364564,TRUE,TRUE,-0.558250906619268,3.80588056196614,0.417524822984386,0.582475177015614
5000,4,71260614,-7263.37314347341,-6747.65951850751,-6747.86045590193,14586.3666392867,13614.5597416949,13606.4444232923,-971.806897591883,-8.11531840259158,TRUE,TRUE,-0.526583857236192,3.80417328133122,0.404339321961859,0.595660678038141
5000,5,71260615,-7235.57724877723,-6752.67864133411,-6752.38068351185,14530.7748498944,13624.5979873481,13615.4848785121,-906.176862546321,-9.11310883593978,TRUE,TRUE,-0.468902436377146,3.81692415907466,0.402491563932648,0.597508436067352
5000,6,71260616,-7361.55454490248,-6865.79670967702,-6866.24949682418,14782.7294421449,13850.8341240339,13843.2225051368,-931.895318111006,-7.61161889708092,TRUE,TRUE,-0.490998459745712,3.78851495869184,0.402600271480596,0.597399728519405
5000,7,71260617,-7257.15443169507,-6769.78555435967,-6771.58297965299,14573.92921573,13658.8118133992,13653.8894707944,-915.117402330881,-4.92234260478472,TRUE,TRUE,-0.488356396415037,3.7952020735638,0.40463189373316,0.59536810626684
5000,8,71260618,-7387.87634915934,-6844.90569474607,-6846.73974988733,14835.3730506586,13809.052094172,13804.2030112631,-1026.32095648662,-4.84908290890235,TRUE,TRUE,-0.491116670860612,3.77887633663929,0.465641347454501,0.534358652545501
5000,9,71260619,-7454.16314871164,-6868.64881414595,-6873.99696909155,14967.9466497632,13856.5383329717,13858.7174496715,-1111.40831679147,2.17911669977184,TRUE,FALSE,-0.559988139036249,3.78464161073814,0.486727224111742,0.513272775888258
5000,10,71260620,-7351.6906016996,-6830.70928310548,-6830.12873548382,14763.0015557391,13780.6592708908,13770.980982456,-982.342284848342,-9.67828843473399,TRUE,TRUE,-0.496851289745739,3.80798361373445,0.408694726057916,0.591305273942084
5000,11,71260621,-7089.85831361934,-6678.27858185051,-6675.62328041428,14239.3369795786,13475.7978683808,13461.970072317,-763.539111197757,-13.8277960638625,TRUE,TRUE,-0.482848721141214,3.79585396531161,0.376563652086691,0.623436347913309
5000,12,71260622,-7070.01715531777,-7063.72281675027,-6600.96496797683,14199.6546629755,14246.6863381804,13312.6534474421,47.031675204913,-934.032890738301,FALSE,TRUE,-0.527174369316654,3.79406248935493,0.385362771898902,0.614637228101098
5000,13,71260623,-7252.30646020078,-6739.95106706441,-6739.91030705724,14564.2332727415,13599.1428388087,13590.5441256029,-965.090433932812,-8.59871320575803,TRUE,TRUE,-0.516489379598647,3.82043243029616,0.415201160059786,0.584798839940214
5000,14,71260624,-7443.67044604718,-6943.64697948702,-6943.12343078308,14946.9612444343,14006.5346636539,13996.9703730546,-940.426580780406,-9.56429059928814,TRUE,TRUE,-0.525911345615064,3.80900591134738,0.436983495455385,0.563016504544615
5000,15,71260625,-7302.60541389385,-6844.29208543325,-6844.50689803909,14664.8311801276,13807.8248755463,13799.7373075666,-857.006304581282,-8.08756797974638,TRUE,TRUE,-0.509651223990222,3.77229252474816,0.398996145825003,0.601003854174998
5000,16,71260626,-7269.50767130934,-6705.33411434175,-6705.44392562882,14598.6356949586,13529.9089333633,13521.6113627461,-1068.72676159526,-8.29757061727832,TRUE,TRUE,-0.462391645876812,3.79734479040331,0.430695513300433,0.569304486699567
5000,17,71260627,-7432.46255362288,-6916.53183721982,-6915.20542118538,14924.5454595857,13952.3043791195,13941.1343538592,-972.2410804662,-11.1700252603023,TRUE,TRUE,-0.516463086651592,3.77954100645669,0.45158143990812,0.548418560091882
5000,18,71260628,-7124.70302267989,-6661.60468698698,-6668.01616043807,14309.0263976997,13442.4500786538,13446.7558323646,-866.576319045911,4.30575371077612,TRUE,FALSE,-0.526698128819352,3.80272810061156,0.392501647850373,0.607498352149628
5000,19,71260629,-7228.10786578621,-6769.03817534626,-6770.63290256114,14515.8360839123,13657.3170553724,13651.9893166107,-858.519028539977,-5.32773876166902,TRUE,TRUE,-0.461642140507457,3.79034124829627,0.406113225698735,0.593886774301265
5000,20,71260630,-7340.14981082093,-6827.71353943974,-6829.64008488347,14739.9199739818,13774.6677835593,13770.0036812554,-965.25219042248,-4.66410230393922,TRUE,TRUE,-0.489113722147113,3.79464202948974,0.418787052295608,0.581212947704393
5000,21,71260631,-7362.32071029935,-7360.31303759486,-6794.23153811337,14784.2617729386,14839.8667798695,13699.1865877151,55.6050069309258,-1140.68019215439,FALSE,TRUE,-0.549909830379341,3.82775034592673,0.463600231719497,0.536399768280503
5000,22,71260632,-7083.10346935657,-6646.85174535734,-6646.40425676514,14225.827291053,13412.9441953945,13403.5320250187,-812.883095658546,-9.41217037581373,TRUE,TRUE,-0.503435253432445,3.82526051439863,0.371500264169,0.628499735831
5000,23,71260633,-7299.2608367615,-6789.20989610056,-6789.8785993511,14658.1420258629,13697.6604968809,13690.4807101906,-960.481528981978,-7.17978669034346,TRUE,TRUE,-0.510169746796736,3.79149276855249,0.434157794676889,0.565842205323111
5000,24,71260634,-7248.15261428529,-6803.05595515692,-6801.66413876882,14555.9255809105,13725.3526149937,13714.051789026,-830.572965916816,-11.3008259676226,TRUE,TRUE,-0.501906747415655,3.79273958104676,0.408944298135104,0.591055701864897
5000,25,71260635,-7234.92803717473,-6685.15508160554,-6684.40739809825,14529.4764266894,13489.5508678909,13479.5383076849,-1039.92555879847,-10.0125602059888,TRUE,TRUE,-0.484025164246001,3.80221851206114,0.426463137327179,0.573536862672822
5000,26,71260636,-7205.72854497422,-6736.23512328155,-6736.71809029875,14471.0774422884,13591.7109512429,13584.1596920859,-879.366491045421,-7.55125915701865,TRUE,TRUE,-0.485438701265309,3.79292040002288,0.407533377799094,0.592466622200907
5000,27,71260637,-7155.92887358379,-6673.02094384388,-6675.33341991717,14371.4780995075,13465.2825923676,13461.3903513228,-906.195507139913,-3.8922410448231,TRUE,TRUE,-0.51498075924907,3.7857654020218,0.405123706813827,0.594876293186173
5000,28,71260638,-7327.52243284367,-6844.94009427529,-6847.62829052825,14714.6652180273,13809.1208932304,13805.9800925449,-905.544324796856,-3.14080068548174,TRUE,TRUE,-0.465553043429454,3.79939311904009,0.4068528374219,0.593147162578101
5000,29,71260639,-7233.23103533837,-6718.27091079902,-6719.21273145592,14526.0824230166,13555.7825262779,13549.1489744003,-970.299896738781,-6.63355187760862,TRUE,TRUE,-0.483502333611158,3.79222680602238,0.440178391835361,0.55982160816464
5000,30,71260640,-7325.36825278883,-6819.15587119928,-6817.72555811281,14710.3568579176,13757.5524470784,13746.174627714,-952.80441083919,-11.377819364352,TRUE,TRUE,-0.538723323913554,3.8145633034783,0.424563592478991,0.575436407521008
5000,31,71260641,-7494.86727302024,-6926.12120596329,-6927.26664248652,15049.3548983804,13971.4831166064,13965.2567964615,-1077.87178177398,-6.22632014495139,TRUE,TRUE,-0.534994244098843,3.80300318417615,0.473159463590422,0.526840536409577
5000,32,71260642,-7201.78239521801,-6684.0981640254,-6685.29946073864,14463.1851427759,13487.4370327306,13481.3224329657,-975.748110045304,-6.11459976493643,TRUE,TRUE,-0.507963345909267,3.78329573668098,0.39974160900291,0.600258390997091
5000,33,71260643,-7144.66566633388,-6649.61213032014,-6650.03415341695,14348.9516850077,13418.4649653201,13410.7918183223,-930.486719687558,-7.67314699779672,TRUE,TRUE,-0.513952877815893,3.79703283753493,0.413422348680546,0.586577651319453
5000,34,71260644,-7097.09554181307,-6707.30090296657,-6706.26249767016,14253.811435966,13533.842510613,13523.2485068287,-719.968925353074,-10.5940037842483,TRUE,TRUE,-0.496599216304266,3.77978774413701,0.358836374612707,0.641163625387294
5000,35,71260645,-7231.40232419369,-6808.98401511324,-6809.26876105875,14522.4250007273,13737.2087349063,13729.2610336059,-785.216265820985,-7.94770130039615,TRUE,TRUE,-0.465672970099924,3.81198956402746,0.376899360044193,0.623100639955807
5000,36,71260646,-7401.97413404766,-6869.76680646696,-6872.15203880999,14863.5686204352,13858.7743176138,13855.0275891084,-1004.79430282149,-3.74672850537172,TRUE,TRUE,-0.462292763297146,3.80735301949942,0.452101120024527,0.547898879975474
5000,37,71260647,-7258.20426180804,-6818.12627651435,-6817.10712098672,14576.028875956,13755.4932577085,13744.9377534618,-820.535618247462,-10.555504246684,TRUE,TRUE,-0.50565985725823,3.80412437056275,0.407907054934115,0.592092945065886
5000,38,71260648,-7318.09347232395,-6851.17277616677,-6854.71309006111,14695.8072969878,13821.5862570134,13820.1496916106,-874.221039974444,-1.43656540273332,TRUE,TRUE,-0.515411634894642,3.81142804457323,0.424178455605102,0.575821544394899
5000,39,71260649,-7290.38212150391,-6763.15467792681,-6764.13484441367,14640.3845953477,13645.5500605334,13638.9932003158,-994.834534814283,-6.55686021769361,TRUE,TRUE,-0.526940348052507,3.78434842130059,0.421889035719706,0.578110964280293
5000,40,71260650,-7341.53983390084,-6873.25661950753,-6873.02595833855,14742.7000201416,13865.7539436949,13856.7754281655,-876.946076446698,-8.97851552937391,TRUE,TRUE,-0.507676517999532,3.7920828883957,0.449400805627084,0.550599194372917
5000,41,71260651,-7337.94950594487,-6810.13855241789,-6810.74267377796,14735.5193642297,13739.5178095156,13732.2088590443,-996.00155471405,-7.30895047128251,TRUE,TRUE,-0.502338506120842,3.79847150774676,0.442346526897827,0.557653473102173
5000,42,71260652,-7109.54647753957,-6653.5010367132,-6655.05393395012,14278.713307419,13426.2427781062,13420.8313793886,-852.470529312814,-5.41139871758787,TRUE,TRUE,-0.534583557338203,3.80974088102889,0.388006985817505,0.611993014182495
5000,43,71260653,-7330.10901660408,-6769.39318730887,-6770.31105507293,14719.8383855481,13658.0270792976,13651.3456216343,-1061.81130625051,-6.68145766328962,TRUE,TRUE,-0.521621140146138,3.81935530789212,0.450056700606997,0.549943299393002
5000,44,71260654,-7184.59233385234,-6702.30227004752,-6703.23234255328,14428.8050200446,13523.8452447749,13517.188196595,-904.959775269726,-6.65704817989717,TRUE,TRUE,-0.530527058385532,3.79350340296998,0.398240009396339,0.601759990603659
5000,45,71260655,-7126.87207525485,-6716.19989942478,-6718.35374975192,14313.3645028496,13551.6405035294,13547.4310109923,-761.723999320226,-4.20949253713843,TRUE,TRUE,-0.533746446146791,3.81451850364312,0.378323333098767,0.621676666901233
5000,46,71260656,-7244.20068468328,-6721.64257369203,-6720.9296086794,14548.0217217065,13562.5258520639,13552.5827288472,-985.495869642584,-9.9431232166753,TRUE,TRUE,-0.539239321154778,3.79817838451517,0.431268382550792,0.568731617449208
5000,47,71260657,-7250.10617234699,-6718.3726003951,-6716.42989759584,14559.8326970339,13555.98590547,13543.5833066801,-1003.84679156386,-12.4025987899422,TRUE,TRUE,-0.474361318011615,3.80045636519367,0.416000592127499,0.583999407872501
5000,48,71260658,-7588.55571422178,-6973.71297790563,-6973.92126807146,15236.7317807835,14066.6666604911,14058.5660476313,-1170.06512029239,-8.10061285976735,TRUE,TRUE,-0.522679264551399,3.78500232734203,0.492089594894519,0.507910405105481
5000,49,71260659,-7208.28434452201,-6712.00850136892,-6713.20017361327,14476.1890413839,13543.2577074177,13537.123858715,-932.931333966279,-6.13384870270602,TRUE,TRUE,-0.50901150786804,3.79785411306807,0.40039143774187,0.599608562258132
5000,50,71260660,-7326.74403277905,-6869.63396764816,-6870.92503071289,14713.108417898,13858.5086399761,13852.5735729142,-854.59977792187,-5.93506706194967,TRUE,TRUE,-0.516420792054304,3.80058015642648,0.410636376451193,0.589363623548808
5000,51,71260661,-7279.23889487971,-6786.46697044673,-6787.18757561436,14618.0981420993,13692.1746455733,13685.0986627171,-925.92349652604,-7.07598285616587,TRUE,TRUE,-0.478088763279742,3.80653144789472,0.428255074342576,0.571744925657427
5000,52,71260662,-7304.9791234558,-6728.8939226213,-6727.90670453267,14669.5785992515,13577.0285499224,13566.5369205538,-1092.55004932909,-10.4916293686638,TRUE,TRUE,-0.526586048622815,3.80730658711512,0.433323601482006,0.566676398517992
5000,53,71260663,-7356.77776508535,-6839.9160404144,-6840.39193693269,14773.1758825106,13799.0727855086,13791.5073853538,-974.103097002002,-7.56540015482096,TRUE,TRUE,-0.487643304233917,3.81047205474626,0.43586990845948,0.56413009154052
5000,54,71260664,-7275.48588795071,-6774.85729601218,-6778.73631742747,14610.5921282413,13668.9552967042,13668.1961463433,-941.636831537151,-0.759150360841886,TRUE,TRUE,-0.507345436726083,3.7979541119888,0.437803650033688,0.562196349966313
5000,55,71260665,-7389.23745383531,-6909.26374545647,-6909.39204863109,14838.0952600105,13937.7681955928,13929.5076087506,-900.327064417783,-8.26058684216696,TRUE,TRUE,-0.50088111149412,3.77168222480438,0.42962393962574,0.570376060374261
5000,56,71260666,-7404.03499258213,-6953.91945472019,-6952.8123030081,14867.6903375042,14027.0796141202,14016.3481175046,-840.610723383972,-10.7314966156046,TRUE,TRUE,-0.473714367034649,3.8115816619768,0.406580109953773,0.593419890046228
5000,57,71260667,-7026.50882766583,-6560.89652155308,-6561.14131831969,14112.6380076716,13241.033747786,13233.0061481278,-871.604259885587,-8.02759965820587,TRUE,TRUE,-0.518007616925226,3.7912316602423,0.3754022045331,0.624597795466901
5000,58,71260668,-7165.24186427453,-6740.27517488261,-6742.2037515427,14390.104080889,13599.7910544451,13595.1310145738,-790.313026443928,-4.66003987123986,TRUE,TRUE,-0.437802156574826,3.78108621344515,0.370474449225835,0.629525550774162
5000,59,71260669,-7194.06652614705,-6670.42326624334,-6669.94177025477,14447.753404634,13460.0872371665,13450.607051998,-987.666167467511,-9.48018516855154,TRUE,TRUE,-0.521707539008188,3.79632246424091,0.400820875142564,0.599179124857435
5000,60,71260670,-7368.74291471929,-6847.97886988982,-6850.0807313251,14797.1061817785,13815.1984444595,13810.8849741386,-981.907737319023,-4.31347032084886,TRUE,TRUE,-0.443177551491404,3.78752478013445,0.434313744511445,0.565686255488555
5000,61,71260671,-7325.97319718389,-6828.12949492434,-6827.26476262159,14711.5667467077,13775.4996945285,13765.2530367316,-936.067052179174,-10.2466577969226,TRUE,TRUE,-0.46678166720143,3.8263834208408,0.441724166027071,0.558275833972929
5000,62,71260672,-7073.91564123906,-6611.60014215318,-6611.62421859444,14207.451634818,13342.4409889862,13333.9719486773,-865.01064583186,-8.46904030888618,TRUE,TRUE,-0.468528515154403,3.80676341873296,0.370352430808218,0.629647569191784
5000,63,71260673,-7431.680240999,-6926.51000668538,-6931.19259171803,14922.9808343379,13972.2607180506,13973.1086949245,-950.720116287319,0.84797687389073,TRUE,FALSE,-0.481344341735718,3.8187924572347,0.448120599875546,0.551879400124454
5000,64,71260674,-7281.69253123783,-6816.59585728361,-6813.60720965732,14623.0054148156,13752.432419247,13737.937930803,-870.572995568531,-14.4944884439938,TRUE,TRUE,-0.546121486870138,3.77849613195409,0.431780155942324,0.568219844057676
5000,65,71260675,-7364.97155768092,-6848.67860071392,-6850.86563550547,14789.5634677018,13816.5979061077,13812.4547824994,-972.96556159409,-4.14312360830991,TRUE,TRUE,-0.504881584170656,3.81131100788596,0.456441969837232,0.543558030162768
5000,66,71260676,-7193.14161073375,-7185.24332086602,-6710.27299715718,14445.9035738074,14489.7273464119,13531.2695058028,43.8237726044608,-958.457840609102,FALSE,TRUE,-0.516560458423856,3.78825956599474,0.40104927550774,0.598950724492258
5000,67,71260677,-7301.52830087676,-6799.38760695784,-6798.5544856808,14662.6769540934,13718.0159185955,13707.83248285,-944.661035497933,-10.1834357455045,TRUE,TRUE,-0.509713048251179,3.78374938653404,0.428751709008419,0.571248290991579
5000,68,71260678,-7361.75775721886,-6819.78599655831,-6820.08300180831,14783.1358667776,13758.8126977965,13750.889515105,-1024.32316898118,-7.92318269141833,TRUE,TRUE,-0.505536295099256,3.7968171460623,0.445521721221507,0.554478278778493
5000,69,71260679,-7433.22058026036,-6845.0245356272,-6848.7644279404,14926.0615128606,13809.2897759342,13808.2523673692,-1116.7717369264,-1.03740856502554,TRUE,TRUE,-0.520766396342047,3.80218333998541,0.473197735715453,0.526802264284546
5000,70,71260680,-7236.84816199276,-6751.32578927705,-6754.62287540303,14533.3166763254,13621.8922832339,13619.9692622945,-911.424393091516,-1.92302093945727,TRUE,TRUE,-0.509137908016443,3.78577569089373,0.404822105879927,0.595177894120073
5000,71,71260681,-7361.39086716036,-6872.77711988913,-6875.46074824325,14782.4020866606,13864.7949444581,13861.6450079749,-917.607142202532,-3.14993648318523,TRUE,TRUE,-0.513134744968112,3.77953474192937,0.442033541006522,0.557966458993477
5000,72,71260682,-7511.87843960431,-6980.41265215894,-6978.74509762758,15083.3772315485,14080.0660089977,14068.2137067436,-1003.31122255083,-11.8523022541303,TRUE,TRUE,-0.491167962540085,3.80234256433079,0.443068557163523,0.556931442836476
5000,73,71260683,-7190.76435584081,-6758.37267877419,-6755.90393800808,14441.1490640215,13635.9860622282,13622.5313875046,-805.163001793335,-13.4546747236327,TRUE,TRUE,-0.501381789571371,3.80480289166284,0.38484670900484,0.615153290995161
5000,74,71260684,-7370.60392915496,-6851.82536343854,-6853.6203558858,14800.8282106498,13822.8914315569,13817.96422326,-977.936779092926,-4.92720829688187,TRUE,TRUE,-0.486774545594205,3.82087681235243,0.434291681607012,0.565708318392988
5000,75,71260685,-7342.63384914171,-6806.82399414661,-6808.61548041095,14744.8880506233,13732.8886929731,13727.9544723103,-1011.99935765027,-4.93422066273524,TRUE,TRUE,-0.508361572760261,3.80552317593566,0.448942281876055,0.551057718123946
5000,76,71260686,-7333.12559117927,-6831.89014649075,-6832.06540186323,14725.8715346984,13783.0209976613,13774.8543152149,-942.850537037111,-8.1666824464719,TRUE,TRUE,-0.50966741620412,3.82442111748704,0.427961972632423,0.572038027367577
5000,77,71260687,-7248.9123286272,-6733.31405586892,-6736.63487535922,14557.4450095943,13585.8688164177,13583.9932622069,-971.576193176639,-1.87555421082106,TRUE,TRUE,-0.477008942896445,3.79866715620029,0.415257739106699,0.584742260893302
5000,78,71260688,-7161.63208570464,-6682.81256891435,-6682.64584393201,14382.8845237492,13484.8658425085,13476.0151993524,-898.018681240665,-8.85064315608906,TRUE,TRUE,-0.449225653900986,3.8013249103035,0.405052505172679,0.59494749482732
5000,79,71260689,-7295.12485562778,-6833.10845373767,-6833.86502367093,14649.8700635955,13785.4576121552,13778.4535588303,-864.412451440305,-7.00405332491391,TRUE,TRUE,-0.520140525114585,3.81061322428205,0.412383583200614,0.587616416799388
5000,80,71260690,-7216.00120621648,-6720.54780494649,-6720.71128785816,14491.6227647729,13560.3363145728,13552.1460872047,-931.286450200076,-8.19022736806255,TRUE,TRUE,-0.51959192984527,3.79879653142579,0.407156940573943,0.592843059426057
5000,81,71260691,-7322.75719618922,-6800.18728317669,-6804.22493751113,14705.1347447184,13719.6152710332,13719.1733865107,-985.519473685146,-0.441884522540931,TRUE,TRUE,-0.499805188006098,3.80219123244157,0.431460384344966,0.568539615655034
5000,82,71260692,-7370.86967357362,-6836.81478179346,-6836.52280961571,14801.3596994872,13792.8702682667,13783.7691307198,-1008.48943122041,-9.1011375469061,TRUE,TRUE,-0.490267918184547,3.80291864161399,0.450271043437417,0.549728956562583
5000,83,71260693,-7280.1422958777,-6779.26209791096,-6780.73032426714,14619.9049440953,13677.7649005017,13672.1841600227,-942.140043593578,-5.58074047904847,TRUE,TRUE,-0.529972754753959,3.81606869825292,0.419769307708434,0.580230692291566
5000,84,71260694,-7090.04359545062,-6620.73169843335,-6622.16852505657,14239.7075432411,13360.7041015465,13355.0605616015,-879.003441694624,-5.64353994498379,TRUE,TRUE,-0.501531903860678,3.80800205448808,0.37308156648728,0.626918433512719
5000,85,71260695,-7431.33398220154,-6902.22386749774,-6904.89558291452,14922.288316743,13923.6884396753,13920.5146773175,-998.599877067683,-3.17376235785196,TRUE,TRUE,-0.538112336079784,3.78945433489512,0.448985420734507,0.551014579265494
5000,86,71260696,-7302.80760784739,-6848.44896794751,-6851.47181784548,14665.2355680347,13816.1386405748,13813.6671471794,-849.096927459852,-2.47149339548014,TRUE,TRUE,-0.544109334727914,3.81946765592989,0.412952195463848,0.587047804536152
5000,87,71260697,-7138.57640072256,-6647.79148282459,-6648.44998961848,14336.773153785,13414.823670329,13407.6234907254,-921.949483456025,-7.20017960364385,TRUE,TRUE,-0.522399138915458,3.78235048402305,0.391694898572525,0.608305101427475
5000,88,71260698,-7098.18191925858,-6683.48315358441,-6685.20055455912,14255.9841908571,13486.2070118486,13481.1246206066,-769.777179008423,-5.08239124199827,TRUE,TRUE,-0.482561562837203,3.78905466901473,0.371276898825236,0.628723101174764
5000,89,71260699,-7120.56828198245,-6648.45594916182,-6649.43963789346,14300.7569163048,13416.1526030035,13409.6027872753,-884.604313301332,-6.54981572813631,TRUE,TRUE,-0.513476239172093,3.82783777352236,0.38915422612965,0.610845773870351
5000,90,71260700,-7286.96653059259,-6838.24981652225,-6838.92716806352,14633.5534135251,13795.7403377243,13788.5778476154,-837.813075800756,-7.16249010889078,TRUE,TRUE,-0.504146596884474,3.80210849410325,0.405560956491077,0.59443904350892
5000,91,71260701,-7144.80802043363,-6627.05612217494,-6629.14630588687,14349.2363932072,13373.3529490297,13369.0161232622,-975.883444177478,-4.33682576754836,TRUE,TRUE,-0.510142795011017,3.78474642745918,0.411658941667725,0.588341058332275
5000,92,71260702,-7235.78481889156,-6684.90237893554,-6685.57087066051,14531.189990123,13489.0454625509,13481.8652528094,-1042.14452757213,-7.18020974148567,TRUE,TRUE,-0.48094174236595,3.8150975713991,0.409707615472397,0.590292384527602
5000,93,71260703,-7436.50201458085,-6908.00253608279,-6908.55288729747,14932.6243815016,13935.2457768454,13927.8292860834,-997.378604656198,-7.41649076205613,TRUE,TRUE,-0.51540564898516,3.79135496042007,0.467970122395092,0.532029877604908
5000,94,71260704,-7120.50085120539,-6655.24186575693,-6655.12086197792,14300.6220547507,13429.7244361937,13420.9652354443,-870.897618557006,-8.75920074942405,TRUE,TRUE,-0.537036169853604,3.80585214255941,0.385901655664024,0.614098344335976
5000,95,71260705,-7037.69060385762,-6610.6852992943,-6609.69532109209,14135.0015600552,13340.6113032684,13330.1141536726,-794.390256786741,-10.497149595838,TRUE,TRUE,-0.500501894778402,3.80161002914641,0.347798812919095,0.652201187080906
5000,96,71260706,-7102.93665788403,-6607.25172750511,-6610.48010522879,14265.493668108,13333.7441596901,13331.683721946,-931.749508417914,-2.06043774405589,TRUE,TRUE,-0.537556605956309,3.79902539350133,0.405338499077749,0.594661500922251
5000,97,71260707,-7256.59603948827,-6740.0683668737,-6740.82138569904,14572.8124313165,13599.3774384272,13592.3662828865,-973.434992889221,-7.01115554074022,TRUE,TRUE,-0.499784091283388,3.79079770147101,0.418759921742932,0.581240078257069
5000,98,71260708,-7392.24295275472,-6868.82122267117,-6868.65842396272,14844.1062578493,13856.8831500222,13848.0403594138,-987.223107827176,-8.84279060832341,TRUE,TRUE,-0.501552191634674,3.80006974176105,0.476114400304192,0.523885599695808
5000,99,71260709,-7362.30920732543,-6878.40571498279,-6879.65345575215,14784.2387669908,13876.0521346454,13870.0304229927,-908.186632345358,-6.0217116527001,TRUE,TRUE,-0.500410517797105,3.80391773325719,0.431740474345981,0.568259525654019
5000,100,71260710,-7340.93614221477,-6801.32212250173,-6801.86361639539,14741.4926367694,13721.8849496833,13714.4507442792,-1019.60768708616,-7.43420540409716,TRUE,TRUE,-0.499930824550789,3.80002921586222,0.436444294482265,0.563555705517736
5000,101,71260711,-7165.09718048556,-6753.3676556944,-6754.6752536088,14389.814713311,13625.9760160686,13620.074018706,-763.838697242407,-5.90199736261275,TRUE,TRUE,-0.462740552580633,3.81090114492059,0.373513578707953,0.626486421292047
5000,102,71260712,-7349.23767133587,-6805.59629503814,-6804.48170656374,14758.0956950116,13730.4332947561,13719.6869246159,-1027.66240025554,-10.7463701402121,TRUE,TRUE,-0.512482124431408,3.79240812740573,0.458605782358212,0.541394217641789
5000,103,71260713,-7369.42973989145,-6812.82050919484,-6813.9240251624,14798.4798321228,13744.8817230695,13738.5715618132,-1053.59810905331,-6.31016125628412,TRUE,TRUE,-0.513439575731383,3.8012396953766,0.453697036492283,0.546302963507716
5000,104,71260714,-7034.68117080134,-6582.52275436876,-6583.45265965534,14128.9826939426,13284.2862134174,13277.6288307991,-844.696480525246,-6.65738261827028,TRUE,TRUE,-0.482801989579137,3.7941313176232,0.374373628790765,0.625626371209235
5000,105,71260715,-7294.66682053945,-6749.98797671326,-6749.68056811276,14648.9539934188,13619.2166581063,13610.0846477139,-1029.73733531248,-9.1320103924154,TRUE,TRUE,-0.528757958991049,3.77470842173781,0.417996916020369,0.582003083979631
5000,106,71260716,-7357.98998822102,-6817.77707532479,-6817.15024509817,14775.600328782,13754.7948553294,13745.0240016848,-1020.80547345254,-9.77085364465893,TRUE,TRUE,-0.523194869285942,3.80380195727862,0.444595230337016,0.555404769662984
5000,107,71260717,-7396.76586688181,-6876.77967390898,-6879.21966743941,14853.1520861035,13872.8000524978,13869.1628463672,-980.352033605755,-3.63720613056466,TRUE,TRUE,-0.477702188218799,3.78924602977376,0.442323152680225,0.557676847319776
5000,108,71260718,-7294.00394818532,-6808.33035796381,-6809.6993549798,14647.6282487106,13735.9014206074,13730.122221448,-911.726828103108,-5.77919915943676,TRUE,TRUE,-0.426261002424119,3.79792991222462,0.400295026343373,0.599704973656627
5000,109,71260719,-7108.35224374055,-6636.68615472631,-6636.12353423555,14276.324839821,13392.6130141324,13382.9705799595,-883.711825688575,-9.64243417293073,TRUE,TRUE,-0.543369290455896,3.7930880516292,0.387494929172156,0.612505070827845
5000,110,71260720,-7344.94220094593,-6810.94868327618,-6812.76871811533,14749.5047542318,13741.1380712322,13736.2609477191,-1008.36668299958,-4.87712351311893,TRUE,TRUE,-0.516338194096907,3.80288621131564,0.459626857690298,0.540373142309702
5000,111,71260721,-7066.38691213552,-6621.99308779755,-6624.29450485386,14192.394176611,13363.2268802749,13359.3125211961,-829.167296336029,-3.91435907880623,TRUE,TRUE,-0.526173891799512,3.79101414544825,0.383605257784048,0.616394742215951
5000,112,71260722,-7206.2529108523,-6759.45797821824,-6760.76677684713,14472.1261740445,13638.1566611163,13632.2570651827,-833.969512928206,-5.89959593363528,TRUE,TRUE,-0.550831650705338,3.80959279574205,0.386049258383548,0.613950741616452
5000,113,71260723,-7120.76155796006,-7113.81833331886,-6643.03098428636,14301.14346826,14346.8773713176,13396.7854800611,45.7339030575258,-950.09189125643,FALSE,TRUE,-0.523227953947901,3.80799196158065,0.42581546182289,0.574184538177109
5000,114,71260724,-7147.14073517708,-6693.84053016464,-6694.41802407933,14353.9018226941,13506.9217650091,13499.5595596471,-846.980057684968,-7.36220536203655,TRUE,TRUE,-0.560425081622477,3.80150078752451,0.388768058432076,0.611231941567925
5000,115,71260725,-7154.90221314205,-6731.49196360285,-6731.68212337492,14369.424778624,13582.2246318855,13574.0877582382,-787.200146738476,-8.13687364728685,TRUE,TRUE,-0.494624271351344,3.81625002457301,0.355090446465552,0.64490955353445
5000,116,71260726,-7395.33769979879,-6838.09220969278,-6839.93380006863,14850.2957519375,13795.4251240654,13790.5911116257,-1054.87062787209,-4.83401243972003,TRUE,TRUE,-0.498552134949011,3.78263766717891,0.453750463311886,0.546249536688114
5000,117,71260727,-7207.06047614014,-6780.1474296431,-6780.62468242173,14473.7413046202,13679.535563966,13671.9728763319,-794.205740654157,-7.56268763417393,TRUE,TRUE,-0.508554218249481,3.80358497083405,0.393637672440074,0.606362327559925
5000,118,71260728,-7315.27180087682,-6820.75345778372,-6820.94380999377,14690.1639540936,13760.7476202473,13752.611131476,-929.416333846284,-8.13648877132255,TRUE,TRUE,-0.526545635954925,3.79189053485633,0.410396555584846,0.589603444415154
5000,119,71260729,-7384.9957529249,-6818.21768715822,-6818.99386859025,14829.6118581897,13755.6760789963,13748.7112486689,-1073.93577919345,-6.96483032735341,TRUE,TRUE,-0.465671683772131,3.79538270069337,0.474572704231499,0.525427295768502
5000,120,71260730,-7301.20267139501,-6780.06103508381,-6778.4441443263,14662.0256951299,13679.3627748474,13667.611800141,-982.66292028249,-11.7509747064305,TRUE,TRUE,-0.520406654868303,3.79627052745556,0.430353205425426,0.569646794574573
5000,121,71260731,-7352.42831383755,-6838.42574464306,-6835.0965282974,14764.476980015,13796.0921939659,13780.9165680832,-968.384786049079,-15.175625882719,TRUE,TRUE,-0.523311031502128,3.8036296091685,0.443375096859094,0.556624903140906
5000,122,71260732,-7279.50728137835,-6720.32123281949,-6722.62114655326,14618.6349150966,13559.8831703188,13555.9658045949,-1058.7517447778,-3.91736572388072,TRUE,TRUE,-0.528939807045001,3.79945801271372,0.442733435554888,0.557266564445112
5000,123,71260733,-7155.91357499262,-6734.82425282355,-6735.29604458668,14371.4475023252,13588.8892103269,13581.3156006618,-782.558291998223,-7.57360966515625,TRUE,TRUE,-0.54324312804975,3.80106244141327,0.393759673725012,0.60624032627499
5000,124,71260734,-7242.15339984354,-6765.10175954872,-6765.64043696583,14543.927152027,13649.4442237773,13642.0043854201,-894.482928249738,-7.439838357197,TRUE,TRUE,-0.520665860183651,3.79516231692135,0.421894449239554,0.578105550760447
5000,125,71260735,-7150.36183177061,-6626.47783964708,-6627.46578355857,14360.3440158811,13372.196383974,13365.6550786055,-988.147631907135,-6.54130536844787,TRUE,TRUE,-0.52369729838077,3.7883612981757,0.397506463429757,0.602493536570245
5000,126,71260736,-7094.79080709618,-6618.89369202724,-6620.87832884943,14249.2019665323,13357.0280887343,13352.4801691873,-892.173877797957,-4.54791954703614,TRUE,TRUE,-0.531827275055119,3.8112465907671,0.401011743486989,0.598988256513011
5000,127,71260737,-7301.01622658301,-6782.75699057545,-6786.02636908719,14661.6528055059,13684.7546858307,13682.7762496628,-976.898119675196,-1.97843616794671,TRUE,TRUE,-0.495792305600815,3.80777893815947,0.439969960166723,0.560030039833278
5000,128,71260738,-7150.38251549688,-7146.9656029527,-6678.72540024023,14360.3853833337,14413.1719105852,13468.1743119689,52.7865272515464,-944.997598616354,FALSE,TRUE,-0.525546358743987,3.80153731537377,0.395459345375677,0.604540654624322
5000,129,71260739,-7317.85879595574,-6778.34944162653,-6779.09469600855,14695.3379442514,13675.9395879329,13668.9129035055,-1019.39835631849,-7.02668442738104,TRUE,TRUE,-0.494165175898475,3.8065332711787,0.437572185100124,0.562427814899877
5000,130,71260740,-7141.45906351292,-6737.37628624936,-6738.47469469914,14342.5384793658,13593.9932771785,13587.6729008867,-748.545202187202,-6.32037629186016,TRUE,TRUE,-0.480038675283122,3.79789069580904,0.352102568074295,0.647897431925704
5000,131,71260741,-7318.95931428352,-6795.29503828724,-6796.57042318183,14697.538980907,13709.8307812543,13703.8643578521,-987.708199652649,-5.9664234022348,TRUE,TRUE,-0.510177938407543,3.81711402626973,0.422986106118835,0.577013893881166
5000,132,71260742,-7074.0886253219,-6647.33629238696,-6651.05328676347,14207.7976029837,13413.9132894538,13412.8300850153,-793.884313529952,-1.08320443840603,TRUE,TRUE,-0.50088044784664,3.77258525523978,0.352081577569833,0.647918422430167
5000,133,71260743,-7310.73641107915,-6802.26940105284,-6800.01549170899,14681.0931744982,13723.7795067855,13710.7544949064,-957.313667712708,-13.0250118791173,TRUE,TRUE,-0.499727971920377,3.79363103440144,0.415529905417032,0.584470094582966
5000,134,71260744,-7330.76211579709,-6839.84463102325,-6840.54308604911,14721.1445839341,13798.9299667263,13791.8096835866,-922.214617207779,-7.12028313968403,TRUE,TRUE,-0.521429931764136,3.78467932091996,0.443007582059102,0.556992417940896
5000,135,71260745,-7266.58603086129,-6762.44109876224,-6765.21576944827,14592.7924140625,13644.1229022043,13641.1550503849,-948.669511858179,-2.96785181936502,TRUE,TRUE,-0.519160711990359,3.78403819009718,0.42417615547484,0.57582384452516
5000,136,71260746,-7236.43978282101,-6742.6854110617,-6741.4691877709,14532.4999179819,13604.6115268032,13593.6618870302,-927.888391178718,-10.9496397730109,TRUE,TRUE,-0.500393966321233,3.77874452661855,0.42700604300436,0.57299395699564
5000,137,71260747,-7229.93556860817,-6730.3681892557,-6731.04016854559,14519.4914895562,13579.9770831912,13572.8038485796,-939.51440636503,-7.17323461161868,TRUE,TRUE,-0.503761927886785,3.78606179958629,0.41677847316431,0.583221526835688
5000,138,71260748,-7185.41475240162,-7182.0640183378,-6711.97800148922,14430.4498571432,14483.3687413554,13534.6795144669,52.9188842122621,-948.689226888566,FALSE,TRUE,-0.518807806123476,3.80498505995498,0.408528940699618,0.591471059300383
5000,139,71260749,-7346.13253047222,-6793.45476678819,-6794.46470344263,14751.8854132843,13706.1502382562,13699.6529183737,-1045.73517502814,-6.49731988254462,TRUE,TRUE,-0.509004903428372,3.78972360264827,0.453465886878971,0.54653411312103
5000,140,71260750,-7246.84133360231,-6749.85046719796,-6750.07268113178,14553.3030195445,13618.9416390757,13610.868873752,-934.361380468781,-8.07276532378455,TRUE,TRUE,-0.529019930785646,3.79412065518957,0.417890803138777,0.582109196861223
5000,141,71260751,-7365.07599138107,-6827.59858551997,-6829.31853882543,14789.7723351021,13774.4378757198,13769.3605891393,-1015.3344593823,-5.07728658049018,TRUE,TRUE,-0.472862464741399,3.81353761786465,0.425532098575241,0.574467901424757
5000,142,71260752,-7172.0632960773,-6679.73905892198,-6679.46259102382,14403.7469444945,13478.7188225238,13469.648693536,-925.028121970725,-9.07012898775065,TRUE,TRUE,-0.514289724655379,3.80541181085339,0.41414897466944,0.585851025330559
5000,143,71260753,-7281.45008511436,-6757.99191892997,-6759.66714056892,14622.5205225686,13635.2245425398,13630.0577926263,-987.295980028866,-5.16674991350556,TRUE,TRUE,-0.509015199203569,3.79710435387069,0.435335437432662,0.564664562567339
5000,144,71260754,-7362.0051277472,-6820.64173613868,-6821.94778944885,14783.6306078343,13760.5241769572,13754.6190903861,-1023.10643087712,-5.90508657107057,TRUE,TRUE,-0.482229363690781,3.81526005326752,0.414026426529056,0.585973573470943
5000,145,71260755,-7256.2158625852,-6800.85565886528,-6800.44439429353,14572.0520775103,13720.9520224104,13711.6123000755,-851.100055099927,-9.33972233491477,TRUE,TRUE,-0.476919014071086,3.80958792834507,0.419953250479342,0.580046749520658
5000,146,71260756,-6994.50691335708,-6544.97931443995,-6546.34898731805,14048.6341790541,13209.1993335597,13203.4214861245,-839.434845494356,-5.77784743521443,TRUE,TRUE,-0.52765223505404,3.78603103237138,0.360501420054693,0.639498579945306
5000,147,71260757,-7392.2009591092,-6889.03103670886,-6893.09614500365,14844.0222705583,13897.3027780976,13896.9158014957,-946.719492460754,-0.386976601841525,TRUE,TRUE,-0.522042081865211,3.79311443728989,0.435794383627097,0.5642056163729
5000,148,71260758,-7251.43631024111,-6830.94549231554,-6831.63819785609,14562.4929728221,13781.1316893109,13773.9999072006,-781.361283511233,-7.13178211031664,TRUE,TRUE,-0.53344255932906,3.79566551892294,0.41012739203158,0.58987260796842
5000,149,71260759,-7379.57850621077,-6870.49014096423,-6872.42487849154,14818.7773647615,13860.2209866083,13855.5732684715,-958.556378153176,-4.64771813679181,TRUE,TRUE,-0.446616164309553,3.80218266459438,0.435471734619521,0.564528265380481
5000,150,71260760,-7306.93193815751,-6807.80992131761,-6807.56167321436,14673.4842286549,13734.860547315,13725.8468579171,-938.623681339883,-9.01368939792155,TRUE,TRUE,-0.518352427531801,3.78801393143025,0.411520196396224,0.588479803603776
5000,151,71260761,-7189.32963956523,-6716.51789240549,-6718.33017700525,14438.2796314704,13552.2764894908,13547.3838654989,-886.003141979572,-4.89262399188374,TRUE,TRUE,-0.527534330982223,3.80418659326702,0.418593997984943,0.581406002015058
5000,152,71260762,-7102.7675925771,-6639.48592671185,-6640.46197236208,14265.1555374941,13398.2125581035,13391.6474562126,-866.942979390607,-6.56510189093751,TRUE,TRUE,-0.505050842815827,3.78304855766938,0.388644024611164,0.611355975388835
5000,153,71260763,-7123.84604577645,-6688.76963933906,-6688.57685289032,14307.3124438928,13496.779983358,13487.877217269,-810.532460534852,-8.90276608890781,TRUE,TRUE,-0.503647674318155,3.80952727302918,0.376611294993817,0.623388705006183
5000,154,71260764,-7145.58507779791,-6688.4570713932,-6688.11933989167,14350.7905079357,13496.1548474662,13486.9621912718,-854.635660469517,-9.19265619446378,TRUE,TRUE,-0.492410451238178,3.78883047051929,0.397087710285484,0.602912289714515
5000,155,71260765,-7356.84986411643,-6847.00974967869,-6848.43110212398,14773.3200805728,13813.2602040372,13807.5857157364,-960.059876535561,-5.67448830083777,TRUE,TRUE,-0.544813051751134,3.78826414755867,0.428175541858728,0.571824458141274
5000,156,71260766,-7299.80867303902,-6803.56057256725,-6802.71790651491,14659.237698418,13726.3618498143,13716.1593245182,-932.875848603637,-10.2025252960975,TRUE,TRUE,-0.483065681906868,3.80461044560968,0.412154421552748,0.587845578447252
5000,157,71260767,-7282.09332906787,-7278.84408368138,-6774.32769217458,14623.8070104757,14676.9288720426,13659.3788958376,53.1218615669241,-1017.54997620501,FALSE,TRUE,-0.52452265465081,3.81560949543221,0.422595038199667,0.577404961800332
5000,158,71260768,-7248.98340556209,-6743.51418458408,-6746.33819562235,14557.5871634641,13606.269073848,13603.3999027331,-951.318089616092,-2.86917111488947,TRUE,TRUE,-0.505023310602812,3.79571007361039,0.424661109538723,0.575338890461278
5000,159,71260769,-7273.22795371962,-6734.7000304032,-6734.81805258277,14606.0762597792,13588.6407654862,13580.359616654,-1017.43549429292,-8.28114883228409,TRUE,TRUE,-0.534398597945478,3.78674668022112,0.443107302300399,0.556892697699601
5000,160,71260770,-7283.66012988436,-6815.33622843344,-6815.28707633138,14626.9406121086,13749.9131615467,13741.2976641512,-877.027450561916,-8.61549739555267,TRUE,TRUE,-0.538758285949733,3.80007131226261,0.421320123184446,0.578679876815555
5000,161,71260771,-7230.68482886533,-6824.23584285661,-6823.92475898972,14520.9900100706,13767.712390393,13758.5730294679,-753.277619677523,-9.13936092519543,TRUE,TRUE,-0.488721603195516,3.78177232192809,0.391523301718764,0.608476698281236
5000,162,71260772,-7453.01527306385,-6845.74733222944,-6844.84895256315,14965.6508984676,13810.7353691387,13800.4214166147,-1154.91552932892,-10.3139525239767,TRUE,TRUE,-0.513401133945866,3.80022756558474,0.454346002708897,0.545653997291104
5000,163,71260773,-7277.7204207586,-6728.22058864264,-6729.37046003405,14615.0611938571,13575.6818819651,13569.4644315565,-1039.379311892,-6.21745040860696,TRUE,TRUE,-0.525073532244249,3.79686544906413,0.421059159551733,0.578940840448265
5000,164,71260774,-7288.46263737259,-6732.11052301626,-6732.90588598531,14636.5456270851,13583.4617507124,13576.535283459,-1053.08387637274,-6.92646725331542,TRUE,TRUE,-0.528744960689367,3.82257270177016,0.447104923133519,0.55289507686648
5000,165,71260775,-7402.20485628425,-6879.269042171,-6876.31825134318,14864.0300649084,13877.7787890218,13863.3600141748,-986.251275886576,-14.4187748470595,TRUE,TRUE,-0.53947964805435,3.79593070598014,0.451064982900729,0.548935017099271
5000,166,71260776,-7513.66475689136,-6924.42083403379,-6922.86857562509,15086.9498661226,13968.0823727474,13956.4606627386,-1118.86749337522,-11.6217100088234,TRUE,TRUE,-0.512929511642096,3.78777548429125,0.444905974005213,0.555094025994788
5000,167,71260777,-7071.53111328972,-6593.26171302397,-6596.2278331449,14202.6825789194,13305.7641307278,13303.1791777782,-896.9184481916,-2.58495294955355,TRUE,TRUE,-0.494328856252951,3.79932288518909,0.405444100545991,0.594555899454008
5000,168,71260778,-7215.31970892881,-6748.0284877627,-6745.57769497707,14490.2597701975,13615.2976802052,13601.8789014425,-874.96208999231,-13.4187787626761,TRUE,TRUE,-0.514485980514162,3.79227159373718,0.407525035641242,0.592474964358757
5000,169,71260779,-7204.63403765636,-6644.35797633614,-6644.74355896149,14468.8884276526,13407.9566573521,13400.2106294114,-1060.93177030052,-7.74602794070961,TRUE,TRUE,-0.490666816463042,3.79882952337752,0.438784153461872,0.561215846538127
5000,170,71260780,-7206.243910833,-6704.56673658591,-6703.21386780169,14472.1081740059,13528.3741778516,13517.1512470918,-943.733996154282,-11.2229307598536,TRUE,TRUE,-0.505269494408078,3.79186888109868,0.409855069080884,0.590144930919117
5000,171,71260781,-7193.52721844226,-6647.87306489358,-6648.39623986958,14446.6747892244,13414.986834467,13407.5159912276,-1031.68795475744,-7.47084323941817,TRUE,TRUE,-0.496405922185096,3.78917942440207,0.425687277683215,0.574312722316786
5000,172,71260782,-7335.88160125064,-6879.82818936268,-6880.21475897856,14731.3835548412,13878.8970834052,13871.1530294455,-852.486471435994,-7.74405395967187,TRUE,TRUE,-0.493252107915098,3.81859710055462,0.409777922942114,0.590222077057886
5000,173,71260783,-7327.2998025332,-6852.11933403025,-6851.2682901609,14714.2199574063,13823.4793727403,13813.2600918102,-890.740584665982,-10.2192809301032,TRUE,TRUE,-0.50574189550119,3.78215508092135,0.412433720182433,0.587566279817567
5000,174,71260784,-7170.56588539517,-6651.78241186221,-6651.64904409003,14400.7521231303,13422.8055284043,13414.0215996685,-977.946594726005,-8.78392873578741,TRUE,TRUE,-0.560846882628169,3.81255081889878,0.408479583608746,0.591520416391255
5000,175,71260785,-7447.84137307362,-6934.97416894005,-6936.09478321853,14955.3030984872,13989.1890425599,13982.9130779255,-966.114055927226,-6.27596463446753,TRUE,TRUE,-0.501620770552364,3.77556893054518,0.432238767449504,0.567761232550496
5000,176,71260786,-7348.30936986487,-6802.05414731964,-6802.81189796159,14756.2390920697,13723.3489993191,13716.3473074116,-1032.89009275055,-7.00169190751512,TRUE,TRUE,-0.555644152664593,3.81817422860931,0.45182381713547,0.54817618286453
5000,177,71260787,-7355.84615105535,-6852.10892562032,-6851.79603164476,14771.3126544506,13823.4585559205,13814.3155747779,-947.854098530141,-9.14298114253688,TRUE,TRUE,-0.498878146225825,3.80750275346433,0.417676646659264,0.582323353340737
5000,178,71260788,-7248.8430940295,-6750.63535972988,-6748.10788971438,14557.3065403989,13620.5114241396,13606.9392909172,-936.795116259331,-13.5721332224148,TRUE,TRUE,-0.528325997459396,3.79894787541983,0.417402376264128,0.582597623735872
5000,179,71260789,-7286.2748584076,-6829.57840124512,-6830.71863226195,14632.1700691551,13778.3975071701,13772.1607760123,-853.772561985057,-6.23673115775455,TRUE,TRUE,-0.462984246260601,3.81199388204473,0.401093424582869,0.598906575417131
5000,180,71260790,-7389.00572465972,-6886.64278561081,-6887.74483087332,14837.6318016593,13892.5262759015,13886.213173235,-945.105525757892,-6.31310266640503,TRUE,TRUE,-0.495972503008286,3.78940407488241,0.44199529202518,0.558004707974821
5000,181,71260791,-7067.58598710367,-6656.21885453303,-6657.02064224825,14194.7923265473,13431.6784137459,13424.7647959849,-763.113912801367,-6.91361776096528,TRUE,TRUE,-0.51665629700362,3.79896274947788,0.386015538691236,0.613984461308764
5000,182,71260792,-7455.47326341361,-6878.616121386,-6879.80108276515,14970.5668791671,13876.4729474518,13870.3256770187,-1094.09393171531,-6.14727043309904,TRUE,TRUE,-0.46882463131438,3.79318377377361,0.483214104682946,0.516785895317054
5000,183,71260793,-7367.28633507147,-6869.38381852221,-6870.9925329049,14794.1930224829,13858.0083417242,13852.7085772982,-936.184680758617,-5.29976442603947,TRUE,TRUE,-0.513968885117931,3.79157052381931,0.44846171959714,0.55153828040286
5000,184,71260794,-7178.30502188168,-6758.31741777309,-6759.33844525021,14416.2303961033,13635.875540226,13629.4004019888,-780.354855877269,-6.47513823717236,TRUE,TRUE,-0.474150731965507,3.80962933721709,0.40123452282471,0.59876547717529
5000,185,71260795,-7470.13888577442,-6932.23877642096,-6933.12817522259,14999.8981238888,13983.7182575217,13976.9798619336,-1016.17986636702,-6.73839558814507,TRUE,TRUE,-0.499492012908799,3.81829781195188,0.454398170309557,0.545601829690443
5000,186,71260796,-7273.70650563678,-6821.81587979649,-6820.12678721112,14607.0333636135,13762.8724642728,13750.9770859107,-844.160899340661,-11.8953783621473,TRUE,TRUE,-0.501176082656377,3.78355745925507,0.412218559172988,0.587781440827012
5000,187,71260797,-7374.00230204369,-6881.72588797258,-6881.72880899207,14807.6249564273,13882.692480625,13874.1811294725,-924.932475802314,-8.5113511524396,TRUE,TRUE,-0.439956526198963,3.81623203408284,0.43632675121486,0.563673248785139
5000,188,71260798,-7226.61389237333,-6708.06850777426,-6707.33981374845,14512.8481370866,13535.3777202283,13525.4031389853,-977.470416858245,-9.97458124302102,TRUE,TRUE,-0.526694381012978,3.79919355915339,0.411017228817961,0.588982771182042
5000,189,71260799,-7201.00041445322,-6768.99080337623,-6765.92284441057,14461.6211812464,13657.2223114323,13642.5692003095,-804.398869814071,-14.6531111227432,TRUE,TRUE,-0.491463349708375,3.79838583174437,0.379631349650253,0.620368650349748
5000,190,71260800,-7282.14262575243,-6748.54249004904,-6750.38855938682,14623.9056038448,13616.3256847779,13611.5006302621,-1007.57991906687,-4.82505451584439,TRUE,TRUE,-0.516102535054332,3.7690676180025,0.422182876141735,0.577817123858265
5000,191,71260801,-7317.37865141692,-6797.82852092756,-6797.7781731173,14694.3776551737,13714.8977465349,13706.279857723,-979.479908638799,-8.6178888119357,TRUE,TRUE,-0.534791665195911,3.8122185267547,0.413710833473317,0.586289166526682
5000,192,71260802,-7089.20488464339,-7085.72902283805,-6624.16023152768,14238.0301216267,14290.6987503559,13359.0439745438,52.6686287292196,-931.65477581215,FALSE,TRUE,-0.433752742819644,3.807774660851,0.358263143310658,0.641736856689342
5000,193,71260803,-7251.36154907093,-6794.01909141655,-6794.99553025386,14562.3434504818,13707.2788875129,13700.7145719961,-855.064562968848,-6.56431551679452,TRUE,TRUE,-0.529999477114092,3.77600483842152,0.398106284702154,0.601893715297846
5000,194,71260804,-7336.31439835612,-6850.65599463179,-6853.83886369075,14732.2491490521,13820.5526939434,13818.4012388699,-911.696455108737,-2.15145507350098,TRUE,TRUE,-0.495407759603067,3.77863453716889,0.413624639078056,0.586375360921943
5000,195,71260805,-7203.6153867161,-6743.74885432994,-6743.6763017184,14466.8511257721,13606.7384133397,13598.0761149252,-860.112712432421,-8.66229841449785,TRUE,TRUE,-0.519295049533012,3.78856006791428,0.399901669824587,0.600098330175413
5000,196,71260806,-7321.78822029346,-6804.2470137773,-6803.4195884374,14703.1967929268,13727.7347322344,13717.5626883632,-975.46206069242,-10.1720438712073,TRUE,TRUE,-0.475241014948914,3.7775421689492,0.418644781314181,0.581355218685817
5000,197,71260807,-7329.71118842378,-6807.10374069161,-6806.69773848665,14719.0427291875,13733.4481860631,13724.1189884617,-985.59454312442,-9.32919760134064,TRUE,TRUE,-0.518374031386807,3.79754936588008,0.419786214726248,0.580213785273752
5000,198,71260808,-7277.70284367556,-6810.12545614755,-6810.06603657444,14615.026039691,13739.4916169749,13730.8555846373,-875.534422716111,-8.63603233762478,TRUE,TRUE,-0.492803405527283,3.78931604584009,0.402029892820728,0.597970107179271
5000,199,71260809,-7256.90222397578,-6777.65254213739,-6777.2498752509,14573.4248002915,13674.5457889546,13665.2232619902,-898.87901133688,-9.322526964399,TRUE,TRUE,-0.482951816316237,3.79759721656793,0.416761807411416,0.583238192588583
5000,200,71260810,-7134.29768987811,-6671.20272940558,-6672.11521899711,14328.2157320961,13461.646163491,13454.9539494826,-866.569568605146,-6.69221400835704,TRUE,TRUE,-0.491214781070413,3.79019820906095,0.390496392909226,0.609503607090775
